api_number,well_name,operator,formation,breakeven_oil_price,irr,npv,eur,total_well_cost_musd,cumulative_oil_bbl,cumulative_revenue_usd,avg_wti_price,water_cut_pct,economics_category
33-053-03391-0000,HUDSON 13-21H,"PEAK NORTH DAKOTA, LLC",Bakken,39.317013,0.27217737,2034553.06988705,751719.13,6.301404864,568945.2623000001,35843654.61530786,63.00018119565218,26.33899644513309,Economic
33-053-03731-0000,PANZER 4-20MLH,"SLAWSON EXPLORATION COMPANY, INC.",Middle Bakken / Three Forks Shale,55.778458,0.057584319,-990314.073978478,408738.5,5.9873528,290462.1566,18299168.4962799,63.00018119565218,35.24984892601838,Economic
33-053-03784-0000,HIDATSA 150-94-32C-29H,ENERPLUS RESOURCES USA CORPORATION,Bakken,66.654633,-0.019734539,-2988091.8582127,488330.47,11.00225046,427185.15512999997,26912742.177282784,63.00018119565218,34.245030011865396,Marginal
33-053-04150-0000,JORE FEDERAL 2-11-2H,ABRAXAS PETROLEUM CORP.,Bakken,68.698814,0.059797399,-887876.135518801,396793.25,9.362215811,306656.79387,19319433.57868776,63.00018119565218,30.59846310081089,Marginal
33-053-04152-0000,JORE FEDERAL 2-11-1H,ABRAXAS PETROLEUM CORP.,Three Forks,57.576977,0.10802293,171288.281457521,486002.38,8.846743726,357239.4029,22506147.11292659,63.00018119565218,27.042840492998284,Economic
33-053-04299-0000,JOHNSON 150-99-34-27-3H,NEWFIELD PRODUCTION COMPANY,Bakken,73.070938,0.018638453,-2174823.9615942,369450.47,6.768761118,243940.3098,15368283.718323527,63.00018119565218,36.644691125416365,Marginal
33-053-04333-0000,ROWE 150-101-1-12-2H,TRIANGLE USA PETROLEUM CORPORATION,Bakken,110.9731,-0.029951373,-3531055.12235781,265288.97,8.483511409999998,208090.77494,13109756.526363678,63.00018119565218,48.863850485453916,Uneconomic
33-053-04398-0000,USA 153-95-1B-7-3H,"PETRO-HUNT, L.L.C.",Bakken,46.787994,0.09684854,-120944.751546512,351209.69,8.555160437000001,580475.4173,36570056.46952181,63.00018119565218,21.91933450770309,Economic
33-053-04596-0000,BB-BUDAHN 150-95-0506H-4,HESS CORPORATION,Bakken,40.445229,0.48887366,3895126.10522495,576696.88,7.512589232,438762.4436,27642113.448647123,63.00018119565218,9.73070282303224,Economic
33-053-04599-0000,BRODERSON  30-31 3H,"BRIGHAM OIL & GAS, L.P.",Bakken,66.323982,0.0053993054,-1584533.5897295,456030.22,7.269605812,386792.14101,24367974.968684252,63.00018119565218,59.750078643630445,Marginal
33-053-04602-0000,GARMANN 19-18 4TFH,"BRIGHAM OIL & GAS, L.P.",Three Forks,78.966705,-0.0090356134,-2356507.9660729,184725.84,6.941381852,256559.84701,16163316.849158803,63.00018119565218,51.03313663537764,Uneconomic
33-053-04731-0000,WAHPETON 13-16H,"CONTINENTAL RESOURCES, INC.",Bakken,71.987465,0.055566829,-975828.774486461,330718.38,9.181937101,271134.3182,17081511.174959615,63.00018119565218,43.89012465163349,Marginal
33-053-04733-0000,WAHPETON 11-16H1,"CONTINENTAL RESOURCES, INC.",Three Forks,150.0,-0.059203051,-3761672.51229753,53769.078,9.154749809,116129.11697999999,7316155.411831088,63.00018119565218,66.45781624804215,Uneconomic
33-053-04738-0000,ROLLEFSTAD FEDERAL 13-3H,"CONTINENTAL RESOURCES, INC.",Bakken,62.288216,0.093392998,-163019.260562121,443874.28,10.51557269,347560.03486,21896345.17254719,63.00018119565218,21.08441774896053,Economic
33-053-04840-0000,WATSON B N34-11-1H,GMX RESOURCES INC,Bakken,147.29379,-0.069647096,-3573511.45198495,35588.762,6.845482271,103704.23399000001,6533385.532126312,63.00018119565218,65.83104208245844,Uneconomic
33-053-04867-0000,PATTERSON FEDERAL 3-13H,"CONTINENTAL RESOURCES, INC.",Three Forks,74.92485,0.032991786,-1560570.57971675,318344.94,9.672681360000002,270315.46194,17029923.08220642,63.00018119565218,53.446816997200344,Marginal
33-053-04936-0000,AUGUSTA 5200 11-28B,OASIS PETROLEUM NORTH AMERICA LLC,Bakken,73.650032,0.040361114,-1133148.92859296,413306.63,8.126601638,304609.2531,19190438.139172275,63.00018119565218,35.48358548721468,Marginal
33-053-04943-0000,ROLFSRUD STATE 14X-36E,XTO ENERGY INC,Three Forks,86.404518,0.019155426,-1839335.3132637,291201.75,8.976493962,233011.75007,14679782.47512602,63.00018119565218,30.852892489356698,Uneconomic
33-053-04946-0000,ALICE 44X-34D,XTO ENERGY INC,Bakken,71.84687,0.06356626,-977920.231480748,436614.47,10.31986617,325682.84510000004,20518078.253615525,63.00018119565218,27.188818665739646,Marginal
33-053-04959-0000,JOHNSON 2-4-9TH,QEP ENERGY COMPANY,Three Forks,70.37513,0.062503003,-862400.732269073,500119.22,11.562217679999998,434443.55103,27370022.434172563,63.00018119565218,28.14691452780919,Marginal
33-053-04962-0000,JOHNSON 4-9-3-10LL,QEP ENERGY COMPANY,Three Forks,68.002617,0.061531767,-1162030.01953899,578572.69,11.46824717,449893.1581,28343350.478984196,63.00018119565218,25.95316147662307,Marginal
33-053-04976-0000,MARLENE 42X-20H,XTO ENERGY INC,Three Forks,40.71043,0.42975536,4715403.19134469,865701.63,9.29609855,662419.4083,41732542.7504167,63.00018119565218,19.338669326101922,Economic
33-053-04985-0000,LOOMER 41X-4D,XTO ENERGY INC,Bakken,73.548241,0.042217087,-1641909.2590396,446811.69,11.56088586,360685.74014999997,22723266.98413792,63.00018119565218,32.90463147312079,Marginal
33-053-05019-0000,SUNLINE 31-1TFH-6SH,BURLINGTON RESOURCES OIL & GAS COMPANY LP,Three Forks,78.30938,0.021259455,-1814385.00037482,353059.91,9.334961093999999,292645.68015000003,18436730.875574876,63.00018119565218,26.60972710204365,Marginal
33-053-05080-0000,SKARSTON 1-12 #2TFH,STATOIL OIL & GAS LP,Three Forks,50.472965,0.061260357,-901911.593296438,714635.56,8.103991129999999,517113.6739,32578255.154449396,63.00018119565218,47.4964951103367,Economic
33-053-05093-0000,HA-THOMPSON 152-95-2017H-3,HESS CORPORATION,Three Forks,39.252182,0.26910082,2886378.41999955,617065.94,7.0159459559999995,423204.0977,26661934.837842487,63.00018119565218,21.89559699987482,Economic
33-053-05096-0000,POGO 2-28-33BH,QEP ENERGY COMPANY,Bakken,82.45327,0.012550996,-1968852.67857973,379173.31,11.421595349999999,344682.17698,21715039.604651853,63.00018119565218,23.218520940106803,Uneconomic
33-053-05101-0000,BLUE RIDGE 24-31MBH,BURLINGTON RESOURCES OIL & GAS COMPANY LP,Bakken,51.28907,0.23947047,2072024.32451439,594454.13,9.091729683000002,479649.0037,30217974.143414043,63.00018119565218,11.91456062953008,Economic
33-053-05115-0000,PONCHO 1-3-10TH,QEP ENERGY COMPANY,Three Forks,93.428192,-0.0078442292,-3078402.20746271,349330.78,11.154592769999999,299819.01792,18888652.45486249,63.00018119565218,49.95593314214364,Uneconomic
33-053-05161-0000,BIG BEND 11-2TFH,BURLINGTON RESOURCES OIL & GAS COMPANY LP,Three Forks,67.789444,0.051860932,-1864237.02981328,534928.94,8.861747547,298310.6518,18793625.115993105,63.00018119565218,22.280456863859207,Marginal
33-053-05178-0000,ELERY 1-13H,SM ENERGY COMPANY,Bakken,99.376434,-0.025174551,-3064916.05718758,287958.41,8.750769972,226024.556,14239587.982666835,63.00018119565218,29.10402658051705,Uneconomic
33-053-05179-0000,TAT 2-35-26TH,QEP ENERGY COMPANY,Three Forks,97.549225,-0.022590227,-3632210.86737313,339063.19,11.37733876,285733.74693,18001277.830302626,63.00018119565218,38.31812091660628,Uneconomic
33-053-05192-0000,SC-4WX- 153-98-3130H-1,HESS CORPORATION,Bakken,54.796509,0.15578496,970850.64311978,183208.09,8.095808109,341709.5269,21527762.11098058,63.00018119565218,22.15927269560285,Economic
33-053-05194-0000,SC-4WX- 153-98-3130H-3,HESS CORPORATION,Bakken,49.519665,0.13724311,984219.167542753,615688.0,8.199621138,381229.1188,24017503.56145881,63.00018119565218,18.332625307855523,Economic
33-053-05199-0000,MONTPELIER 4-14H,"CONTINENTAL RESOURCES, INC.",Bakken,69.353088,0.055005524,-957537.26822988,80941.625,9.022284523,276149.62809,17397476.606781963,63.00018119565218,49.06789153812587,Marginal
33-053-05206-0000,SHERVEN TRUST 153-95-27B-2H,"PETRO-HUNT, L.L.C.",Three Forks,55.487499,0.14571302,783417.875958184,231535.72,7.722774711,410212.36796,25843453.510177545,63.00018119565218,17.39704353459347,Economic
33-053-05210-0000,EXCALIBUR 1-25-36H,"EMERALD OIL, INC",Bakken,138.92311,-0.096093804,-5704805.62121532,93872.961,10.477171969999999,231814.03513,14604326.21688528,63.00018119565218,58.908131958530085,Uneconomic
33-053-05212-0000,HARLEY 41-2MBH,BURLINGTON RESOURCES OIL & GAS COMPANY LP,Bakken,40.071629,0.14416575,958562.164152928,594327.94,7.05169668,471060.32519999996,29676885.84168284,63.00018119565218,37.077885154776325,Economic
33-053-05216-0000,WILSON FEDERAL 1X-20H,SM ENERGY COMPANY,Three Forks,48.987511,0.22667406,2040250.97177667,713591.81,8.099448040000002,574917.5651,36219910.77386316,63.00018119565218,21.809769985990346,Economic
33-053-05219-0000,DWYER  150-101-35-26-4H,TRIANGLE USA PETROLEUM CORPORATION,Bakken,84.110245,0.017430171,-2500533.0430266,468661.78,9.3386752,308246.0564,19419557.40604522,63.00018119565218,46.03422586551129,Uneconomic
33-053-05242-0000,VEEDER 2-27-34BH,QEP ENERGY COMPANY,Bakken,95.13855,-0.014284349,-3079599.99269478,333992.53,11.035250350000002,279248.10894,17592681.46176322,63.00018119565218,25.731314869082887,Uneconomic
33-053-05246-0000,VEEDER 4-27-34BH,QEP ENERGY COMPANY,Bakken,79.299049,0.020365654,-2409977.85709329,464389.81,11.50196715,361368.80401,22766300.131086122,63.00018119565218,24.46411694377858,Uneconomic
33-053-05249-0000,SANDERS 150-100-9-10-2H,TRIANGLE USA PETROLEUM CORPORATION,Bakken,108.92027,-0.034093339,-2860366.73335824,259413.73,9.09436545,222982.34199,14047927.94880088,63.00018119565218,46.21829928607842,Uneconomic
33-053-05251-0000,BOWLINE 1-3-10H,HUNT OIL COMPANY,Bakken,95.761398,-0.0028795132,-2526871.09348461,269798.75,8.077178572000001,203707.90703,12833635.053877069,63.00018119565218,51.20218266551425,Uneconomic
33-053-05260-0000,MONTPELIER 2-14H,"CONTINENTAL RESOURCES, INC.",Bakken,70.294907,0.048672885,-1112576.7853786,330781.91,9.10365466,273298.87004,17217878.333086997,63.00018119565218,48.23462188884978,Marginal
33-053-05271-0000,BRODERSON 31X-27C,XTO ENERGY INC,Bakken,59.702374,0.098897889,-33236.493398632,544654.06,10.954463420000002,424724.7699,26757737.46198168,63.00018119565218,39.06525673573573,Economic
33-053-05274-0000,TAYLOR 34-7-2H,WHITING OIL AND GAS CORPORATION,Bakken,83.551216,0.017068656,-1639932.1416711,320419.25,8.010544034999999,258922.36389,16312155.84067659,63.00018119565218,51.86380451069479,Uneconomic
33-053-05294-0000,JERRY 2-8H,"CONTINENTAL RESOURCES, INC.",Bakken,45.780838,0.13654512,1133690.50938563,604497.44,9.26408501,463291.5759,29187453.228119247,63.00018119565218,53.94210388496382,Economic
33-053-05299-0000,JERRY 5-8H,"CONTINENTAL RESOURCES, INC.",Bakken,74.294518,0.035608705,-1943758.77175629,141419.33,9.09791452,255900.68132,16121789.291250845,63.00018119565218,57.22803491516698,Marginal
33-053-05327-0000,SEQUOIA  14-9MBH,BURLINGTON RESOURCES OIL & GAS COMPANY LP,Bakken,58.476482,0.11364483,257890.032967669,502692.31,9.272378877,415886.12015,26200900.92620677,63.00018119565218,18.700171154059333,Economic
33-053-05330-0000,HOFFMANN 149-98-11-2-10H,NEWFIELD PRODUCTION COMPANY,Three Forks,96.945557,-0.013544534,-2518943.69085269,270198.75,8.009371600000001,231794.82208,14603115.79125396,63.00018119565218,47.82331684575021,Uneconomic
33-053-05335-0000,HOFFMAN 149-98-14-23-3H,NEWFIELD PRODUCTION COMPANY,Bakken,103.67912,-0.028590111,-2691973.48623951,237539.02,7.624617634,203319.54203,12809167.98850702,63.00018119565218,34.03503811197832,Uneconomic
33-053-05354-0000,THURLOW - WILLIAMS 11-18-2H,WHITING OIL AND GAS CORPORATION,Bakken,79.702362,0.024251778,-1515007.20258742,329697.16,7.7253687950000005,263303.14002,16588145.530644177,63.00018119565218,51.85737798361,Uneconomic
33-053-05366-0000,BW-SHARON-LE- 150-100-2536H-1,HESS CORPORATION,Bakken,74.116905,0.055536725,-927366.104447774,302646.06,8.656514603,238380.39507,15018008.082901152,63.00018119565218,28.15158410689449,Marginal
33-053-05398-0000,BB-BELQUIST- 150-95-1110H-3,HESS CORPORATION,Three Forks,46.338848,0.1488187,1069893.34875461,168054.59,7.262628238999999,349970.2817,22048191.160193436,63.00018119565218,22.262561176015986,Economic
33-053-05417-0000,ROLFSON 14X-34A,XTO ENERGY INC,Bakken,47.743813,0.11668931,540947.385682777,635342.0,9.411579930000002,504775.6733,31800958.88105733,63.00018119565218,29.531180796939825,Economic
33-053-05435-0000,RAVIN 26-35-6H,ABRAXAS PETROLEUM CORP.,Bakken,79.448776,0.016910607,-1190094.91940192,259596.56,9.138448052,250766.31999,15798323.597136896,63.00018119565218,39.06758749590006,Uneconomic
33-053-05441-0000,BRIER  5200 44-22 4T2,OASIS PETROLEUM NORTH AMERICA LLC,Three Forks,121.53178,-0.033352051,-3912663.74726037,65254.535,9.053665899999999,182427.26299,11492950.623396892,63.00018119565218,64.10284879709677,Uneconomic
33-053-05461-0000,KUHN  6-13H1,"CONTINENTAL RESOURCES, INC.",Three Forks,40.916828,0.12576833,581689.594314922,222937.08,7.24384684,383272.29679,24146224.14504378,63.00018119565218,44.359370291263495,Economic
33-053-05467-0000,VEEDER 1-27-34BH,QEP ENERGY COMPANY,Bakken,79.900574,0.02279968,-2513220.81549208,460944.66,10.963159399999999,348721.4596,21969515.141612303,63.00018119565218,32.87692582602356,Uneconomic
33-053-05470-0000,HA-NELSON- 152-95-3328H-8,HESS CORPORATION,Three Forks,63.466335,0.074943803,-569437.491605321,325090.28,7.395727539999999,244647.60398,15412843.37982216,63.00018119565218,9.21446067823733,Marginal
33-053-05474-0000,RATTLE 152-94-18B-19H,ENERPLUS RESOURCES USA CORPORATION,Bakken,61.233814,-0.0072413692,-2163699.54541254,523824.91,10.51152276,471981.71409,29734933.508704502,63.00018119565218,24.974100990547033,Economic
33-053-05510-0000,OLE BOE 44-14MBH-ULW,BURLINGTON RESOURCES OIL & GAS COMPANY LP,Bakken,95.719574,-0.0082552843,-3020404.59929246,295427.19,9.386692233000002,238412.63108,15020038.957372176,63.00018119565218,28.274870580344214,Uneconomic
33-053-05524-0000,MOBERG 2-22-15BH,QEP ENERGY COMPANY,Bakken,59.645535,0.099449769,-15022.954723271,597713.25,10.72044911,525346.36941,33096916.46330803,63.00018119565218,42.496759283962184,Economic
33-053-05533-0000,CHERRY CREEK STATE 44X-36C,XTO ENERGY INC,Bakken,66.124603,0.058386765,-1431680.54350635,519957.16,10.42931155,388382.6215,24468175.5277424,63.00018119565218,32.34726031503812,Marginal
33-053-05572-0000,TALON 7-9-4H,"EMERALD OIL, INC",Bakken,148.10841,-0.10510565,-6371714.65203054,80788.797,9.79392727,205237.43304,12929995.469650531,63.00018119565218,68.04551057727485,Uneconomic
33-053-05599-0000,GARFIELD 4-5H,"CONTINENTAL RESOURCES, INC.",Bakken,31.129711,0.40838474,3699929.97796687,598290.38,8.10846651,538647.68869,33934901.98808925,63.00018119565218,51.630477521828965,Economic
33-053-05604-0000,SOVIG 24-22-3H,WHITING OIL AND GAS CORPORATION,Bakken,77.919785,0.022938395,-1943280.83631011,355437.22,7.237289828,254962.5848,16062689.040511835,63.00018119565218,42.36578331861728,Marginal
33-053-05605-0000,SOVIG 24-22-4H,WHITING OIL AND GAS CORPORATION,Bakken,81.568718,0.014515566,-1959601.88911749,319122.34,7.401521963,250575.16902,15786281.051391171,63.00018119565218,45.078953855497296,Uneconomic
33-053-05618-0000,BB-BUDAHN A- 150-95-0403H-10,"HESS BAKKEN INVESTMENTS II, LLC",Bakken,41.172562,0.21217936,1914319.96752689,267462.19,7.079851146999999,417144.12872000004,26280155.69406246,63.00018119565218,17.17252306167788,Economic
33-053-05622-0000,BB-BUDAHN A- 150-95-0403H-6,"HESS BAKKEN INVESTMENTS II, LLC",Bakken,38.683949,0.27876598,2758475.01016542,556403.75,7.228483138,461151.77801999997,29052645.57395717,63.00018119565218,9.882675414395823,Economic
33-053-05641-0000,ANDERSON 152-96-23C-24-1HS,"PETRO-HUNT, L.L.C.",Three Forks,85.274742,0.011719402,-2937782.15841127,375466.88,8.913786168,269290.59577,16965356.32779513,63.00018119565218,32.917605942420906,Uneconomic
33-053-05644-0000,LANSING 4-25AH1,"CONTINENTAL RESOURCES, INC.",Three Forks,66.343613,-0.0069431802,-1574071.74503854,95477.805,7.69335467,243184.401001,15320661.32701914,63.00018119565218,62.87892400751719,Marginal
33-053-05673-0000,CAROL 12-35H,SM ENERGY COMPANY,Bakken,83.51532,-0.011902143,-2431840.27620883,316168.41,7.9969035900000005,263814.76295999996,16620377.868568027,63.00018119565218,42.110435950631505,Uneconomic
33-053-05674-0000,DIXIE 12X-35H,SM ENERGY COMPANY,Three Forks,107.855,-0.053682666,-3518088.09193748,227263.86,8.32377778,198753.55002999998,12521509.66516912,63.00018119565218,51.25764673782703,Uneconomic
33-053-05687-0000,BERLAIN 2-30H,"CONTINENTAL RESOURCES, INC.",Bakken,71.743904,0.032889061,-1849049.92015358,325902.56,8.76210408,261273.84392,16460299.508644547,63.00018119565218,52.47283821681788,Marginal
33-053-05688-0000,HAYMAKER 41-15TFH-A,BURLINGTON RESOURCES OIL & GAS COMPANY LP,Three Forks,106.55035,-0.033080839,-3822355.24301226,119853.16,8.733385267,195632.74705,12324898.51195319,63.00018119565218,48.378693792474465,Uneconomic
33-053-05702-0000,RUBY 31-30HX,"WPX ENERGY WILLISTON, LLC",Three Forks,72.251228,0.042806428,-1879228.47413456,567609.56,11.394294949999999,433995.27650000004,27341781.057557173,63.00018119565218,36.32775723784803,Marginal
33-053-05709-0000,WHITE 5198 12-6 4T2,OASIS PETROLEUM NORTH AMERICA LLC,Three Forks,73.330246,-0.0080565242,-1595242.99871712,361271.81,8.137161429999999,328444.37403,20692055.07658256,63.00018119565218,62.37157382399536,Marginal
33-053-05718-0000,TAT 2-33-28-BH,QEP ENERGY COMPANY,Bakken,71.864365,0.03615531,-1932869.06919691,495856.59,11.41405407,413932.73685,26077837.424362212,63.00018119565218,31.65216928780974,Marginal
33-053-05721-0000,AN-EVENSON- 152-95-1003H-8,"HESS BAKKEN INVESTMENTS II, LLC",Three Forks,76.221352,0.01576639,-1904686.18192655,253890.92,7.145820907,198257.5409,12490261.000104424,63.00018119565218,20.46906098003039,Marginal
33-053-05727-0000,MASTON 34-27 #8TFH,STATOIL OIL & GAS LP,Three Forks,67.666374,-0.01229779,-2290489.07871401,414787.13,7.12993481,325137.76201,20483737.920178838,63.00018119565218,52.15478854367686,Marginal
33-053-05755-0000,ELWAY 1-32H,SM ENERGY COMPANY,Bakken,69.778267,-0.011222424,-2518888.68140808,386066.25,8.07814039,314970.77274,19843215.753954586,63.00018119565218,37.144225298685576,Marginal
33-053-05786-0000,MOBERG 4-20-21BH,QEP ENERGY COMPANY,Bakken,61.288246,0.053173613,-1370068.540863,569813.69,10.6567435,472407.49963,29761758.07487499,63.00018119565218,32.30650738784991,Economic
33-053-05843-0000,NELSON FEDERAL 21X-5A,XTO ENERGY INC,Bakken,42.483124,0.11600549,528813.622465522,712646.69,7.986747209999999,494505.77839999995,31153953.641497023,63.00018119565218,16.808100260886345,Economic
33-053-05851-0000,PHYLIS 14X-12H,SM ENERGY COMPANY,Three Forks,72.915314,-0.011256637,-2591811.28686906,359930.94,7.60989004,281280.67,17720733.176834445,63.00018119565218,41.53101001551375,Marginal
33-053-05857-0000,JAMESTOWN FEDERAL 3-17H1,"CONTINENTAL RESOURCES, INC.",Three Forks,56.11274,0.06238563,-1229852.4875303,431352.13,9.07545229,356386.62599,22452422.013077125,63.00018119565218,47.370366998923394,Economic
33-053-05876-0000,EXCALIBUR 7-25-36H,"EMERALD OIL, INC",Bakken,101.97247,-0.083831124,-4680937.68443331,122716.23,8.49560583,270112.86072,17017159.16863596,63.00018119565218,64.20572434897987,Uneconomic
33-053-05880-0000,NELSON FEDERAL 41X-5D,XTO ENERGY INC,Bakken,42.069054,0.12150102,687552.106689892,728166.06,8.05122063,512034.96739999996,32258295.724709857,63.00018119565218,23.01070822323127,Economic
33-053-05884-0000,LINSETH 16-21-15-22LL,QEP ENERGY COMPANY,Three Forks,64.381622,0.037314668,-2360876.0575072,609133.5,10.8301202,461787.0409,29092667.250504047,63.00018119565218,35.84527208027814,Marginal
33-053-05920-0000,SALERS FEDERAL 7-27H,"CONTINENTAL RESOURCES, INC.",Bakken,19.167208,0.6161691,9564773.70855377,1113193.9,6.8953285200000005,990105.9606,62376854.92069526,63.00018119565218,11.770671490331866,Economic
33-053-05944-0000,AN-EVENSON- LW-152-95-1003H-2,"HESS BAKKEN INVESTMENTS II, LLC",Three Forks,59.537548,0.046909243,-1052712.59102413,192437.05,6.649303271000001,222769.40503,14034512.88173763,63.00018119565218,33.891886605819295,Economic
33-053-05950-0000,STATE 152-102-36-25-3H,TRIANGLE USA PETROLEUM CORPORATION,Bakken,107.14872,-0.041722368,-3634059.84268448,249137.3,8.185861099,210939.67002,13289237.43261108,63.00018119565218,63.81238322612946,Uneconomic
33-053-05957-0000,TAT 4-35-26TH,QEP ENERGY COMPANY,Three Forks,96.013443,-0.044533566,-3219364.85808448,222681.83,7.72346901,186672.84003000002,11760422.746196995,63.00018119565218,41.6965930200796,Uneconomic
33-053-05987-0000,HA-SANFORD- 152-96-1819H-2,"HESS BAKKEN INVESTMENTS II, LLC",Bakken,60.412613,0.024876611,-813026.437046791,204424.55,5.581477291000001,193429.93803,12186121.144553773,63.00018119565218,36.29879681160157,Economic
33-053-05998-0000,WADE FEDERAL  5300 41-30 7T,OASIS PETROLEUM NORTH AMERICA LLC,Three Forks,94.55439,-0.04157944,-3217907.31476135,248032.84,7.38195846,196890.62313,12404144.932914866,63.00018119565218,62.04727520535066,Uneconomic
33-053-06002-0000,BAILEY 5-24H,"CONTINENTAL RESOURCES, INC.",Bakken,51.520245,0.073936202,-497766.484439378,275116.72,7.83115475,312623.45015,19695334.00545994,63.00018119565218,35.37091591974308,Economic
33-053-06006-0000,WILEY  5-25H,"CONTINENTAL RESOURCES, INC.",Bakken,37.866119,0.24852306,1701925.85346508,388736.84,7.17011763,366221.46291999996,23072018.521696813,63.00018119565218,41.45556637005426,Economic
33-053-06019-0000,CHALMERS 5300 21-19 6B,OASIS PETROLEUM NORTH AMERICA LLC,Bakken,84.753616,-0.029168878,-2988849.62478899,288798.72,7.513655890000001,227012.55012,14301831.791247072,63.00018119565218,62.42232962304863,Uneconomic
33-053-06040-0000,JOEL GOODSEN 5-32-29H,"EMERALD OIL, INC",Bakken,116.28857,-0.11889394,-4596969.88064259,261403.39,7.925572990000001,215928.92192,13603561.206341831,63.00018119565218,63.18139798693457,Uneconomic
33-053-06053-0000,MIRAMAR 2-32H,"CONTINENTAL RESOURCES, INC.",Bakken,80.77906,8.1335464e-05,-2580784.04619138,265378.63,8.10144059,207257.41584,13057254.752062634,63.00018119565218,72.94248691571701,Uneconomic
33-053-06056-0000,KLINE FEDERAL  5300 31-18 7T,OASIS PETROLEUM NORTH AMERICA LLC,Three Forks,108.36752,-0.064005576,-3635147.26277311,195656.53,7.03085581,162329.27891,10226773.98468956,63.00018119565218,69.9354747494087,Uneconomic
33-053-06125-0000,SKAAR FEDERAL 153-96-29-11H,NEWFIELD PRODUCTION COMPANY,Three Forks,91.425926,-0.02085196,-1977923.93678175,171363.84,4.923515104,129497.08008,8158339.509347881,63.00018119565218,37.997275442902,Uneconomic
33-053-06133-0000,RADERMECHER 2-22H1,"CONTINENTAL RESOURCES, INC.",Three Forks,30.73988,0.86651677,4299045.03622618,576236.69,7.193022409999999,500341.0362,31521575.940220367,63.00018119565218,40.75481219604346,Economic
33-053-06136-0000,NORFOLK 7-1H,"CONTINENTAL RESOURCES, INC.",Bakken,30.049519,0.2828519,3551257.13256543,752920.63,7.85934143,573834.6306,36151685.70414014,63.00018119565218,35.72702918268586,Economic
33-053-06154-0000,KINGS CANYON 2-8-34UTFH,BURLINGTON RESOURCES OIL & GAS COMPANY LP,Three Forks,58.91663,0.037158158,-1447113.52604096,394906.44,7.142547906,304542.33602,19186222.35100719,63.00018119565218,24.64590129973239,Economic
33-053-06159-0000,AMUNDSON 34X-22C,XTO ENERGY INC,Bakken,61.557739,0.043187741,-1526178.27547955,399845.38,7.942320602000001,291815.48569999996,18384428.474797245,63.00018119565218,31.13523007053377,Economic
33-053-06160-0000,BW-HEIDI HO- 149-99-3526H-2,"HESS BAKKEN INVESTMENTS II, LLC",Bakken,104.05253,-0.016723031,-3432954.61823127,203388.61,7.625191889,149725.01803,9432703.26541229,63.00018119565218,29.94403692698465,Uneconomic
33-053-06223-0000,KLINE FEDERAL 5300 11-18 5B,OASIS PETROLEUM NORTH AMERICA LLC,Bakken,89.582191,-0.055229962,-3197662.75179456,237680.39,7.19194631,208864.90995,13158527.172263576,63.00018119565218,66.90624612783633,Uneconomic
33-053-06244-0000,KOALA 13-31-30-3H3,KODIAK OIL & GAS (USA) INC.,Three Forks,61.189617,0.036780402,-1301980.67584672,372480.81,5.9408767220000005,270874.40824,17065136.80038506,63.00018119565218,38.79034237796022,Economic
33-053-06250-0000,JONES 2-15-22BH,QEP ENERGY COMPANY,Bakken,54.470287,0.055005088,-1092980.41076752,472270.31,7.478048530000001,364373.47037,22955594.656198602,63.00018119565218,20.652185897152325,Economic
33-053-06254-0000,P. LEVANG 14-13-23-24LL,QEP ENERGY COMPANY,Three Forks,57.257526,0.035397794,-1428623.29810895,443082.34,8.037268590000002,365633.35072,23034967.346533444,63.00018119565218,39.782350132470384,Economic
33-053-06275-0000,KINGS CANYON 5-8-34UTFH,BURLINGTON RESOURCES OIL & GAS COMPANY LP,Three Forks,84.578888,-0.003360742,-2456766.33447487,187717.59,6.697558147,176930.94795,11146681.779968506,63.00018119565218,31.439903732158665,Uneconomic
33-053-06285-0000,SORENSON 14X-33EXH,XTO ENERGY INC,Three Forks,82.039574,0.0006611034,-2859055.54405148,299283.0,8.415130625000002,221915.67999,13980728.049526365,63.00018119565218,40.48135301886754,Uneconomic
33-053-06290-0000,EMMA OWNER 23-14HC,"WPX ENERGY WILLISTON, LLC",Bakken,34.265797,0.29829362,2378799.7799053,201541.41,5.334198496,559727.7334,35262948.6244317,63.00018119565218,41.07972415258765,Economic
33-053-06317-0000,LACANYON 8-8-34MBH ULW,BURLINGTON RESOURCES OIL & GAS COMPANY LP,Bakken,37.636021,0.19338313,1848446.97086255,670394.44,6.385405499999999,515308.1381,32464506.071894158,63.00018119565218,22.641405603452014,Economic
33-053-06322-0000,MUSKRAT 150-94-04B-09H,ENERPLUS RESOURCES USA CORPORATION,Bakken,41.399544,0.15331794,1207629.20429413,446130.81,8.38824801,686523.9841,43251135.39346104,63.00018119565218,27.279391428422567,Economic
33-053-06332-0000,SKARSTON 1-12 #8TFH,STATOIL OIL & GAS LP,Three Forks,78.222054,-0.018808577,-2912536.03596605,180049.05,7.9059820499999995,269760.60618999996,16994967.06941897,63.00018119565218,50.45860887669924,Marginal
33-053-06333-0000,SKARSTON 1-12 XE #1H,STATOIL OIL & GAS LP,Bakken,55.112144,0.010028268,-1518972.46385504,505973.5,7.67905598,439355.60689,27679482.84339573,63.00018119565218,40.9746424839111,Economic
33-053-06387-0000,EIDE 41-13HU,WHITING OIL AND GAS CORPORATION,Bakken,53.681458,0.059767161,-819658.374173372,128585.84,6.004575001000001,325075.59,20479821.07228354,63.00018119565218,47.916704818822794,Economic
33-053-06399-0000,ARNEGARD 21-26-2H,WHITING OIL AND GAS CORPORATION,Bakken,88.571625,-0.035794038,-2158478.39755656,122584.3,5.861698335000001,169591.31295,10684283.445058554,63.00018119565218,47.02263302594963,Uneconomic
33-053-06404-0000,KIRKLAND 24-21MBH,BURLINGTON RESOURCES OIL & GAS COMPANY LP,Bakken,43.847404,0.11485399,353403.280940155,566346.63,6.671459554,431398.88399999996,27178207.859602135,63.00018119565218,17.732395200011144,Economic
33-053-06415-0000,THOMPSON 6-29-32BHD,QEP ENERGY COMPANY,Bakken,77.528778,-0.027285563,-2372047.54706553,286948.03,8.00238755,239712.00701,15101899.876403445,63.00018119565218,38.79214303094475,Marginal
33-053-06421-0000,KIRKLAND 14-21TFH ULW,BURLINGTON RESOURCES OIL & GAS COMPANY LP,Three Forks,30.709364,0.30818221,5010157.59731893,1035001.2,7.00727868,814100.3719,51288470.94114783,63.00018119565218,29.39783854468493,Economic
33-053-06462-0000,MAGNUM 36-12-MB2,"SHD OIL & GAS, LLC",Bakken,91.776649,-0.057727091,-2174087.07956781,142678.63,5.012798378,132765.87801,8364274.371229853,63.00018119565218,41.03458003370249,Uneconomic
33-053-06475-0000,ARCTIC 150-94-36BH,ENERPLUS RESOURCES USA CORPORATION,Bakken,49.749641,0.12858728,291903.391015616,116114.22,6.655514450000001,415341.31906,26166578.358821187,63.00018119565218,35.90454463907011,Economic
33-053-06506-0000,BB-OLE ANDERSON- 151-95-3130H-5,"HESS BAKKEN INVESTMENTS II, LLC",Three Forks,45.407948,0.13570161,432399.610300273,300995.91,5.276633264,258630.21495,16293750.40452047,63.00018119565218,22.97243907778469,Economic
33-053-06530-0000,SYRACUSE 6-23H1,"CONTINENTAL RESOURCES, INC.",Three Forks,42.960377,0.20349719,1618352.20887605,359238.78,7.42823485,332730.61684000003,20962089.150261123,63.00018119565218,48.740063125754055,Economic
33-053-06542-0000,STENEHJEM  31X-28H,XTO ENERGY INC,Three Forks,114.5145,-0.048513241,-2783289.95251362,85643.18,6.958857930000001,121151.14294,7632543.957280358,63.00018119565218,64.67300813443735,Uneconomic
33-053-06572-0000,SUN NOTCH 42-32TFH,BURLINGTON RESOURCES OIL & GAS COMPANY LP,Three Forks,29.123117,0.4437848,4096991.97119494,392653.78,4.997151799999999,552815.5432,34827479.389372885,63.00018119565218,31.569153552520334,Economic
33-053-06607-0000,DAILEY 4-12-13TH,QEP ENERGY COMPANY,Three Forks,84.512978,-0.022661157,-2843913.58286487,260561.41,7.237230212,213612.2801,13457612.351916406,63.00018119565218,56.38440832717841,Uneconomic
33-053-06609-0000,STENEHJEM 41-3-3H,WHITING OIL AND GAS CORPORATION,Bakken,94.266273,-0.028203063,-2419340.59391544,105906.02,5.744836348000001,157172.13798,9901873.171648046,63.00018119565218,56.87926010046748,Uneconomic
33-053-06647-0000,STENEHJEM 41-3HU,WHITING OIL AND GAS CORPORATION,Bakken,89.41156,-0.017858498,-2321428.82012671,96570.617,5.760880683,167539.40896,10555013.121892473,63.00018119565218,57.52823134025865,Uneconomic
33-053-06659-0000,BB-EIDE- 151-95-3328H-3,"HESS BAKKEN INVESTMENTS II, LLC",Three Forks,29.601963,0.40350902,3940708.39234257,591951.94,5.275254887000001,434550.6977,27376772.693797078,63.00018119565218,19.637581044534887,Economic
33-053-06662-0000,BB-EIDE- 151-95-3328H-6,"HESS BAKKEN INVESTMENTS II, LLC",Bakken,35.205479,0.37939358,2734252.51679151,454581.5,5.212626450999999,332735.88089000003,20962420.786364943,63.00018119565218,20.47514355419832,Economic
33-053-06678-0000,RINK 12X-4C,XTO ENERGY INC,Bakken,40.432018,0.20768362,1802256.6846604,742216.31,7.1769167,354833.3139,22354563.06995373,63.00018119565218,51.44539602416308,Economic
33-053-06682-0000,WILEY  6-25H1,"CONTINENTAL RESOURCES, INC.",Three Forks,33.204861,0.31966525,2788265.07793009,500573.91,6.93309696,438362.80588,27616936.199874505,63.00018119565218,46.24809507642909,Economic
33-053-06692-0000,BOGGS 3-29-32T2HD,QEP ENERGY COMPANY,Three Forks,49.415649,0.093056753,-144137.073904859,502641.72,7.019167850000001,403886.9631,25444951.857861686,63.00018119565218,38.80639293342711,Economic
33-053-06694-0000,BOGGS 2-29-32T2HD,QEP ENERGY COMPANY,Three Forks,62.77898,0.02216964,-1378071.62797149,307845.22,6.96318651,293915.86397,18516752.68638666,63.00018119565218,43.016576161601684,Economic
33-053-06724-0000,TOBACCO GARDEN 24X-32A,XTO ENERGY INC,Bakken,33.213501,0.32910264,3646117.83669907,690593.5,7.583221560000001,551087.2363,34718595.74151119,63.00018119565218,50.21526743466882,Economic
33-053-06727-0000,TOBACCO GARDEN 24X-32F,XTO ENERGY INC,Three Forks,69.991356,0.024462866,-1350245.97184472,265239.94,7.268625890000001,215633.22785999998,13584932.426983353,63.00018119565218,62.4360644992071,Marginal
33-053-06768-0000,KLAMM 34X-9G,XTO ENERGY INC,Three Forks,85.476776,-0.0083076498,-2717212.65660215,241313.55,7.3911412499999996,198345.47305,12495800.741487347,63.00018119565218,54.93525611035979,Uneconomic
33-053-06786-0000,NATION 3W-4H-TF,"MISSOURI RIVER RESOURCES ND, LLC",Three Forks,54.729912,0.058421757,-722486.536334526,330479.59,5.257090605,259774.74714,16365856.139874728,63.00018119565218,35.0080155818866,Economic
33-053-06789-0000,SORENSON 31X-28H,XTO ENERGY INC,Three Forks,88.415649,0.0014888915,-3009037.95667637,118107.41,7.59106923,182370.73799,11489389.538154809,63.00018119565218,54.65565942631567,Uneconomic
33-053-06797-0000,ANDERSMADSON 5201 43-24 9B,OASIS PETROLEUM NORTH AMERICA LLC,Bakken,80.077065,-0.070079595,-2519594.69429695,184899.72,6.38879054,205576.42902,12951352.27781513,63.00018119565218,61.01829435710939,Uneconomic
33-053-06841-0000,RITA 44X-34HXE,XTO ENERGY INC,Three Forks,70.258308,0.0087480955,-1712480.621351,255502.84,6.820752002000001,211472.4362,13322801.798485996,63.00018119565218,52.97095134371968,Marginal
33-053-06847-0000,WAHUS STATE 152-97-12-1-12H,NEWFIELD PRODUCTION COMPANY,Three Forks,42.655376,0.12968619,744238.604805959,628694.94,6.429093172999999,446739.2608,28144654.377611715,63.00018119565218,25.855636531618536,Economic
33-053-06867-0000,HEATHER USA 13-35TFH,MARATHON OIL COMPANY,Three Forks,30.406813,0.35393336,3000584.87418086,623800.88,6.08023129,499943.76300000004,31496547.656636193,63.00018119565218,39.014720139462966,Economic
33-053-06869-0000,SMOKEY 2-16-21-16HU3,WHITING OIL AND GAS CORPORATION,Three Forks,63.278622,0.043483548,-817619.98677348,289323.53,5.936749259999999,230677.45496,14532721.460231895,63.00018119565218,57.504304035079144,Marginal
33-053-06873-0000,BAIT  149-95-36C-25H,ENERPLUS RESOURCES USA CORPORATION,Bakken,46.49239,0.11060815,250348.613525278,346830.72,8.55991742,597886.8330999999,37666978.81979465,63.00018119565218,33.86352697044607,Economic
33-053-06875-0000,NORDENG 34X-23A,XTO ENERGY INC,Bakken,46.114185,0.14590648,813829.781738047,350876.66,7.613113559999999,355812.14619999996,22416229.682213884,63.00018119565218,44.448198689586114,Economic
33-053-06892-0000,HYSTED 5200 12-30 11T,OASIS PETROLEUM NORTH AMERICA LLC,Three Forks,105.63273,-0.10812633,-2618022.4026234,154175.11,6.132649239999999,146390.63604,9222636.595866771,63.00018119565218,76.52305561426623,Uneconomic
33-053-06895-0000,HYSTED 5200 11-30 9T,OASIS PETROLEUM NORTH AMERICA LLC,Three Forks,82.568047,-0.051092066,-2406087.39775843,236133.06,6.34971266,196509.2341,12380117.354918832,63.00018119565218,69.50717785931697,Uneconomic
33-053-06904-0000,RYAN 14X-9EXF,XTO ENERGY INC,Three Forks,79.235107,0.018408623,-1883610.25243302,253185.72,6.53901778,174007.80379,10962523.168227492,63.00018119565218,51.324691724224266,Uneconomic
33-053-06913-0000,STENEHJEM 11H,ABRAXAS PETROLEUM CORP.,Bakken,36.766994,0.28966588,1683564.83861625,408489.38,5.72909852,364890.90692,22988193.25260585,63.00018119565218,48.207742612325816,Economic
33-053-06954-0000,WEST CLARK 103-0136H,"EOG RESOURCES, INC.",Bakken,60.573978,0.019246176,-828017.312324579,437208.75,4.9985279799999995,222805.98700999998,14036817.553106125,63.00018119565218,63.15173341019389,Economic
33-053-06980-0000,JOHNSRUD  5198 12-18 9B,OASIS PETROLEUM NORTH AMERICA LLC,Bakken,54.670803,0.02974562,-811859.162114209,381390.34,5.991068060000001,330122.41801,20797772.151376832,63.00018119565218,51.88676634196836,Economic
33-053-07017-0000,AN-EVENSON- 152-95-0310H-14,"HESS BAKKEN INVESTMENTS II, LLC",Three Forks,56.30648,0.045961224,-812314.718871128,82069.5,5.53947164,192379.82806,12119964.026168412,63.00018119565218,34.099757688977135,Economic
33-053-07040-0000,ROLFSON N  5198 14-17 9B,OASIS PETROLEUM NORTH AMERICA LLC,Bakken,47.087509,0.13761416,355707.376069989,600402.56,6.02076949,427858.61699,26955170.396491148,63.00018119565218,49.405219276224,Economic
33-053-07041-0000,ROLFSON N  5198 14-17 10T,OASIS PETROLEUM NORTH AMERICA LLC,Three Forks,56.017155,0.03568935,-557285.042144561,333194.44,5.82185072,321482.17909,20253435.533843104,63.00018119565218,57.87829705456051,Economic
33-053-07097-0000,ROLFSON N  5198 11-17 4B,OASIS PETROLEUM NORTH AMERICA LLC,Bakken,47.44558,0.10791207,112632.247779587,527938.81,6.01468253,404064.51039999997,25456137.369932484,63.00018119565218,48.79422619395912,Economic
33-053-07110-0000,LAWLAR N 5199 41-23 3T,OASIS PETROLEUM NORTH AMERICA LLC,Three Forks,67.270164,-0.0084187966,-823801.180631475,260419.92,6.55592084,257142.06803999998,16199996.87954472,63.00018119565218,71.18398126832719,Marginal
33-053-07114-0000,LAWLAR N 5199 42-23 7T,OASIS PETROLEUM NORTH AMERICA LLC,Three Forks,53.654594,0.14514616,339618.611216115,355908.41,6.277407169999999,350032.79994,22052129.82064147,63.00018119565218,56.68515583888921,Economic
33-053-07118-0000,OLD HICKORY  43-32 MBH-R,BURLINGTON RESOURCES OIL & GAS COMPANY LP,Bakken,35.249771,0.40295044,2488163.22212322,500924.03,5.4538148799999995,425332.24309999996,26796008.38365318,63.00018119565218,29.97968973437326,Economic
33-053-07129-0000,BB-BUDAHN- 150-95-0506H-6,"HESS BAKKEN INVESTMENTS II, LLC",Bakken,29.794046,0.32564315,2764985.46236773,295256.13,5.02006026,390626.6249,24609548.14854606,63.00018119565218,12.966757341571167,Economic
33-053-07143-0000,ERNIE 3-2-11T2HD,QEP ENERGY COMPANY,Three Forks,68.005287,-0.031594533,-1350036.71747371,216900.58,5.8530424000000005,211743.552012,13339882.143767003,63.00018119565218,58.32767740063203,Marginal
33-053-07149-0000,ROLLA FEDERAL 31-3-2TFH,WHITING OIL AND GAS CORPORATION,Three Forks,52.88118,0.12641662,369226.885624766,480794.69,6.67649068,367655.83612,23162384.293199003,63.00018119565218,28.528614675588294,Economic
33-053-07151-0000,ROLLA FEDERAL 31-3-4TFH,WHITING OIL AND GAS CORPORATION,Three Forks,50.319344,0.13154528,536013.621067333,415016.44,6.59437934,377879.13601,23806454.038686495,63.00018119565218,26.339082058061532,Economic
33-053-07175-0000,HA-STATE- 152-95-1621H-5,"HESS BAKKEN INVESTMENTS II, LLC",Three Forks,26.521471,0.81912106,5299215.61811833,622222.19,5.589493696,481052.69169999997,30306406.741756205,63.00018119565218,29.367962796930904,Economic
33-053-07234-0000,BB-SIVERTSON- 151-95-2019H-6,"HESS BAKKEN INVESTMENTS II, LLC",Bakken,38.211952,0.2228651,1680889.6178757,396188.69,5.078473089,310623.2197,19569319.124676876,63.00018119565218,15.271301699890119,Economic
33-053-07256-0000,RACHEL WOLF  22HC,"WPX ENERGY WILLISTON, LLC",Three Forks,47.636932,0.21335794,1082155.33000189,419961.16,5.8812426,372502.12007,23467701.060174584,63.00018119565218,56.729981702902265,Economic
33-053-07272-0000,ROLFSON S 5198 12-29 7B,OASIS PETROLEUM NORTH AMERICA LLC,Bakken,50.637447,0.1174272,214705.269266187,260729.39,5.92639971,368265.36187,23200784.52589242,63.00018119565218,51.91663702302365,Economic
33-053-07274-0000,FORT BERTHOLD 152-94-13A-24-15H,"HRC OPERATING, LLC",Three Forks,31.937824,0.34978896,4194273.35588341,577773.38,6.93815764,443885.9677,27964896.39530741,63.00018119565218,55.534832775815055,Economic
33-053-07285-0000,NORFOLK 8-1H1,"CONTINENTAL RESOURCES, INC.",Three Forks,62.2808,0.06340529,-637559.459109904,347922.25,6.4872442,182060.68996,11469856.456085453,63.00018119565218,72.28375976345063,Economic
33-053-07290-0000,SKAAR FEDERAL 153-96-30-5HLW,NEWFIELD PRODUCTION COMPANY,Bakken,59.545025,0.033262402,-744161.129408935,209799.02,4.123956484,169822.75209999998,10698864.153444322,63.00018119565218,27.473208901091972,Economic
33-053-07321-0000,STENEHJEM 9H,ABRAXAS PETROLEUM CORP.,Bakken,53.569191,0.15435679,455529.430439137,286425.19,6.8195260300000005,284976.46202800004,17953568.744259898,63.00018119565218,55.023964876925135,Economic
33-053-07344-0000,FORT BERTHOLD 152-94-13B-24-11H,"HRC OPERATING, LLC",Bakken,43.16127,0.25208321,1930739.53763385,431017.63,6.93764368,368316.12375,23203982.533530254,63.00018119565218,50.21955393547097,Economic
33-053-07411-0000,HOLSTEIN FEDERAL 13-25H,"CONTINENTAL RESOURCES, INC.",Bakken,18.492834,1.2674263,12812267.5838362,964798.88,5.982314129999999,898169.78315,56584859.08290963,63.00018119565218,29.600630824305913,Economic
33-053-07419-0000,ROLLA FEDERAL 11-3-2TFH,WHITING OIL AND GAS CORPORATION,Three Forks,50.898151,0.13748293,580626.623508077,630016.19,6.559722590000001,371594.99413999997,23410551.96221731,63.00018119565218,23.219256059922934,Economic
33-053-07420-0000,ROLLA FEDERAL 11-3-1TFHU,WHITING OIL AND GAS CORPORATION,Three Forks,36.245785,0.46788257,4237920.91871534,629711.19,6.86161309,675333.63202,42546141.18477789,63.00018119565218,17.043193930262913,Economic
33-053-07432-0000,HEREFORD FEDERAL 4-20H2,"CONTINENTAL RESOURCES, INC.",Three Forks,84.029892,-0.024164768,-2369021.19837113,67646.102,8.03515772,181706.76197,11447558.92858524,63.00018119565218,45.805566285298696,Uneconomic
33-053-07487-0000,BB-CHAPIN A- 151-95-0403H-4,"HESS BAKKEN INVESTMENTS II, LLC",Bakken,38.111378,0.3281047,1885189.86555466,360580.22,5.453954861000001,301818.36501,19014611.683805488,63.00018119565218,25.09546365785423,Economic
33-053-07502-0000,MANDAREE 24-0706H,"EOG RESOURCES, INC.",Bakken,33.94046,0.43939736,4466665.06074495,918202.63,6.09472474,730730.8109,46036173.491945855,63.00018119565218,38.09390081173162,Economic
33-053-07507-0000,KERMIT USA 14-9H,MARATHON OIL COMPANY,Bakken,31.810225,0.48071757,4082215.00053206,614573.13,7.633528069999999,537281.83601,33848853.02176268,63.00018119565218,27.77381078149833,Economic
33-053-07545-0000,TARENTAISE FEDERAL 4-19H2,"CONTINENTAL RESOURCES, INC.",Three Forks,43.919792,0.32137623,2172133.4896051,305255.59,7.257465610000001,304665.975027,19194011.63085104,63.00018119565218,61.65548196489121,Economic
33-053-07568-0000,RUBY PARSHALL 31-30HZ,"WPX ENERGY WILLISTON, LLC",Three Forks,40.162735,0.59057063,3116001.04494057,502641.38,5.8289760600000005,489513.70901,30839452.365385756,63.00018119565218,35.30587791020448,Economic
33-053-07583-0000,YELLOWSTONE 2H,ABRAXAS PETROLEUM CORP.,Bakken,34.585922,0.55655509,4739888.38022397,529840.31,6.25989714,522389.37789999996,32910625.46238402,63.00018119565218,35.3241863987178,Economic
33-053-07585-0000,ANDERSON RANCH 3A-MBH,BURLINGTON RESOURCES OIL & GAS COMPANY LP,Bakken,31.334234,0.73264152,4537950.22372837,739846.0,5.60333762,546443.0136,34426008.86989823,63.00018119565218,26.114815416286064,Economic
33-053-07651-0000,OYLOE 5199 42-23 2B,OASIS PETROLEUM NORTH AMERICA LLC,Bakken,52.442749,0.16229044,518804.627854805,253190.06,6.824692560000001,389147.59805000003,24516369.189002827,63.00018119565218,53.662015460110425,Economic
33-053-07662-0000,CLARKS CREEK  110-0719H,"EOG RESOURCES, INC.",Bakken,43.563961,0.35188305,1652054.22553221,366853.19,5.76470605,426034.63579,26840259.25039368,63.00018119565218,48.6388821488498,Economic
33-053-07680-0000,WOLD 16-7TFH,WHITING OIL AND GAS CORPORATION,Three Forks,78.244438,-0.024097489,-2232631.78713383,194343.02,7.338153419999999,256277.3481,16145519.366641229,63.00018119565218,62.97711553765398,Marginal
33-053-07714-0000,LILLIBRIDGE-VEEDER 3E MBH-ULW,BURLINGTON RESOURCES OIL & GAS COMPANY LP,Bakken,31.418331,0.82501352,6150644.39402877,161746.78,5.899736269999999,639129.4428999999,40265270.71017623,63.00018119565218,21.3817902511032,Economic
33-053-07717-0000,HAGEN BANKS 5198 13-6 11B,OASIS PETROLEUM NORTH AMERICA LLC,Bakken,50.015377,0.28481585,1538063.74451148,500153.0,6.8581952500000005,450747.81409999996,28397193.961844143,63.00018119565218,45.57716062121911,Economic
33-053-07761-0000,FRICK 24-8-1HU,WHITING OIL AND GAS CORPORATION,Bakken,47.203365,0.23960559,1852143.22614085,417092.72,6.17008107,343556.72112,21644135.681544144,63.00018119565218,59.134528633733886,Economic
33-053-07813-0000,PATSY 5198 12-17 4B,OASIS PETROLEUM NORTH AMERICA LLC,Bakken,55.269325,0.18311086,841589.755457151,300908.66,6.717292959999999,373034.99204000004,23501272.09083867,63.00018119565218,57.1140342993777,Economic
33-053-07859-0000,CROFF 6-1-2 UTFH,BURLINGTON RESOURCES OIL & GAS COMPANY LP,Three Forks,25.121767,0.9351908,9949487.96727557,1227629.9,5.94593761,898495.6862,56605391.03411184,63.00018119565218,26.05197057793991,Economic
33-053-07870-0000,LUNDIN FEDERAL 11X-4B,XTO ENERGY INC,Bakken,,,,387787.81,11.27023477,401852.8543,25316802.634890016,63.00018119565218,44.03209223248251,Unknown
33-053-07968-0000,OMLID 2-19H,"CONTINENTAL RESOURCES, INC.",Bakken,36.392086,0.18496241,2193351.80350783,551969.63,7.37443667,419862.6786,26451424.829091873,63.00018119565218,36.228751762135786,Economic
33-053-07992-0000,BB-OLE ANDERSON- 151-95-3130H-9,"HESS BAKKEN INVESTMENTS II, LLC",Bakken,27.825571,0.7200557,6296593.65715568,316131.13,5.567890912999999,499891.7623,31493271.60311389,63.00018119565218,16.679118548947393,Economic
33-053-08060-0000,IAN QUICKSILVER 19-20-1H,SINCLAIR OIL & GAS COMPANY,Bakken,136.72075,-0.048917025,-3673985.07909241,150444.73,7.122296649999999,113420.45697,7145509.340403671,63.00018119565218,73.20998881642309,Uneconomic
33-053-03783-0000,MANDAN 150-94-32C-29H TF,ENERPLUS RESOURCES USA CORPORATION,Three Forks,71.444153,-0.036850464,-3415305.08366419,124410.01,11.12559924,394288.91784,24840273.267357618,63.00018119565218,34.99684763867095,Marginal
33-053-04734-0000,WAHPETON 10-16H2,"CONTINENTAL RESOURCES, INC.",Three Forks,150.0,-0.12511498,-5611855.79535583,27531.525,9.073550223,25364.830992,1597988.948493094,63.00018119565218,82.81758013313542,Uneconomic
33-053-05175-0000,LEFTY  5200 14-30 #3B,OASIS PETROLEUM NORTH AMERICA LLC,Bakken,78.932434,0.0091289189,-1549697.54001762,321617.47,7.912530158,273560.18088,17234340.963355385,63.00018119565218,50.89472381282408,Uneconomic
33-053-05360-0000,HA-LINK- 152-95-3526H-5,HESS CORPORATION,Three Forks,50.51601,0.19658038,1454151.23330644,418825.0,7.706567477,337987.27798,21293259.754565265,63.00018119565218,18.995735656100724,Economic
33-053-05447-0000,HAGEN 149-100-9-4-7H,TRIANGLE USA PETROLEUM CORPORATION,Bakken,109.60555,-0.024448138,-3461192.19384617,287039.31,8.542443890000001,210755.36899,13277626.434326535,63.00018119565218,47.98210651887905,Uneconomic
33-053-05511-0000,HAGEN BANKS 5298 #42-31 8B,OASIS PETROLEUM NORTH AMERICA LLC,Bakken,76.185478,-0.0061712787,-1787430.88483193,200163.7,7.909524423000001,295883.93595,18640741.577732746,63.00018119565218,43.679338958081104,Marginal
33-053-05514-0000,HAGEN BANKS 5298 #42-31 5B,OASIS PETROLEUM NORTH AMERICA LLC,Bakken,79.098991,0.014184976,-1506001.2786202,323302.16,7.992788701,279519.96408,17609808.38484219,63.00018119565218,40.95691846970538,Uneconomic
33-053-05545-0000,BW-R PETERSON- 149-99-1102H-3,HESS CORPORATION,Bakken,63.362919,0.0678939,-785964.895022855,364203.5,8.232857757,279631.69505,17616847.456197355,63.00018119565218,48.26365272880162,Marginal
33-053-05595-0000,TARPON FEDERAL 44-19TFHU,WHITING OIL AND GAS CORPORATION,Three Forks,61.145676,0.04671089,-1031603.89179725,370940.94,5.910336795,258972.0991,16315289.167918393,63.00018119565218,44.76087957893613,Economic
33-053-05627-0000,SERRAHN 41X-6D,XTO ENERGY INC,Bakken,69.767166,0.054805361,-1481621.64526671,466387.09,10.287448140000002,361382.829,22767183.70799739,63.00018119565218,38.2290462606073,Marginal
33-053-05752-0000,GILBERTSON 11X-26FXG,XTO ENERGY INC,Three Forks,98.05323,-0.014120401,-2539405.50679063,127143.89,6.8196041890000005,154299.17207,9720875.798749115,63.00018119565218,21.67084427019832,Uneconomic
33-053-05796-0000,SHENANDOAH 14-36TFH-R,BURLINGTON RESOURCES OIL & GAS COMPANY LP,Three Forks,46.193401,0.11678585,306979.041133668,304003.59,7.213548964,414886.61318,26137931.805990458,63.00018119565218,25.516562038847017,Economic
33-053-05853-0000,JESSE 14X-12H,SM ENERGY COMPANY,Three Forks,66.51683,0.0063006738,-2288047.13404512,418910.56,7.60126164,315870.69854,19899911.242417227,63.00018119565218,40.380460528553826,Marginal
33-053-05906-0000,WADE FEDERAL 5300 31-30 11T,OASIS PETROLEUM NORTH AMERICA LLC,Three Forks,87.664848,-0.063443974,-3076651.09606249,245008.73,7.50674251,217773.05211,13719741.742460204,63.00018119565218,70.51646750234472,Uneconomic
33-053-06061-0000,HA-THOMPSON- 152-95-1720H-10,"HESS BAKKEN INVESTMENTS II, LLC",Bakken,51.118465,0.084242046,-167037.986484166,259556.22,5.727148764,237967.13998,14991972.937351126,63.00018119565218,11.88267046091673,Economic
33-053-06158-0000,AMUNDSON 34X-22F,XTO ENERGY INC,Three Forks,100.17295,-0.032197155,-3185244.7756351,207534.94,7.992142644,170756.78103,10757708.145276304,63.00018119565218,44.13191096660006,Uneconomic
33-053-06201-0000,KELLOGG RANCH FEDERAL 3-32H,"CONTINENTAL RESOURCES, INC.",Bakken,31.424797,0.26352149,3062890.85173149,570236.0,7.100328960000001,490866.80782,30924697.835591376,63.00018119565218,35.268644358310766,Economic
33-053-06229-0000,FRISCO 3-31H,"CONTINENTAL RESOURCES, INC.",Bakken,59.176369,0.048162129,-1239639.92161899,336333.25,7.356776619999999,255979.15692,16126733.268270284,63.00018119565218,61.91274670898038,Economic
33-053-06303-0000,RITA 44X-34G,XTO ENERGY INC,Three Forks,90.920128,-0.021377573,-2911715.14157442,101152.35,7.31751654,182234.15008,11480784.475075673,63.00018119565218,48.423540541918655,Uneconomic
33-053-06336-0000,SATTER 31X-1G2,XTO ENERGY INC,Three Forks,85.654961,-0.0035267237,-2912410.31334345,265993.97,7.656926556,197005.98705,12411412.880778307,63.00018119565218,45.92961346281057,Uneconomic
33-053-06340-0000,SATTER 21X-1F,XTO ENERGY INC,Three Forks,71.057686,0.004985176,-2069600.03955829,134566.34,7.886679568000002,250817.31306000001,15801536.169786619,63.00018119565218,34.35791143610342,Marginal
33-053-06389-0000,ECKERT 41X-6G,XTO ENERGY INC,Three Forks,141.55324,-0.049944159,-4132331.55790552,24473.943,8.087999704,121646.80894,7663771.005092882,63.00018119565218,70.70599647713416,Uneconomic
33-053-06426-0000,ETSTATIS 32-29HS,"WPX ENERGY WILLISTON, LLC",Three Forks,41.926792,0.20425348,1356339.1296189,225997.34,5.9688310399999995,419270.0429,26414088.672608864,63.00018119565218,41.780101350739436,Economic
33-053-06436-0000,DAGNY TAGGART 3-21-16H,"EMERALD OIL, INC",Bakken,103.89709,-0.067631356,-4216939.1080562,305037.34,7.80776648,236082.2121,14873222.139370391,63.00018119565218,66.26405191441279,Uneconomic
33-053-06569-0000,OLD HICKORY 42-32MBH,BURLINGTON RESOURCES OIL & GAS COMPANY LP,Bakken,33.963703,0.43710935,2827689.61918239,360209.03,5.526980310000001,439795.08401,27707169.981587075,63.00018119565218,29.792756179697065,Economic
33-053-06570-0000,SUN NOTCH 42-32MBH,BURLINGTON RESOURCES OIL & GAS COMPANY LP,Bakken,27.424456,0.31214127,4086894.69062281,316076.78,4.90889499,597916.1642,37668826.68440932,63.00018119565218,29.37526745087004,Economic
33-053-06661-0000,BB-EIDE- 151-95-3328H-5,"HESS BAKKEN INVESTMENTS II, LLC",Three Forks,43.845783,0.14646955,757969.781179083,631532.19,5.248750877,255874.17901999998,16120119.641548743,63.00018119565218,31.82273259783167,Economic
33-053-06881-0000,KOALA 44-5-2H,WHITING OIL AND GAS CORPORATION,Bakken,56.695522,0.070646375,-540165.755344557,381879.47,7.243567919999999,351803.283,22163670.574225303,63.00018119565218,46.59162053755767,Economic
33-053-06976-0000,JOHNSRUD  5198 12-18 5B,OASIS PETROLEUM NORTH AMERICA LLC,Bakken,60.032452,-0.010169229,-1342269.75515861,352674.91,6.101108689999999,294533.08615,18555637.795564633,63.00018119565218,51.6493924437133,Economic
33-053-06977-0000,JOHNSRUD  5198 12-18 6T,OASIS PETROLEUM NORTH AMERICA LLC,Three Forks,87.784187,,-2326547.36380699,175727.88,5.99546325,173645.499985,10939697.962864619,63.00018119565218,63.845960857179385,Uneconomic
33-053-07068-0000,STENEHJEM 31X-28DXA,XTO ENERGY INC,Bakken,75.833786,0.0034126698,-1811596.15513674,254707.47,7.38228814,202147.43621,12735325.109466542,63.00018119565218,47.68149118442751,Marginal
33-053-07109-0000,LAWLAR N 5199 41-23 2B,OASIS PETROLEUM NORTH AMERICA LLC,Bakken,43.405716,0.39791593,1909564.09100115,545332.19,6.61963635,504672.7754,31794476.294712678,63.00018119565218,48.72351676131213,Economic
33-053-07137-0000,AN-EVENSON- 152-95-0310H-11,"HESS BAKKEN INVESTMENTS II, LLC",Bakken,43.241787,0.14531034,490317.610123373,270327.56,5.552852463000001,253110.10595,15945982.53730072,63.00018119565218,17.519888109673204,Economic
33-053-07268-0000,ROLFSON S 5198 11-29 4T,OASIS PETROLEUM NORTH AMERICA LLC,Three Forks,71.687439,-0.066262297,-1634435.83278596,241932.94,6.34584823,237489.581903,14961886.69196868,63.00018119565218,68.3268498150887,Marginal
33-053-07519-0000,KOALA 31-25-2TFH,WHITING OIL AND GAS CORPORATION,Three Forks,60.340412,0.059651438,-584985.887442443,317365.53,5.97414655,255827.36898,16117170.60054697,63.00018119565218,55.383774822757026,Economic
33-053-07550-0000,TARENTAISE FEDERAL 7-19H,"CONTINENTAL RESOURCES, INC.",Bakken,41.67128,0.39157718,2493592.39360513,320113.66,6.89684919,308059.355,19407795.18401574,63.00018119565218,35.85068421065071,Economic
33-053-07580-0000,ANDERSON RANCH 3B-TFH,BURLINGTON RESOURCES OIL & GAS COMPANY LP,Three Forks,30.168495,0.91654104,5707603.90550163,771970.88,5.8677929,630692.9942000001,39733772.91342842,63.00018119565218,38.11450780133245,Economic
33-053-07645-0000,WHITE 5198 12-6 5B,OASIS PETROLEUM NORTH AMERICA LLC,Bakken,48.915333,0.17133091,1041944.29693815,557786.13,6.67234986,419028.11,26398846.856071673,63.00018119565218,42.50217533708857,Economic
33-053-07647-0000,WHITE 5198 12-6 7B,OASIS PETROLEUM NORTH AMERICA LLC,Bakken,62.773335,0.063213125,-334297.541427029,398358.34,6.59700785,305717.64796,19260267.216188602,63.00018119565218,54.04729835321081,Economic
33-053-07661-0000,CLARKS CREEK  74-0719H,"EOG RESOURCES, INC.",Bakken,40.430126,0.45961443,2232878.98885782,460559.59,5.710797760000001,473805.03179,29849802.85418174,63.00018119565218,49.50614853241094,Economic
33-053-04732-0000,WAHPETON 12-16H3,"CONTINENTAL RESOURCES, INC.",Three Forks,150.0,-0.098394811,-5661069.7723311,26942.678,9.114374244,32359.75699,2038670.5538172724,63.00018119565218,82.0076391757513,Uneconomic
33-053-05265-0000,HOVLAND 150-99-26-35-3H,NEWFIELD PRODUCTION COMPANY,Bakken,93.192574,0.002079143,-2502514.90078124,308202.88,7.919599922,236871.55715,14922951.020546282,63.00018119565218,35.19060872844968,Uneconomic
33-053-05653-0000,HOLSTEIN FEDERAL  2-25H,"CONTINENTAL RESOURCES, INC.",Bakken,23.286766,0.69411761,7893174.81678635,972271.56,8.4335166,909209.65498,57280373.0085764,63.00018119565218,31.54885288733556,Economic
33-053-05699-0000,HAYDON 44-22TFH-ULW,BURLINGTON RESOURCES OIL & GAS COMPANY LP,Three Forks,88.579048,-0.0073039131,-3196011.53759999,292307.47,8.278730765,232635.72784,14656093.006502427,63.00018119565218,35.70307952116447,Uneconomic
33-053-05756-0000,MANNING 1X-32H,SM ENERGY COMPANY,Three Forks,90.483414,-0.063796416,-3388670.24487812,262568.56,8.06229004,227509.37002,14333131.534968678,63.00018119565218,50.92331869509537,Uneconomic
33-053-06123-0000,FOREMAN 2-2-1BH,QEP ENERGY COMPANY,Bakken,49.199867,0.082316771,-346929.479177079,200154.0,7.95201845,451568.71452,28448910.83704773,63.00018119565218,30.121380830727357,Economic
33-053-06331-0000,HEINZ 18-19 #2H,STATOIL OIL & GAS LP,Bakken,83.234863,-0.014536992,-3116066.15269895,154485.14,8.32973109,250855.5222,15803943.352529949,63.00018119565218,59.83300869805159,Uneconomic
33-053-05757-0000,DAVIS 1-32H,SM ENERGY COMPANY,Bakken,77.806717,-0.045247596,-2944033.16306453,321375.47,8.0513979,274877.50103,17317332.371498067,63.00018119565218,43.14022378721568,Marginal
33-053-06038-0000,JOEL GOODSEN 6-32-29H,"EMERALD OIL, INC",Three Forks,127.58236,-0.11076193,-4817773.57170182,240254.83,8.1947034,194497.00205,12253346.371161135,63.00018119565218,73.92724698107604,Uneconomic
33-053-06375-0000,RICHARD 8-5 XW #1TFH,STATOIL OIL & GAS LP,Three Forks,65.997009,-0.0029442681,-2225974.63917504,446073.13,7.672408750000001,348399.86673999997,21949254.733161073,63.00018119565218,46.33999284625643,Marginal
33-053-07074-0000,FOREMAN 2-2-1THR,QEP ENERGY COMPANY,Three Forks,61.798191,0.044265389,-837247.803704431,324279.31,6.58588307,256858.16999999998,16182111.25158363,63.00018119565218,45.30244507223074,Economic
33-053-07634-0000,REMINGTON 3C MBH,BURLINGTON RESOURCES OIL & GAS COMPANY LP,Bakken,25.558157,0.8807621,7675700.39363392,1004501.7,5.59428866,774981.7617,48823991.410425745,63.00018119565218,22.51110403191226,Economic
33-053-03851-0000,FORT BERTHOLD 152-93-9C-10-5H,"PETRO-HUNT, L.L.C.",Bakken,82.857796,0.0046665301,-2310650.60745906,346129.84,11.86396372,316321.17909,19928291.598692343,63.00018119565218,45.07446823649827,Uneconomic
33-053-04035-0000,GUNDERSON 15-22 4TFH,"BRIGHAM OIL & GAS, L.P.",Three Forks,60.533287,0.074588388,-434747.767675052,517760.25,7.182544696,387484.9702,24411623.333191887,63.00018119565218,61.2352593984987,Economic
33-053-04270-0000,BB-BUDAHN-150-95- 0506H-3,HESS CORPORATION,Three Forks,44.6628,0.46779275,3210263.42503496,206215.84,7.479674287,393391.61309999996,24783742.906149898,63.00018119565218,16.074596192476143,Economic
33-053-04314-0000,ALBERT B. 27 34 4TFH,"BRIGHAM OIL & GAS, L.P.",Three Forks,100.9303,-0.046696793,-2604446.91156272,209145.33,6.800879558,175400.71005,11050276.51499605,63.00018119565218,60.14161123042353,Uneconomic
33-053-04378-0000,ROCHESTER 5-24H1,"CONTINENTAL RESOURCES, INC.",Three Forks,59.968994,0.071875282,-738076.849544345,395072.72,8.9813868,325340.35305000003,20496501.192407455,63.00018119565218,45.90637420046686,Economic
33-053-04453-0000,MARGARET 5-8 #5TFH,"BRIGHAM OIL & GAS, L.P.",Three Forks,147.31317,-0.12602158,-3744493.89695435,157541.88,7.4320566999999995,127980.48892999999,8062793.992098157,63.00018119565218,80.95436296571606,Uneconomic
33-053-04469-0000,STATE 154-94-31C-32-2H,"PETRO-HUNT, L.L.C.",Three Forks,28.432699,0.26141739,4076079.70468521,1175322.0,5.951340739999999,719834.7853999999,45349721.9111334,63.00018119565218,23.250842823940644,Economic
33-053-04490-0000,BEAVER CREEK 149-94-31D-30H TF,ENERPLUS RESOURCES USA CORPORATION,Three Forks,55.252892,0.081745535,-464522.19122569,704065.06,9.40499344,521288.17390000005,32841249.410850648,63.00018119565218,40.86593501957254,Economic
33-053-04600-0000,GARMANN 19-18 3H,"BRIGHAM OIL & GAS, L.P.",Bakken,67.467918,0.036157552,-1151692.65827662,418590.53,7.139185187000001,332877.60295,20971349.30182436,63.00018119565218,44.387634527923794,Marginal
33-053-04728-0000,ROLLEFSTAD FEDERAL 9-3H,"CONTINENTAL RESOURCES, INC.",Bakken,58.132126,0.14824091,913549.3774155,440685.81,10.418156060000001,363435.35094,22896492.96212544,63.00018119565218,20.36464139769739,Economic
33-053-04735-0000,WAHPETON 9-16H,"CONTINENTAL RESOURCES, INC.",Bakken,74.314812,0.085043304,-234959.636795201,282829.78,9.232638326,250252.62304,15765960.596207242,63.00018119565218,48.114129254183304,Marginal
33-053-04740-0000,ROLLEFSTAD FEDERAL 11-3H-1,"CONTINENTAL RESOURCES, INC.",Three Forks,63.545135,0.098564357,-30267.437664568,401177.88,10.49300914,341261.10204,21499511.26354795,63.00018119565218,28.707898952632217,Marginal
33-053-04744-0000,WAHPETON 2-16H2,"CONTINENTAL RESOURCES, INC.",Three Forks,101.79443,0.0071326722,-3075977.38789462,273160.75,9.526512302,185564.05815,11690569.286850538,63.00018119565218,56.794329780459904,Uneconomic
33-053-04746-0000,WAHPETON 4-16H1,"CONTINENTAL RESOURCES, INC.",Three Forks,150.0,-0.062015031,-4181799.57189213,128402.28,9.011805464000002,107434.44002,6768389.187913426,63.00018119565218,62.07796135041086,Uneconomic
33-053-04807-0000,LAWLAR 3-5-8TH,QEP ENERGY COMPANY,Three Forks,70.000542,0.051866926,-1470768.4310455,156549.42,11.17972381,408587.1903,25741067.023122422,63.00018119565218,23.08920806501616,Marginal
33-053-04808-0000,LAWLAR 4-5-8BH,QEP ENERGY COMPANY,Bakken,45.355171,0.18349849,2668967.36408412,1047606.4,11.30940697,789262.3706,49723672.35870998,63.00018119565218,22.348212848483016,Economic
33-053-04832-0000,EDNA 11-2 5TFH,"BRIGHAM OIL & GAS, L.P.",Three Forks,98.222641,-0.013732863,-3076366.67478812,296569.91,7.203693229999999,184720.48921,11637424.290779514,63.00018119565218,70.94975394253635,Uneconomic
33-053-04861-0000,MORSETTE 35-26HD,"WPX ENERGY WILLISTON, LLC",Bakken,68.001717,0.047981486,-1787817.09264355,601922.06,11.12371582,463224.75320000004,29183243.385911264,63.00018119565218,26.982313488211663,Marginal
33-053-04930-0000,LOOMER 41X-3F,XTO ENERGY INC,Three Forks,94.246613,-0.0026417912,-3408541.32773397,331995.56,10.65236066,251127.5419,15821080.642918736,63.00018119565218,41.05036291952952,Uneconomic
33-053-04983-0000,JADE 5200 21-28T,OASIS PETROLEUM NORTH AMERICA LLC,Three Forks,90.965233,0.0023237155,-2059774.83238142,311990.19,8.151142830000001,227797.21906,14351266.076645672,63.00018119565218,38.73820470524813,Uneconomic
33-053-05089-0000,HOLM 150-98-5-8-10H,NEWFIELD PRODUCTION COMPANY,Three Forks,127.86572,-0.048772577,-3050267.08276913,184503.61,7.939025126,163421.61791,10295591.539616639,63.00018119565218,50.545378736998735,Uneconomic
33-053-05090-0000,HOLM 150-98-5-8-3H,NEWFIELD PRODUCTION COMPANY,Bakken,77.337234,0.035774227,-1186225.97761977,351029.22,7.85740114,299147.37697,18846338.953314066,63.00018119565218,35.98994837393689,Marginal
33-053-05106-0000,BLUE RIDGE 41-30MBH ULW,BURLINGTON RESOURCES OIL & GAS COMPANY LP,Bakken,54.323723,0.1221944,475048.630117207,232077.25,8.892731879000001,436376.2062,27491780.06007128,63.00018119565218,11.483079909346152,Economic
33-053-05121-0000,ARCHER 44-25MBH,BURLINGTON RESOURCES OIL & GAS COMPANY LP,Bakken,37.783997,0.58329302,5023885.89722205,921436.38,7.993398566,667147.6324,42030421.72545035,63.00018119565218,20.81170498441245,Economic
33-053-05122-0000,ARCHER 34-25TFH,BURLINGTON RESOURCES OIL & GAS COMPANY LP,Three Forks,80.356659,0.03579748,-1410847.35005693,349346.66,9.119974892,274113.698,17269212.64221028,63.00018119565218,34.06935784969266,Uneconomic
33-053-05129-0000,KELTER FEDERAL 7-6HTF2,"ZENERGY, INC",Three Forks,93.903259,-0.010547594,-2759642.2189677,300546.19,7.92740244,214660.74469,13523665.811063632,63.00018119565218,55.74331437630525,Uneconomic
33-053-05130-0000,KELTER FEDERAL 7-6HTF,"ZENERGY, INC",Three Forks,100.79615,-0.022100486,-2996021.96970616,258628.52,7.3161955899999995,186136.20797,11726614.829181597,63.00018119565218,54.61046863989709,Uneconomic
33-053-05137-0000,HA-CHAPIN 152-95-3229H-4,HESS CORPORATION,Bakken,58.444733,0.24366604,1457165.37218016,192358.97,7.654315593,281761.08600999997,17750999.47251374,63.00018119565218,10.69947730647172,Economic
33-053-05140-0000,MORK FARM 24-8H,WHITING OIL AND GAS CORPORATION,Bakken,96.013855,-0.0022356431,-2232076.00881223,268952.38,7.770099404,213768.36006,13467445.417677417,63.00018119565218,46.75297514384509,Uneconomic
33-053-05146-0000,PATTERSON FEDERAL 4-13H1,"CONTINENTAL RESOURCES, INC.",Three Forks,57.963779,0.050271023,-948827.766757261,198542.64,6.81352065,248965.08304,15684845.342910592,63.00018119565218,46.72037348129641,Economic
33-053-05151-0000,CAPITOL 14-7MBH,BURLINGTON RESOURCES OIL & GAS COMPANY LP,Bakken,69.246529,0.074954212,-616354.634388711,465779.53,9.500744956,329431.8445,20754265.895117912,63.00018119565218,18.559435177703595,Marginal
33-053-05155-0000,BW-ELLEN IDA- 150-99-3031H-3,HESS CORPORATION,Bakken,54.196331,0.11118768,314489.176864068,492127.69,8.765746197,341831.09609999997,21535420.99260839,63.00018119565218,34.789337282394314,Economic
33-053-05157-0000,BIG JON 11-2MBH-ULW,BURLINGTON RESOURCES OIL & GAS COMPANY LP,Bakken,64.882584,0.063883603,-872815.842559365,449874.97,8.752874588,338358.11950000003,21316622.837520137,63.00018119565218,17.216418683024735,Marginal
33-053-05171-0000,LEFTY 5200 14-30 #2T,OASIS PETROLEUM NORTH AMERICA LLC,Three Forks,106.75357,-0.033486523,-2906459.59233413,89184.594,8.18933018,191210.26987,12046281.648279551,63.00018119565218,63.21218808678307,Uneconomic
33-053-05176-0000,HYSTED 5200 14-30 #2B,OASIS PETROLEUM NORTH AMERICA LLC,Bakken,61.298668,0.10550007,86285.825097499,503726.91,8.27425779,408149.38492,25713485.204853985,63.00018119565218,39.980448733249816,Economic
33-053-05188-0000,CRATER LAKE 21-14MBH,BURLINGTON RESOURCES OIL & GAS COMPANY LP,Bakken,58.107723,0.17388904,1088622.38033787,484940.0,9.123703174,406447.66881,25606276.78158043,63.00018119565218,18.689922240235234,Economic
33-053-05205-0000,SHERVEN TRUST 153-95-27B-3H,"PETRO-HUNT, L.L.C.",Bakken,66.435242,0.097542264,-34571.560869503,354301.63,7.323644305,306725.01199,19323731.332608588,63.00018119565218,19.750453314614493,Marginal
33-053-05236-0000,VAN HISE TRUST  153-95-28D-21-5H,"PETRO-HUNT, L.L.C.",Bakken,47.954956,0.13931715,877748.116324343,673916.0,8.527908927,550530.228,34683504.11768371,63.00018119565218,13.887919366503656,Economic
33-053-05248-0000,POGO 28-33-27-34LL,QEP ENERGY COMPANY,Three Forks,73.771591,0.046169419,-1565902.71516645,503481.97,11.10749687,377613.9656,23789748.25480877,63.00018119565218,25.59711400113634,Marginal
33-053-05257-0000,HA-CHAPIN-LE- 152-95-3229H-1,HESS CORPORATION,Bakken,52.473591,0.30768377,2134661.03119105,389943.41,8.153464923,350682.11798,22093036.974815074,63.00018119565218,12.477627934444593,Economic
33-053-05285-0000,CHERRY STATE 31-16-2H,WHITING OIL AND GAS CORPORATION,Bakken,80.845444,0.039081626,-1088177.74088682,325093.66,7.8251925259999995,259572.73206,16353129.153230475,63.00018119565218,50.31156808750663,Uneconomic
33-053-05334-0000,HOFFMAN 149-98-14-23-10H,NEWFIELD PRODUCTION COMPANY,Three Forks,96.08033,0.0021864336,-2720291.50830702,302501.03,7.777303720000001,222653.65111,14027220.363803525,63.00018119565218,43.44738947695064,Uneconomic
33-053-05342-0000,MACK 13-2H3,"CONTINENTAL RESOURCES, INC.",Three Forks,150.0,-0.044732433,-3413461.41668134,31238.379,6.909618350000001,80050.31198,5043184.159508486,63.00018119565218,47.927072327645604,Uneconomic
33-053-05350-0000,JAN 14X-34F,XTO ENERGY INC,Three Forks,102.8967,-0.0046994425,-4141985.06020452,148937.36,10.39090091,222393.48451,14010829.820862468,63.00018119565218,34.4865796198317,Uneconomic
33-053-05361-0000,TY WEBB  3-1-12H,"EMERALD OIL, INC",Bakken,150.0,-0.1190135,-6119930.20959276,175941.55,10.57451724,151050.31404,9516197.154180165,63.00018119565218,73.70167218236068,Uneconomic
33-053-05363-0000,TY WEBB  1-1-12H,"EMERALD OIL, INC",Bakken,150.0,-0.098718323,-6192379.90517986,194752.25,10.182957089999999,147526.76011,9294212.618137512,63.00018119565218,71.99476306339368,Uneconomic
33-053-05364-0000,DEAN WORMER  2-33-28H,"EMERALD OIL, INC",Three Forks,150.0,-0.11273998,-6093156.9815336,192213.36,10.38282758,152701.52596,9620223.804332586,63.00018119565218,71.77089757638373,Uneconomic
33-053-05365-0000,DEAN WORMER  1-33-28H,"EMERALD OIL, INC",Bakken,150.0,-0.10126353,-5865955.27302003,225991.36,10.44774967,178478.29200000002,11244164.73549052,63.00018119565218,67.72826268849592,Uneconomic
33-053-05383-0000,HOVDE  150-100-6-7-1H,TRIANGLE USA PETROLEUM CORPORATION,Bakken,68.04689,0.053396061,-1225236.91436236,569356.56,9.01227738,404238.83499999996,25467119.851319343,63.00018119565218,53.13921803580526,Marginal
33-053-05385-0000,WISNESS 150-100-23-14-6H,TRIANGLE USA PETROLEUM CORPORATION,Bakken,104.96378,-0.034202028,-2672805.55167997,165285.63,8.901032059999999,225899.38495,14231702.183836384,63.00018119565218,54.46204761209103,Uneconomic
33-053-05394-0000,MANDAREE 17-05H,"EOG RESOURCES, INC.",Three Forks,74.085953,0.037642807,-1129875.64648238,318728.13,6.5296217400000005,242920.25423,15304020.032583892,63.00018119565218,46.432365040144475,Marginal
33-053-05420-0000,HA-THOMPSON- 152-95-2017H-6,HESS CORPORATION,Bakken,45.371391,0.17772742,1440269.73126623,461742.78,6.888407173000001,355062.58862,22369007.41885731,63.00018119565218,16.573951292973444,Economic
33-053-05446-0000,HAGEN 149-100-9-4-6H,TRIANGLE USA PETROLEUM CORPORATION,Bakken,108.93951,-0.025991071,-3349957.9953539,286913.09,8.80573096,219582.60301000002,13833743.77704296,63.00018119565218,46.9615698364366,Uneconomic
33-053-05451-0000,AN-GUDBRANSON- 153-94-2215H-3,HESS CORPORATION,Bakken,31.994352,0.62374812,4544657.0264664,527564.31,5.87943316,434754.22601,27389595.01420552,63.00018119565218,29.51149503967749,Economic
33-053-05526-0000,KIRKLAND 2-23-14TH,QEP ENERGY COMPANY,Three Forks,87.386116,0.0042491383,-3269804.86369432,411002.91,11.28165091,322765.94668,20334313.12462621,63.00018119565218,36.03680039611067,Uneconomic
33-053-05528-0000,KIRKLAND 3-23-14BH,QEP ENERGY COMPANY,Bakken,80.013573,0.020077012,-2741705.44613578,458563.69,11.298223490000002,356954.84878999996,22488220.152436625,63.00018119565218,30.976247967542093,Uneconomic
33-053-05549-0000,ROWE 150-101-1-12-6H,TRIANGLE USA PETROLEUM CORPORATION,Bakken,97.520676,-0.022960495,-2828144.21570815,306907.38,8.947378449999999,261181.55693,16454485.411552545,63.00018119565218,47.9079374663579,Uneconomic
33-053-05554-0000,SLUGGER 3-16-21H,"EMERALD OIL, INC",Bakken,143.12251,-0.12236515,-6252566.83085241,276155.69,10.321762999999997,226122.58087,14245763.567238513,63.00018119565218,65.42000669736511,Uneconomic
33-053-05561-0000,COPPER DRAW 21-27MBH,BURLINGTON RESOURCES OIL & GAS COMPANY LP,Bakken,52.860226,0.082844347,-454555.938496056,570140.19,8.499295113,451084.40520000004,28418399.26213299,63.00018119565218,20.753860272646936,Economic
33-053-05562-0000,LILLIBRIDGE 21-27MBH,BURLINGTON RESOURCES OIL & GAS COMPANY LP,Bakken,79.830856,0.005997173,-2933534.19980293,344297.22,8.719616285,270430.73191,17037185.111202836,63.00018119565218,22.572969065906452,Uneconomic
33-053-05582-0000,BERQUIST 31X-2C,XTO ENERGY INC,Bakken,60.239128,0.046303298,-1276267.10461855,399952.72,8.7851883,322541.71695000003,20320186.61100676,63.00018119565218,33.56473044275559,Economic
33-053-05598-0000,GARFIELD FEDERAL 5-5H1,"CONTINENTAL RESOURCES, INC.",Three Forks,41.10033,0.22884761,1425681.73975337,387161.69,7.510198859999999,363064.34801,22873119.710311323,63.00018119565218,53.71830175621862,Economic
33-053-05612-0000,GARIETY 150-99-36-25-5H,NEWFIELD PRODUCTION COMPANY,Bakken,86.699135,0.0057605049,-2464255.0480059,326294.94,7.54172353,246857.48589,15552066.340573153,63.00018119565218,34.049193721262775,Uneconomic
33-053-05625-0000,SYVERSON 150-99-36-25-2H,NEWFIELD PRODUCTION COMPANY,Bakken,76.842308,0.023646433,-1839860.59938819,369703.19,7.260488185,279127.57813000004,17585087.998893563,63.00018119565218,37.62506340309608,Marginal
33-053-05631-0000,GUY FEDERAL 24X-35F,XTO ENERGY INC,Three Forks,72.533417,0.017559506,-1801328.84222762,259674.94,6.726823786,204755.45795,12899630.951648742,63.00018119565218,49.823011923443,Marginal
33-053-05642-0000,ANDERSON 152-96-26B-25-2HS,"PETRO-HUNT, L.L.C.",Bakken,84.890327,-0.012748208,-2602042.52053449,202603.05,8.851303246,277172.69098,17461929.75422651,63.00018119565218,27.01635274819584,Uneconomic
33-053-05646-0000,STEELE FEDERAL 4-24AH1,"CONTINENTAL RESOURCES, INC.",Three Forks,41.637817,0.13214903,696230.803489528,491393.81,8.29057046,438587.85586,27631114.38939258,63.00018119565218,48.429874552373,Economic
33-053-05648-0000,WALTON FEDERAL 41X-19H,XTO ENERGY INC,Three Forks,53.95665,0.13253483,651240.216666719,550145.56,8.64798195,424242.474,26727352.73289176,63.00018119565218,22.94436838520611,Economic
33-053-05668-0000,BULLRUSH 34-10TFH-A,BURLINGTON RESOURCES OIL & GAS COMPANY LP,Three Forks,78.482307,0.011914358,-2649921.62860023,340672.5,7.808276898,218015.71289999998,13735029.416199284,63.00018119565218,47.24014288324953,Marginal
33-053-05672-0000,DONNA 12X-35H,SM ENERGY COMPANY,Three Forks,91.731194,-0.020757888,-2934107.02390219,296049.38,8.164341545,237570.40213,14966978.380913952,63.00018119565218,44.53558384070579,Uneconomic
33-053-05676-0000,MOBERG 4-17-16BH,QEP ENERGY COMPANY,Bakken,58.116421,0.11839364,427759.965754944,664104.25,11.45451821,552939.8058,34835307.95568873,63.00018119565218,24.896371319624837,Economic
33-053-05710-0000,VEEDER 27-34-26-35LL,QEP ENERGY COMPANY,Three Forks,113.33257,-0.029177673,-4347693.92458326,291161.41,10.883576450000001,229738.90704000002,14473592.771211093,63.00018119565218,34.90320227758121,Uneconomic
33-053-05712-0000,LUELLA FEDERAL 13-35H,SM ENERGY COMPANY,Bakken,55.025986,0.092486568,-176964.273793331,205121.48,7.94025004,459801.8709,28967601.18079987,63.00018119565218,27.91649072390308,Economic
33-053-05714-0000,TAT 2-35-26BH,QEP ENERGY COMPANY,Bakken,54.636887,0.047218099,-1064826.97116743,460647.78,7.71570665,386018.40503,24319229.461746655,63.00018119565218,46.813406577419265,Economic
33-053-05716-0000,TAT 1-35-26BH,QEP ENERGY COMPANY,Bakken,62.588482,0.016636273,-1713279.02083272,381267.97,7.677192386000001,329964.31295,20787811.503948882,63.00018119565218,40.16513937656111,Economic
33-053-05738-0000,FINSAAS FEDERAL 31-16-3H,WHITING OIL AND GAS CORPORATION,Bakken,127.90232,-0.054978162,-3521387.69847468,165382.98,6.732475593,139878.30097,8812358.30644997,63.00018119565218,58.974472364169515,Uneconomic
33-053-05745-0000,BW-R PETERSON- 149-99-1102H-4,"HESS BAKKEN INVESTMENTS II, LLC",Bakken,150.0,-0.034630507,-3605688.76158895,126744.95,6.6923516,67592.36383,4258331.168732447,63.00018119565218,15.972080915934864,Uneconomic
33-053-05758-0000,ECKERT FOUNDATION 152-102-22-15-4H,TRIANGLE USA PETROLEUM CORPORATION,Bakken,100.3065,-0.0244675,-3243225.53830546,293888.47,8.503743565,239379.79587,15080970.514388232,63.00018119565218,61.26934067710008,Uneconomic
33-053-05764-0000,SCOTTSDALE 2-31H,"CONTINENTAL RESOURCES, INC.",Bakken,63.256065,0.019554902,-1299193.51202867,241173.41,6.232193435000001,208226.04589,13118278.620724186,63.00018119565218,60.87491912238864,Marginal
33-053-05805-0000,LUCY EVANS 29-32HA,"WPX ENERGY WILLISTON, LLC",Bakken,62.198536,0.045403365,-1827029.15922231,220317.59,10.7783217,513784.4719,32368514.825212467,63.00018119565218,26.491480014408257,Economic
33-053-05827-0000,STATE 2-16-21TH,QEP ENERGY COMPANY,Three Forks,60.227745,0.083636858,-275922.028616392,521064.63,11.019877329999998,510073.54000000004,32134725.443107743,63.00018119565218,23.400136904767088,Economic
33-053-05878-0000,NELSON FEDERAL 41X-5C,XTO ENERGY INC,Bakken,49.926918,0.082932383,-413911.969707988,481806.69,7.94238919,400070.34007,25204503.915416185,63.00018119565218,23.256044141754,Economic
33-053-05898-0000,RIECKHOFF 21X-3A,XTO ENERGY INC,Bakken,81.811485,0.00013518188,-3275440.57659555,332604.78,9.15685726,262014.44605,16506957.577028433,63.00018119565218,32.47545412785594,Uneconomic
33-053-05918-0000,SALERS FEDERAL 5-27H,"CONTINENTAL RESOURCES, INC.",Bakken,25.539656,0.42412692,4933991.16529578,307845.56,7.053558819999999,662427.23015,41733035.528383985,63.00018119565218,14.381484058469276,Economic
33-053-05922-0000,SIVERTSON RUSH 1-7-9MBH ULW,BURLINGTON RESOURCES OIL & GAS COMPANY LP,Bakken,52.919598,0.072990514,-617847.595799647,520453.81,9.04350766,490683.50194,30913149.53193715,63.00018119565218,31.56403125924015,Economic
33-053-05936-0000,LOOMER 150-99-2-11-4H,NEWFIELD PRODUCTION COMPANY,Bakken,78.728783,0.024758454,-1882061.15626648,359389.75,7.497614260000001,275543.21016,17359272.167311672,63.00018119565218,29.928804831136695,Marginal
33-053-05953-0000,GOOD SHEPHERD 41-15-2H,WHITING OIL AND GAS CORPORATION,Bakken,79.426323,0.013333451,-1987881.54724971,88649.828,6.867419419,240852.44298,15173747.549155485,63.00018119565218,51.38011223679268,Uneconomic
33-053-05954-0000,WADE FEDERAL 5300 41-30 6B,OASIS PETROLEUM NORTH AMERICA LLC,Bakken,79.453735,-0.025955338,-3011248.76283212,154753.56,7.85732319,254242.75095000002,16017339.377531072,63.00018119565218,58.47129998248519,Uneconomic
33-053-05977-0000,TARPON FEDERAL 24-20-1RTF,WHITING OIL AND GAS CORPORATION,Three Forks,88.485825,-0.0057675987,-2147503.91037252,253670.48,6.816998744999999,207726.43091,13086802.786456123,63.00018119565218,41.888597808394515,Uneconomic
33-053-05982-0000,BRITT 151-102-4-9-2H,TRIANGLE USA PETROLEUM CORPORATION,Bakken,112.48103,-0.055714466,-3618528.57135041,226324.53,8.121693593,198633.13,12513923.181459535,63.00018119565218,70.75837546322616,Uneconomic
33-053-06032-0000,JOHNSON 4-9-4BH,QEP ENERGY COMPANY,Bakken,40.823505,0.19032095,1546521.49860114,778572.0,8.99712766,661257.6808,41659353.70741673,63.00018119565218,25.628490139343324,Economic
33-053-06045-0000,DURHAM 7-2H,"CONTINENTAL RESOURCES, INC.",Bakken,35.637398,0.21956584,2020897.62400312,566763.25,7.76971852,473850.82282999996,29852687.697998878,63.00018119565218,39.13486117807672,Economic
33-053-06049-0000,JOHNSON 24X-31E,XTO ENERGY INC,Three Forks,103.21803,-0.028634485,-3589484.45395633,228081.53,8.62219872,177180.407,11162397.7453194,63.00018119565218,40.59798733582709,Uneconomic
33-053-06057-0000,KLINE FEDERAL  5300 31-18 6B,OASIS PETROLEUM NORTH AMERICA LLC,Bakken,84.302437,-0.044052072,-3014321.23981161,261360.53,7.06246776,223183.51393000002,14060601.817472363,63.00018119565218,61.60597480950592,Uneconomic
33-053-06059-0000,HA-THOMPSON- 152-95-1720H-8,"HESS BAKKEN INVESTMENTS II, LLC",Three Forks,48.622272,0.11262404,142329.371118599,280965.94,5.792933739,256999.66395000002,16191025.39607172,63.00018119565218,16.29075281177624,Economic
33-053-06063-0000,SAND CREEK FEDERAL 153-96-21-28-10H,NEWFIELD PRODUCTION COMPANY,Three Forks,72.824646,0.0071625444,-2123034.86107824,301549.91,7.055840610000001,242128.34905999998,15254129.863384118,63.00018119565218,28.542898905737474,Marginal
33-053-06088-0000,ALPHA 5-14H,"CONTINENTAL RESOURCES, INC.",Bakken,41.581951,0.23115566,964504.797830118,307003.09,6.17238205,299195.90903,18849396.481887866,63.00018119565218,52.49025382018523,Economic
33-053-06116-0000,STENEHJEM  15-9HA,SM ENERGY COMPANY,Bakken,65.912468,-0.013216386,-1633362.24322794,290453.56,6.12829804,247655.47589,15602339.85516547,63.00018119565218,55.242188939904366,Marginal
33-053-06155-0000,DEKING 1-8-34MBH-ULW,BURLINGTON RESOURCES OIL & GAS COMPANY LP,Bakken,39.745285,0.12949497,841260.507251604,342732.28,7.244147664,497648.2345,31351928.94519641,63.00018119565218,15.9115538956272,Economic
33-053-06163-0000,SKEDSVOLD 21-4-5H,WHITING OIL AND GAS CORPORATION,Bakken,61.536133,0.029048488,-1438345.16994765,383501.19,6.688444119,301908.77895,19020307.778408103,63.00018119565218,46.60713328636199,Economic
33-053-06186-0000,BW-HAGEN- 149-100-1522H-2,"HESS BAKKEN INVESTMENTS II, LLC",Bakken,68.04612,0.018289773,-1595626.89680345,244266.81,6.503639426000001,190296.01973,11988683.723801402,63.00018119565218,35.18594600798114,Marginal
33-053-06202-0000,NORDENG 2-5H1,"CONTINENTAL RESOURCES, INC.",Three Forks,40.804726,0.15107223,1011021.44223686,420150.72,6.840972750000001,343623.45986,21648340.234256916,63.00018119565218,45.257823950692476,Economic
33-053-06205-0000,GRANLI 34X-20C,XTO ENERGY INC,Bakken,100.97021,-0.033443362,-3384865.27856516,212952.36,8.16252058,174327.24901,10982648.274969578,63.00018119565218,53.27502796625305,Uneconomic
33-053-06253-0000,P. LEVANG 1-14-23BH,QEP ENERGY COMPANY,Bakken,48.767326,0.082145222,-408027.043126373,587913.06,7.97884921,462387.1681,29130475.372844484,63.00018119565218,29.42875225963551,Economic
33-053-06270-0000,STATE 31-3-3H,WHITING OIL AND GAS CORPORATION,Bakken,82.933235,-0.018599497,-2166659.8731517,232142.83,5.859704305999999,183270.48406,11546073.703594884,63.00018119565218,57.70672848181305,Uneconomic
33-053-06272-0000,STATE 31-3HU,WHITING OIL AND GAS CORPORATION,Bakken,101.71036,-0.039539251,-2603642.25079247,182389.11,5.889126332,145603.98602,9173077.502069209,63.00018119565218,57.954012914339714,Uneconomic
33-053-06280-0000,TETON 6-8-10TFSH,BURLINGTON RESOURCES OIL & GAS COMPANY LP,Three Forks,79.266998,-0.014719781,-2353724.91665553,104167.73,7.006151887000001,208514.94192,13136479.122960892,63.00018119565218,36.29492903737242,Uneconomic
33-053-06306-0000,KOALA 13-31-25-1H,KODIAK OIL & GAS (USA) INC.,Bakken,57.223545,0.033933517,-1004055.61345326,355149.91,6.016216278,306405.83699,19303623.249775466,63.00018119565218,41.77736507798011,Economic
33-053-06312-0000,BRIER 5200 42-22 10B,OASIS PETROLEUM NORTH AMERICA LLC,Bakken,79.865128,-0.055270601,-3109023.52864513,299261.13,7.6085462800000006,261597.41313,16480684.427503882,63.00018119565218,54.708837407396246,Uneconomic
33-053-06360-0000,OLSON 152-96-30-31-4HLW,NEWFIELD PRODUCTION COMPANY,Bakken,58.834232,0.053226024,-1159175.53009365,416290.94,6.415644608,293169.67480000004,18469742.633470427,63.00018119565218,23.064427032432434,Economic
33-053-06362-0000,OLSON 152-96-30-31-1H,NEWFIELD PRODUCTION COMPANY,Bakken,55.555214,0.063390926,-814614.256119863,439577.47,6.363233617,320439.9896,20187777.407132898,63.00018119565218,25.180313628781114,Economic
33-053-06373-0000,RICHARD 8-5 #7H,STATOIL OIL & GAS LP,Bakken,53.021278,0.065283991,-839141.743502703,688188.31,7.857670850000001,494782.1729,31171366.54507851,63.00018119565218,40.977430224279956,Economic
33-053-06402-0000,P. LEVANG 2-14-23TH,QEP ENERGY COMPANY,Three Forks,43.039017,0.14227299,495762.669795324,412034.72,5.327576551,361889.30387,22799091.71657843,63.00018119565218,34.76736978810806,Economic
33-053-06412-0000,ROVELSTAD 21-13HU,WHITING OIL AND GAS CORPORATION,Bakken,79.454712,-0.016688412,-2060217.79900407,139396.75,6.2896214210000005,206548.315,13012581.270656643,63.00018119565218,42.75225828662278,Uneconomic
33-053-06427-0000,ETSTATIS 32-29HB,"WPX ENERGY WILLISTON, LLC",Bakken,38.324966,0.34185222,2339441.52330784,251248.86,5.98574006,513725.1078,32364774.87615595,63.00018119565218,30.80147129566334,Economic
33-053-06438-0000,GREG MARMALARD FEDERAL 3-28-33H,"EMERALD OIL, INC",Bakken,114.07352,-0.070064329,-4547847.86172553,270012.16,7.61760254,207354.52568000002,13063372.689578515,63.00018119565218,57.64744387844487,Uneconomic
33-053-06454-0000,HENDRICKSON 7-36H2,"CONTINENTAL RESOURCES, INC.",Three Forks,39.221577,0.23651311,1195140.46694051,136002.67,5.62039092,274796.36008,17312220.476945683,63.00018119565218,51.46615824595013,Economic
33-053-06472-0000,LEE 151-101-8-5-1H,TRIANGLE USA PETROLEUM CORPORATION,Bakken,80.424194,-0.020322211,-2607669.78362663,84247.609,6.881022653,239992.92508000002,15119597.76571458,63.00018119565218,57.405613928823755,Uneconomic
33-053-06490-0000,MARLENE  42X-20C,XTO ENERGY INC,Bakken,65.288429,-0.011263466,-1561868.59767329,172939.56,6.578375405,242403.311964,15271452.576158201,63.00018119565218,22.128002392862665,Marginal
33-053-06499-0000,ARNEGARD 150-100-23-14-3H,TRIANGLE USA PETROLEUM CORPORATION,Bakken,85.513145,-0.046874531,-2203635.85612296,87128.523,5.664799153,179182.4749,11288528.385785399,63.00018119565218,49.57045205057054,Uneconomic
33-053-06502-0000,BB-SIVERTSON- 151-95-2019H-4,"HESS BAKKEN INVESTMENTS II, LLC",Bakken,39.945446,0.15056686,864531.943717697,159131.38,6.141645217999999,349428.6384,22014067.534150027,63.00018119565218,10.288044755101998,Economic
33-053-06516-0000,LOIS MOEN  44-34HU,WHITING OIL AND GAS CORPORATION,Bakken,71.435333,0.001595595,-1743851.73004128,94834.672,5.837160197,225706.08601,14219524.315591456,63.00018119565218,33.76412528413635,Marginal
33-053-06532-0000,AN-PROSSER- 152-95-1102H-5,"HESS BAKKEN INVESTMENTS II, LLC",Three Forks,36.937691,0.21299845,1490047.33529258,282187.84,5.510535058,339937.805,21416143.31025228,63.00018119565218,20.256642074750065,Economic
33-053-06561-0000,THOMPSON 44X-20EXF,XTO ENERGY INC,Three Forks,46.70649,0.11693195,296916.837142897,434651.91,6.710793519999999,370305.05599,23329285.625036128,63.00018119565218,23.2851229353577,Economic
33-053-06564-0000,ECKERT FOUNDATION  152-102-22-15-10TFH,TRIANGLE USA PETROLEUM CORPORATION,Three Forks,123.40932,-0.052612048,-3410483.13100622,174943.86,6.410340139,133417.23306,8405309.857402556,63.00018119565218,73.15436457203181,Uneconomic
33-053-06584-0000,FORT BERTHOLD 152-93-7C-6-8H,"HRC OPERATING, LLC",Three Forks,49.199768,0.098634683,-15907.920689992,307456.47,6.02460138,283241.47922,17844264.51298455,63.00018119565218,43.11614575146383,Economic
33-053-06611-0000,ANDERSON 148-100-7-6-4H,TRIANGLE USA PETROLEUM CORPORATION,Bakken,78.289825,-0.0074614878,-1937484.97370214,295815.09,6.573454809999999,220514.58990999998,13892459.120614933,63.00018119565218,62.16242386608693,Marginal
33-053-06637-0000,LUNDIN 14X-33E,XTO ENERGY INC,Three Forks,73.566147,0.012764302,-2601519.40740603,324899.25,7.707647545,249621.63809999998,15726208.430655513,63.00018119565218,52.89070152213318,Marginal
33-053-06642-0000,HA-SANFORD- 152-96-1819H-8,"HESS BAKKEN INVESTMENTS II, LLC",Three Forks,59.380272,0.053727344,-706358.093959481,203938.11,5.068073021999999,159548.41496999998,10051579.052589104,63.00018119565218,55.74558454269408,Economic
33-053-06681-0000,WILEY 7-25H,"CONTINENTAL RESOURCES, INC.",Bakken,38.710533,0.32938787,1995764.30657556,369096.66,7.0116508600000005,360947.54403,22739760.67601564,63.00018119565218,36.47085356019702,Economic
33-053-06745-0000,ROEN 24X-23E,XTO ENERGY INC,Three Forks,150.0,-0.09760379,-3428340.89149162,84078.813,6.493161801,76709.937026,4832739.932145068,63.00018119565218,78.98628114758392,Uneconomic
33-053-06757-0000,ASHLEY 13X-9H,SM ENERGY COMPANY,Three Forks,108.84361,-0.079266243,-2767666.47727278,147933.27,5.86398937,127901.43512,8057813.587743951,63.00018119565218,72.71554997122234,Uneconomic
33-053-06766-0000,ANDERSMADSON 5201 14-25 12T,OASIS PETROLEUM NORTH AMERICA LLC,Three Forks,89.332153,-0.088226147,-2835526.55634818,180174.8,6.58303012,182145.82195,11475219.786881002,63.00018119565218,72.57710715774645,Uneconomic
33-053-06781-0000,CURTIS  21-16 MBH-2NH,BURLINGTON RESOURCES OIL & GAS COMPANY LP,Bakken,26.320335,0.42674032,6914976.83449572,1266535.3,7.33173398,865205.5892,54508108.89109101,63.00018119565218,34.89063049484216,Economic
33-053-06782-0000,SADDLE BUTTE 21-16 TFH-2SH,BURLINGTON RESOURCES OIL & GAS COMPANY LP,Three Forks,27.776142,0.63746965,6058689.80861268,503711.72,5.93803764,696416.3803000001,43874358.14652023,63.00018119565218,34.62587872065162,Economic
33-053-06801-0000,STATE 4-36-1T2H,QEP ENERGY COMPANY,Three Forks,62.63736,0.012888351,-1417997.28594649,143167.94,5.717756567999999,224306.45408,14131347.250394236,63.00018119565218,67.59314621871073,Economic
33-053-06807-0000,JOHNSRUD FEDERAL 34X-14F,XTO ENERGY INC,Three Forks,38.944378,0.17195877,1154888.04537545,546092.94,6.110719840000001,409992.6635,25829612.089388054,63.00018119565218,24.854808483934328,Economic
33-053-06815-0000,ECKERT FOUNDATION  152-102-22-15-2HX,TRIANGLE USA PETROLEUM CORPORATION,Bakken,74.1353,0.00091478595,-2338778.05022713,343774.59,6.409344754999999,249936.45516,15746041.962478997,63.00018119565218,65.4030057655607,Marginal
33-053-06826-0000,GUDMURI 1-1-26TFH-ULW,BURLINGTON RESOURCES OIL & GAS COMPANY LP,Three Forks,33.672634,0.27946177,2415464.09772149,583612.19,4.933635476,446739.2811,28144655.656515397,63.00018119565218,34.95922047136698,Economic
33-053-06859-0000,SMOKEY 2-16-21-16H,WHITING OIL AND GAS CORPORATION,Bakken,61.591442,0.043925915,-696443.944114504,288921.91,5.845248290000001,238492.10694,15025045.950952858,63.00018119565218,54.17412530502419,Economic
33-053-06863-0000,ANDERSMADSON 5201 42-24 6T,OASIS PETROLEUM NORTH AMERICA LLC,Three Forks,89.187813,-0.046587929,-2765594.92455205,219265.63,6.587610740000001,179256.62999,11293200.169891978,63.00018119565218,75.38179501119687,Uneconomic
33-053-06903-0000,RYAN 14X-9A,XTO ENERGY INC,Bakken,55.033112,0.079809032,-432073.273961414,379051.59,6.607001349999999,279462.59197,17606193.931516614,63.00018119565218,52.10979928396999,Economic
33-053-06905-0000,RYAN 14X-9B,XTO ENERGY INC,Bakken,52.277985,0.080334298,-392677.062311269,391719.34,6.56750912,283543.59080999997,17863297.597895857,63.00018119565218,37.135403358547045,Economic
33-053-06943-0000,SANDERS 150-100-9-10-4H,TRIANGLE USA PETROLEUM CORPORATION,Bakken,76.817505,-0.0107466,-2339896.69140012,291608.22,5.982664778,229148.56996,14436401.42820458,63.00018119565218,47.65280593540728,Marginal
33-053-06985-0000,JOHNSRUD  5198 14-18 12B,OASIS PETROLEUM NORTH AMERICA LLC,Bakken,57.540142,0.02098437,-945392.755198207,496217.03,5.948691780000001,307293.11688,19359522.043616723,63.00018119565218,57.65090669037336,Economic
33-053-07015-0000,KOALA 44-5TFHU,WHITING OIL AND GAS CORPORATION,Three Forks,47.466434,0.10109381,22323.916133018,559502.0,7.08200821,445602.1392,28073015.510770224,63.00018119565218,47.606862073734305,Economic
33-053-07036-0000,ROLFSON N  5198 12-17 5T,OASIS PETROLEUM NORTH AMERICA LLC,Three Forks,55.123947,0.030498024,-772660.697105033,365132.44,5.89196862,322215.93318,20299662.174466155,63.00018119565218,55.10636795100052,Economic
33-053-07079-0000,HA-CHAPIN- 152-95-2932H-6,"HESS BAKKEN INVESTMENTS II, LLC",Three Forks,45.621918,0.12442286,299515.638621701,198856.48,5.246603126999999,230108.71496,14496890.737178681,63.00018119565218,22.823673549972863,Economic
33-053-07111-0000,LAWLAR N 5199 42-23 4B,OASIS PETROLEUM NORTH AMERICA LLC,Bakken,56.315044,0.10531244,30734.341317692,330448.84,6.473038069999999,325958.38802,20535437.5075027,63.00018119565218,59.88142181328527,Economic
33-053-07123-0000,LAWLAR N FEDERAL 5199 44-23 12TX,OASIS PETROLEUM NORTH AMERICA LLC,Three Forks,64.29258,0.047806419,-495016.492402152,302517.84,6.52416236,277288.89209,17469250.445211645,63.00018119565218,61.30173516249627,Marginal
33-053-07124-0000,HA-SWENSON- 152-95-1819H-10,"HESS BAKKEN INVESTMENTS II, LLC",Three Forks,26.415703,0.24733672,3987543.99260605,446934.25,5.485184759999999,502158.68439999997,31636088.106170315,63.00018119565218,13.233723387104085,Economic
33-053-07130-0000,BB-BUDAHN- 150-95-0506H-7,"HESS BAKKEN INVESTMENTS II, LLC",Three Forks,24.808178,0.46416712,4154593.51917461,561347.38,5.000143257,466617.0795,29396960.55748604,63.00018119565218,21.125331639380683,Economic
33-053-07138-0000,AN-EVENSON- 152-95-0310H-10,"HESS BAKKEN INVESTMENTS II, LLC",Three Forks,49.081921,0.086741485,-210018.797450827,158682.56,5.531029353,225533.3951,14208644.756970614,63.00018119565218,27.013120587421103,Economic
33-053-07188-0000,LUCY EVANS  29-32HF,"WPX ENERGY WILLISTON, LLC",Bakken,49.72443,0.18052778,829146.727831173,187012.27,5.768765889999999,335060.19088999997,21108852.737519808,63.00018119565218,33.62202953763805,Economic
33-053-07191-0000,LUND 21X-17A,XTO ENERGY INC,Bakken,44.447792,0.13547739,769506.683452105,392110.88,7.3279996800000005,365359.0981,23017689.381780062,63.00018119565218,48.24114237483327,Economic
33-053-07193-0000,LUND 21X-17B,XTO ENERGY INC,Bakken,58.788429,0.087811269,-180030.77953826,312420.22,7.426817819999999,280139.51306,17648840.082841773,63.00018119565218,57.141785079348864,Economic
33-053-07201-0000,CHAMELEON STATE 21-16-1TFH,WHITING OIL AND GAS CORPORATION,Three Forks,82.876152,-0.0017085792,-1858332.42402717,204689.95,5.65799403,179306.35197000002,11296332.663641388,63.00018119565218,76.15091196251782,Uneconomic
33-053-07230-0000,MALM 149-98-14-23-4H,NEWFIELD PRODUCTION COMPANY,Bakken,35.165154,0.44062114,3520980.44186717,419864.25,6.0990809399999995,520520.04929999996,32792857.421869803,63.00018119565218,39.82483172021045,Economic
33-053-07252-0000,HA-GRIMESTAD- 152-95-3031H-4,"HESS BAKKEN INVESTMENTS II, LLC",Bakken,38.648361,0.18482952,1140584.10108687,269017.09,5.089237746,267642.29592,16861513.13858036,63.00018119565218,18.58821569934452,Economic
33-053-07299-0000,MOBERG FEDERAL 149-95-29-32-20H,NEWFIELD PRODUCTION COMPANY,Three Forks,42.512058,0.22805195,1711760.1968274,260651.92,6.154301310000001,375539.35120000003,23659047.17169766,63.00018119565218,43.51817940909389,Economic
33-053-07319-0000,STENEHJEM 7H,ABRAXAS PETROLEUM CORP.,Bakken,49.683819,0.16992833,750413.871281622,377721.0,6.8477757,307490.53011,19371959.11287714,63.00018119565218,49.21176459997667,Economic
33-053-07326-0000,KDM 5-7-6BHD,QEP ENERGY COMPANY,Bakken,52.757137,0.087140515,-192075.317498568,340302.97,5.6233331600000005,289584.00811,18243844.98229321,63.00018119565218,35.269252568844735,Economic
33-053-07400-0000,FORLAND 5198 44-33 12B,OASIS PETROLEUM NORTH AMERICA LLC,Bakken,40.173069,0.55994397,2613712.74709941,336031.38,6.00179975,520412.34436,32786071.99113414,63.00018119565218,36.048372535827475,Economic
33-053-07478-0000,BB-FEDERAL 151-95-1708H-9,"HESS BAKKEN INVESTMENTS II, LLC",Bakken,76.900322,-0.047691178,-1245951.92159704,137646.95,5.374365032,135965.363998,8565842.568206802,63.00018119565218,28.770821690023507,Marginal
33-053-07479-0000,BB-FEDERAL 151-95-1708H-10,"HESS BAKKEN INVESTMENTS II, LLC",Three Forks,32.879585,0.42345929,2711782.75689661,446808.13,5.382421357999999,352502.70005,22207733.97510663,63.00018119565218,24.546980326439694,Economic
33-053-07486-0000,BB-CHAPIN A- 151-95-0403H-3,"HESS BAKKEN INVESTMENTS II, LLC",Three Forks,42.380302,0.20801899,1146566.08032674,326746.63,5.501507409999999,257581.57802000002,16227686.08792202,63.00018119565218,34.79171543643537,Economic
33-053-07489-0000,BB-CHAPIN A- 151-95-0403H-6,"HESS BAKKEN INVESTMENTS II, LLC",Bakken,27.906845,0.56133354,4310917.8873827,464589.97,5.558911092000001,427588.2734,26938138.701336063,63.00018119565218,22.546953752688275,Economic
33-053-07543-0000,TARENTAISE FEDERAL 2-19H1,"CONTINENTAL RESOURCES, INC.",Three Forks,34.740013,0.42007989,3449982.92948651,437564.06,6.767562496,376330.35777,23708880.728934612,63.00018119565218,54.168672812833606,Economic
33-053-07575-0000,OYLOE 5199 14-26 12TX,OASIS PETROLEUM NORTH AMERICA LLC,Three Forks,42.975456,-0.16778909,2074810.54587395,444279.06,6.1145992300000005,496991.24201,31310538.299282223,63.00018119565218,52.69832532567194,Economic
33-053-07639-0000,HA-GRIMESTAD- 152-95-3031H-9,"HESS BAKKEN INVESTMENTS II, LLC",Three Forks,31.972776,0.55905527,3519002.36645145,469000.38,5.413628334,367680.22622,23163920.873918384,63.00018119565218,43.63950342422963,Economic
33-053-07669-0000,FLATLAND 24-9-1XH,WHITING OIL AND GAS CORPORATION,Bakken,58.823143,0.11498502,185823.906967527,299895.69,6.7394789600000005,311954.68090000004,19653201.42153186,63.00018119565218,56.85898748273473,Economic
33-053-07670-0000,FLATLAND 24-9-2XH,WHITING OIL AND GAS CORPORATION,Bakken,53.279167,0.16417053,782593.514811832,287704.34,6.61774606,346368.03917,21821249.228092752,63.00018119565218,52.64107526997227,Economic
33-053-07707-0000,LOVAAS  4-8-12 MBH,BURLINGTON RESOURCES OIL & GAS COMPANY LP,Bakken,29.367281,0.74589169,6969032.46162527,832221.13,5.959681010000001,703532.2906,44322661.78479222,63.00018119565218,22.303975313409133,Economic
33-053-07797-0000,PATSY 5198 12-17 7T,OASIS PETROLEUM NORTH AMERICA LLC,Three Forks,89.911194,-0.05259366,-1774830.28430679,183877.03,6.037764832,178693.47296,11257721.174960375,63.00018119565218,63.6295857153784,Uneconomic
33-053-07803-0000,VEEDER  4C MBH,BURLINGTON RESOURCES OIL & GAS COMPANY LP,Bakken,30.240116,1.2676854,7200173.60554938,844290.5,6.12682885,716493.1706000001,45139199.573247336,63.00018119565218,26.343027403825598,Economic
33-053-07815-0000,PATSY 5198 12-17 6B,OASIS PETROLEUM NORTH AMERICA LLC,Bakken,56.483311,-0.12224273,752656.827915548,653941.38,6.70821374,395940.2607,24944308.16675376,63.00018119565218,53.32897918480172,Economic
33-053-04830-0000,EDNA 11-2 4TFH,"BRIGHAM OIL & GAS, L.P.",Three Forks,106.6191,-0.026826998,-3009245.95949593,247473.47,7.24005818,171441.06596,10800818.219855757,63.00018119565218,73.0752302426855,Uneconomic
33-053-05187-0000,JOHNSTON 7-6 #3TFH,STATOIL OIL & GAS LP,Three Forks,63.371193,0.019276232,-1929361.56169061,242426.73,6.888649266000001,353416.63472,22265312.024917617,63.00018119565218,43.22958441169376,Marginal
33-053-05202-0000,TRUE FEDERAL 33-35 2H MB1,TRUE OIL LLC,Bakken,149.17828,-0.038267165,-3127240.52683271,144219.11,7.174371257,105094.30801000001,6620960.447261681,63.00018119565218,26.840688424024606,Uneconomic
33-053-05232-0000,CAPER 2-15-22H,"EMERALD OIL, INC",Bakken,136.37793,-0.11189227,-5725499.67979263,294540.56,10.903657140000002,245413.66288999998,15461105.2299587,63.00018119565218,63.581164526791525,Uneconomic
33-053-05287-0000,WAHUS STATE 152-97-12-1-11H,NEWFIELD PRODUCTION COMPANY,Three Forks,83.414894,0.026720881,-1942777.03698724,358036.59,8.462835250000001,264809.0453,16683017.836147666,63.00018119565218,31.222010767344326,Uneconomic
33-053-05522-0000,DENALI 21-4MBH,BURLINGTON RESOURCES OIL & GAS COMPANY LP,Bakken,70.901917,0.022768477,-2732787.92433911,442245.81,8.976974638,318177.1572,20045218.55591751,63.00018119565218,15.979776355865749,Marginal
33-053-05578-0000,SHERVEN TRUST 153-95-27D-6H,"PETRO-HUNT, L.L.C.",Three Forks,49.064396,0.086201951,-241885.928722315,426994.09,5.860827937,340814.45204,21471372.23261691,63.00018119565218,14.252199731384044,Economic
33-053-05623-0000,CRAIG SKAAR 150-99-15-22-4H,NEWFIELD PRODUCTION COMPANY,Bakken,84.520988,0.019047374,-1965769.57858267,337427.22,7.708150327,260787.35687000002,16429650.73634521,63.00018119565218,32.97115466894913,Uneconomic
33-053-05633-0000,GUY FEDERAL 24X-35F2,XTO ENERGY INC,Three Forks,86.017105,0.00084681535,-2313469.33436913,222707.08,6.628104478,163224.55805,10283176.732730247,63.00018119565218,63.10221734752574,Uneconomic
33-053-05634-0000,FLATLAND FEDERAL 11-4TFH,WHITING OIL AND GAS CORPORATION,Three Forks,40.108162,1.3460823,5789593.60555086,722384.81,7.722154857,713671.54706,44961436.77896141,63.00018119565218,14.39343923442194,Economic
33-053-05660-0000,HAYMAKER 11-15TFH,BURLINGTON RESOURCES OIL & GAS COMPANY LP,Three Forks,113.58854,-0.039090779,-3418468.57147648,83555.648,7.698551013,153465.60593999998,9668360.981520554,63.00018119565218,44.17292932495873,Uneconomic
33-053-05693-0000,HAYMAKER 21-15MBH,BURLINGTON RESOURCES OIL & GAS COMPANY LP,Bakken,74.165825,0.012558383,-2381715.25422008,205549.36,8.213093684,279627.71812,17616596.908886753,63.00018119565218,41.50460364601195,Marginal
33-053-05694-0000,OTIS 28-29-32-33LL,QEP ENERGY COMPANY,Three Forks,76.040138,0.037446566,-1074218.83195736,153566.02,11.356278519999998,388163.51406,24454371.719321083,63.00018119565218,26.698190084485258,Marginal
33-053-05838-0000,HA-ROLFSRUD- 152-96-1720H-3,"HESS BAKKEN INVESTMENTS II, LLC",Bakken,45.637936,0.12098951,313356.018387099,347699.84,6.204555152000001,283445.36991999997,17857109.66402866,63.00018119565218,15.598397487533244,Economic
33-053-05927-0000,LILLIBRIDGE 41-27MBH,BURLINGTON RESOURCES OIL & GAS COMPANY LP,Bakken,42.429092,0.12116202,543726.275273848,241990.08,7.738240047000001,498294.7485,31392659.44434193,63.00018119565218,14.20186710843695,Economic
33-053-06017-0000,MOBERG 18-13LL,QEP ENERGY COMPANY,Three Forks,65.403107,0.072882935,-457920.367712335,128149.64,8.15115432,342663.14502,21587840.22533204,63.00018119565218,19.512979069772594,Marginal
33-053-06258-0000,JOHNSRUD FEDERAL 34X-14D,XTO ENERGY INC,Bakken,38.522297,0.17502671,1559054.70044538,638337.69,6.600059750000001,501766.0361,31611351.192124154,63.00018119565218,16.508006829004458,Economic
33-053-06274-0000,KINGS CANYON 4-8-34MBH,BURLINGTON RESOURCES OIL & GAS COMPANY LP,Bakken,65.003769,0.024202665,-1674853.63834028,148498.61,6.729601938,251124.84785,15820910.917280585,63.00018119565218,26.001514464162263,Marginal
33-053-06296-0000,TETON 8-8-10TFSH,BURLINGTON RESOURCES OIL & GAS COMPANY LP,Three Forks,77.006104,-0.012725474,-2548856.79990258,283891.59,7.559635618000001,232370.47602,14639382.093779951,63.00018119565218,38.670320153909216,Marginal
33-053-06425-0000,MORGAN 41-28TFH ULW,BURLINGTON RESOURCES OIL & GAS COMPANY LP,Three Forks,52.165455,0.070797399,-594376.522515287,99585.313,6.600760535999999,348370.78981,21947422.88130246,63.00018119565218,23.821540811682393,Economic
33-053-06505-0000,BB-OLE ANDERSON- 151-95-3130H-4,"HESS BAKKEN INVESTMENTS II, LLC",Bakken,36.377167,0.24715804,1695611.97511547,430239.78,5.3696559189999995,350304.46694,22069244.89086635,63.00018119565218,10.798286159884547,Economic
33-053-06571-0000,OLD HICKORY 42-32TFH,BURLINGTON RESOURCES OIL & GAS COMPANY LP,Three Forks,30.76523,0.39809006,3548467.97488496,380185.0,5.591676840000001,506967.5374,31939046.716513574,63.00018119565218,25.74227554785264,Economic
33-053-06577-0000,OLD HICKORY 43-32TFH,BURLINGTON RESOURCES OIL & GAS COMPANY LP,Three Forks,70.449806,0.035130575,-1785863.17177078,306972.56,6.555409256000001,218563.69215000002,13769552.208240744,63.00018119565218,28.06943019073003,Marginal
33-053-06788-0000,HYSTED 5201 14-25 5TX,OASIS PETROLEUM NORTH AMERICA LLC,Three Forks,76.550972,-0.03711779,-2376470.78757061,192601.67,6.4952378,218991.67119,13796514.965308683,63.00018119565218,71.78646524465229,Marginal
33-053-06858-0000,SMOKEY 2-16-21-16H3,WHITING OIL AND GAS CORPORATION,Three Forks,96.727844,-0.05754761,-1821848.77775112,156049.89,5.9127694,143773.02796,9057726.812527567,63.00018119565218,63.68258538451121,Uneconomic
33-053-06883-0000,KOALA 44-5-3H,WHITING OIL AND GAS CORPORATION,Bakken,58.644039,0.047636922,-920075.727966593,399351.59,7.2693782,349112.60375999997,21994157.29456592,63.00018119565218,48.40112797774568,Economic
33-053-07158-0000,ROLLA FEDERAL 21-3-3TFH,WHITING OIL AND GAS CORPORATION,Three Forks,46.710651,0.16196087,1152133.34917475,509530.84,6.69293516,403803.3049,25439681.376103185,63.00018119565218,26.785858125550703,Economic
33-053-07170-0000,HA-STATE- LW-152-95-1621H-1,"HESS BAKKEN INVESTMENTS II, LLC",Bakken,33.122288,0.23884284,2407100.09642712,515874.0,5.581599954,329959.5671,20787512.514538955,63.00018119565218,21.591201337462714,Economic
33-053-07427-0000,HEREFORD FEDERAL 5-20H,"CONTINENTAL RESOURCES, INC.",Bakken,43.645187,0.20077288,1622375.67286293,448910.16,8.98901534,391568.26333,24668871.540256847,63.00018119565218,47.06063592912733,Economic
33-053-07503-0000,MANDAREE 31-0706H,"EOG RESOURCES, INC.",Bakken,32.314774,0.5399875,5793150.68451186,1023501.0,6.28513041,829268.0334,52244036.36396214,63.00018119565218,43.55192024494624,Economic
33-053-04924-0000,SMOKEY 4-15-22-14H,KODIAK OIL & GAS (USA) INC.,Bakken,59.418697,0.047046248,-1009984.4579456,351744.53,5.585895821,270343.02517000004,17031659.570690762,63.00018119565218,40.098421913715384,Economic
33-053-05036-0000,MARGARET 5-8 #3TFH-R,STATOIL OIL & GAS LP,Three Forks,81.210556,0.00036027603,-2431280.02473463,360667.19,7.43057546,252559.86299,15911317.13111909,63.00018119565218,73.9129820840884,Uneconomic
33-053-05669-0000,BULLRUSH 34-10MBH-B,BURLINGTON RESOURCES OIL & GAS COMPANY LP,Bakken,83.260941,-0.014444269,-2666513.55549434,259998.73,7.798517479,212148.10382000002,13365368.980974032,63.00018119565218,35.50261097246767,Uneconomic
33-053-06733-0000,SKAAR FEDERAL 153-96-28-21-11H,NEWFIELD PRODUCTION COMPANY,Three Forks,51.661781,0.080223761,-369122.716058778,416250.63,6.2051898439999995,346785.88017,21847573.286803726,63.00018119565218,30.08121956480963,Economic
33-053-06917-0000,STENEHJEM 15H,ABRAXAS PETROLEUM CORP.,Bakken,46.761887,0.12531686,289768.815736707,424252.81,5.59204239,273033.23615,17201143.349885292,63.00018119565218,46.48655078496676,Economic
33-053-07142-0000,ERNIE 6-2-11THD,QEP ENERGY COMPANY,Three Forks,69.922867,0.010341781,-1534870.67445978,262090.86,5.82856823,205032.9039,12917110.096770741,63.00018119565218,53.26181287318483,Marginal
33-053-04726-0000,ROLLEFSTAD FEDERAL 7-3H-1,"CONTINENTAL RESOURCES, INC.",Three Forks,71.521927,0.078234978,-471255.70056279,366861.09,10.215204750000002,286185.30006,18029725.75931209,63.00018119565218,30.735808880444527,Marginal
33-053-05463-0000,SMOKEY 4-15-22-14H3,KODIAK OIL & GAS (USA) INC.,Bakken,64.836388,0.013926093,-1316538.82499799,137918.84,5.699723107,248136.17406,15632623.926975887,63.00018119565218,35.696888416496115,Marginal
33-053-06710-0000,USA 153-95-9C-4-3H,"PETRO-HUNT, L.L.C.",Bakken,30.611147,0.26778194,3707125.39516537,397936.19,7.02804501,647757.493,40808839.4298414,63.00018119565218,18.478360209277593,Economic
33-053-06890-0000,LEFTY 5200 12-30 8T,OASIS PETROLEUM NORTH AMERICA LLC,Three Forks,113.8772,-0.070729457,-2966528.69344694,157106.89,6.198756099999999,128122.71899,8071754.511649626,63.00018119565218,79.94057212297825,Uneconomic
33-053-03639-0000,HALL #5-11H,ENERPLUS RESOURCES USA CORPORATION,Bakken,67.465889,0.06976869,-603855.240237896,177590.52,9.919210190000001,408650.1038,25745030.58502207,63.00018119565218,27.822792050518192,Marginal
33-053-03850-0000,FORT BERTHOLD 152-93-9C-10-4H,"PETRO-HUNT, L.L.C.",Bakken,57.207539,0.12996356,716345.304866626,593656.31,11.87260493,489203.56373,30819913.15654878,63.00018119565218,44.91884780487296,Economic
33-053-04102-0000,ANTELOPE 2-23H,"CONTINENTAL RESOURCES, INC.",Bakken,28.193539,0.33439159,6224758.33580772,1021819.3,9.52391601,856447.8718000001,53956371.1080307,63.00018119565218,28.52880022681254,Economic
33-053-04215-0000,DOROTHY 16-12H,SM ENERGY COMPANY,Bakken,79.360603,0.024491169,-1275177.19362552,340204.81,8.40295653,290167.06096000003,18280577.417489853,63.00018119565218,34.42419823567231,Uneconomic
33-053-04237-0000,TIMBER CREEK 13-24 2H,"BRIGHAM OIL & GAS, L.P.",Bakken,67.768478,0.015243367,-1471056.880688,362491.19,6.672011760000001,295295.55993,18603673.781861566,63.00018119565218,51.87997169598909,Marginal
33-053-04335-0000,ROWE 150-101-1-12-4H,TRIANGLE USA PETROLEUM CORPORATION,Bakken,97.845161,-0.019223284,-3206405.38975259,94822.375,8.367691934999998,240959.5349,15180494.359520076,63.00018119565218,45.987190301720204,Uneconomic
33-053-04536-0000,FORT BERTHOLD 152-93-7D-6-3H,"PETRO-HUNT, L.L.C.",Bakken,68.783463,0.079711363,-385433.451843047,452540.16,13.27728253,426626.118,26877522.73679769,63.00018119565218,43.64908022503135,Marginal
33-053-04621-0000,DURHAM  4-2H,"CONTINENTAL RESOURCES, INC.",Bakken,45.429157,0.34740168,3328547.50495097,539760.0,9.65601513,452821.51298,28527837.367029365,63.00018119565218,37.486029955624275,Economic
33-053-04633-0000,NORFOLK 5-1H,"CONTINENTAL RESOURCES, INC.",Three Forks,104.10876,-0.026105629,-2614438.59326247,198808.89,9.75561916,189110.867998,11914018.949941061,63.00018119565218,67.46529327813185,Uneconomic
33-053-04650-0000,CLEAR CREEK 152-96-34B-6H,"PETRO-HUNT, L.L.C.",Three Forks,90.906349,-0.0038115792,-1705218.80764686,214732.91,6.5151027390000005,185698.29708,11699026.363764048,63.00018119565218,22.57870743167759,Uneconomic
33-053-04699-0000,USHER 28-21 1H,"ZAVANNA, LLC",Bakken,33.627144,0.34650671,3663698.90320853,531854.56,6.01525211,416882.1151,26263648.78852673,63.00018119565218,52.553874498572284,Economic
33-053-04730-0000,WAHPETON 14-16H2,"CONTINENTAL RESOURCES, INC.",Three Forks,150.0,-0.082448117,-5354406.97593198,54190.324,9.213117727,45762.26897,2883031.2370341714,63.00018119565218,70.97780891107773,Uneconomic
33-053-04770-0000,ROEN FEDERAL 24-10H,"PETRO-HUNT, L.L.C.",Bakken,67.195503,0.054531362,-810020.301115086,398115.84,7.868286126,349422.41807,22013675.65223293,63.00018119565218,53.83490421185656,Marginal
33-053-04834-0000,BILL 14-23 5TFH,"BRIGHAM OIL & GAS, L.P.",Three Forks,150.0,-0.077679522,-4064260.10184951,110500.88,7.03795543,77765.94102,4899268.375110401,63.00018119565218,86.0098461000405,Uneconomic
33-053-04838-0000,BJARNE 3-29H,"CONTINENTAL RESOURCES, INC.",Bakken,57.691631,0.072798774,-714999.738376667,419245.5,8.94983092,342039.62685,21548558.46764326,63.00018119565218,44.103100539084,Economic
33-053-04860-0000,MORSETTE 35-26HZ,"WPX ENERGY WILLISTON, LLC",Three Forks,62.407253,0.06367711,-1170313.66570582,657721.63,11.139879,526565.4027,33173715.781461556,63.00018119565218,36.52032821290827,Economic
33-053-04895-0000,BULLY FEDERAL 44X-20A,XTO ENERGY INC,Bakken,56.07439,0.1683377,1137127.05752168,521714.31,9.45273872,424452.28107,26740570.61631789,63.00018119565218,23.757608614924266,Economic
33-053-04911-0000,GLOVATSKY 145-98-24D-13-1H,"PETRO-HUNT, L.L.C.",Bakken,84.485039,-0.01493754,-2519002.19412592,316929.41,9.130643563000001,293668.7329,18501183.384197585,63.00018119565218,57.984644938592226,Uneconomic
33-053-05000-0000,BILL 14-23 6H,STATOIL OIL & GAS LP,Bakken,64.429398,0.037324432,-1124218.15245302,432124.22,7.188479299999999,349088.88495,21992663.005238175,63.00018119565218,61.09458742787312,Marginal
33-053-05016-0000,SUNLINE 31-1TFH-7SH,BURLINGTON RESOURCES OIL & GAS COMPANY LP,Three Forks,65.408813,0.062237192,-1072200.14028038,521103.16,9.648374784000001,370383.6218,23334235.285301913,63.00018119565218,23.33833979430458,Marginal
33-053-05020-0000,BW-JOHNSON 149-99-1003H-3,HESS CORPORATION,Bakken,54.46352,0.11625565,373560.487728493,459586.0,8.209357191,320958.1297,20220420.327317633,63.00018119565218,27.36336745582672,Economic
33-053-05053-0000,KOALA WOLD 153-97-1-5-29-2H,KODIAK OIL & GAS (USA) INC.,Bakken,76.586411,0.032237396,-1597290.22156652,358535.5,7.672537636000001,278957.53602999996,17574375.31578267,63.00018119565218,53.80362234995771,Marginal
33-053-05070-0000,RISING SUN 21-1TFH-4NH,BURLINGTON RESOURCES OIL & GAS COMPANY LP,Three Forks,76.266739,0.038785487,-1497064.62872885,381375.72,9.079617844,282433.34716,17793352.046774536,63.00018119565218,30.86092848548364,Marginal
33-053-05071-0000,SUNLINE 21-1TFH-4SH,BURLINGTON RESOURCES OIL & GAS COMPANY LP,Three Forks,64.982841,0.066805743,-870917.687507284,469977.06,8.916508421,340530.5883,21453488.765562035,63.00018119565218,25.128095953188094,Marginal
33-053-05082-0000,SKARSTON 1-12 #7H,STATOIL OIL & GAS LP,Bakken,61.984669,0.017439296,-2103038.28073238,523045.91,8.18319011,370164.012,23320399.828109566,63.00018119565218,45.98889826501751,Economic
33-053-05087-0000,ZORRO 3-35-26BH,QEP ENERGY COMPANY,Bakken,70.910919,0.058299009,-1230194.3406108,549859.13,11.24225251,400691.08900000004,25243611.210483197,63.00018119565218,18.658759735224738,Marginal
33-053-05114-0000,PONCHO 1-3-10BH,QEP ENERGY COMPANY,Bakken,58.443432,0.10973107,262606.544498495,648177.75,11.03228047,532454.9122,33544755.947115075,63.00018119565218,38.878931494499426,Economic
33-053-05127-0000,KELTER FEDERAL 7-1HTF3,"ZENERGY, INC",Three Forks,103.50457,-0.010976332,-3130612.16301579,299651.59,7.863638137,181908.30359999998,11460256.087793708,63.00018119565218,53.68842466291135,Uneconomic
33-053-05136-0000,HA-CHAPIN 152-95-3229H-5,HESS CORPORATION,Three Forks,70.810394,0.088586062,-166731.535976051,256927.42,7.814316815000001,227394.00309,14325863.397474693,63.00018119565218,22.64010345557499,Marginal
33-053-05184-0000,JOHNSTON 7-6 #6H,STATOIL OIL & GAS LP,Bakken,51.01926,0.068210587,-702695.532481987,339357.63,6.629641320000001,486709.2899,30662773.453307204,63.00018119565218,33.896194618206636,Economic
33-053-05186-0000,JOHNSTON 7-6 #4H,STATOIL OIL & GAS LP,Bakken,49.647896,0.059705261,-785584.874757058,651025.94,7.319940312,521563.672,32858605.841069702,63.00018119565218,38.032849230673186,Economic
33-053-05191-0000,CRATER LAKE 41-14MBH,BURLINGTON RESOURCES OIL & GAS COMPANY LP,Bakken,58.126846,0.10227346,47515.043617794,499438.25,9.037887281,417573.15502,26307184.428700157,63.00018119565218,20.883181024926966,Economic
33-053-05211-0000,HARLEY 41-2TFH,BURLINGTON RESOURCES OIL & GAS COMPANY LP,Three Forks,42.465721,0.12792309,604086.154447549,258606.92,7.05350731,471589.8824,29710248.041236304,63.00018119565218,35.51841261569649,Economic
33-053-05227-0000,SCHLOTHAUER 24-8-2H,WHITING OIL AND GAS CORPORATION,Bakken,147.2646,-0.065088697,-3286939.35575789,147143.63,7.646679827999999,128768.80199,8112457.857717058,63.00018119565218,52.9026388034509,Uneconomic
33-053-05228-0000,EIDE 150-99-7-6-3H,NEWFIELD PRODUCTION COMPANY,Bakken,84.951935,0.016706392,-1881228.86709815,110813.01,8.341007156,274564.24283,17297597.048137046,63.00018119565218,27.33132192556202,Uneconomic
33-053-05231-0000,OAKLAND FEDERAL 1-1H,SM ENERGY COMPANY,Bakken,96.179031,-0.029838845,-2989415.17881856,241968.44,7.092406249999999,205605.28100000002,12953169.957782984,63.00018119565218,54.54230526998059,Uneconomic
33-053-05244-0000,VEEDER 3-27-34BH,QEP ENERGY COMPANY,Bakken,84.792412,-0.0010105895,-2637497.16118364,82707.758,11.191380800000001,331145.31192999997,20862214.65368076,63.00018119565218,27.606376130503048,Uneconomic
33-053-05261-0000,NORGARD 21-13-2H,WHITING OIL AND GAS CORPORATION,Bakken,93.494957,0.0079483967,-1956604.53552623,283057.78,7.902433555,221325.02491,13943516.672462232,63.00018119565218,47.90979930373862,Uneconomic
33-053-05273-0000,BRODERSON 31X-27D,XTO ENERGY INC,Bakken,65.483818,0.047853861,-1524427.35368647,455317.69,9.81742023,361337.55999,22764331.75216484,63.00018119565218,31.28303320404203,Marginal
33-053-05277-0000,WISNESS STATE 152-96-21-16-10H,NEWFIELD PRODUCTION COMPANY,Three Forks,117.65037,-0.03432605,-2750574.54223439,76281.406,7.721471221000001,156919.33903,9885946.791991975,63.00018119565218,29.483752697955424,Uneconomic
33-053-05293-0000,TAT 2-33-28TH,QEP ENERGY COMPANY,Three Forks,90.140755,-0.0071289693,-2641918.04152518,347317.47,11.257578160000001,300803.55913,18950678.729487076,63.00018119565218,38.84472720475347,Uneconomic
33-053-05305-0000,JERRY 6-8H,"CONTINENTAL RESOURCES, INC.",Bakken,60.186871,0.071370982,-641813.887063472,378200.78,8.995615,333230.42427,20993577.108914055,63.00018119565218,48.02787341163924,Economic
33-053-05331-0000,HOFFMANN FEDERAL 149-98-11-2-3H,NEWFIELD PRODUCTION COMPANY,Bakken,88.963493,-0.00037771891,-2083558.80160979,125513.51,7.88909096,258758.99891999998,16301863.817965567,63.00018119565218,35.134789701005154,Uneconomic
33-053-05332-0000,COURAGE 150-94-06A-18H,ENERPLUS RESOURCES USA CORPORATION,Bakken,64.139893,0.070284545,-853119.301416451,303784.28,16.114664249999997,725983.9381500001,45737119.64858315,63.00018119565218,27.783410825370225,Marginal
33-053-05336-0000,HOFFMAN 149-98-14-23-2H,NEWFIELD PRODUCTION COMPANY,Bakken,77.158043,0.032164678,-1697040.47363515,385620.06,7.745073099000001,294246.93796,18537610.407745827,63.00018119565218,33.36587226501455,Marginal
33-053-05353-0000,JAN 14X-34A,XTO ENERGY INC,Bakken,71.20607,0.030422814,-1826435.73081379,406770.25,10.380399340000002,343864.85809,21663548.366487224,63.00018119565218,35.78091398297807,Marginal
33-053-05392-0000,MANDAREE 135-05H,"EOG RESOURCES, INC.",Three Forks,100.14956,-0.0094737317,-1953374.39741346,144071.28,7.190487119999999,185578.39788,11691472.692438835,63.00018119565218,58.96284228885125,Uneconomic
33-053-05404-0000,FORT BERTHOLD 152-94-24D-13-6H,"HRC OPERATING, LLC",Three Forks,62.183636,0.088840768,-262352.115445196,482182.06,11.37264116,414658.40925,26123554.917050898,63.00018119565218,44.766739056413726,Economic
33-053-05411-0000,MARC 13-36H,"SHD OIL & GAS, LLC",Bakken,100.58875,-0.050952889,-2279165.99514436,158081.53,6.032083555,149994.430991,9449676.330771748,63.00018119565218,45.43701338684167,Uneconomic
33-053-05413-0000,ERSA FEDERAL 2-4H,SINCLAIR OIL & GAS COMPANY,Bakken,86.6884,-0.031980526,-2073441.92304568,208801.36,6.87616487,180762.99404,11388101.377988596,63.00018119565218,58.84051384906191,Uneconomic
33-053-05421-0000,OTIS 3-28-33BH,QEP ENERGY COMPANY,Bakken,56.472412,0.18165928,1597523.74914861,647099.81,11.362871989999999,575445.87488,36253194.385730594,63.00018119565218,22.887485378311823,Economic
33-053-05426-0000,BONNER 9-12H,SM ENERGY COMPANY,Bakken,85.161812,-0.0028066384,-1808045.63802288,305335.91,8.247861480000001,260449.08003,16408339.234130917,63.00018119565218,34.04066037011812,Uneconomic
33-053-05445-0000,HAGEN 149-100-9-4-5H,TRIANGLE USA PETROLEUM CORPORATION,Bakken,114.22694,-0.034892045,-3262548.37099616,76657.563,8.787011410999998,208170.95192,13114807.690631399,63.00018119565218,48.46053866489405,Uneconomic
33-053-05472-0000,HA-NELSON- 152-95-3328H-6,HESS CORPORATION,Three Forks,73.189552,0.042104989,-1201062.05635113,261271.23,7.32566525,210303.98697,13249189.285278076,63.00018119565218,24.88794238407458,Marginal
33-053-05505-0000,DENALI  11-4TFH,BURLINGTON RESOURCES OIL & GAS COMPANY LP,Three Forks,74.130882,0.035999812,-1796448.09487642,117505.02,8.884983408,295144.9985,18594188.38449049,63.00018119565218,22.002262231709647,Marginal
33-053-05569-0000,STAFFORD 14-34TFH,BURLINGTON RESOURCES OIL & GAS COMPANY LP,Three Forks,24.192028,0.51318419,5934227.9133042,1021516.7,4.549993559000001,646905.1873,40755144.01630731,63.00018119565218,20.615408195771316,Economic
33-053-05571-0000,SLUGGER 7-16-21H,"EMERALD OIL, INC",Bakken,143.86629,-0.11767673,-6199892.14230794,261824.55,9.67698482,209432.43180999998,13194281.152276069,63.00018119565218,65.5177171255274,Uneconomic
33-053-05576-0000,BRENNA 152-96-24C-13-1HS,"PETRO-HUNT, L.L.C.",Bakken,80.857056,0.0026492134,-2095337.82843816,234130.58,8.668632546,286901.35899,18074837.601648852,63.00018119565218,29.011408075681157,Uneconomic
33-053-05607-0000,SOVIG 24-22H,WHITING OIL AND GAS CORPORATION,Bakken,77.282692,0.022277093,-1648343.33868072,317398.78,7.17091987,259972.80483,16378333.810231922,63.00018119565218,44.5760021061146,Marginal
33-053-05621-0000,BB-BUDAHN A- 150-95-0403H-7,"HESS BAKKEN INVESTMENTS II, LLC",Three Forks,43.298035,0.13767317,939402.273533865,499282.91,6.867444829,353268.5366,22255981.816522885,63.00018119565218,14.670164535014749,Economic
33-053-05643-0000,LANSING 3-25AH,"CONTINENTAL RESOURCES, INC.",Bakken,50.058289,0.075270042,-373151.70361797,348214.47,8.17308943,340555.967986,21455087.690378726,63.00018119565218,51.14619252178222,Economic
33-053-05657-0000,SEQUOIA 31-4MBH,BURLINGTON RESOURCES OIL & GAS COMPANY LP,Bakken,55.141987,0.06547381,-1217797.22101078,623698.31,9.150440438,445388.0287,28059526.510474335,63.00018119565218,17.173173924523848,Economic
33-053-05670-0000,BULLRUSH 34-10TFH-B,BURLINGTON RESOURCES OIL & GAS COMPANY LP,Three Forks,99.076782,-0.021002388,-3244460.72079267,233118.7,7.814318139,169933.95623,10705870.033784028,63.00018119565218,54.56529468721545,Uneconomic
33-053-05671-0000,BULLRUSH 44-10MBH,BURLINGTON RESOURCES OIL & GAS COMPANY LP,Bakken,70.585373,0.013125006,-1968774.01400561,305280.47,7.760678186,255035.71576,16067296.304242846,63.00018119565218,29.58815814795468,Marginal
33-053-05675-0000,BILLY RAY VALENTINE 3-8-5H,"EMERALD OIL, INC",Bakken,150.0,-0.10516992,-6198952.75979403,216415.95,10.20094172,175379.25897,11048925.093069209,63.00018119565218,65.62035384718837,Uneconomic
33-053-05678-0000,MOBERG 2-17-16TH,QEP ENERGY COMPANY,Three Forks,61.676208,0.11060889,267291.092618346,653490.5,11.57891396,508750.74919999996,32051389.3830238,63.00018119565218,26.091993753055515,Economic
33-053-05685-0000,HA-SWENSON- 152-95-1819H-6,"HESS BAKKEN INVESTMENTS II, LLC",Three Forks,42.124874,0.33171251,3109375.9816457,237560.97,7.3581814849999985,413580.0439,26055617.704605784,63.00018119565218,11.002559697419098,Economic
33-053-05698-0000,HAYMAKER 44-22MBH-B,BURLINGTON RESOURCES OIL & GAS COMPANY LP,Bakken,76.079193,0.017728535,-2429184.41817485,350729.06,8.189099653,269725.69209,16992767.47479269,63.00018119565218,31.837653750166066,Marginal
33-053-05705-0000,FLECK 150-100-12-1-2H,NEWFIELD PRODUCTION COMPANY,Bakken,80.512589,0.022159237,-2128568.02347339,130850.47,7.818464303000001,275712.42978,17369933.03403353,63.00018119565218,33.88007673846878,Uneconomic
33-053-05719-0000,AN-EVENSON- 152-95-1003H-6,"HESS BAKKEN INVESTMENTS II, LLC",Three Forks,74.573334,0.020988518,-1808815.05464008,258128.58,7.166868718999999,204768.49015,12900451.98261012,63.00018119565218,20.95848796898497,Marginal
33-053-05734-0000,ROLFSRUD BULL 44-10MBH ULW,BURLINGTON RESOURCES OIL & GAS COMPANY LP,Bakken,69.073425,0.027103651,-2399787.90618463,417053.03,8.489400969999998,308139.28602999996,19412830.853388894,63.00018119565218,29.50843243002197,Marginal
33-053-05759-0000,ECKERT FOUNDATION 152-102-22-15-9TFH,TRIANGLE USA PETROLEUM CORPORATION,Three Forks,150.0,-0.075697348,-4230846.64744039,156655.86,8.461545390000001,137199.49396,8643592.979431788,63.00018119565218,79.05925090378724,Uneconomic
33-053-05773-0000,WHITE 5198 13-6 14T,OASIS PETROLEUM NORTH AMERICA LLC,Three Forks,73.12812,0.016678315,-1656331.24441101,377670.47,8.144675999999999,328190.11196,20676036.520101376,63.00018119565218,71.03179365335288,Marginal
33-053-05782-0000,USA 153-95-23C-14-2HS,"PETRO-HUNT, L.L.C.",Three Forks,25.880152,0.38439062,5471251.0138293,940899.31,5.82416791,748415.7006,47150324.747470975,63.00018119565218,24.866212143971822,Economic
33-053-05788-0000,MOBERG 3-20-21BH,QEP ENERGY COMPANY,Bakken,58.135521,0.065401457,-1054677.27709609,629638.31,10.73345161,516458.9469,32537007.23481571,63.00018119565218,30.8387345061598,Economic
33-053-05814-0000,HA-SWENSON- 152-95-1819H-8,"HESS BAKKEN INVESTMENTS II, LLC",Bakken,37.41246,0.17492954,1439855.56700735,574191.56,6.414392932,379062.0117,23880975.421488427,63.00018119565218,12.210474789854779,Economic
33-053-05825-0000,STATE 1-16-21BH,QEP ENERGY COMPANY,Bakken,62.824944,0.038222499,-1610221.59638703,482230.91,10.319316839999999,460441.80788,29007917.32649367,63.00018119565218,28.566915855452518,Economic
33-053-05829-0000,D ANNUNZIO 5-7-6H,"EMERALD OIL, INC",Bakken,141.9857,-0.097134799,-5741038.54141884,269945.75,9.386269300000002,203384.61995,12813267.909258856,63.00018119565218,65.8880343237516,Uneconomic
33-053-05833-0000,WAHLSTROM 152-102-34-27-3H,TRIANGLE USA PETROLEUM CORPORATION,Bakken,104.28433,-0.038451493,-3502591.34544382,271482.06,8.520216373,229296.43114,14445716.709336383,63.00018119565218,66.35323859720918,Uneconomic
33-053-05839-0000,HA-ROLFSRUD- 152-96-1720H-4,"HESS BAKKEN INVESTMENTS II, LLC",Three Forks,59.143879,0.045100361,-991394.697949045,266039.0,6.139875371,206611.87204,13016585.375692902,63.00018119565218,24.784954846221527,Economic
33-053-05844-0000,NELSON FEDERAL 21X-5E,XTO ENERGY INC,Three Forks,43.69146,0.11122034,359488.393039823,683751.19,7.923965699999999,477566.8193,30086796.148931284,63.00018119565218,25.64748402151073,Economic
33-053-05861-0000,NYGAARD  150-101-28-33-2H,TRIANGLE USA PETROLEUM CORPORATION,Bakken,113.4966,-0.039810762,-3713712.24021265,252792.5,8.501807106,205243.04308,12930348.903187048,63.00018119565218,58.54480237749833,Uneconomic
33-053-05899-0000,FORT BERTHOLD 152-93-19D-18-10H,"HRC OPERATING, LLC",Bakken,50.191193,0.087166697,-301383.440306227,464220.44,7.87729797,351202.9469,22125849.291147012,63.00018119565218,40.38586271634013,Economic
33-053-05925-0000,COPPER DRAW 41-27MBH-ULW,BURLINGTON RESOURCES OIL & GAS COMPANY LP,Bakken,35.465183,0.24036101,2445200.72596797,800966.75,7.595775440999999,667280.8629000001,42038815.27109115,63.00018119565218,19.90712505943443,Economic
33-053-05931-0000,AN-BRENNA- 153-94-3130H-7,"HESS BAKKEN INVESTMENTS II, LLC",Bakken,39.866962,0.14506727,907235.132051304,502498.0,6.375075296,350669.8922,22092266.74845982,63.00018119565218,8.236644863246811,Economic
33-053-05934-0000,AN-BRENNA- LE-153-94-3129H-2,"HESS BAKKEN INVESTMENTS II, LLC",Three Forks,42.367428,0.12494849,408322.951951582,372478.84,5.4038579030000005,280218.29818,17653803.55967729,63.00018119565218,20.710878842685887,Economic
33-053-05945-0000,GUNDER T. 21-30H,WHITING OIL AND GAS CORPORATION,Bakken,69.581886,0.041160498,-1209046.55989512,368450.72,7.283409154999999,302270.05108,19043067.98805904,63.00018119565218,55.359723141146,Marginal
33-053-05961-0000,USA 153-96-24C-13-5H,"PETRO-HUNT, L.L.C.",Three Forks,45.625454,0.12556458,459525.201195044,461688.16,6.681665670000001,355735.67466,22411411.961337574,63.00018119565218,22.886881354942435,Economic
33-053-05973-0000,SEVERIN 9-8-16-17LL,QEP ENERGY COMPANY,Three Forks,47.986603,0.13529463,1261952.4574858,967987.63,11.335594539999999,705618.4673,44454091.294898376,63.00018119565218,35.266467150118935,Economic
33-053-05980-0000,TARPON FEDERAL 24-20-3RTF,WHITING OIL AND GAS CORPORATION,Three Forks,68.497643,0.014664294,-1528271.65417457,303062.91,6.136316642,244200.30992,15384663.77299442,63.00018119565218,42.572223987057214,Marginal
33-053-05991-0000,HA-SANFORD- LE-152-96-1819H-1,"HESS BAKKEN INVESTMENTS II, LLC",Bakken,49.672314,0.08283706,-188533.290366703,268032.53,5.3311810710000005,237418.21714,14957390.698968694,63.00018119565218,32.087681552884995,Economic
33-053-05995-0000,WADE FEDERAL 5300 31-30 2B,OASIS PETROLEUM NORTH AMERICA LLC,Bakken,90.343185,-0.067028455,-3359472.80109916,250007.03,8.05659034,225065.13496,14179144.283303913,63.00018119565218,63.97154313504289,Uneconomic
33-053-06009-0000,RIECKHOFF 21X-3E,XTO ENERGY INC,Three Forks,83.876183,-0.0065668421,-3287481.52371925,126329.02,9.352622119999998,240837.91688,15172832.40222342,63.00018119565218,39.49311687611579,Uneconomic
33-053-06022-0000,CHALMERS 5300 21-19 10T,OASIS PETROLEUM NORTH AMERICA LLC,Three Forks,98.018951,-0.075679362,-3469910.56222035,221668.78,7.79836004,195766.55204,12333328.250568073,63.00018119565218,67.5129940974458,Uneconomic
33-053-06042-0000,HARLEY 11-2TFH-R,BURLINGTON RESOURCES OIL & GAS COMPANY LP,Three Forks,45.540989,0.10817582,160207.826963795,524573.5,7.056621459999999,426715.49887999997,26883153.748433113,63.00018119565218,36.311452165054106,Economic
33-053-06048-0000,JOHNSON 24X-31A,XTO ENERGY INC,Bakken,71.244598,0.016049396,-2324754.31646558,351014.25,8.63949196,266366.71690999996,16781151.42982099,63.00018119565218,32.35005868797189,Marginal
33-053-06050-0000,JOHNSON FEDERAL 24X-31F,XTO ENERGY INC,Three Forks,54.146332,0.065982975,-1283850.09459347,592453.0,8.5348609,354179.96219999995,22313401.794469237,63.00018119565218,38.76799758209876,Economic
33-053-06058-0000,HA-THOMPSON- 152-95-1720H-7,"HESS BAKKEN INVESTMENTS II, LLC",Bakken,35.921299,0.26358223,2048172.75910085,468021.94,5.781412803,374530.81549,23595509.239225376,63.00018119565218,20.40029024194091,Economic
33-053-06073-0000,HAMMERHEAD 21-26MBH,BURLINGTON RESOURCES OIL & GAS COMPANY LP,Bakken,56.931541,0.047348902,-1140936.99688686,410981.25,7.346199990000001,319997.12817000004,20159877.05679834,63.00018119565218,40.36503425578336,Economic
33-053-06081-0000,JORE FEDERAL 2-11-5H,ABRAXAS PETROLEUM CORP.,Bakken,51.938351,0.069544323,-632374.559741077,188972.55,7.815360141999999,334926.02194,21100400.06935898,63.00018119565218,35.30912502258461,Economic
33-053-06102-0000,ERIC STRATTON FEDERAL 5-36-25H,"EMERALD OIL, INC",Bakken,150.0,-0.10955595,-4666296.53763264,146705.91,7.6666507,125745.97404,7922019.149143776,63.00018119565218,74.05362749605308,Uneconomic
33-053-06122-0000,FOREMAN 1-2-1BH,QEP ENERGY COMPANY,Bakken,56.613388,0.02755749,-1169482.25736212,407490.97,7.958205069999999,374537.28495999996,23595916.817007612,63.00018119565218,41.93078906050747,Economic
33-053-06172-0000,HELSINGBORG FEDERAL 153-96-22-27-10H,NEWFIELD PRODUCTION COMPANY,Three Forks,69.563263,0.027990311,-2041633.77445793,386550.47,7.1381488520000005,277889.45386999997,17507085.946170826,63.00018119565218,22.07719113519748,Marginal
33-053-06185-0000,BW-STOVELAND- 149-100-1003H-2,"HESS BAKKEN INVESTMENTS II, LLC",Bakken,74.735435,0.015173769,-2196767.44626352,89205.742,7.382245022,208061.14403,13107889.773664687,63.00018119565218,27.421917907647643,Marginal
33-053-06188-0000,J GARVIN JACOBSON 150-101-8-5-8H,TRIANGLE USA PETROLEUM CORPORATION,Bakken,77.091217,-0.014455803,-1731644.83324629,240416.06,5.252628071999999,188136.62617,11852641.538248679,63.00018119565218,58.57067459889078,Marginal
33-053-06193-0000,ROLFSRUD STATE  152-96-29-32-13HLW,NEWFIELD PRODUCTION COMPANY,Three Forks,66.727562,0.048027001,-1488321.63720148,427376.5,7.527519762,307236.2207,19355937.573967382,63.00018119565218,21.723299887051503,Marginal
33-053-06203-0000,NORDENG 3-5H,"CONTINENTAL RESOURCES, INC.",Bakken,29.205236,0.30193767,3566121.33134508,584711.75,6.909109900000001,494134.8838,31130587.214492537,63.00018119565218,34.22303744897282,Economic
33-053-06204-0000,GRANLI 34X-20BXC,XTO ENERGY INC,Bakken,72.177071,0.019911371,-2383445.97898474,356618.47,7.999121146999999,244605.2137,15410172.784501223,63.00018119565218,45.428177508664085,Marginal
33-053-06227-0000,ROLLA FEDERAL 153-96-29-12H,NEWFIELD PRODUCTION COMPANY,Three Forks,105.0798,-0.016405571,-2176020.30920785,156850.16,4.887761886,104268.02592,6568904.525872958,63.00018119565218,50.87305378469128,Uneconomic
33-053-06232-0000,GRAMMA FEDERAL 5300 41-31 13T,OASIS PETROLEUM NORTH AMERICA LLC,Three Forks,115.64168,-0.048138123,-3810248.26120854,223156.97,7.68701343,154905.71512,9759088.120802078,63.00018119565218,74.73050625062456,Uneconomic
33-053-06240-0000,WISNESS 150-100-23-14-7H,TRIANGLE USA PETROLEUM CORPORATION,Bakken,107.95637,-0.057898749,-3092051.22972588,192530.3,6.837114770000001,165598.26395,10432720.634535436,63.00018119565218,70.31673509169966,Uneconomic
33-053-06242-0000,WISNESS 150-100-23-14-8H,TRIANGLE USA PETROLEUM CORPORATION,Bakken,70.07486,0.016731752,-2194629.05794029,430820.06,7.017048120000001,279107.1433,17583800.60090086,63.00018119565218,47.98077541227571,Marginal
33-053-06256-0000,JOHNSRUD FEDERAL 34X-14C,XTO ENERGY INC,Bakken,37.105659,0.19261155,1951427.95535849,663095.44,6.65052207,524272.08550000004,33029236.382322457,63.00018119565218,18.26117352641595,Economic
33-053-06299-0000,TETON 7-1-3TFSH,BURLINGTON RESOURCES OIL & GAS COMPANY LP,Three Forks,72.164955,0.0012117592,-2344809.18030134,312328.81,7.552644446,248818.08007,15675584.129164293,63.00018119565218,31.394043422326046,Marginal
33-053-06301-0000,KINGS CANYON 6-8-34UTFH,BURLINGTON RESOURCES OIL & GAS COMPANY LP,Three Forks,57.52787,0.048432291,-1147491.78013686,373797.06,6.357333912,270795.69305,17060177.72915221,63.00018119565218,30.569780946383734,Economic
33-053-06323-0000,BADGER 150-94-04B-09H TF,ENERPLUS RESOURCES USA CORPORATION,Three Forks,65.161446,0.010281354,-2130316.46509847,438401.41,8.08875141,332676.2486,20958663.94128983,63.00018119565218,40.803910845651636,Marginal
33-053-06324-0000,RACCOON 150-94-04B-09H,ENERPLUS RESOURCES USA CORPORATION,Bakken,44.931534,0.12171254,424955.132415385,760388.25,8.27030623,599258.408,37753388.28701807,63.00018119565218,29.974722029780537,Economic
33-053-06334-0000,SATTER 31X-1H,XTO ENERGY INC,Three Forks,52.590336,0.076397032,-963783.978929791,612698.31,7.794538572,330409.2561,20815843.003020644,63.00018119565218,33.40540450443597,Economic
33-053-06337-0000,SATTER 31X-1CXD,XTO ENERGY INC,Bakken,84.959839,0.0050016935,-2642857.54703303,197574.13,7.575430352,194085.22208,12227404.158438394,63.00018119565218,36.235509638732175,Uneconomic
33-053-06356-0000,OLSON 152-96-30-31-12H,NEWFIELD PRODUCTION COMPANY,Three Forks,75.185432,0.011284691,-2137891.11130311,136081.42,6.408408766,214528.26625,13515319.645339115,63.00018119565218,51.39274117295267,Marginal
33-053-06385-0000,EIDE 41-13-4H,WHITING OIL AND GAS CORPORATION,Bakken,79.24659,-0.01736664,-2025775.76133517,241053.8,6.245736044,205048.52201000002,12918094.040530676,63.00018119565218,47.705513850301365,Uneconomic
33-053-06392-0000,AVALANCHE 36-17-TF2,"SHD OIL & GAS, LLC",Three Forks,150.0,-0.11597682,-3256054.56135438,30124.086,4.900311456,27316.415989,1720939.1569228105,63.00018119565218,73.77088974143116,Uneconomic
33-053-06416-0000,THOMPSON 5-29-32BHD,QEP ENERGY COMPANY,Bakken,68.686378,-0.00084554509,-1819365.30646944,371651.25,7.866431920000001,279824.15397,17628972.403030075,63.00018119565218,38.73114313426512,Marginal
33-053-06422-0000,KIRKLAND 41-28TFH,BURLINGTON RESOURCES OIL & GAS COMPANY LP,Three Forks,56.82658,0.051179767,-1124508.91281576,396847.34,6.45815442,299325.998,18857592.110569425,63.00018119565218,34.3263607911148,Economic
33-053-06429-0000,ETSTATIS 32-29HA,"WPX ENERGY WILLISTON, LLC",Bakken,39.71579,0.29401162,1923172.33186645,575178.75,5.93275567,463920.55830000003,29227079.233288124,63.00018119565218,32.83702600275124,Economic
33-053-06439-0000,PAULSON 36-1  #7TFH,STATOIL OIL & GAS LP,Three Forks,80.289658,-0.011878405,-2540950.20482934,339885.03,7.707460649999999,218160.40509999997,13744145.05101688,63.00018119565218,68.8987143636987,Uneconomic
33-053-06444-0000,AN-LONE TREE- 152-95-1207H-1,"HESS BAKKEN INVESTMENTS II, LLC",Bakken,37.804329,0.3882758,2817654.1504429,404033.09,5.408774092,320785.88467,20209568.859217584,63.00018119565218,14.097195519977182,Economic
33-053-06447-0000,HOLSTEIN FEDERAL 5-25H1,"CONTINENTAL RESOURCES, INC.",Three Forks,35.570988,0.26446089,2202602.50536848,470184.19,7.5550130200000005,412089.95357,25961741.743817896,63.00018119565218,59.03706707914659,Economic
33-053-06449-0000,HOLSTEIN FEDERAL 3-25H2,"CONTINENTAL RESOURCES, INC.",Three Forks,26.671209,0.37041959,4749165.20090921,767141.25,7.646000560000001,597193.5051,37623299.03016663,63.00018119565218,42.79084450212472,Economic
33-053-06451-0000,HENDRICKSON 10-36H,"CONTINENTAL RESOURCES, INC.",Bakken,34.461437,0.30675074,1833387.25516387,351306.75,5.4891038000000005,315091.83616,19850842.77135075,63.00018119565218,42.713266278578736,Economic
33-053-06452-0000,HENDRICKSON 9-36H1,"CONTINENTAL RESOURCES, INC.",Three Forks,38.15239,0.25879586,1339409.02708772,168972.34,5.4987802,278343.91699,17535717.20507757,63.00018119565218,50.45021092784284,Economic
33-053-06463-0000,MAGNUM 36-13-TF2,"SHD OIL & GAS, LLC",Three Forks,140.85133,-0.064838514,-2716722.65735207,96221.141,4.985147864,79258.84898000001,4993321.847098833,63.00018119565218,57.855799226775694,Uneconomic
33-053-06501-0000,ARNEGARD 150-100-23-14-4H,TRIANGLE USA PETROLEUM CORPORATION,Bakken,62.950863,0.031404048,-1741352.10577932,126297.34,6.042237694,290008.8071,18270607.395634938,63.00018119565218,48.70322079905775,Economic
33-053-06539-0000,STENEHJEM  31X-28C,XTO ENERGY INC,Bakken,74.819229,0.015012766,-1554614.23865763,212126.06,7.01910983,194986.79982000001,12284203.71942036,63.00018119565218,52.80150505494826,Marginal
33-053-06540-0000,STENEHJEM 31X-28G,XTO ENERGY INC,Three Forks,150.0,-0.06986811,-3421848.48835438,101589.2,7.660073970000001,91993.05001,5795578.8193706935,63.00018119565218,67.45821114999667,Uneconomic
33-053-06545-0000,SHERVEN TRUST 153-95-27A-7HS,"PETRO-HUNT, L.L.C.",Bakken,35.832615,0.21552828,1444126.12261592,461463.81,3.9853800630000005,324772.8541,20460748.65572911,63.00018119565218,9.895159635066657,Economic
33-053-06555-0000,BOULDER 3-4H1,"CONTINENTAL RESOURCES, INC.",Three Forks,46.575558,0.10387103,94123.371001276,171985.7,7.219911842,331568.35699999996,20888866.569744688,63.00018119565218,48.742688019015226,Economic
33-053-06556-0000,NOONAN FEDERAL 3-18-19H,"EMERALD OIL, INC",Bakken,125.93526,-0.081743143,-4686939.40776132,258778.31,7.53276415,184293.86711,11610547.021177443,63.00018119565218,66.9001671935573,Uneconomic
33-053-06580-0000,FORT BERTHOLD 152-93-7C-6-12H,"HRC OPERATING, LLC",Three Forks,33.384888,0.35624006,3186177.58041164,545892.38,5.706174559999999,456591.67261,28765358.1068559,63.00018119565218,42.555500392840415,Economic
33-053-06581-0000,FORT BERTHOLD 152-93-7C-6-11H,"HRC OPERATING, LLC",Bakken,49.822815,0.10729459,92031.415247418,306423.13,5.69949845,264291.9359,16650439.850249691,63.00018119565218,47.55841183968657,Economic
33-053-06585-0000,FORT BERTHOLD 152-93-7C-6-7H,"HRC OPERATING, LLC",Bakken,51.581448,0.082419053,-234277.150351739,298395.19,5.9680233099999995,255763.21004,16113128.575701648,63.00018119565218,41.6957878182158,Economic
33-053-06608-0000,DAILEY 12-11LL,QEP ENERGY COMPANY,Bakken,42.282185,0.13442619,640404.234447907,523761.88,5.2086536,356915.4814,22485739.999733426,63.00018119565218,27.031365547549502,Economic
33-053-06613-0000,SUN NOTCH 41-32TFH,BURLINGTON RESOURCES OIL & GAS COMPANY LP,Three Forks,35.000652,0.1523274,1334872.98405943,729329.75,5.25587585,446161.33999999997,28108245.262494978,63.00018119565218,23.26856297219849,Economic
33-053-06614-0000,OLD HICKORY 41-32TFH,BURLINGTON RESOURCES OIL & GAS COMPANY LP,Three Forks,30.501549,0.57747865,4014290.29180875,661244.75,5.528878912,542615.5645999999,34184878.88938111,63.00018119565218,25.233361240165962,Economic
33-053-06619-0000,LUNDIN 14X-33F,XTO ENERGY INC,Three Forks,89.090622,-0.00064691057,-3095490.97186857,265017.28,7.960324088,198196.56302,12486419.382615497,63.00018119565218,48.53795895983015,Uneconomic
33-053-06624-0000,HOLSTEIN FEDERAL 10-25H,"CONTINENTAL RESOURCES, INC.",Bakken,30.831173,0.42831597,3975592.39346898,545547.69,7.757129229999999,493528.2446,31092368.83497215,63.00018119565218,43.754275796574326,Economic
33-053-06640-0000,HA-SANFORD- 152-96-1819H-6,"HESS BAKKEN INVESTMENTS II, LLC",Three Forks,41.116089,0.16621208,767564.615464494,297218.31,5.085336754000001,251190.63099,15825055.267020205,63.00018119565218,41.86285300813161,Economic
33-053-06643-0000,HA-SANFORD- 152-96-1819H-9,"HESS BAKKEN INVESTMENTS II, LLC",Bakken,49.214821,0.11496297,175497.676803821,328804.72,5.05397495,192792.47006999998,12145960.547567349,63.00018119565218,28.14173492392577,Economic
33-053-06646-0000,BW-HEDSTROM- LW-149-100-1201H-1,"HESS BAKKEN INVESTMENTS II, LLC",Bakken,35.526875,0.32508901,2970491.40909801,460601.91,5.35630008,326233.3331,20552759.097361553,63.00018119565218,50.90591062118502,Economic
33-053-06648-0000,CHERRY STATE 31-16-3H,WHITING OIL AND GAS CORPORATION,Bakken,73.651222,0.0037513175,-1784499.08450559,128610.1,5.751750305,212179.87807,13367370.764481388,63.00018119565218,48.275035801776454,Marginal
33-053-06660-0000,BB-EIDE- 151-95-3328H-4,"HESS BAKKEN INVESTMENTS II, LLC",Bakken,29.536642,0.38999888,3688834.65965169,565122.44,5.198742335,398106.37215,25080773.58059374,63.00018119565218,16.013506072786583,Economic
33-053-06716-0000,STATE 4-25-24TH,QEP ENERGY COMPANY,Three Forks,73.853218,-0.0151742,-1928588.01862454,241131.09,6.13249956,199593.08696,12574400.643879563,63.00018119565218,59.64344024030061,Marginal
33-053-06718-0000,STATE 4-25-24T2H,QEP ENERGY COMPANY,Three Forks,119.93375,-0.068633936,-2893841.39433148,129255.21,6.15658233,112068.44201,7060332.152944439,63.00018119565218,71.23082308054282,Uneconomic
33-053-06721-0000,STATE 11X-16MB5,XTO ENERGY INC,Bakken,40.194748,0.14510174,638694.523349452,392295.22,4.781002545,287533.51073,18114663.275812,63.00018119565218,17.4054540899342,Economic
33-053-06722-0000,STATE 11X-16TF4,XTO ENERGY INC,Three Forks,43.321175,0.1331054,377412.311549483,325564.47,4.597840145,260115.87508,16387347.261905627,63.00018119565218,25.75433705984611,Economic
33-053-06728-0000,TOBACCO GARDEN 24X-32B,XTO ENERGY INC,Bakken,46.269936,0.15275189,741044.156253788,194401.56,6.662652664,337587.6081,21268080.47970682,63.00018119565218,46.84049898163687,Economic
33-053-06754-0000,RITA 44X-34D,XTO ENERGY INC,Bakken,44.519802,0.11480378,333188.136346797,476187.47,7.0641751,351380.9978,22137066.530109063,63.00018119565218,43.385090969719215,Economic
33-053-06783-0000,CURTIS 21-16 TFH-3NH,BURLINGTON RESOURCES OIL & GAS COMPANY LP,Three Forks,29.410376,0.57971573,6265361.92311466,551713.75,7.08554095,750082.4443,47255329.90257768,63.00018119565218,41.598440240193305,Economic
33-053-06803-0000,STATE 4-36-1TH,QEP ENERGY COMPANY,Three Forks,78.304764,-0.031329352,-1992062.45169686,54699.832,5.92571732,179409.75696,11302847.19674792,63.00018119565218,56.01837030472817,Marginal
33-053-06817-0000,RICHARD 8-5 #6TFH,STATOIL OIL & GAS LP,Three Forks,66.657814,-0.011748174,-2365206.57302298,471882.78,7.83213734,362461.52387000003,22835141.68026221,63.00018119565218,55.236439902097786,Marginal
33-053-06818-0000,RICHARD 8-5 XE #1H,STATOIL OIL & GAS LP,Bakken,49.398537,0.08349894,-320039.098531132,1066960.9,8.33317711,661478.4512,41673262.28261937,63.00018119565218,49.431247316955506,Economic
33-053-06876-0000,NORDENG 34X-23AXB,XTO ENERGY INC,Bakken,61.597111,0.064704351,-543666.256893866,331526.75,7.296356579999999,241265.70007999998,15199782.821335874,63.00018119565218,55.59006879189617,Economic
33-053-06896-0000,HYSTED 5200 11-30 8B,OASIS PETROLEUM NORTH AMERICA LLC,Bakken,60.542339,-0.027937867,-1592282.47269346,334222.03,6.40888769,300377.00403,18923805.680897146,63.00018119565218,51.874614143834954,Economic
33-053-06912-0000,STENEHJEM 10H,ABRAXAS PETROLEUM CORP.,Three Forks,57.796864,0.03357039,-805168.949833764,239212.06,5.74324126,197050.44585000002,12414213.79323405,63.00018119565218,52.192580166041445,Economic
33-053-07119-0000,LAWLAR N 5199 43-23 8T,OASIS PETROLEUM NORTH AMERICA LLC,Three Forks,50.921471,-0.17422062,948175.423600621,401261.72,6.44643806,392477.67082999996,24726164.37753753,63.00018119565218,58.29088063568205,Economic
33-053-07135-0000,AN-EVENSON- 152-95-0310H-13,"HESS BAKKEN INVESTMENTS II, LLC",Bakken,47.098942,0.096596166,-34775.871190363,265142.06,5.54236154,227230.09795999998,14315537.344585795,63.00018119565218,18.057136890415432,Economic
33-053-07139-0000,FOREMAN 12-11-1-2BH,QEP ENERGY COMPANY,Bakken,45.49334,0.13245985,543171.29421641,142235.92,6.49333404,369539.982,23281085.825038046,63.00018119565218,28.670560278087315,Economic
33-053-07270-0000,ROLFSON S 5198 12-29 5B,OASIS PETROLEUM NORTH AMERICA LLC,Bakken,54.510422,0.071606115,-297165.349081223,560631.0,5.90332775,345719.14691999997,21780368.898766298,63.00018119565218,50.86747103877683,Economic
33-053-07273-0000,ROLFSON S 5198 12-29 8T,OASIS PETROLEUM NORTH AMERICA LLC,Three Forks,58.331062,0.050339505,-763098.194762385,365832.41,6.04383049,298004.04533,18774308.852827348,63.00018119565218,57.19114099514252,Economic
33-053-07293-0000,GULLIKSON 44-34H,WHITING OIL AND GAS CORPORATION,Bakken,61.421268,0.019282578,-1465139.66206812,381457.38,7.15162327,323088.63405,20354642.48740576,63.00018119565218,68.45353989831055,Economic
33-053-07356-0000,TOBACCO GARDEN 31X-29CXD,XTO ENERGY INC,Bakken,40.464817,0.19479281,1591804.4893995,534255.44,6.3486878099999995,371752.89775999996,23420499.91888876,63.00018119565218,51.94140363663866,Economic
33-053-07377-0000,BB-BUDAHN- LS-150-95-0506H-1,"HESS BAKKEN INVESTMENTS II, LLC",Bakken,26.068609,0.41061676,3870478.1124079,688057.44,5.021689713,491552.7648,30967913.2496238,63.00018119565218,14.596000835669132,Economic
33-053-07422-0000,KDM 1-7-6T3HD,QEP ENERGY COMPANY,Three Forks,79.234367,-0.0075991889,-1639266.6828138,242721.08,5.71001231,176148.61896,11097394.911843892,63.00018119565218,61.06211375094571,Uneconomic
33-053-07473-0000,MARCELLA USA 21-4TFH,MARATHON OIL COMPANY,Three Forks,42.757515,0.16522875,1155796.70079094,252249.31,7.88937126,411891.03260000004,25949209.686664283,63.00018119565218,39.822925499145505,Economic
33-053-07527-0000,OYLOE 5199 43-23 9B,OASIS PETROLEUM NORTH AMERICA LLC,Bakken,43.327911,-0.19413023,2341070.70508408,548362.31,6.67190075,529667.96473,33369177.75152231,63.00018119565218,55.48496083747,Economic
33-053-07544-0000,TARENTAISE FEDERAL 3-19H,"CONTINENTAL RESOURCES, INC.",Bakken,38.117088,0.36911505,2818589.27639982,381755.97,7.28569651,349524.41506,22020101.481084343,63.00018119565218,40.19533695591092,Economic
33-053-07579-0000,ANDERSON RANCH 3C-MBH,BURLINGTON RESOURCES OIL & GAS COMPANY LP,Bakken,47.988865,0.17392506,810347.867837848,436274.69,6.86622616,358684.94786,22597216.707333058,63.00018119565218,41.6866263374525,Economic
33-053-07618-0000,GRIZZLY 24-13HG,"WPX ENERGY WILLISTON, LLC",Bakken,34.863579,0.67909086,3593770.74358938,116879.84,5.7799958,599398.52691,37762215.803737,63.00018119565218,22.53376154014804,Economic
33-053-07673-0000,BB-LARS ROTHIE- 151-95-3229H-6,"HESS BAKKEN INVESTMENTS II, LLC",Bakken,26.808529,0.90086013,6680511.34003613,433049.94,5.593916924,509372.13659999997,32090536.90181649,63.00018119565218,16.507476458173123,Economic
33-053-07677-0000,SMOOTH GREEN 152-94-18A-19H,ENERPLUS RESOURCES USA CORPORATION,Bakken,53.039871,-0.23879083,1521010.38930527,360035.03,9.454022290000001,619504.63693,39028904.378136724,63.00018119565218,41.59653287156446,Economic
33-053-07692-0000,AN-DINWOODIE- LE-153-94-2833H-1,"HESS BAKKEN INVESTMENTS II, LLC",Bakken,28.552555,0.59288299,5285129.8878098,414225.59,5.702109398999999,487509.60589999997,30713193.506320983,63.00018119565218,19.764528561108076,Economic
33-053-07695-0000,HELSINGBORG FEDERAL 153-96-27-22-13H,NEWFIELD PRODUCTION COMPANY,Three Forks,36.251625,0.23795643,2853740.97121249,347748.13,6.76423147,525038.2672,33077505.968251247,63.00018119565218,20.491665896314824,Economic
33-053-07701-0000,LADYBUG 150-94-11C-12H-TF,ENERPLUS RESOURCES USA CORPORATION,Three Forks,71.270508,-0.0055788518,-1893382.49665926,86673.617,8.75504217,329172.34793,20737917.564188264,63.00018119565218,54.46542295934103,Marginal
33-053-07704-0000,LOCKWOOD USA 44-22TFH,MARATHON OIL COMPANY,Three Forks,34.940773,0.42111844,4108381.01113958,597077.94,7.487985950000001,518578.90524,32670564.994362943,63.00018119565218,45.91431498507576,Economic
33-053-07713-0000,LILLIBRIDGE 3D UTFH,BURLINGTON RESOURCES OIL & GAS COMPANY LP,Three Forks,30.60144,0.53872776,5910890.43878906,1010964.6,6.027012479999999,650789.8153,40999876.284185015,63.00018119565218,22.56961961037776,Economic
33-053-07733-0000,PATSY 5198 11-5 2BX,OASIS PETROLEUM NORTH AMERICA LLC,Bakken,55.929352,0.20276891,1017112.31976634,432748.41,6.7001048,384459.46606,24221016.02416369,63.00018119565218,47.26861974514406,Economic
33-053-07737-0000,BB-LARS ROTHIE- 151-95-2932H-2,"HESS BAKKEN INVESTMENTS II, LLC",Three Forks,25.921244,1.1114337,6484779.39053665,702224.19,5.802756639999999,540363.0355,34042969.147932634,63.00018119565218,19.68982351211834,Economic
33-053-07738-0000,BB-LARS ROTHIE- 151-95-2932H-3,"HESS BAKKEN INVESTMENTS II, LLC",Bakken,29.143023,0.91205364,5063684.75712058,588443.0,5.79463917,470161.0527,29620231.511238575,63.00018119565218,15.833011100151834,Economic
33-053-07739-0000,BB-LARS ROTHIE- 151-95-2932H-4,"HESS BAKKEN INVESTMENTS II, LLC",Three Forks,26.814705,0.7662372,6029882.30482224,757416.63,5.79542439,536775.9938,33816984.870876275,63.00018119565218,25.950389730940703,Economic
33-053-07762-0000,FRICK 24-8-1TFH,WHITING OIL AND GAS CORPORATION,Three Forks,76.08519,0.026473682,-856699.576397698,227834.89,6.28640956,213236.15005,13433916.090613278,63.00018119565218,62.84975438191436,Marginal
33-053-07845-0000,SC-1WX -152-99-0809H-7,"HESS BAKKEN INVESTMENTS II, LLC",Bakken,29.444561,0.50079721,5038411.60733312,450004.06,5.733819069999999,487071.75659999996,30685608.921084594,63.00018119565218,34.71988437719615,Economic
33-053-07885-0000,VARDON 2-14H,"CONTINENTAL RESOURCES, INC.",Bakken,,,,201278.08,8.962204190000001,338041.20506,21296657.170376617,63.00018119565218,44.747554516855615,Unknown
33-053-07895-0000,AN-GUDBRANSON- LW-153-94-2215H-1,"HESS BAKKEN INVESTMENTS II, LLC",Three Forks,24.85956,0.99378735,8118998.30784159,876441.38,5.97267922,623792.9726,39299070.3023745,63.00018119565218,29.617428188229272,Economic
33-053-07945-0000,ND LEVANG 2-16-21T2HD,QEP ENERGY COMPANY,Three Forks,73.602737,0.020914879,-1661214.92659227,289117.25,6.76891443,217268.39887,13687948.496899232,63.00018119565218,45.83110622284716,Marginal
33-053-07960-0000,MALM 149-98-14-23-5H,NEWFIELD PRODUCTION COMPANY,Bakken,38.711998,0.51053029,3024372.95791811,362275.5,6.05246252,476139.75121,29996890.60068275,63.00018119565218,49.59146391434369,Economic
33-053-07978-0000,OTIS 5-28-33BHD,QEP ENERGY COMPANY,Bakken,50.280773,0.17317836,1050454.58030303,496071.38,7.059654460000001,392136.05117,24704642.277057536,63.00018119565218,28.310990484988217,Economic
33-053-07979-0000,OTIS 2-28-33T2HD,QEP ENERGY COMPANY,Three Forks,97.605492,-0.05328992,-2661968.72845445,100641.58,7.09866811,169960.73200000002,10707556.912145682,63.00018119565218,51.38947646531468,Uneconomic
33-053-08072-0000,ANDERSON FEDERAL 152-96-9-4-20H,NEWFIELD PRODUCTION COMPANY,Three Forks,35.001453,0.36703229,4083732.84409876,820297.5,6.41824632,452721.9084,28521562.260441452,63.00018119565218,26.341876869699494,Economic
33-053-05001-0000,BILL 14-23 4TFH,STATOIL OIL & GAS LP,Three Forks,132.14948,-0.051696472,-3397929.36474679,175415.42,7.09372063,133837.07286000001,8431759.840875704,63.00018119565218,81.95456185699327,Uneconomic
33-053-05051-0000,KOALA WOLD 153-97-1-5-8-15H3,KODIAK OIL & GAS (USA) INC.,Three Forks,120.84156,-0.044057157,-2763282.29926218,183079.48,7.70518191,159798.49501,10067334.140422521,63.00018119565218,59.7171865240086,Uneconomic
33-053-05156-0000,ZORRO 27-34-26-35LL,QEP ENERGY COMPANY,Three Forks,92.333107,0.011457562,-3182641.4800885,424598.78,11.249158719999999,285824.6989,18007007.82089273,63.00018119565218,24.902083005171246,Uneconomic
33-053-05218-0000,DWYER 150-101-35-26-3H,TRIANGLE USA PETROLEUM CORPORATION,Bakken,100.30314,-0.012711556,-3073810.37440912,339953.91,9.19884245,246755.16027,15545619.807972195,63.00018119565218,52.500696037115965,Uneconomic
33-053-05283-0000,ROCHESTER FEDERAL 7-24H1,"CONTINENTAL RESOURCES, INC.",Three Forks,54.738499,0.098313637,-43890.342011351,434926.22,8.89027161,352164.11303,22186402.931496136,63.00018119565218,49.60525005061252,Economic
33-053-05296-0000,ANTELOPE  1-31-30H,HUNT OIL COMPANY,Bakken,91.615829,0.00040249829,-2647030.10562282,68252.156,8.911800734,238717.09613000002,15039220.310689922,63.00018119565218,53.244624361187896,Uneconomic
33-053-05457-0000,CRATERLANDS 11-14TFH-R,BURLINGTON RESOURCES OIL & GAS COMPANY LP,Three Forks,75.688553,0.033500362,-1881723.05698351,400225.94,9.196252926,289418.1481,18233395.771610096,63.00018119565218,25.977012237852414,Marginal
33-053-05500-0000,NORMAN 21-4TFH 3SH,BURLINGTON RESOURCES OIL & GAS COMPANY LP,Three Forks,55.393055,0.06625089,-1074340.42247588,590675.75,8.97828569,448473.4622,28253909.38004147,63.00018119565218,28.8107374183928,Economic
33-053-05502-0000,GOOD VOICE 34-27HZ,"WPX ENERGY WILLISTON, LLC",Three Forks,55.345669,0.065516397,-1584105.31252836,871168.81,10.859911700000001,580212.7461999999,36553508.14262695,63.00018119565218,31.609553730455158,Economic
33-053-05560-0000,LILLIBRIDGE 21-27TFH,BURLINGTON RESOURCES OIL & GAS COMPANY LP,Three Forks,77.914772,-0.00080434611,-2694414.89006538,351470.44,9.20293468,303146.42811,19098279.899744745,63.00018119565218,25.174974631834946,Marginal
33-053-05626-0000,SYVERSON 150-99-36-25-3H,NEWFIELD PRODUCTION COMPANY,Bakken,85.132942,0.012628267,-2296064.01110326,153010.52,7.290732224,241980.10791,15244790.644073468,63.00018119565218,35.2265416383252,Uneconomic
33-053-05628-0000,SERRAHN 41X-6H,XTO ENERGY INC,Three Forks,102.25288,0.00013849787,-3808604.99831259,206523.95,10.434777749999999,227455.89497,14329762.597129231,63.00018119565218,46.774506984364976,Uneconomic
33-053-05743-0000,WOLLAN 152-96-27A-5H,"PETRO-HUNT, L.L.C.",Three Forks,94.737625,-0.0028060093,-1912435.87494905,197989.06,6.113507433,161781.80294,10192282.899379294,63.00018119565218,30.0650403948302,Uneconomic
33-053-05746-0000,BW-KRAETSCH- 149-99-1423H-4,"HESS BAKKEN INVESTMENTS II, LLC",Bakken,122.5375,-0.0274214,-2714736.57260606,128312.07,5.9861737,95051.30201,5988249.249512658,63.00018119565218,32.83652070379434,Uneconomic
33-053-05781-0000,MOBERG 17-16-20-21LL,QEP ENERGY COMPANY,Three Forks,62.240944,0.1111249,236142.531355458,585181.06,11.220245850000001,490560.31866,30905388.962976873,63.00018119565218,30.081398392085685,Economic
33-053-05856-0000,JAMESTOWN FEDERAL 2-17H,"CONTINENTAL RESOURCES, INC.",Bakken,46.988354,0.10372278,110422.01987302,546757.56,9.27045797,459182.57087,28928585.166695397,63.00018119565218,38.14669744615555,Economic
33-053-05867-0000,PAULSON 150-101-23-14-2H,TRIANGLE USA PETROLEUM CORPORATION,Bakken,96.520065,-0.02015315,-3459118.42011285,320251.19,8.057843506000001,234623.64205999998,14781331.962563839,63.00018119565218,53.45116664281382,Uneconomic
33-053-05879-0000,NELSON FEDERAL 41X-5H,XTO ENERGY INC,Three Forks,48.859795,0.082458861,-612200.157065577,617151.38,7.90054538,406102.752,25584546.960053,63.00018119565218,30.364290273609246,Economic
33-053-05975-0000,SEVERIN 2-16-17BH,QEP ENERGY COMPANY,Bakken,48.28471,0.12474086,964810.904523799,915302.63,11.33908568,670318.0239,42230156.96441151,63.00018119565218,30.065278945175105,Economic
33-053-05984-0000,BRITT 151-102-4-9-4H,TRIANGLE USA PETROLEUM CORPORATION,Bakken,89.481026,-0.021969479,-3245992.17883498,326096.75,8.041795572,263363.90321,16591973.622624205,63.00018119565218,64.38674506801529,Uneconomic
33-053-06025-0000,KLINE FEDERAL 5300 41-18 9T,OASIS PETROLEUM NORTH AMERICA LLC,Three Forks,98.686798,-0.054085165,-3355465.67608441,232347.11,7.45004213,189698.20599,11951021.349860152,63.00018119565218,67.61371346861242,Uneconomic
33-053-06184-0000,BW-STOVELAND- 149-100-1003H-3,"HESS BAKKEN INVESTMENTS II, LLC",Bakken,57.424522,0.050793037,-893751.689475778,99183.18,6.328674887,221650.57799000002,13964026.575491037,63.00018119565218,29.79666792669563,Economic
33-053-06226-0000,ROLLA FEDERAL  153-96-29-4H,NEWFIELD PRODUCTION COMPANY,Bakken,77.457085,0.010262679,-1673429.1829466,218260.2,4.918889488,154501.2392,9733606.0645528,63.00018119565218,24.998393279437696,Marginal
33-053-06239-0000,WISNESS 150-100-23-14-11TFH,TRIANGLE USA PETROLEUM CORPORATION,Three Forks,121.45174,-0.053120367,-3535740.51525838,192291.45,7.073205369999999,147620.98618,9300148.877620867,63.00018119565218,75.62050863495156,Uneconomic
33-053-06574-0000,SIMPSON 151-102-5-8-4H,TRIANGLE USA PETROLEUM CORPORATION,Bakken,79.955399,0.0010908985,-1853037.90851372,77497.961,7.4193171,245628.08908,15474614.118781796,63.00018119565218,71.99415500280558,Uneconomic
33-053-06576-0000,SUN NOTCH 43-32MBH,BURLINGTON RESOURCES OIL & GAS COMPANY LP,Bakken,42.14249,0.15210062,1034964.65594766,561965.19,6.612747142,460209.81403999997,28993301.672537394,63.00018119565218,26.2420223544449,Economic
33-053-06595-0000,STENEHJEM  14-9H,SM ENERGY COMPANY,Bakken,60.197395,0.011891596,-1259968.98586252,336135.63,6.00482332,279808.1752,17627965.73762479,63.00018119565218,54.78163198720425,Economic
33-053-06628-0000,THOMPSON 153-95-8D-6-2H,"PETRO-HUNT, L.L.C.",Bakken,31.002981,0.22691731,4058036.59073476,360130.47,8.10040423,726428.2779999999,45765113.13964559,63.00018119565218,21.095918560897545,Economic
33-053-06679-0000,RINK 12X-4H,XTO ENERGY INC,Three Forks,43.583771,0.14579797,910461.731491054,557960.31,7.37494812,369000.1461,23247076.065522127,63.00018119565218,51.660560858414016,Economic
33-053-06785-0000,ARIKARA 3W-3H-BK,"MISSOURI RIVER RESOURCES ND, LLC",Bakken,62.653599,0.022963544,-1195915.00086053,259131.94,5.141438209,214621.76618,13521210.157870896,63.00018119565218,29.339317236413052,Economic
33-053-06860-0000,ANDERSMADSON 5201 42-24 3B,OASIS PETROLEUM NORTH AMERICA LLC,Bakken,66.672379,-0.020096457,-1947441.56003005,307455.94,6.562181750000001,265126.06692,16702990.255650606,63.00018119565218,66.83441167504314,Marginal
33-053-06878-0000,NORDENG 34X-23B,XTO ENERGY INC,Bakken,51.865791,0.12507778,358867.523810934,323193.97,6.93528481,286603.78587,18056090.4411699,63.00018119565218,51.79068609020303,Economic
33-053-07279-0000,ROLFSON S 5198 14-29 11T,OASIS PETROLEUM NORTH AMERICA LLC,Three Forks,61.818146,0.021502424,-771464.560115714,280939.44,6.07643893,279797.948006,17627321.42254967,63.00018119565218,62.30057524950936,Economic
33-053-07281-0000,ROLFSON S 5198 14-29 13T,OASIS PETROLEUM NORTH AMERICA LLC,Three Forks,63.969036,-0.02860841,-918791.444247378,236761.86,5.92345787,246393.41701,15522829.91704589,63.00018119565218,67.05685926801009,Marginal
33-053-07425-0000,HEREFORD FEDERAL 9-20H,"CONTINENTAL RESOURCES, INC.",Bakken,29.623852,0.5028339,6077618.10341052,788857.69,9.38863092,650052.6492999999,40953434.692613736,63.00018119565218,46.45478456943505,Economic
33-053-07514-0000,LASSEN 1-1-26UTFH,BURLINGTON RESOURCES OIL & GAS COMPANY LP,Three Forks,32.863182,0.63925958,4722996.00012535,657927.56,5.75138184,532635.1735,33556112.44167764,63.00018119565218,26.55690278651384,Economic
33-053-07644-0000,WHITE 5198 11-18 8TX,OASIS PETROLEUM NORTH AMERICA LLC,Three Forks,58.553471,0.10922773,84253.704565263,362975.94,6.921422049999999,350930.15118,22108663.11135761,63.00018119565218,53.95011166215758,Economic
33-053-07706-0000,BEGOLA USA 34-22H,MARATHON OIL COMPANY,Bakken,43.755623,0.26135823,2117890.80004479,443438.53,7.826614359999999,409564.03602999996,25802608.481112618,63.00018119565218,41.135396915217534,Economic
33-053-07855-0000,CROFF 22C MBH,BURLINGTON RESOURCES OIL & GAS COMPANY LP,Bakken,34.384937,0.55766374,4330973.54086912,648320.69,5.82292871,541800.1777,34133509.36693655,63.00018119565218,27.133830286015638,Economic
33-053-04656-0000,GREENSTEIN 30-31 3TFH,"BRIGHAM OIL & GAS, L.P.",Three Forks,80.702713,0.0040015895,-2383591.85130195,371011.03,7.51470692,253793.2346,15989019.766030662,63.00018119565218,71.47154072752514,Uneconomic
33-053-06450-0000,HENDRICKSON  11-36H2,"CONTINENTAL RESOURCES, INC.",Three Forks,31.974321,0.35817614,2313164.44753574,422531.53,5.494621319999999,355267.05013,22381888.531034846,63.00018119565218,47.14798396361689,Economic
33-053-06919-0000,POPLAR 32-29HE,"WPX ENERGY WILLISTON, LLC",Three Forks,36.735836,0.33201429,2722600.44759852,282640.91,5.93860675,520879.268,32815488.265058674,63.00018119565218,38.708063379792286,Economic
33-053-07475-0000,CUNNINGHAM USA 31-4H,MARATHON OIL COMPANY,Bakken,31.2428,0.50358945,4628827.93919621,783183.56,7.70776639,629967.0225,39688036.564785495,63.00018119565218,22.665289492523904,Economic
33-053-07843-0000,SHEEP CREEK STORM 1-1V,"NORTH RANGE RESOURCES, LLC",Duperow,55.374748,0.068912402,-484703.583422587,18622.334,3.842037815286,115199.32105,7257578.099766108,63.00018119565218,4.04799890378857,Economic
33-053-07082-0000,HA-CHAPIN- 152-95-2932H-9,"HESS BAKKEN INVESTMENTS II, LLC",Bakken,39.582848,0.16857213,1092452.27481898,397388.91,5.350221748,268427.5068,16910981.566297155,63.00018119565218,21.264825072411018,Economic
33-053-03729-0000,PANZER 1-20MLH,"SLAWSON EXPLORATION COMPANY, INC.",Three Forks,63.659485,0.021085953,-1448984.24596621,299019.78,5.691179105,231704.83203,14597446.401798153,63.00018119565218,30.763246938057552,Marginal
33-053-03730-0000,PANZER 2-20MLH,"SLAWSON EXPLORATION COMPANY, INC.",Middle Bakken / Three Forks Shale,43.325378,0.11736243,396026.218907001,594070.19,6.07414167,412658.4522,25997557.260517374,63.00018119565218,32.247718103502024,Economic
33-053-03967-0000,KIRKLAND 15E-23/14H,"HELIS OIL & GAS COMPANY, L.L.C.",Three Forks,90.520622,-0.01024148,-3474482.27665465,375018.88,11.200655040000001,311346.4169,19614880.679317065,63.00018119565218,41.74151250877291,Uneconomic
33-053-04229-0000,PAUL 1-26/35H,"HELIS OIL & GAS COMPANY, L.L.C.",Three Forks,76.287949,0.031377114,-2302520.83724162,484751.31,11.702959759999999,394815.70405,24873460.894038986,63.00018119565218,51.24923773465228,Marginal
33-053-04311-0000,HONOR 150-94-06B-18H TF,ENERPLUS RESOURCES USA CORPORATION,Three Forks,59.362888,0.095709264,-131422.159141351,949945.13,16.072996410000002,815113.5031999999,51352298.39662281,63.00018119565218,34.00539938069471,Economic
33-053-04401-0000,STEEN 149-101-13-24-4H,TRIANGLE USA PETROLEUM CORPORATION,Bakken,114.35571,-0.025965776,-3363516.37055075,281477.84,9.094756059999998,207885.29199,13096811.063281061,63.00018119565218,55.367996275245545,Uneconomic
33-053-04548-0000,TRIANGLE 150-101-36-25-8H,TRIANGLE USA PETROLEUM CORPORATION,Bakken,68.833611,0.0064680851,-2030418.8806811,378061.41,6.550295844999999,283226.33215000003,17843310.24482997,63.00018119565218,51.84137481000586,Marginal
33-053-04601-0000,BRODERSON  30-31 4TFH,"BRIGHAM OIL & GAS, L.P.",Three Forks,84.551895,-0.037751496,-2577711.30444186,298341.41,7.261643430000001,258983.96603,16316036.78665863,63.00018119565218,62.304326415935584,Uneconomic
33-053-04651-0000,CLEAR CREEK 152-96-34B-5H,"PETRO-HUNT, L.L.C.",Bakken,77.534752,0.032465987,-841003.606700124,250024.55,6.483196127,226890.08291,14294116.334826546,63.00018119565218,23.603996211994513,Marginal
33-053-04727-0000,ROLLEFSTAD FEDERAL 8-3H-3,"CONTINENTAL RESOURCES, INC.",Three Forks,102.40321,-0.018817959,-3280926.06845688,234932.94,10.12155913,202909.89796,12783360.337871294,63.00018119565218,62.9608788639606,Uneconomic
33-053-04748-0000,WAHPETON 6-16H,"CONTINENTAL RESOURCES, INC.",Bakken,86.936424,0.018594779,-1679904.97724437,246395.67,9.17183866,213520.40097000002,13451823.950078309,63.00018119565218,41.89437259092174,Uneconomic
33-053-04824-0000,SAND CREEK STATE 153-96-16-3H,NEWFIELD PRODUCTION COMPANY,Bakken,62.577152,0.026208652,-1111187.52436012,262240.22,5.053147868,213988.49005999998,13481313.647564014,63.00018119565218,15.06792014278535,Economic
33-053-04833-0000,BILL 14-23 3H,"BRIGHAM OIL & GAS, L.P.",Bakken,73.06221,0.017300267,-1483054.08780022,358184.41,7.07333018,282649.52601000003,17806971.353495207,63.00018119565218,63.17109392647085,Marginal
33-053-04855-0000,COLUMBUS FEDERAL 2-16H,"CONTINENTAL RESOURCES, INC.",Three Forks,88.656952,0.017781651,-3346939.00112994,386184.56,10.62966494,242061.6148,15249925.592912162,63.00018119565218,58.93638919436982,Uneconomic
33-053-04862-0000,MORSETTE 35-26HX,"WPX ENERGY WILLISTON, LLC",Three Forks,70.282364,0.037848867,-2335251.54038876,599591.0,11.1228262,438787.0149,27643661.444999333,63.00018119565218,32.211158176156935,Marginal
33-053-04870-0000,MERTON 21-15MBH 2NH,BURLINGTON RESOURCES OIL & GAS COMPANY LP,Bakken,23.660568,0.63743937,6988854.39914757,1043042.4,4.8152273800000005,791160.3025,49843242.412306994,63.00018119565218,23.733830766272877,Economic
33-053-04926-0000,SMOKEY 4-15-22-13H,KODIAK OIL & GAS (USA) INC.,Bakken,61.850086,0.031700421,-1080530.69251041,150392.77,5.543689250999999,260702.25194,16424289.110334564,63.00018119565218,42.214514666744634,Economic
33-053-04927-0000,FORT BERTHOLD 152-94-13B-24-2H,"G3 OPERATING, LLC",Bakken,48.272282,0.23632692,1179828.97591869,352772.84,6.95680247,341644.83494,21523686.50577868,63.00018119565218,47.67983514275676,Economic
33-053-04982-0000,IDA 5200 21-28B,OASIS PETROLEUM NORTH AMERICA LLC,Bakken,78.829117,0.033853378,-940192.573036927,322843.88,8.135710853,281942.17702,17762408.23895664,63.00018119565218,40.24194875938464,Uneconomic
33-053-05013-0000,WASHBURN 41-36TFH,BURLINGTON RESOURCES OIL & GAS COMPANY LP,Three Forks,44.909031,0.34925467,3376989.70965687,741168.31,8.986439843,577897.746,36407662.71055898,63.00018119565218,19.329570249006924,Economic
33-053-05069-0000,SUNLINE 21-1MBH-5SH,BURLINGTON RESOURCES OIL & GAS COMPANY LP,Bakken,67.596527,0.06351991,-839490.731328032,433579.22,8.902825122,326324.56079,20558506.45836162,63.00018119565218,20.850445094882446,Marginal
33-053-05073-0000,DUKE 34X-31B,XTO ENERGY INC,Bakken,73.966011,0.057605151,-959883.992353158,395641.66,10.67621802,329970.219,20788183.58616903,63.00018119565218,37.36604479462019,Marginal
33-053-05074-0000,DUKE 34X-31E,XTO ENERGY INC,Three Forks,109.88012,-0.020145344,-3510983.16392749,264111.09,10.95942616,215598.52492,13582746.135475332,63.00018119565218,46.90692229439403,Uneconomic
33-053-05078-0000,CEYNAR 5200 11-28B,OASIS PETROLEUM NORTH AMERICA LLC,Bakken,85.596848,0.025140507,-1350683.07210058,295563.09,7.473753113,251066.40601,15817229.070771178,63.00018119565218,36.42832779587128,Uneconomic
33-053-05086-0000,ZORRO 4-35-26BH,QEP ENERGY COMPANY,Bakken,70.77533,0.053895939,-1383203.92838606,555171.25,11.388972560000001,407692.3139,25684689.647774708,63.00018119565218,17.66957017209944,Marginal
33-053-05105-0000,BLUE RIDGE 44-31MBH,BURLINGTON RESOURCES OIL & GAS COMPANY LP,Bakken,49.135387,0.18929063,1669326.66259925,298069.03,9.028874527,504484.6402,31782623.7430234,63.00018119565218,12.498750311424175,Economic
33-053-05117-0000,PONCHO 2-3-10TH,QEP ENERGY COMPANY,Three Forks,68.13063,0.053344537,-1794241.75237911,631229.38,11.24658323,434017.5917,27343186.919200584,63.00018119565218,43.69276954002229,Marginal
33-053-05128-0000,KELTER FEDERAL 7-1H2,"ZENERGY, INC",Bakken,87.801277,-0.012329123,-2587251.52777803,312540.88,8.263144102,248362.42599000002,15646877.839561757,63.00018119565218,50.23978016893008,Uneconomic
33-053-05150-0000,CAPITOL 14-7TFH,BURLINGTON RESOURCES OIL & GAS COMPANY LP,Three Forks,78.865685,0.022844311,-2100693.28921832,394283.41,9.555667735,294555.93194000004,18557077.084474195,63.00018119565218,28.6708219853982,Uneconomic
33-053-05158-0000,BIG SUN 41-2MBH-ULW,BURLINGTON RESOURCES OIL & GAS COMPANY LP,Bakken,52.817471,0.10693596,208637.762898534,712392.5,9.082063749,447254.1736,28177093.977311675,63.00018119565218,15.834295735892864,Economic
33-053-05172-0000,LOOMER 24X-34E,XTO ENERGY INC,Three Forks,100.03517,-0.0096512837,-3969276.08153009,126788.38,10.46259003,235139.27794,14813817.11643482,63.00018119565218,47.83831616081671,Uneconomic
33-053-05193-0000,SC-4WX- 153-98-3130H-2,HESS CORPORATION,Three Forks,117.85937,-0.026887923,-2963346.41706035,184457.33,8.122136953,145437.997,9162620.163732719,63.00018119565218,43.42122717508259,Uneconomic
33-053-05208-0000,USA 153-95-22C-15-3H,"PETRO-HUNT, L.L.C.",Three Forks,39.429314,0.31308982,4359862.19371335,1056874.1,9.242062203,798145.595,50283317.10551162,63.00018119565218,14.357704535390022,Economic
33-053-05209-0000,EXCALIBUR 2-25-36H,"EMERALD OIL, INC",Three Forks,150.0,-0.11511406,-5967501.84769261,224678.05,10.567817980000001,192262.51308,12112573.161171447,63.00018119565218,65.37604240124506,Uneconomic
33-053-05222-0000,KOALA 16-32-29-2H3,KODIAK OIL & GAS (USA) INC.,Three Forks,93.257179,-0.0021714633,-2244834.32704345,272339.59,7.589924749999999,220648.33627,13900885.165529193,63.00018119565218,54.59287935178813,Uneconomic
33-053-05234-0000,CAPER 4-15-22H,"EMERALD OIL, INC",Bakken,146.74405,-0.11392193,-5505096.7402808,263280.41,10.33439093,211389.26296,13317561.869295366,63.00018119565218,68.35680801283421,Uneconomic
33-053-05237-0000,VAN HISE TRUST  153-95-28D-21-6H,"PETRO-HUNT, L.L.C.",Three Forks,45.738228,0.17297029,1582643.33958025,728443.25,8.595399596,584472.4549,36821870.56256765,63.00018119565218,16.789756838428616,Economic
33-053-05254-0000,RINK 13X-4F,XTO ENERGY INC,Three Forks,101.2796,-0.0021488362,-2948408.48169474,289127.53,10.75222365,231141.15801,14561934.836402873,63.00018119565218,44.33501188390402,Uneconomic
33-053-05278-0000,WISNESS STATE 152-96-21-16-1HX,NEWFIELD PRODUCTION COMPANY,Bakken,70.235489,0.071304426,-462405.846181882,94712.5,6.319402647,241197.87321,15195509.716235941,63.00018119565218,16.71570577948239,Marginal
33-053-05301-0000,ROLFSRUD STATE 152-96-29-32-1H,NEWFIELD PRODUCTION COMPANY,Bakken,70.038689,0.037899848,-1434191.27517725,366828.88,7.115763371999999,282646.50381,17806780.954347596,63.00018119565218,19.01234794767028,Marginal
33-053-05304-0000,JERRY 7-8H,"CONTINENTAL RESOURCES, INC.",Three Forks,74.21521,0.018386697,-2018225.55109484,304205.28,8.98338035,264827.13801,16684157.680155987,63.00018119565218,56.98303234677049,Marginal
33-053-05341-0000,GLOVATSKY 145-98-24D-13-2H,"PETRO-HUNT, L.L.C.",Bakken,77.82634,-0.0017006464,-2457121.83244962,299815.72,7.177780209,233982.34405,14740930.07173343,63.00018119565218,59.98505201850208,Marginal
33-053-05345-0000,MACK 10-2H3,"CONTINENTAL RESOURCES, INC.",Three Forks,150.0,-0.065032408,-4036992.20850664,51241.488,7.023857079,43621.706,2748175.382063468,63.00018119565218,73.41448177337804,Uneconomic
33-053-05356-0000,HANK 13X-7H,SM ENERGY COMPANY,Three Forks,98.885147,-0.02702328,-2806732.13594458,267662.19,8.2104723,217683.34898,13714090.429016389,63.00018119565218,40.85934666090302,Uneconomic
33-053-05373-0000,ANTELOPE  1-32-29H,HUNT OIL COMPANY,Bakken,68.218666,0.051217768,-1963685.0388579,566334.44,8.911774874999999,327612.4499,20639643.70565152,63.00018119565218,54.08036710399349,Marginal
33-053-05376-0000,BW-ARNEGARD STATE- 151-100-3625H-3,HESS CORPORATION,Bakken,61.840401,0.099872977,-2708.103387479,344833.97,8.139857442,273674.70993,17241556.31425755,63.00018119565218,26.285430071444505,Economic
33-053-05377-0000,BW-ARNEGARD STATE- 151-100-3625H-2,HESS CORPORATION,Bakken,81.961296,0.021353986,-1911683.66423872,259010.16,8.249116653,207574.60819,13077237.927586507,63.00018119565218,25.397711168972382,Uneconomic
33-053-05381-0000,STATE 152-102-36-25-6H,TRIANGLE USA PETROLEUM CORPORATION,Bakken,99.42067,-0.027363449,-3162122.10055504,117068.41,8.8726628,243653.57204,15350219.187487893,63.00018119565218,62.04386199894254,Uneconomic
33-053-05386-0000,RIBBON 152-94-18B-19H,ENERPLUS RESOURCES USA CORPORATION,Bakken,55.149044,-0.32233611,3094784.5378453,712569.88,12.91582102,694040.1370999999,43724654.394355275,63.00018119565218,25.00140108785775,Economic
33-053-05400-0000,BB-BELQUIST- 150-95-1110H-5,HESS CORPORATION,Three Forks,59.45459,0.08501032,-255619.845935051,346940.19,7.424658079,276104.63885,17394642.276510105,63.00018119565218,26.50255698252824,Economic
33-053-05403-0000,FORT BERTHOLD 152-94-24D-13-7H,"HRC OPERATING, LLC",Bakken,64.972885,0.062709741,-1192836.05557403,501144.44,11.60677258,414052.2659,26085367.776170358,63.00018119565218,45.80150378147946,Marginal
33-053-05416-0000,ROLFSON 14X-34E,XTO ENERGY INC,Three Forks,79.969017,0.0080657341,-3024803.85270979,349593.97,9.68496163,280542.94909,17674256.625832625,63.00018119565218,32.43526134583548,Uneconomic
33-053-05424-0000,OTIS 4-28-33BHR,QEP ENERGY COMPANY,Bakken,59.396255,0.17521097,1303062.45216879,593202.13,11.320730200000002,527742.2769599999,33247859.073086053,63.00018119565218,22.498918814211137,Economic
33-053-05427-0000,BONNER 9X-12HB,SM ENERGY COMPANY,Three Forks,104.20817,-0.018364642,-3470882.9063977,298295.09,8.225501860000001,199338.47879000002,12558360.283035671,63.00018119565218,52.34721987950341,Uneconomic
33-053-05430-0000,RUBY STATE FEDERAL 34X-36F,XTO ENERGY INC,Three Forks,67.490158,0.04564603,-1042998.57233807,340358.88,8.594585729999999,313382.18697000004,19743134.562599752,63.00018119565218,39.42001617937567,Marginal
33-053-05437-0000,RAVIN 26-35-4H,ABRAXAS PETROLEUM CORP.,Bakken,58.735291,0.10491408,84636.199988522,395052.03,8.96978686,367002.65495,23121233.761135414,63.00018119565218,32.048456398077896,Economic
33-053-05452-0000,AN-GUDBRANSON- 153-94-2215H-4,HESS CORPORATION,Three Forks,61.15662,0.052466441,-1032252.74527376,279786.38,5.872085070000001,182460.30609,11495032.34468416,63.00018119565218,60.071562150293985,Economic
33-053-05453-0000,AN-GUDBRANSON- 153-94-2215H-5,HESS CORPORATION,Bakken,27.645397,0.85753804,6360782.72401059,410842.59,5.88395823,503680.478,31731961.378712703,63.00018119565218,26.787380238982056,Economic
33-053-05475-0000,HOGNOSE 152-94-18B-19H-TF,ENERPLUS RESOURCES USA CORPORATION,Three Forks,57.11919,0.2774176,2338493.25632597,742867.88,12.71518816,651348.81767,41035093.53478382,63.00018119565218,28.37636165829528,Economic
33-053-05481-0000,GAJEWSKI  31-18-2H,WHITING OIL AND GAS CORPORATION,Bakken,97.22525,-0.015217101,-2357751.06135114,244717.53,7.539064822,207764.28397,13089187.536094934,63.00018119565218,57.0058311061095,Uneconomic
33-053-05493-0000,BULLET 12-36H,"SHD OIL & GAS, LLC",Bakken,73.125114,0.053456973,-522668.441158826,251254.92,6.441093514,237045.39096,14933902.582074212,63.00018119565218,42.4683961608147,Marginal
33-053-05501-0000,GOOD VOICE 34-27HD,"WPX ENERGY WILLISTON, LLC",Bakken,49.706837,0.091316409,-299617.019095587,843028.31,9.921314910000001,645653.6405,40676296.34113247,63.00018119565218,18.60506417827806,Economic
33-053-05506-0000,JOHNSON 34-8-2H,WHITING OIL AND GAS CORPORATION,Bakken,86.90464,0.026141496,-1406854.81283384,305259.06,7.876744219,238482.69303,15024452.872917097,63.00018119565218,47.9066461610951,Uneconomic
33-053-05515-0000,HAGEN BANKS 5298 #42-31 4T2,OASIS PETROLEUM NORTH AMERICA LLC,Three Forks,95.780853,-0.013721557,-2725749.49697142,294844.16,8.07957682,220576.3449,13896349.69617467,63.00018119565218,55.35861849116179,Uneconomic
33-053-05536-0000,ASBECK 44-7HU,WHITING OIL AND GAS CORPORATION,Bakken,128.83031,-0.050196759,-3060564.97306001,179201.59,7.7339024819999995,150395.57391,9474948.4073541,63.00018119565218,52.12414395495117,Uneconomic
33-053-05538-0000,MCCOY 44X-36C,XTO ENERGY INC,Bakken,63.51181,0.10283139,69679.856189772,506372.34,10.38193801,397464.3081,25040323.429104526,63.00018119565218,20.205724777441567,Marginal
33-053-05539-0000,USA 153-95-4B-8-2HS,"PETRO-HUNT, L.L.C.",Bakken,42.136082,0.23076275,2402172.59191003,747337.63,8.184030886999999,705502.7929700001,44446803.79114869,63.00018119565218,17.66933864784935,Economic
33-053-05555-0000,TALON 3-9-4H,"EMERALD OIL, INC",Bakken,134.48705,-0.14976789,-6070225.63062319,290161.66,10.21289859,243902.83481,15365922.787163222,63.00018119565218,65.15035715414747,Uneconomic
33-053-05566-0000,POLK FEDERAL 3-33H1,"CONTINENTAL RESOURCES, INC.",Three Forks,54.492382,0.061575856,-817423.387948107,331219.63,7.50853189,288169.82996999996,18154751.503230277,63.00018119565218,53.1227525323378,Economic
33-053-05577-0000,SHERVEN TRUST 153-95-27D-5H,"PETRO-HUNT, L.L.C.",Bakken,85.319252,-0.036925472,-2199981.39838639,100278.94,5.878450518,170802.77396,10760605.70820002,63.00018119565218,17.383121535064607,Uneconomic
33-053-05589-0000,KOALA 4-4-6-4H,KODIAK OIL & GAS (USA) INC.,Bakken,77.127769,0.036947507,-1200335.69509375,326877.97,7.561597030000001,275862.59494,17379393.466322802,63.00018119565218,39.039473475238225,Marginal
33-053-05609-0000,KALE BAD BRAVE 19-18HW,"WPX ENERGY WILLISTON, LLC",Three Forks,73.244698,0.0088598616,-3147148.8272015,464162.59,9.465695400000001,322804.2129,20336723.903419882,63.00018119565218,35.84222388791717,Marginal
33-053-05638-0000,SAND CREEK STATE  153-96-16-4H,NEWFIELD PRODUCTION COMPANY,Bakken,64.748405,0.023177048,-1179169.38523023,188672.08,5.023070167,200589.92689,12637201.740092624,63.00018119565218,19.623507630035874,Marginal
33-053-05650-0000,ROLFSRUD 3-11H1,"CONTINENTAL RESOURCES, INC.",Three Forks,93.113708,0.012399347,-2060088.7741602,235235.72,9.05943677,196570.09902999998,12383951.856537292,63.00018119565218,41.57577992394336,Uneconomic
33-053-05654-0000,MCCABE  150-101-24-13-3H,TRIANGLE USA PETROLEUM CORPORATION,Bakken,109.32566,-0.021942062,-3421178.9376866,294600.72,8.7197277,214643.79505000002,13522597.980672432,63.00018119565218,49.74705461293443,Uneconomic
33-053-05662-0000,SNAPPER 152-94-33C-28H,ENERPLUS RESOURCES USA CORPORATION,Bakken,52.983131,0.077975653,-788804.447150954,484081.5,11.20777378,685320.321,43175304.40006252,63.00018119565218,16.715270852046093,Economic
33-053-05664-0000,VICEROY  152-94-32D-29H TF,ENERPLUS RESOURCES USA CORPORATION,Three Forks,55.347187,0.072006777,-687881.151874601,711761.81,11.0200073,626007.48783,39438585.16312503,63.00018119565218,19.068876902867952,Economic
33-053-05683-0000,THOMPSON FEDERAL 41X-17-TF2,XTO ENERGY INC,Three Forks,45.531803,0.11359917,365848.116291275,197478.97,7.223102019000001,429898.15390000003,27083661.59137637,63.00018119565218,10.540232895829888,Economic
33-053-05703-0000,FLECK 150-100-12-1-4H,NEWFIELD PRODUCTION COMPANY,Bakken,97.174797,-0.031254843,-2719097.13202296,255775.13,7.859789542,234253.56,14758016.72572658,63.00018119565218,36.05247804688318,Uneconomic
33-053-05704-0000,FLECK 150-100-12-1-3H,NEWFIELD PRODUCTION COMPANY,Bakken,76.681068,0.028231306,-1891283.41079339,100730.81,7.545755492,283766.04848,17877312.47141422,63.00018119565218,34.03689622442989,Marginal
33-053-05713-0000,TRACY 13-35H,SM ENERGY COMPANY,Bakken,81.377785,-0.0038268273,-2516705.41207862,340236.63,8.093295789999999,273456.89113,17227833.690389734,63.00018119565218,40.80326367638494,Uneconomic
33-053-05717-0000,TAT 1-33-28BH,QEP ENERGY COMPANY,Bakken,67.960991,0.048342574,-1616556.34171341,561091.13,11.55891035,454846.54390000005,28655414.681916166,63.00018119565218,29.22984445820363,Marginal
33-053-05725-0000,HA-MOGEN- 152-95-0805H-9,"HESS BAKKEN INVESTMENTS II, LLC",Three Forks,65.747574,0.067380622,-610685.424437854,296159.91,7.387402819,241067.14588999999,15187273.871388718,63.00018119565218,20.79412845639007,Marginal
33-053-05733-0000,TAT 33-28-34-27LL,QEP ENERGY COMPANY,Three Forks,80.580261,0.017342022,-2952451.43013737,469689.34,11.53376384,359126.89639999997,22625059.545432206,63.00018119565218,37.84741469327062,Uneconomic
33-053-05735-0000,MASTON 34-27 #7TFH,STATOIL OIL & GAS LP,Three Forks,62.544781,0.0083059724,-1989043.18866241,465987.19,7.28064283,367054.52419,23124501.532653898,63.00018119565218,40.79436519158615,Economic
33-053-05740-0000,BLUE ANGEL 150-99-5-8-5HLW,NEWFIELD PRODUCTION COMPANY,Bakken,75.059044,0.035473432,-1561176.24492313,395696.63,7.7441246910000014,305690.005,19258525.70469982,63.00018119565218,28.126718971137844,Marginal
33-053-05742-0000,LANGWALD 24-9HU,WHITING OIL AND GAS CORPORATION,Bakken,147.81602,-0.061859027,-3647464.39876797,42801.289,6.9798239849999995,120190.05498,7571995.241655398,63.00018119565218,58.71886234462287,Uneconomic
33-053-05777-0000,PAULSON 36-1 3TFH,STATOIL OIL & GAS LP,Three Forks,100.25919,-0.020272644,-3122693.70538257,262957.47,6.4171209000000005,166584.53303,10494855.765283106,63.00018119565218,76.75165215355791,Uneconomic
33-053-05785-0000,USA 153-95-22D-15-4H,"PETRO-HUNT, L.L.C.",Bakken,,,,503958.94,5.84359718,817936.9106,51530173.57441196,63.00018119565218,10.736947230212833,Unknown
33-053-05794-0000,SORENSON 152-96-24C-13-2HR,"PETRO-HUNT, L.L.C.",Three Forks,60.437752,0.078242004,-516193.344960327,497592.63,8.808671149999999,417473.17504999996,26300885.67247422,63.00018119565218,27.120570874878574,Economic
33-053-05811-0000,MOBERG 3-18TH,QEP ENERGY COMPANY,Three Forks,70.382385,0.051767528,-824955.700235186,355433.75,8.22727957,309773.60508,19515793.2496704,63.00018119565218,17.837079454409846,Marginal
33-053-05813-0000,HA-SWENSON- LW-152-95-1819H-1,"HESS BAKKEN INVESTMENTS II, LLC",Bakken,38.216774,0.17154363,1292398.56929263,529546.94,6.24866421,362378.4029,22829905.04409105,63.00018119565218,11.644418701269105,Economic
33-053-05815-0000,HA-SWENSON- 152-95-1819H-7,"HESS BAKKEN INVESTMENTS II, LLC",Three Forks,39.758312,0.16456209,1080377.33532524,459729.78,6.4415633969999995,352085.74511,22181465.73833621,63.00018119565218,19.435557209510637,Economic
33-053-05869-0000,PAULSON  150-101-23-14-4H,TRIANGLE USA PETROLEUM CORPORATION,Bakken,83.032951,-0.0072299992,-3142786.61897496,385033.47,8.004550255,285928.31510999997,18013535.66089753,63.00018119565218,51.476822289509286,Uneconomic
33-053-05886-0000,GUNDER T. 31-30-2H,WHITING OIL AND GAS CORPORATION,Bakken,82.931046,0.0083860848,-1877445.07492886,299166.44,7.451571329999999,249420.30212,15713524.227434311,63.00018119565218,56.74272127133692,Uneconomic
33-053-05896-0000,SHENANDOAH 24-36TFH,BURLINGTON RESOURCES OIL & GAS COMPANY LP,Three Forks,70.14489,0.014129173,-1935765.14329202,303888.97,7.210040302,236629.93904,14907729.03583613,63.00018119565218,28.25589849914219,Marginal
33-053-05903-0000,OMLID 41X-13D,XTO ENERGY INC,Bakken,53.873508,0.070972666,-851280.859551596,534599.38,8.81095891,367843.2641,23174192.28990014,63.00018119565218,30.726741440382792,Economic
33-053-05904-0000,OMLID 41X-13G,XTO ENERGY INC,Three Forks,93.142769,-0.029065488,-3518347.61088315,254717.53,9.10751168,207609.15795,13079414.568726772,63.00018119565218,43.18089138494142,Uneconomic
33-053-05916-0000,STENEHJEM 27-34-4H,ABRAXAS PETROLEUM CORP.,Three Forks,77.897629,-0.013352827,-2556185.12052215,163031.5,8.644007760000001,244531.413,15405523.327028858,63.00018119565218,52.1433489993402,Marginal
33-053-05919-0000,SALERS FEDERAL  4-27H1,"CONTINENTAL RESOURCES, INC.",Three Forks,24.985512,0.44107482,5249682.53717142,748793.44,6.933439701999999,702628.7486,44265738.47507435,63.00018119565218,19.277577699176074,Economic
33-053-05921-0000,SALERS FEDERAL  6-27H1,"CONTINENTAL RESOURCES, INC.",Three Forks,20.225451,0.54199076,8253234.01355089,1128945.0,6.91489316,917780.6597,57820347.85896519,63.00018119565218,15.346043578837945,Economic
33-053-05942-0000,LUNDIN FEDERAL 31X-9G,XTO ENERGY INC,Three Forks,68.753998,0.031694215,-2168462.62367709,378388.88,8.36726337,266619.59999,16797083.109682307,63.00018119565218,45.04689632692605,Marginal
33-053-05962-0000,USA 153-96-24D-13-6H,"PETRO-HUNT, L.L.C.",Bakken,36.688976,0.18101028,1712587.04957161,650761.63,6.734217772999999,454837.5212,28654846.25018129,63.00018119565218,23.265064622562274,Economic
33-053-05963-0000,STATE 152-102-36-25-8H,TRIANGLE USA PETROLEUM CORPORATION,Bakken,96.921608,-0.034216065,-3282121.29412228,283769.28,8.017707348,237135.22406,14939562.08365158,63.00018119565218,59.39077495941899,Uneconomic
33-053-05964-0000,STATE 152-102-36-25-7H,TRIANGLE USA PETROLEUM CORPORATION,Bakken,102.94893,-0.041594647,-3454686.55621007,258070.31,8.043205358,218757.37188,13781754.066324666,63.00018119565218,62.12343611328585,Uneconomic
33-053-05978-0000,TARPON FEDERAL 24-20-2RTF,WHITING OIL AND GAS CORPORATION,Three Forks,98.114799,-0.014993797,-2417493.43886885,226483.81,6.840002773,184642.26995,11632496.463226523,63.00018119565218,43.80535454428973,Uneconomic
33-053-05981-0000,BRITT 151-102-4-9-1H,TRIANGLE USA PETROLEUM CORPORATION,Bakken,81.699104,-0.00063196232,-3006349.18660631,399865.63,8.175287158,293935.57032,18517994.190007363,63.00018119565218,62.12807721272855,Uneconomic
33-053-05993-0000,BW-NORGARD- 149-100-1102H-3,"HESS BAKKEN INVESTMENTS II, LLC",Bakken,66.151199,0.052566674,-1223505.77384659,336694.41,7.959327865000001,257268.77314,16207979.323803136,63.00018119565218,30.32285263668269,Marginal
33-053-05994-0000,BW-ARNEGARD STATE- 151-100-3625H-6,"HESS BAKKEN INVESTMENTS II, LLC",Bakken,44.597603,0.11501123,253761.769103532,362369.34,6.097122442,289486.90294,18237727.338988177,63.00018119565218,31.11520583094239,Economic
33-053-06016-0000,SYVERSON 150-99-36-25-10H,NEWFIELD PRODUCTION COMPANY,Three Forks,117.95274,-0.023423478,-3252411.40832853,213219.41,7.382981347,164855.82908,10385947.103199465,63.00018119565218,53.23793788946662,Uneconomic
33-053-06035-0000,STATE 3-16-21TH,QEP ENERGY COMPANY,Three Forks,56.41106,0.0076604178,-1152937.67131947,388734.0,8.20030992,383281.63306,24146812.33174547,63.00018119565218,24.432544957715415,Economic
33-053-06036-0000,STATE 16-21-17-20LL,QEP ENERGY COMPANY,Bakken,45.827423,0.11119612,204218.094577602,627315.0,8.19252584,515950.0849,32504948.836612128,63.00018119565218,17.00593811870886,Economic
33-053-06043-0000,HARLEY 11-2MBH-R,BURLINGTON RESOURCES OIL & GAS COMPANY LP,Bakken,45.980637,0.10700366,136465.500185403,537243.19,7.1650361799999995,433007.61118,27279557.963436507,63.00018119565218,35.86626944790138,Economic
33-053-06046-0000,DURHAM 6-2H1,"CONTINENTAL RESOURCES, INC.",Three Forks,51.413868,0.079481356,-451070.374541178,370684.41,7.671207109999999,298079.95407,18779091.11720168,63.00018119565218,49.42636770086269,Economic
33-053-06047-0000,UHLMAN 1-7H,"CONTINENTAL RESOURCES, INC.",Bakken,35.442982,0.19980848,2500446.9264006,633423.31,8.807934939999999,580647.38105,36580890.216930896,63.00018119565218,45.1179997653916,Economic
33-053-06055-0000,KLINE FEDERAL  5300 31-18 8B,OASIS PETROLEUM NORTH AMERICA LLC,Bakken,94.89946,-0.083449326,-3213476.61471436,203566.13,6.9866936,190784.14497999998,12019435.702997575,63.00018119565218,62.19844101626914,Uneconomic
33-053-06066-0000,RANGER 21X-18A,XTO ENERGY INC,Bakken,56.209743,0.053366441,-1174929.99590635,441417.25,8.23483819,340317.08087,21440037.758785415,63.00018119565218,32.40314823003113,Economic
33-053-06085-0000,FLORIDA FEDERAL 4-11H1,"CONTINENTAL RESOURCES, INC.",Three Forks,34.291519,0.32759196,3280827.84414006,249951.61,9.750872020000001,593047.5042,37362100.222229294,63.00018119565218,53.55297162774203,Economic
33-053-06099-0000,SIMPSON 151-102-5-8-2H,TRIANGLE USA PETROLEUM CORPORATION,Bakken,82.063255,-0.037855346,-2816752.32558177,289312.44,7.316399436000001,250087.30312,15755545.41129199,63.00018119565218,66.44084290055554,Uneconomic
33-053-06105-0000,SKEDSVOLD 21-4H,WHITING OIL AND GAS CORPORATION,Bakken,69.160591,0.011435897,-1758117.0243947,316972.09,6.257134928000001,242612.45922000002,15284628.891182777,63.00018119565218,50.51941148494621,Marginal
33-053-06120-0000,BB-BELQUIST- 150-95-1110H-10,"HESS BAKKEN INVESTMENTS II, LLC",Bakken,28.404772,0.19737159,4224469.26500762,1231667.4,8.308600230000001,640001.7216,40320224.426329345,63.00018119565218,14.904785593281101,Economic
33-053-06142-0000,JOHNSON FEDERAL 11X-5A,XTO ENERGY INC,Bakken,52.930908,0.07307592,-617749.675600772,443516.25,8.115822948,370083.95402,23315356.16086341,63.00018119565218,40.78011987715449,Economic
33-053-06146-0000,MRACHEK 21-26-3HR,WHITING OIL AND GAS CORPORATION,Bakken,78.864265,0.0012680375,-2223912.43991735,297080.94,6.558087357,235051.87496,14808310.71285778,63.00018119565218,53.50615994384437,Uneconomic
33-053-06162-0000,BW-HEIDI HO- 149-99-3526H-4,"HESS BAKKEN INVESTMENTS II, LLC",Bakken,66.827507,0.022585098,-1551652.52316457,247526.75,6.539308732,194232.20216,12236663.930110544,63.00018119565218,68.93364394182267,Marginal
33-053-06164-0000,AMUNDSON 34X-22A,XTO ENERGY INC,Bakken,59.943008,0.046831317,-1449537.71047891,424248.09,8.458515902999999,323188.00936,20360903.149942134,63.00018119565218,27.40855484082056,Economic
33-053-06175-0000,MILES 3-6H,"CONTINENTAL RESOURCES, INC.",Bakken,46.743084,0.098203592,-35761.742793766,413280.53,7.63290168,361932.16787999996,22801792.156975202,63.00018119565218,37.409717702292056,Economic
33-053-06183-0000,BW-ERLER- LE-149-99-1522H-1,"HESS BAKKEN INVESTMENTS II, LLC",Bakken,42.447559,0.14021632,600369.144738764,333754.91,5.381423638000001,256664.42617,16169905.35518809,63.00018119565218,45.008464818810175,Economic
33-053-06191-0000,J GARVIN JACOBSON 150-101-8-5-5H,TRIANGLE USA PETROLEUM CORPORATION,Bakken,86.247704,-0.040204633,-2038986.7607933,196381.48,5.376301067,165422.91009999998,10421673.31021208,63.00018119565218,61.81742665158655,Uneconomic
33-053-06210-0000,ORA 32-24MBH,BURLINGTON RESOURCES OIL & GAS COMPANY LP,Bakken,66.08799,0.033860885,-2488437.62250921,497388.47,8.672938967999999,336546.5686,21202494.80257499,63.00018119565218,23.44595358396883,Marginal
33-053-06218-0000,ERNESTINE USA 11-14TFH-2B,MARATHON OIL COMPANY,Three Forks,40.65826,0.1602076,1182767.24463518,609133.38,7.853942367,502177.369,31637265.23935589,63.00018119565218,37.503000740978756,Economic
33-053-06238-0000,JONES 15-22-16-21LL,QEP ENERGY COMPANY,Three Forks,38.461437,0.20260888,1739712.18254964,739866.75,7.65050158,641583.18827,40419857.11309423,63.00018119565218,16.146857920359704,Economic
33-053-06293-0000,MOBERG 20-17-19-18LL,QEP ENERGY COMPANY,Three Forks,39.337505,0.16033848,1423916.88711168,894146.5,8.189024360000001,637645.8104000001,40171801.59384848,63.00018119565218,18.43633605942528,Economic
33-053-06295-0000,REMINGTETON 8-8-10MBH ULW,BURLINGTON RESOURCES OIL & GAS COMPANY LP,Bakken,44.717186,0.1053039,126269.958895435,581809.31,6.954384963000001,423771.9235,26697707.96613005,63.00018119565218,32.92836966069494,Economic
33-053-06298-0000,TETON 6-8-10MBH,BURLINGTON RESOURCES OIL & GAS COMPANY LP,Bakken,62.898804,0.0017188967,-1781901.07328837,334403.69,7.492281738,307251.45797,19356897.52473831,63.00018119565218,26.146883699520885,Economic
33-053-06302-0000,RITA 44X-34C,XTO ENERGY INC,Bakken,61.922943,0.038955104,-1512315.22538815,348526.13,7.1628866360000005,274852.82180000003,17315777.575536303,63.00018119565218,33.872037773247705,Economic
33-053-06304-0000,RITA 44X-34BXC,XTO ENERGY INC,Bakken,62.177998,0.024312507,-1352987.65419726,301335.25,7.0796452500000004,253281.438,15956776.487495344,63.00018119565218,44.167410248287894,Economic
33-053-06338-0000,AIDEN 3-3-13UTFH,BURLINGTON RESOURCES OIL & GAS COMPANY LP,Three Forks,38.414009,0.14705716,1460856.29614791,95762.164,7.89445877,584976.5437,36853628.24830635,63.00018119565218,27.435548458646252,Economic
33-053-06348-0000,CHERYL 17-20 #8TFH,STATOIL OIL & GAS LP,Three Forks,55.127258,0.054637399,-937706.521899695,351780.19,7.124534059,421566.3479,26558756.303689346,63.00018119565218,41.56512358041264,Economic
33-053-06355-0000,OLSON 152-96-30-31-3H,NEWFIELD PRODUCTION COMPANY,Bakken,54.027317,0.073769212,-643293.72214367,420221.69,6.352578017000001,315065.25724,19849168.294574767,63.00018119565218,27.090042629301514,Economic
33-053-06358-0000,MOBERG FEDERAL  149-95-29-32-13HLW,NEWFIELD PRODUCTION COMPANY,Three Forks,63.883911,0.019771321,-1660514.4133031,348810.75,6.749808722999999,290151.89807,18279622.152672403,63.00018119565218,36.95966612052815,Marginal
33-053-06400-0000,STEN-RAV 1H,ABRAXAS PETROLEUM CORP.,Three Forks,57.616032,0.049028985,-1275157.15276345,409637.84,7.5590321099999995,295242.1582,18600309.463195406,63.00018119565218,40.52635058413927,Economic
33-053-06407-0000,MORGAN 14-21MBH,BURLINGTON RESOURCES OIL & GAS COMPANY LP,Bakken,53.683231,0.051680204,-862487.376351031,372794.19,6.425705195000001,328127.83389,20672112.99040686,63.00018119565218,22.123499266476948,Economic
33-053-06419-0000,JOHNSRUD FEDERAL 34X-14A,XTO ENERGY INC,Bakken,35.96109,0.21757331,1796151.48227229,622322.0,6.26287715,482325.6743,30386604.87621512,63.00018119565218,26.791869258656575,Economic
33-053-06442-0000,PAULSON 36-1  #4H,STATOIL OIL & GAS LP,Bakken,87.63913,-0.018145179,-2836119.5918391,320705.38,7.823407629999999,200673.61430000002,12642474.06208642,63.00018119565218,63.06160209337585,Uneconomic
33-053-06445-0000,HOLSTEIN FEDERAL 7-25H2,"CONTINENTAL RESOURCES, INC.",Three Forks,30.44179,0.50280756,4517409.80617019,578916.56,7.60802033,518572.51506,32670162.41186507,63.00018119565218,42.02619397557561,Economic
33-053-06515-0000,SHIRLEY MOEN 44-34-3H,WHITING OIL AND GAS CORPORATION,Bakken,75.600533,0.00014738322,-1882394.40961994,121241.5,5.881056294000001,207563.1139,13076513.785233792,63.00018119565218,46.75645122048499,Marginal
33-053-06520-0000,VERONICA USA 14-22TFH,MARATHON OIL COMPANY,Three Forks,38.552559,0.24211316,2443071.20784075,549617.56,7.61712842,431124.1929,27160902.270529304,63.00018119565218,40.93826619861286,Economic
33-053-06528-0000,SYRACUSE 5-23H,"CONTINENTAL RESOURCES, INC.",Bakken,37.151295,0.29117185,3147550.26636587,339616.59,8.533912039999999,450313.63896,28369840.8493535,63.00018119565218,51.19052073968058,Economic
33-053-06534-0000,AN-PROSSER- 152-95-1102H-7,"HESS BAKKEN INVESTMENTS II, LLC",Three Forks,47.399342,0.10297244,60661.259543081,323286.25,5.464420192,237859.88595999999,14985215.914657164,63.00018119565218,35.10225776042311,Economic
33-053-06579-0000,FORT BERTHOLD 152-93-7C-6-13H,"HRC OPERATING, LLC",Bakken,28.736349,0.35978317,4178490.46804648,778122.69,5.63033693,549701.9861999999,34631324.73420989,63.00018119565218,33.491105919206284,Economic
33-053-06586-0000,FORT BERTHOLD 152-93-7C-6-6H,"HRC OPERATING, LLC",Three Forks,41.350975,0.19470164,1084555.54122491,374406.78,6.00477748,342745.75093,21593044.412629873,63.00018119565218,53.612846119133636,Economic
33-053-06592-0000,TOBACCO GARDEN 11X-17E,XTO ENERGY INC,Three Forks,69.130119,0.0092094354,-1632928.34661579,247737.16,6.487338959,204363.69114,12874949.5716323,63.00018119565218,46.03784414021167,Marginal
33-053-06596-0000,STENEHJEM  14X-9HB,SM ENERGY COMPANY,Three Forks,82.267395,-0.029957382,-2206409.3828637,232752.73,5.87937033,180120.7419,11347639.3767953,63.00018119565218,64.25017730530065,Uneconomic
33-053-06606-0000,DAILEY 7-12-13BH,QEP ENERGY COMPANY,Bakken,68.193832,-0.0058642901,-1998676.90130236,314648.94,7.343407461,282835.76300000004,17818704.31761054,63.00018119565218,46.0507625257375,Marginal
33-053-06629-0000,THOMPSON 153-95-8D-6-3H,"PETRO-HUNT, L.L.C.",Three Forks,25.608646,0.32018587,6252192.38719244,489376.78,7.209507620000001,854086.7023,53807617.00169704,63.00018119565218,16.61465045294083,Economic
33-053-06636-0000,JOHNSRUD 151-98-30-31-4H,NEWFIELD PRODUCTION COMPANY,Bakken,48.795853,0.092406593,-173154.27834617,527379.75,5.8931292310000005,375636.9421,23665195.416080706,63.00018119565218,30.718059445606567,Economic
33-053-06638-0000,KIRKLAND 6-7-1-12BHD,QEP ENERGY COMPANY,Bakken,52.64043,0.059301358,-760939.690015518,463452.84,7.363862093,391292.70707999996,24651511.44657725,63.00018119565218,25.734944187804693,Economic
33-053-06663-0000,BB-EIDE- 151-95-3328H-7,"HESS BAKKEN INVESTMENTS II, LLC",Three Forks,37.62233,0.2632938,1642564.24341659,403981.06,5.2826244639999995,275785.51307,17374537.294545904,63.00018119565218,30.661602030612734,Economic
33-053-06665-0000,CHERRY STATE 31-16HU,WHITING OIL AND GAS CORPORATION,Bakken,70.147079,0.012288383,-1689980.8840667,293903.66,5.919976534,233132.72414,14687403.863455996,63.00018119565218,44.14038930063805,Marginal
33-053-06667-0000,HIDATSA 3W-2H-TF,"MISSOURI RIVER RESOURCES ND, LLC",Three Forks,79.222122,-0.011092082,-1848232.70607332,194071.72,5.156988782,160032.88102,10082100.501522247,63.00018119565218,44.103057098783566,Uneconomic
33-053-06709-0000,EMMA OWNER 23-14HA,"WPX ENERGY WILLISTON, LLC",Bakken,30.335699,0.54287958,4174829.95860124,315287.13,5.17027644,707352.9062,44563361.25987116,63.00018119565218,29.02986253813981,Economic
33-053-06725-0000,TOBACCO GARDEN 24X-32E,XTO ENERGY INC,Three Forks,75.173569,0.017730473,-1777752.35609356,257744.83,7.532207690000001,195967.15115,12345966.030845758,63.00018119565218,69.43935110760727,Marginal
33-053-06735-0000,SKAAR FEDERAL 153-96-28-21-12H,NEWFIELD PRODUCTION COMPANY,Three Forks,59.089748,0.054338273,-1139603.21703055,376197.53,6.219633190000001,269162.80197000003,16957305.29523945,63.00018119565218,36.87548616897872,Economic
33-053-06765-0000,ANDERSMADSON 5201 14-25 13BX,OASIS PETROLEUM NORTH AMERICA LLC,Bakken,68.790848,-0.041221306,-2067712.19267841,287162.72,6.404326760000001,250404.29002000001,15775515.64342864,63.00018119565218,62.000670771909896,Marginal
33-053-06796-0000,ANDERSMADSON 5201 43-24 8T,OASIS PETROLEUM NORTH AMERICA LLC,Three Forks,110.64859,-0.085744791,-3050897.36921442,147572.17,6.32999397,135613.149,8543652.959512977,63.00018119565218,78.80846369587604,Uneconomic
33-053-06798-0000,ANDERSMADSON 5201 43-24 10T,OASIS PETROLEUM NORTH AMERICA LLC,Three Forks,127.07507,-0.091509916,-3222736.63844202,137751.95,6.3016724,114795.53995,7232139.817302729,63.00018119565218,81.85215846781718,Uneconomic
33-053-06824-0000,GUDMUNSON 3-1-26MBH,BURLINGTON RESOURCES OIL & GAS COMPANY LP,Bakken,30.812017,0.33458659,3431715.90245152,712792.88,5.12967717,524235.8064,33026950.792448837,63.00018119565218,32.3083519658504,Economic
33-053-06861-0000,ANDERSMADSON 5201 42-24 4T,OASIS PETROLEUM NORTH AMERICA LLC,Three Forks,104.68549,-0.081924364,-3118552.01058604,165321.77,6.535425730000001,147166.92606,9271543.007787148,63.00018119565218,76.17713435348531,Uneconomic
33-053-06862-0000,ANDERSMADSON 5201 42-24 5B,OASIS PETROLEUM NORTH AMERICA LLC,Bakken,74.379013,-0.059029799,-2354763.72268753,246608.17,6.561441200000001,228011.27904,14364751.89417241,63.00018119565218,60.385773542734796,Marginal
33-053-06874-0000,TACKLE  149-95-36C-25H TF,ENERPLUS RESOURCES USA CORPORATION,Three Forks,50.671509,0.077697612,-510176.844006842,675266.25,8.23846464,507536.77300000004,31974908.662456594,63.00018119565218,34.252361593847866,Economic
33-053-06877-0000,NORDENG 34X-23EXF,XTO ENERGY INC,Three Forks,150.0,-0.075100921,-3930909.58542047,37819.426,7.415778670000001,53583.00506,3375739.027787548,63.00018119565218,76.06245221078868,Uneconomic
33-053-06893-0000,LEFTY 5200 12-30 9B,OASIS PETROLEUM NORTH AMERICA LLC,Bakken,68.590958,-0.049660284,-1840334.55919944,266469.38,6.08940567,239769.10389,15105496.990189152,63.00018119565218,60.80270604645899,Marginal
33-053-07069-0000,FOREMAN 12-11-1-2T2H,QEP ENERGY COMPANY,Three Forks,80.861061,-0.022532491,-1543331.49343153,182703.52,5.285132036,148629.51696,9363686.49950226,63.00018119565218,44.33195407410342,Uneconomic
33-053-07072-0000,FOREMAN 1-2-1T3H,QEP ENERGY COMPANY,Three Forks,102.91874,-0.045974247,-2075087.09768359,136769.8,5.14668818,109979.76188,6928744.926294681,63.00018119565218,39.5804436973375,Uneconomic
33-053-07088-0000,TAT 5-33-28T2HD,QEP ENERGY COMPANY,Three Forks,74.989235,-0.0065688007,-1708406.41150947,225442.83,5.84722847,196537.48586000002,12381897.220917929,63.00018119565218,59.654782343699544,Marginal
33-053-07125-0000,HA-SWENSON- 152-95-1819H-9,"HESS BAKKEN INVESTMENTS II, LLC",Three Forks,35.314331,0.19446012,1676479.30034443,263956.94,5.185273299,328641.57330000005,20704478.66632421,63.00018119565218,18.057486349134862,Economic
33-053-07144-0000,ERNIE 8-2-11BHD,QEP ENERGY COMPANY,Bakken,59.784542,0.042327251,-770407.345189804,285158.38,5.862031430000001,248344.40599,15645742.576296609,63.00018119565218,45.503061261857304,Economic
33-053-07148-0000,ROLLA FEDERAL 31-3-1TFH,WHITING OIL AND GAS CORPORATION,Three Forks,56.628525,0.080120258,-320657.534294885,426851.91,6.77931346,339996.16221,21419819.825056348,63.00018119565218,29.2778461335137,Economic
33-053-07231-0000,FORT BERTHOLD 152-94-22D-15-10H,"HRC OPERATING, LLC",Three Forks,32.86134,0.39123186,3558659.73232813,561074.25,6.1015234199999995,476822.64213,30039912.852379616,63.00018119565218,45.473120694939354,Economic
33-053-07232-0000,FORT BERTHOLD 152-94-22D-15-11H,"HRC OPERATING, LLC",Bakken,34.131119,0.30481416,2846074.92766283,552334.63,6.051013660000001,445856.71530000004,28089053.851198312,63.00018119565218,37.32234195264315,Economic
33-053-07254-0000,HA-GRIMESTAD- 152-95-3031H-6,"HESS BAKKEN INVESTMENTS II, LLC",Bakken,47.653564,0.10823071,106128.199487878,244480.5,5.035633323,205240.69005,12930200.661870688,63.00018119565218,20.786062527316336,Economic
33-053-07258-0000,RACHEL WOLF  27-34HY,"WPX ENERGY WILLISTON, LLC",Three Forks,44.82114,0.19827196,1274247.05033594,508887.94,5.8588552300000005,385543.6667,24289320.86093613,63.00018119565218,50.50556487014133,Economic
33-053-07260-0000,RACHEL WOLF  27-34HS,"WPX ENERGY WILLISTON, LLC",Three Forks,49.811562,0.17165036,774417.262200886,400549.38,5.9070519599999995,349446.51257,22015193.61009875,63.00018119565218,58.183547007192224,Economic
33-053-07284-0000,NORFOLK 9-1H,"CONTINENTAL RESOURCES, INC.",Bakken,57.772499,0.087192498,-234720.860773921,212159.53,6.4796409399999995,183738.22792,11575541.65152804,63.00018119565218,68.52807114070534,Economic
33-053-07288-0000,SKAAR FEDERAL 153-96-30-2H,NEWFIELD PRODUCTION COMPANY,Bakken,42.577526,0.13459389,370940.119603265,186169.48,4.139829241,265045.85604,16697936.955676742,63.00018119565218,19.949147445852024,Economic
33-053-07317-0000,KDM 6-7-6BHD,QEP ENERGY COMPANY,Bakken,53.611626,0.079218179,-367191.523369139,387070.06,5.642616,280483.08881,17670485.4173462,63.00018119565218,27.20436847973807,Economic
33-053-07357-0000,TOBACCO GARDEN 31X-29D,XTO ENERGY INC,Bakken,36.517433,0.21030079,2181562.53575673,408246.16,6.58432419,460359.50289999996,29002732.097840365,63.00018119565218,41.63729137109519,Economic
33-053-07392-0000,FORLAND  5198 41-33 4T,OASIS PETROLEUM NORTH AMERICA LLC,Three Forks,58.37711,0.073219739,-162618.351373449,265177.97,5.979250840000001,278807.67906,17564934.29951924,63.00018119565218,63.7736468023006,Economic
33-053-07393-0000,FORLAND  5198 41-33 5B,OASIS PETROLEUM NORTH AMERICA LLC,Bakken,58.92799,0.066948287,-205738.938959889,572525.63,5.95810373,290858.22093,18324120.620835036,63.00018119565218,57.11031326604058,Economic
33-053-07424-0000,KDM 3-7-6T3HD,QEP ENERGY COMPANY,Three Forks,61.131512,0.04620913,-1023458.42097103,309317.28,5.737716380000001,235958.57595,14865433.039518056,63.00018119565218,56.4821148063038,Economic
33-053-07476-0000,BB-FEDERAL 151-95-1708H-7,"HESS BAKKEN INVESTMENTS II, LLC",Bakken,24.850281,1.0382814,5747506.27900203,651199.31,5.430749431,523586.327,32986033.472565994,63.00018119565218,12.999994598082438,Economic
33-053-07480-0000,BB-FEDERAL 151-95-1708H-11,"HESS BAKKEN INVESTMENTS II, LLC",Bakken,25.173346,0.76907486,5285689.5157857,656229.31,5.395753096,500833.9719,31552630.978638172,63.00018119565218,19.37078797199282,Economic
33-053-07508-0000,ARDEN USA 14-9TFH,MARATHON OIL COMPANY,Three Forks,39.389366,0.20912254,1657992.68740119,524793.13,7.36503201,415035.91000000003,26147337.532702394,63.00018119565218,40.775141513403256,Economic
33-053-07517-0000,KOALA FEDERAL 31-25TFH,WHITING OIL AND GAS CORPORATION,Three Forks,65.196564,0.038504317,-958716.100829441,306000.75,6.0927608499999995,238818.03889,15045579.722860308,63.00018119565218,52.76626394688385,Marginal
33-053-07520-0000,KOALA 31-25-2H,WHITING OIL AND GAS CORPORATION,Bakken,50.314392,0.12432086,292614.212883611,387856.72,5.857367330000001,323904.65497000003,20406051.953225203,63.00018119565218,46.925556283180754,Economic
33-053-07546-0000,TARENTAISE FEDERAL 5-19H,"CONTINENTAL RESOURCES, INC.",Bakken,34.968838,0.4389011,3612991.59374434,433688.94,7.2823205,384250.65178,24207860.68668745,63.00018119565218,38.28029010200012,Economic
33-053-07548-0000,FORT BERTHOLD 152-93-7C-6-5H,"HRC OPERATING, LLC",Bakken,48.638229,0.11444683,165950.999031333,298834.78,5.704677310000001,267763.67997,16869160.35572462,63.00018119565218,57.795782312158316,Economic
33-053-07549-0000,FORT BERTHOLD 152-93-7C-6-14H,"HRC OPERATING, LLC",Three Forks,47.390003,0.14788926,518283.004764915,301055.34,5.58083355,278408.91207,17539811.906894397,63.00018119565218,55.10336834089248,Economic
33-053-07567-0000,RUBY PARSHALL 31-30HC,"WPX ENERGY WILLISTON, LLC",Bakken,50.3452,0.1845395,1056252.18475398,473437.66,6.96123449,396565.43483,24983694.250222597,63.00018119565218,62.03969145050654,Economic
33-053-07574-0000,OYLOE 5199 14-26 11B,OASIS PETROLEUM NORTH AMERICA LLC,Bakken,42.336487,-0.13372722,2697463.7718817,774491.06,6.74505553,588382.63553,37068212.650765374,63.00018119565218,59.77455713187264,Economic
33-053-07615-0000,HA-LINK- 152-95-3526H-7,"HESS BAKKEN INVESTMENTS II, LLC",Three Forks,57.61301,0.060422398,-562319.977646084,119318.96,5.052648057000001,184170.75704,11602791.064460434,63.00018119565218,19.614616409441766,Economic
33-053-07617-0000,GRIZZLY 24-13HA,"WPX ENERGY WILLISTON, LLC",Bakken,32.273323,0.6418376,4258529.59206725,802338.25,5.6988699700000005,641970.2616000001,40444242.80302024,63.00018119565218,20.89707703939761,Economic
33-053-07630-0000,HEINZ 18-19 #3H,STATOIL OIL & GAS LP,Bakken,94.592918,-0.03666129,-3483755.05215469,296157.5,8.4089235,220865.18708,13914546.805851618,63.00018119565218,61.05276179049692,Uneconomic
33-053-07643-0000,LASSEN  5-1-26UTFH,BURLINGTON RESOURCES OIL & GAS COMPANY LP,Three Forks,31.008871,0.56051707,5362818.11687354,578684.56,5.89200118,577416.6457,36377353.3044857,63.00018119565218,27.33055159104738,Economic
33-053-07649-0000,CHAMELEON STATE 31-16HU,WHITING OIL AND GAS CORPORATION,Bakken,70.846268,0.02722206,-1818559.77394537,306063.16,7.32648361,273232.5291,17213698.841846306,63.00018119565218,52.899594230752136,Marginal
33-053-07653-0000,OYLOE 5199 42-23 4B,OASIS PETROLEUM NORTH AMERICA LLC,Bakken,55.369293,0.10756426,63709.102116874,293012.94,6.776393540000001,358461.38418,22583132.154984288,63.00018119565218,58.80745591846508,Economic
33-053-07655-0000,OYLOE 5199 42-23 6B,OASIS PETROLEUM NORTH AMERICA LLC,Bakken,50.503239,-0.18749353,855923.112992968,325812.22,6.79214644,408938.63119999995,25763207.86350198,63.00018119565218,51.079192791183736,Economic
33-053-07698-0000,HELSINGBORG FEDERAL 153-96-27-22-11H,NEWFIELD PRODUCTION COMPANY,Three Forks,37.719559,0.19223557,2213882.70398518,733494.81,6.788892361,491898.55179999996,30989697.893278897,63.00018119565218,27.276817714795115,Economic
33-053-07708-0000,LOVAAS  5-8-12 UTFH,BURLINGTON RESOURCES OIL & GAS COMPANY LP,Three Forks,35.315731,0.41719085,3943107.49277086,368979.44,6.0478653200000005,504843.3748,31805224.087824546,63.00018119565218,30.539973326790594,Economic
33-053-07709-0000,LOVAAS  6-8-12 MBH,BURLINGTON RESOURCES OIL & GAS COMPANY LP,Bakken,26.696159,0.7537843,8152843.75289881,986633.94,5.90026659,749858.1566999999,47241199.74313774,63.00018119565218,19.406414700274627,Economic
33-053-07712-0000,LILLIBRIDGE 3C MBH,BURLINGTON RESOURCES OIL & GAS COMPANY LP,Bakken,25.009926,1.0080657,10451528.5862852,1389668.5,5.91148654,908374.0882,57227732.15003534,63.00018119565218,18.85895340477026,Economic
33-053-07846-0000,SC-1WX -152-99-0809H-8,"HESS BAKKEN INVESTMENTS II, LLC",Bakken,34.5214,0.38362119,3443584.45633319,162713.53,5.68340119,411918.3652,25950931.64541683,63.00018119565218,34.32647737236231,Economic
33-053-07853-0000,CROFF 22B UTFH,BURLINGTON RESOURCES OIL & GAS COMPANY LP,Three Forks,25.440229,0.56864333,8853907.22124375,543473.81,6.14080081,851627.0332000001,53652657.4027157,63.00018119565218,25.583879888200396,Economic
33-053-07854-0000,MATHISTAD  22B UTFH,BURLINGTON RESOURCES OIL & GAS COMPANY LP,Three Forks,26.994722,0.72229946,8447891.69342558,1051437.4,6.20425771,812198.6448,51168661.789263144,63.00018119565218,27.686075797145126,Economic
33-053-07913-0000,ND LEVANG 8-16-21BHD,QEP ENERGY COMPANY,Bakken,50.301514,0.178974,993309.642797775,411522.63,6.196582377,333873.15787999996,21034069.442804586,63.00018119565218,30.27199088734035,Economic
33-053-07963-0000,GULLY 152-94-16A-21H-TF1,ENERPLUS RESOURCES USA CORPORATION,Three Forks,65.65184,0.020949118,-1503444.42304044,478401.0,8.925067330000001,408493.45579,25735161.732008133,63.00018119565218,30.50391225588231,Marginal
33-053-07977-0000,OTIS 1-28-33T2HD,QEP ENERGY COMPANY,Three Forks,78.092499,0.00055633258,-1703375.5834686,259456.61,7.02553157,221751.90512,13970410.203041071,63.00018119565218,43.834811621081265,Marginal
33-053-04054-0000,TRIANGLE 149-101-1-12-4H,TRIANGLE USA PETROLEUM CORPORATION,Bakken,122.49182,-0.050101165,-4272237.28382714,235719.86,8.4874564,188811.87789,11895182.518961355,63.00018119565218,60.92751443885229,Uneconomic
33-053-04065-0000,FORT BERTHOLD 151-94-26B-35-3H,"PETRO-HUNT, L.L.C.",Bakken,44.583534,0.2304319,3072319.62344052,774026.5,12.46564514,663834.7235,41821707.86446566,63.00018119565218,38.01450532891365,Economic
33-053-04969-0000,FORT BERTHOLD 152-94-11B-14-5H,"G3 OPERATING, LLC",Bakken,51.154938,0.32096398,3517122.67684339,365330.0,12.96604645,568402.23399,35809443.73338349,63.00018119565218,35.396814539868075,Economic
33-053-05153-0000,CAPITOL 24-7MBH,BURLINGTON RESOURCES OIL & GAS COMPANY LP,Bakken,73.827972,0.068174876,-520580.02655657,354198.09,9.582235296999999,314578.17585,19818482.078747734,63.00018119565218,18.55774683986708,Marginal
33-053-05200-0000,MONTPELIER 3-14H1,"CONTINENTAL RESOURCES, INC.",Three Forks,89.848732,-0.0018290805,-2425998.85102495,249243.58,9.11516604,210494.86209,13261214.452423818,63.00018119565218,62.78312674980289,Uneconomic
33-053-05297-0000,WISNESS 14-34-2H,WHITING OIL AND GAS CORPORATION,Bakken,111.18653,-0.021854909,-2555630.20323465,107243.26,7.998566195,184695.67003,11635860.677942386,63.00018119565218,55.19201689425323,Uneconomic
33-053-05460-0000,PATTERSON FEDERAL 7-13H,"CONTINENTAL RESOURCES, INC.",Three Forks,43.336205,0.11409692,267095.880296787,273083.0,6.4511112100000005,322794.83903000003,20336133.34791138,63.00018119565218,49.702006186893854,Economic
33-053-05525-0000,MOBERG 1-22-15BH,QEP ENERGY COMPANY,Bakken,54.782753,0.11179207,407651.622922311,761670.81,10.6968808,578253.4748,36430073.68941549,63.00018119565218,34.975860960385496,Economic
33-053-05544-0000,BW-KRAETSCH- 149-99-1423H-3,HESS CORPORATION,Bakken,72.769096,0.037937526,-1511623.55313433,295079.97,7.732466241,224457.04494,14140834.501860645,63.00018119565218,40.02949190597024,Marginal
33-053-05559-0000,SKAAR FEDERAL 41-3TFH,WHITING OIL AND GAS CORPORATION,Three Forks,46.04459,1.6235654,4575778.5427471,654358.63,7.8187137589999995,580132.3967500001,36548446.112717986,63.00018119565218,18.84471327000933,Economic
33-053-05680-0000,JONSRUD 151-96-4A-10-1HS,"PETRO-HUNT, L.L.C.",Bakken,65.480614,0.02399697,-2128927.33160199,426247.13,8.139255,360353.42693,22702331.19106421,63.00018119565218,22.88877382348516,Marginal
33-053-05696-0000,HAYMAKER 44-22MBH-A,BURLINGTON RESOURCES OIL & GAS COMPANY LP,Bakken,112.29214,-0.026635317,-3737514.16642671,218098.72,8.25706519,171194.87608000002,10785308.212807223,63.00018119565218,37.87921176117598,Uneconomic
33-053-05789-0000,MOBERG 2-20-21TH,QEP ENERGY COMPANY,Three Forks,60.289608,0.062535055,-1252194.97210719,641321.69,11.021124480000001,502117.75529999996,31633509.56545414,63.00018119565218,29.14613934620957,Economic
33-053-05842-0000,NELSON FEDERAL 21X-5B,XTO ENERGY INC,Bakken,44.768269,0.11310899,316014.87824726,570495.0,7.940629350000001,469381.79615,29571138.207390677,63.00018119565218,21.229306924828013,Economic
33-053-05852-0000,LUKE 14-12H,SM ENERGY COMPANY,Bakken,63.266796,0.0048161671,-2037107.11319062,421198.88,7.6173404499999995,343184.03317,21620656.27316471,63.00018119565218,32.785720829362646,Marginal
33-053-05860-0000,NYGAARD 150-101-28-33-3H,TRIANGLE USA PETROLEUM CORPORATION,Bakken,122.42211,-0.048289921,-4102558.88952427,235383.42,8.574906801,190745.31899,12016989.658592476,63.00018119565218,61.60948435094864,Uneconomic
33-053-05958-0000,USA 153-96-24C-13-2H,"PETRO-HUNT, L.L.C.",Three Forks,35.435791,0.20087166,2132606.21258479,678536.5,6.768396749,465504.8909,29326892.4741623,63.00018119565218,29.33221278161597,Economic
33-053-05992-0000,BW-NORGARD- 149-100-1102H-2,"HESS BAKKEN INVESTMENTS II, LLC",Bakken,70.44355,0.0091884658,-1576501.52495933,207502.14,6.001411538,170520.46602,10742820.25682705,63.00018119565218,32.49400180975961,Marginal
33-053-06067-0000,RANGER 21X-18B,XTO ENERGY INC,Bakken,63.862434,0.023649389,-1703613.35775184,345934.03,8.139529566,289160.19997,18217144.99268102,63.00018119565218,36.05157447363897,Marginal
33-053-06330-0000,HEINZ 18-19 4H,STATOIL OIL & GAS LP,Bakken,93.816376,-0.073249474,-3094283.88633077,259070.86,8.33343702,234996.53997,14804824.59846132,63.00018119565218,65.39866464260396,Uneconomic
33-053-06339-0000,SATTER 21X-1C,XTO ENERGY INC,Bakken,64.970261,0.03434949,-1700871.57073808,261628.59,7.845087951,266814.63983,16809370.654942676,63.00018119565218,31.276671341340435,Marginal
33-053-06374-0000,CHERYL 17-20 XW #1TFH,STATOIL OIL & GAS LP,Three Forks,61.462246,0.028591122,-1532968.05054221,480964.06,7.5447962099999994,382134.28024,24074528.89619013,63.00018119565218,48.23139014091187,Economic
33-053-06553-0000,LOVAAS 8-1-1MBH,BURLINGTON RESOURCES OIL & GAS COMPANY LP,Bakken,26.007574,0.67119282,5718084.00059845,271892.66,5.172960300000001,750239.8962000001,47265249.40080729,63.00018119565218,16.206790978542287,Economic
33-053-06726-0000,TOBACCO GARDEN 24X-32AXB,XTO ENERGY INC,Bakken,52.89452,0.10457815,64491.959359293,349688.81,7.1351986499999995,302660.85812,19067688.902391575,63.00018119565218,45.97115683844546,Economic
33-053-06746-0000,ROEN 24X-23A,XTO ENERGY INC,Bakken,,,,102605.26,6.726928419,177663.22676,11192815.47768424,63.00018119565218,62.66082775027522,Unknown
33-053-06752-0000,FORT BERTHOLD 152-93-19D-18-9H,"HRC OPERATING, LLC",Bakken,44.69413,0.11971802,204885.935685066,90974.797,6.0947757199999995,302798.4371,19076356.403060287,63.00018119565218,48.278877052805804,Economic
33-053-06756-0000,STACEY 13-9H,SM ENERGY COMPANY,Bakken,48.606007,0.081174649,-257081.538374666,469199.31,6.07858478,389339.71640000003,24528472.679863837,63.00018119565218,45.616390986638734,Economic
33-053-06900-0000,CHERYL 17-20 XE #1H,STATOIL OIL & GAS LP,Bakken,50.271873,0.081511706,-332578.001975009,506199.88,7.38230081,543589.59301,34246242.85570082,63.00018119565218,39.584212591057366,Economic
33-053-06914-0000,STENEHJEM 12H,ABRAXAS PETROLEUM CORP.,Three Forks,64.855629,0.010606673,-1121808.47744112,173192.83,5.71861541,186244.92495000002,11733464.018620644,63.00018119565218,70.32094924160954,Marginal
33-053-07430-0000,HEREFORD FEDERAL 8-20H2,"CONTINENTAL RESOURCES, INC.",Three Forks,150.0,-0.093542404,-5188886.72349155,27992.568,8.61525547,49366.65295,3110108.0808728775,63.00018119565218,54.29379813406885,Uneconomic
33-053-07485-0000,BB-CHAPIN A- 151-95-0403H-2,"HESS BAKKEN INVESTMENTS II, LLC",Bakken,29.237291,0.40437844,3735608.59954289,601571.81,5.491736335000001,394325.1934,24842558.63421059,63.00018119565218,20.046505370120542,Economic
33-053-07921-0000,IRON WOMAN USA 14-9H,MARATHON OIL COMPANY,Bakken,31.734087,0.52623993,5098955.14963852,336951.84,7.87257715,627159.8074,39511181.50483033,63.00018119565218,23.706138648863188,Economic
33-053-05315-0000,CHERRY STATE 21-16-2H,WHITING OIL AND GAS CORPORATION,Bakken,112.17969,-0.016590945,-2324601.36411464,103771.21,7.809193586999999,175297.88197,11043798.32732405,63.00018119565218,50.695574597652794,Uneconomic
33-053-05318-0000,FLICKA USA 13-16TFH,MARATHON OIL COMPANY,Three Forks,60.743881,0.11860542,415955.246251641,135755.0,10.230938456999999,418065.94992,26338230.59669245,63.00018119565218,37.89888012509754,Economic
33-053-05444-0000,FORT BERTHOLD 152-93-19D-18-6H,"HRC OPERATING, LLC",Bakken,39.424107,0.17526385,991859.169132932,213174.3,6.22624036,338491.14101,21325003.216753054,63.00018119565218,45.14392383515727,Economic
33-053-05834-0000,WAHLSTROM 152-102-34-27-2H,TRIANGLE USA PETROLEUM CORPORATION,Bakken,114.68354,-0.036396563,-3953983.23788932,265178.75,8.61902709,202272.73698,12743219.080680495,63.00018119565218,65.1236305415569,Uneconomic
33-053-05858-0000,GAJEWSKI  31-18TFH,WHITING OIL AND GAS CORPORATION,Three Forks,127.01026,-0.050946008,-3416059.53568617,175488.84,7.32889894,149483.04098,9417458.6674171,63.00018119565218,68.82392837990201,Uneconomic
33-053-06010-0000,CHALMERS 5301 44-24 3BR,OASIS PETROLEUM NORTH AMERICA LLC,Bakken,77.565041,-0.022448828,-2509829.2414982,318412.0,7.65020498,276787.98102,17437692.957038738,63.00018119565218,62.843908368641706,Marginal
33-053-06435-0000,CURTIS MOEN 41-26-3H,WHITING OIL AND GAS CORPORATION,Bakken,81.206619,-0.014376152,-1991096.30673706,141571.14,5.704773091,185532.25309,11688565.5623076,63.00018119565218,49.85333595317357,Uneconomic
33-053-07091-0000,SIMPSON 151-102-5-8-13H,TRIANGLE USA PETROLEUM CORPORATION,Bakken,71.042519,0.016499745,-1481849.39498365,66726.078,7.44035957,290574.12004,18306222.21328719,63.00018119565218,71.84163175738088,Marginal
33-053-04101-0000,ANTELOPE 1-23H2,"CONTINENTAL RESOURCES, INC.",Three Forks,32.212231,0.27106738,4041326.25105172,787711.38,8.94229791,682552.7520999999,43000947.05789106,63.00018119565218,33.868328627085695,Economic
33-053-04151-0000,JORE FEDERAL 2-11-4H,ABRAXAS PETROLEUM CORP.,Bakken,77.17498,0.039124653,-1082707.75125062,134394.11,9.47950844,269550.68193,16981741.80300161,63.00018119565218,28.9486898391032,Marginal
33-053-04189-0000,CORA 20-17 4H,"BRIGHAM OIL & GAS, L.P.",Bakken,61.368435,0.056731235,-915325.303130292,526134.31,6.983984873999999,342242.0615,21561311.88727354,63.00018119565218,46.91164731284262,Economic
33-053-04272-0000,BB-BUDAHN-150-95- 0506H-2,HESS CORPORATION,Three Forks,39.249256,0.48973343,4298592.94714851,622659.06,7.965503287,483270.6577,30446139.001642,63.00018119565218,19.242856810510737,Economic
33-053-04283-0000,RUBY 31-30HA,"WPX ENERGY WILLISTON, LLC",Bakken,81.218422,0.014025998,-2689446.56958405,459479.28,11.20088775,370181.76824999996,23321518.47507692,63.00018119565218,28.73167505788321,Uneconomic
33-053-04361-0000,KOALA 2-2-11-15H3,KODIAK OIL & GAS (USA) INC.,Three Forks,89.354614,0.0011845602,-2213621.12742008,292244.16,7.647711416999999,228162.50306000002,14374279.034833547,63.00018119565218,60.01663002618818,Uneconomic
33-053-04549-0000,TRIANGLE 150-101-36-25-7H,TRIANGLE USA PETROLEUM CORPORATION,Bakken,79.041374,-0.010909768,-2344781.71728971,306158.47,6.405198288000001,228426.20127,14390892.069844514,63.00018119565218,49.31298556511649,Uneconomic
33-053-04595-0000,BB-BUDAHN 150-95-0506H-5,HESS CORPORATION,Three Forks,40.230064,0.53052884,4130600.64086594,259354.28,7.742099521,462703.16971000005,29150383.531532604,63.00018119565218,9.989063956089959,Economic
33-053-04660-0000,YAUCH 03-04-1H,"RESOLUTE NATURAL RESOURCES COMPANY, LLC",Bakken,121.34107,-0.04202674,-4698422.56418557,244202.28,9.906126489999998,194742.16109,12268791.435102887,63.00018119565218,53.47942951160063,Uneconomic
33-053-04747-0000,WAHPETON 5-16H2,"CONTINENTAL RESOURCES, INC.",Three Forks,150.0,-0.066876806,-4639579.37571976,108162.05,9.113841791,87519.90402,5513769.811486088,63.00018119565218,73.51372298893014,Uneconomic
33-053-04829-0000,EDNA 11-2 6H,"BRIGHAM OIL & GAS, L.P.",Bakken,71.150269,0.016094789,-1620385.9859661,374607.59,7.007386429,292765.13502,18444256.554029576,63.00018119565218,58.47621899108567,Marginal
33-053-04873-0000,JEROME 21-15TFH 3SH,BURLINGTON RESOURCES OIL & GAS COMPANY LP,Three Forks,29.503475,0.38625175,3469451.82512814,312438.53,4.690575894,515692.02489999996,32488691.009852774,63.00018119565218,35.219861598017054,Economic
33-053-04896-0000,BULLY FEDERAL 44X-20F,XTO ENERGY INC,Three Forks,91.622734,-0.0032856462,-2541747.03172075,289222.84,9.688119330000001,241060.14792,15186832.998010717,63.00018119565218,41.22507601528927,Uneconomic
33-053-04897-0000,BULLY FEDERAL 44X-20B,XTO ENERGY INC,Bakken,63.758244,0.078307621,-502368.78637912,193105.98,9.8219371,376095.33938,23694074.527780302,63.00018119565218,23.581053699310566,Marginal
33-053-04961-0000,JOHNSON 1-4-9BH,QEP ENERGY COMPANY,Bakken,71.151398,0.065677531,-850069.476308766,512048.84,11.33966945,414722.68281,26127604.162976988,63.00018119565218,28.44608566811983,Marginal
33-053-05021-0000,BW-ERLER 149-99-1522H-3,HESS CORPORATION,Bakken,81.676758,0.022520309,-1888299.13010062,277949.28,8.512828410000001,212281.56708,13373777.190536994,63.00018119565218,49.963162444053836,Uneconomic
33-053-05052-0000,KOALA WOLD 153-97-1-5-29-1H3,KODIAK OIL & GAS (USA) INC.,Three Forks,108.30215,-0.013363263,-2837539.38957851,249927.89,8.14848682,192686.61404000001,12139291.598496698,63.00018119565218,56.805402328259056,Uneconomic
33-053-05067-0000,AKRON 5-34H1,"CONTINENTAL RESOURCES, INC.",Three Forks,61.362846,0.11395202,270185.872795444,411848.81,9.82423518,342647.16604000004,21586833.546696723,63.00018119565218,41.297602446018836,Economic
33-053-05068-0000,RISING SUN 21-1MBH-5NH,BURLINGTON RESOURCES OIL & GAS COMPANY LP,Bakken,54.253178,0.11683434,418898.00222785,622718.5,9.067797567000001,434051.5303,27345325.05715011,63.00018119565218,19.04161387066493,Economic
33-053-05072-0000,DUKE 34X-31F,XTO ENERGY INC,Three Forks,95.030937,0.010418905,-2697936.01252671,320398.16,10.599660620000002,239957.56381000002,15117369.999297272,63.00018119565218,47.81041594677756,Uneconomic
33-053-05083-0000,SKARSTON 1-12 #4H,STATOIL OIL & GAS LP,Bakken,50.892998,0.046869893,-1005785.36683655,651330.5,8.01150325,526024.2472999999,33139622.893206548,63.00018119565218,38.267400855616614,Economic
33-053-05180-0000,TAT 3-35-26BH,QEP ENERGY COMPANY,Bakken,105.36781,-0.028559832,-3715436.56636524,75984.305,11.26565098,254204.58695,16014935.03861592,63.00018119565218,24.53446539535795,Uneconomic
33-053-05223-0000,KOALA 16-32-29-1H,KODIAK OIL & GAS (USA) INC.,Bakken,80.811363,0.030800767,-1174109.69068299,304226.91,7.466336720000001,257585.22796,16227916.034803372,63.00018119565218,46.656718130173694,Uneconomic
33-053-05226-0000,KARST 21-17-1H,WHITING OIL AND GAS CORPORATION,Bakken,141.28928,-0.04778694,-3226990.88192153,165067.25,7.402294825,129666.05696,8168985.083405756,63.00018119565218,57.00913671744776,Uneconomic
33-053-05229-0000,EIDE 150-99-7-6-2H,NEWFIELD PRODUCTION COMPANY,Bakken,86.603722,0.012759505,-1963220.0132977,336893.47,8.260704750999999,265471.34988,16724743.144694377,63.00018119565218,28.188559063257635,Uneconomic
33-053-05230-0000,SCHLOTHAUER 24-8-1H,WHITING OIL AND GAS CORPORATION,Bakken,139.37376,-0.051862936,-3225824.57471011,165598.78,7.690896692,136618.00208,8606958.885627987,63.00018119565218,52.37401306251935,Uneconomic
33-053-05292-0000,TAT 3-33-28BH,QEP ENERGY COMPANY,Bakken,70.971283,0.04899409,-1157533.90556122,464285.56,11.27205313,413080.8322,26024167.277050793,63.00018119565218,25.563488008796,Marginal
33-053-05298-0000,WISNESS 14-34H,WHITING OIL AND GAS CORPORATION,Bakken,95.30735,0.0084874257,-2046775.48641183,287600.72,7.845551798000001,210648.58895,13270899.272458456,63.00018119565218,50.52963018591592,Uneconomic
33-053-05306-0000,BRATCHER 14-36-2H,WHITING OIL AND GAS CORPORATION,Bakken,95.567467,0.0010953064,-2030646.95968071,119832.84,8.000182840999999,218502.92812,13765724.063340563,63.00018119565218,59.31407297577789,Uneconomic
33-053-05317-0000,CHEETAH USA 14-16TFH,MARATHON OIL COMPANY,Three Forks,56.998589,0.13979186,848292.65610162,139794.75,9.637944437,425396.6044,26800063.15721517,63.00018119565218,37.88040500039897,Economic
33-053-05323-0000,HONOLULU 2-22H2,"CONTINENTAL RESOURCES, INC.",Three Forks,82.759666,0.015045638,-2358807.73926151,309400.25,9.47024903,243622.83315999998,15348282.63247814,63.00018119565218,64.76826145095532,Uneconomic
33-053-05328-0000,SEQUOIA 24-9TFH,BURLINGTON RESOURCES OIL & GAS COMPANY LP,Three Forks,66.12529,0.063339919,-853680.621675326,454011.44,9.264485515,345014.7183,21735989.768066894,63.00018119565218,22.986878146862296,Marginal
33-053-05329-0000,HOFFMANN 149-98-11-2-2H,NEWFIELD PRODUCTION COMPANY,Bakken,80.059372,0.023816241,-1805576.53553385,347184.16,7.661707795,284090.317,17897741.446930267,63.00018119565218,42.86510268300485,Uneconomic
33-053-05337-0000,BRIER 5200 11-27 #8T2,OASIS PETROLEUM NORTH AMERICA LLC,Three Forks,81.170952,-0.010481036,-2649049.20790594,184313.61,9.35595475,316498.94891000004,19939491.129563466,63.00018119565218,56.54581772926216,Uneconomic
33-053-05352-0000,JAN 14X-34B,XTO ENERGY INC,Bakken,82.051086,0.014044941,-2637683.37993258,197257.8,10.28919428,281685.27616999997,17746223.438857324,63.00018119565218,33.00931993563635,Uneconomic
33-053-05379-0000,PIRATE  3-2-11H,"EMERALD OIL, INC",Three Forks,150.0,-0.096265338,-6284356.66451809,242055.66,10.55312385,188795.70582,11894163.675621046,63.00018119565218,64.58894505495748,Uneconomic
33-053-05382-0000,STATE  152-102-36-25-5H,TRIANGLE USA PETROLEUM CORPORATION,Bakken,106.19701,-0.036205441,-3076699.13547773,267946.63,8.89946831,225386.60298,14199396.82681252,63.00018119565218,60.71615160469571,Uneconomic
33-053-05390-0000,MANDAREE 28-05H,"EOG RESOURCES, INC.",Bakken,65.559486,0.090950705,-147883.130632198,210270.33,7.00619127,306920.34028999996,19336037.050901223,63.00018119565218,32.87798505424841,Marginal
33-053-05402-0000,BB-BELQUIST- 150-95-1110H-7,HESS CORPORATION,Three Forks,50.395329,0.15383396,1009965.52439833,473373.13,7.714307135,341468.7475,21512592.9651524,63.00018119565218,24.314627422193066,Economic
33-053-05419-0000,HYSTED  5200 14-30 3T2,OASIS PETROLEUM NORTH AMERICA LLC,Three Forks,150.0,-0.078667156,-4107117.87373862,151815.09,8.26081485,131546.027,8287423.536568155,63.00018119565218,60.766729773744366,Uneconomic
33-053-05431-0000,RUBY STATE FEDERAL 34X-36B,XTO ENERGY INC,Bakken,73.100334,0.01904498,-2407042.62880936,277993.75,8.09874903,263232.47004,16583693.309099084,63.00018119565218,32.9548099045669,Marginal
33-053-05454-0000,AN-GUDBRANSON- 153-94-2215H-6,HESS CORPORATION,Three Forks,41.447063,0.13694294,830343.344556598,55199.832,5.8841263,296482.7392,18678466.29098329,63.00018119565218,48.20707983279689,Economic
33-053-05455-0000,AN-GUDBRANSON- 153-94-2215H-7,HESS CORPORATION,Bakken,28.639572,0.80130553,5334755.38007741,308689.75,5.532129111,462121.4284,29113733.723593604,63.00018119565218,20.122604529825562,Economic
33-053-05456-0000,CRATER LAKE 11-14MBH-R,BURLINGTON RESOURCES OIL & GAS COMPANY LP,Bakken,87.242455,0.0041961093,-3545236.62835439,333179.97,9.76721848,256080.14509,16133095.5412789,63.00018119565218,20.593123566684657,Uneconomic
33-053-05462-0000,KUHN  7-13H,"CONTINENTAL RESOURCES, INC.",Bakken,31.466707,0.20361286,2559245.3764309,372813.53,7.298948760000001,508183.6672,32015663.114271007,63.00018119565218,31.81823871498375,Economic
33-053-05469-0000,HA-NELSON- 152-95-3328H-9,HESS CORPORATION,Bakken,54.057152,0.11098263,238315.004820909,399842.53,7.381606699,300428.65293,18927059.5709557,63.00018119565218,6.333134413456801,Economic
33-053-05473-0000,BULL 152-94-18B-19H-TF,ENERPLUS RESOURCES USA CORPORATION,Three Forks,49.62867,0.069641694,-654839.676554203,787820.25,10.78201891,665410.5852,41920987.437104955,63.00018119565218,19.07910260515259,Economic
33-053-05486-0000,HA-NELSON A-LW- 152-95-3427H-1,HESS CORPORATION,Three Forks,75.812149,0.034109555,-1431319.03265126,135141.61,7.441400922000001,202316.05689,12745948.242859876,63.00018119565218,21.42304604813248,Marginal
33-053-05520-0000,NORMAN 21-4MBH,BURLINGTON RESOURCES OIL & GAS COMPANY LP,Bakken,40.544468,0.11197819,568926.042306766,935442.69,8.908145055,635494.9299999999,40036295.7389183,63.00018119565218,28.40977418617909,Economic
33-053-05534-0000,CHERRY CREEK STATE 44X-36D,XTO ENERGY INC,Bakken,70.333733,0.052640468,-1333978.86833355,435931.63,10.297666869999999,346289.61272,21816308.34753222,63.00018119565218,34.59849211269111,Marginal
33-053-05563-0000,COPPER DRAW 21-27TFH,BURLINGTON RESOURCES OIL & GAS COMPANY LP,Three Forks,54.118835,0.071804442,-831309.616439507,569101.81,8.505712346000001,431286.10490000003,27171102.755867057,63.00018119565218,26.829486967977008,Economic
33-053-05573-0000,SLUGGER 6-16-21H,"EMERALD OIL, INC",Three Forks,150.0,-0.1229524,-6457212.23077469,73303.0,9.59202236,144138.38302,9080744.247508315,63.00018119565218,72.59707715242607,Uneconomic
33-053-05606-0000,SOVIG 24-22-5H,WHITING OIL AND GAS CORPORATION,Bakken,75.797066,0.025772693,-1778326.99466616,370362.06,7.738099446,287780.40908,18130217.91659891,63.00018119565218,45.10986706909915,Marginal
33-053-05608-0000,KALE BAD BRAVE 19-18HB,"WPX ENERGY WILLISTON, LLC",Bakken,69.430763,0.013792004,-2888284.16083456,483500.66,9.35477693,346804.1679,21848725.41710738,63.00018119565218,30.758838398429578,Marginal
33-053-05619-0000,BB-BUDAHN A- 150-95-0403H-9,"HESS BAKKEN INVESTMENTS II, LLC",Three Forks,46.438133,0.15389322,924590.754265311,427031.78,7.00320201,351885.15170000005,22168828.31715956,63.00018119565218,18.50476206460514,Economic
33-053-05632-0000,GUY FEDERAL 24X-35B,XTO ENERGY INC,Bakken,50.008179,0.082598627,-366982.319980158,416236.81,6.747163349,325058.11289,20478720.01118676,63.00018119565218,39.08550041721391,Economic
33-053-05636-0000,FLATLAND FEDERAL 11-4TFHU,WHITING OIL AND GAS CORPORATION,Three Forks,39.730892,0.48927313,4490021.27205985,490019.13,7.600301688,699717.3200000001,44082317.94573615,63.00018119565218,17.0670328316817,Economic
33-053-05647-0000,WALTON FEDERAL 41X-19G,XTO ENERGY INC,Three Forks,50.009777,0.16876605,1134215.09835351,549269.31,8.62031118,476425.245,30014876.761182982,63.00018119565218,26.179712243034004,Economic
33-053-05649-0000,WALTON FEDERAL  41X-19D,XTO ENERGY INC,Bakken,40.3633,0.26614091,2653450.31170402,697075.56,7.287762095,528895.9095000001,33320538.13213926,63.00018119565218,15.901818625630002,Economic
33-053-05651-0000,ROLFSRUD 2-11H,"CONTINENTAL RESOURCES, INC.",Bakken,68.443558,0.06982708,-712403.934446456,347610.66,8.97565344,275738.54894999997,17371578.546476208,63.00018119565218,35.795552996912896,Marginal
33-053-05655-0000,MCCABE  150-101-24-13-4H,TRIANGLE USA PETROLEUM CORPORATION,Bakken,94.966583,-0.011153596,-3013949.9782317,75298.93,8.851754289999999,263015.29271,16570011.097957497,63.00018119565218,44.727767146509805,Uneconomic
33-053-05658-0000,SEQUOIA 41-4TFH,BURLINGTON RESOURCES OIL & GAS COMPANY LP,Three Forks,69.104897,0.021584557,-2425362.65588822,428705.66,9.059649561000002,333420.84526,21005573.665787507,63.00018119565218,18.589252886068728,Marginal
33-053-05663-0000,SWALLOW TAIL  152-94-32D-29H,ENERPLUS RESOURCES USA CORPORATION,Three Forks,58.649448,0.061146058,-977409.771005447,666605.38,11.27238172,590215.1259699999,37183659.88052467,63.00018119565218,20.140308988959397,Economic
33-053-05692-0000,HAYMAKER 31-15TFH-A,BURLINGTON RESOURCES OIL & GAS COMPANY LP,Three Forks,114.23647,-0.03273198,-3966603.50968541,151121.03,8.461509492,169716.91308,10692196.276006753,63.00018119565218,47.279280403069905,Uneconomic
33-053-05695-0000,KIRKLAND 22-15-23-14LL,QEP ENERGY COMPANY,Three Forks,82.514107,0.012941903,-2658973.56528588,428725.63,11.178723230000001,347276.67590000003,21878493.50672378,63.00018119565218,37.17572619719209,Uneconomic
33-053-05706-0000,WHITE 5198 12-6 1T2,OASIS PETROLEUM NORTH AMERICA LLC,Three Forks,134.43134,-0.058400281,-4331437.05470286,199210.27,8.10301194,153614.77387,9677758.588139137,63.00018119565218,72.316164199849,Uneconomic
33-053-05708-0000,WHITE 5198 12-6 3T,OASIS PETROLEUM NORTH AMERICA LLC,Three Forks,69.729942,0.018702749,-1232380.89963584,385530.03,8.0763684,348909.82302999997,21981382.071832936,63.00018119565218,67.52199761459403,Marginal
33-053-05720-0000,AN-EVENSON- 152-95-1003H-7,"HESS BAKKEN INVESTMENTS II, LLC",Three Forks,104.24886,-0.026962137,-2681267.24602838,161967.02,7.161816359999999,139880.96804,8812526.332343232,63.00018119565218,34.59562589447005,Uneconomic
33-053-05722-0000,AN-EVENSON- 152-95-1003H-9,"HESS BAKKEN INVESTMENTS II, LLC",Three Forks,64.836983,0.041772623,-1284894.53006972,284038.25,7.075609549999999,234056.99208,14745632.911149327,63.00018119565218,24.335919055077404,Marginal
33-053-05729-0000,MASTON 34-27 #4H,STATOIL OIL & GAS LP,Bakken,60.670849,0.0059117312,-1746527.06306998,345521.44,6.926120039999999,372041.09417,23438656.344938695,63.00018119565218,48.802278053172984,Economic
33-053-05750-0000,VAN DYKE FEDERAL 44X-19B,XTO ENERGY INC,Bakken,35.755775,0.18884632,2001356.90547168,809781.5,7.469081173999999,586510.1683,36950246.875992455,63.00018119565218,22.521791558233133,Economic
33-053-05762-0000,CINCINNATI 2-30H1,"CONTINENTAL RESOURCES, INC.",Three Forks,58.8102,0.044257764,-1614767.44496243,417122.41,8.792396779999999,318985.60474,20096150.897424687,63.00018119565218,69.30852317828493,Economic
33-053-05776-0000,PAULSON 36-1 2H,STATOIL OIL & GAS LP,Bakken,79.743645,-0.00088898564,-2474884.0724924,333743.28,6.47597703,231173.83182,14563993.292353224,63.00018119565218,66.92559457751187,Uneconomic
33-053-05778-0000,PAULSON 36-1 8TFH,STATOIL OIL & GAS LP,Three Forks,115.11777,-0.030883394,-3437764.29512114,216375.08,6.568808149999999,141721.03508,8928450.88927538,63.00018119565218,78.80065284252447,Uneconomic
33-053-05784-0000,USA 153-95-22D-15-5H,"PETRO-HUNT, L.L.C.",Bakken,,,,802814.19,5.822958728000001,654174.064,41213084.56549617,63.00018119565218,18.93945345509211,Unknown
33-053-05787-0000,MOBERG 3-20-21TH,QEP ENERGY COMPANY,Three Forks,60.711964,0.060394563,-1187381.38212039,610106.69,11.00000078,500700.1045,31544197.308181982,63.00018119565218,31.95919544201934,Economic
33-053-05808-0000,LUCY EVANS 29-32HX,"WPX ENERGY WILLISTON, LLC",Three Forks,72.538094,0.011944159,-2600204.90323483,490616.47,10.88834695,425341.37902,26796583.94826857,63.00018119565218,42.041269035097834,Marginal
33-053-05809-0000,MOBERG 1-18BH,QEP ENERGY COMPANY,Bakken,55.762615,0.17371315,961558.932850133,485658.75,8.20548062,418112.6079,26341170.057886675,63.00018119565218,24.86605284907065,Economic
33-053-05810-0000,MOBERG 2-18BH,QEP ENERGY COMPANY,Bakken,56.258202,0.11857206,361368.438594589,522715.0,8.012810745,401174.619,25274073.68809673,63.00018119565218,12.458440795922785,Economic
33-053-05812-0000,MOBERG 4-18BH,QEP ENERGY COMPANY,Bakken,64.487984,0.093585886,-89838.228396163,385861.56,8.207775009999999,349187.622,21998883.4572789,63.00018119565218,17.405337093942663,Marginal
33-053-05816-0000,BW-R PETERSON- 149-99-1102H-5,"HESS BAKKEN INVESTMENTS II, LLC",Bakken,77.747948,0.023334773,-2106374.23847979,97557.695,8.017161494,216784.125,13657439.155340912,63.00018119565218,53.89534934725931,Marginal
33-053-05822-0000,GILBERTSON  34X-26BXC,XTO ENERGY INC,Bakken,70.006355,0.041771401,-1255893.44004975,208540.36,6.920986243000001,233330.76299000002,14699880.346889775,63.00018119565218,15.262073887128413,Marginal
33-053-05830-0000,D ANNUNZIO 4-7-6H,"EMERALD OIL, INC",Three Forks,150.0,-0.12421657,-6736166.07626687,113291.56,9.913766769999999,99873.01000000001,6292017.726555183,63.00018119565218,82.97416995016732,Uneconomic
33-053-05837-0000,HA-ROLFSRUD- 152-96-1720H-2,"HESS BAKKEN INVESTMENTS II, LLC",Bakken,35.558254,0.17697558,1724707.63177302,663784.31,6.306312926,401235.89900000003,25277934.3392004,63.00018119565218,19.570873268650086,Economic
33-053-05854-0000,CALVIN 2-13H,SM ENERGY COMPANY,Bakken,76.292519,-0.00042797107,-2051928.58852867,345039.56,7.9291328,298378.99088,18797930.49041585,63.00018119565218,29.744907727835496,Marginal
33-053-05868-0000,PAULSON 150-101-23-14-3H,TRIANGLE USA PETROLEUM CORPORATION,Bakken,104.79794,-0.034743413,-3858403.91135263,279769.84,7.97533838,213050.71299,13422233.522232888,63.00018119565218,59.66245171766717,Uneconomic
33-053-05894-0000,BW-HEDSTROM- 149-100-1201H-3,"HESS BAKKEN INVESTMENTS II, LLC",Bakken,79.957115,0.02485968,-1871779.8807713,256101.06,7.6196553929999995,195652.89395,12326167.77030372,63.00018119565218,50.49192385175009,Uneconomic
33-053-05895-0000,SHENANDOAH 24-36MBH,BURLINGTON RESOURCES OIL & GAS COMPANY LP,Bakken,47.018051,0.09415058,-135636.452534621,553770.94,7.553386912,404113.5514,25459226.9618185,63.00018119565218,15.613927720752443,Economic
33-053-05901-0000,FORT BERTHOLD 152-93-19D-18-14H,"HRC OPERATING, LLC",Bakken,40.999268,0.15071382,1120699.1941875,577630.69,7.83915821,441513.1159,27815406.30195698,63.00018119565218,40.52206384830786,Economic
33-053-05905-0000,OMLID 41X-13C,XTO ENERGY INC,Bakken,61.507374,0.043044731,-1652017.10036669,234698.94,9.27091581,336003.1423,21168258.847208504,63.00018119565218,28.678280226191227,Economic
33-053-05941-0000,LUNDIN FEDERAL 31X-9D,XTO ENERGY INC,Bakken,51.043877,0.077725448,-830050.634710627,326385.19,8.537986935000001,379984.17929999996,23939072.147381183,63.00018119565218,36.325159967790604,Economic
33-053-05946-0000,GUNDER T. 21-30-2H,WHITING OIL AND GAS CORPORATION,Bakken,78.268394,0.015126376,-1739361.60528344,312526.16,7.098384451,254945.03203,16061583.21282135,63.00018119565218,56.17468275785142,Marginal
33-053-05948-0000,SHENANDOAH 44-36TFH,BURLINGTON RESOURCES OIL & GAS COMPANY LP,Three Forks,48.18026,0.088974491,-262720.588214767,541043.38,7.73491636,409124.6119,25774924.68130088,63.00018119565218,27.563386054897144,Economic
33-053-05955-0000,GOOD SHEPHERD 21-15-2H,WHITING OIL AND GAS CORPORATION,Bakken,81.571884,0.009023373,-2050533.90942747,302942.38,6.951886683,236933.74492,14926868.861324435,63.00018119565218,52.450703262000296,Uneconomic
33-053-05959-0000,USA 153-96-24C-13-3H,"PETRO-HUNT, L.L.C.",Bakken,36.904362,0.24459989,2320303.94173941,572276.38,6.811743633000001,495422.02392,31211677.27527673,63.00018119565218,18.395052462683694,Economic
33-053-05968-0000,HA-DAHL- 152-95-0706H-4,"HESS BAKKEN INVESTMENTS II, LLC",Three Forks,36.55291,0.21858208,1782888.35473707,526290.94,6.6108896370000005,409947.4362,25826762.76129306,63.00018119565218,11.053555232981278,Economic
33-053-06026-0000,KLINE FEDERAL 5300 41-18 10B,OASIS PETROLEUM NORTH AMERICA LLC,Bakken,66.769081,-0.0049889097,-2363999.29730712,397727.97,7.530774790000001,309452.60184,19495569.98738601,63.00018119565218,53.75724964432707,Marginal
33-053-06052-0000,JORE {FEDERAL} 2-12H,"SLAWSON EXPLORATION COMPANY, INC.",Bakken,46.93351,0.14172739,843345.687056636,544465.44,6.136543574,395469.8566,24914672.623218585,63.00018119565218,39.31969312065326,Economic
33-053-06080-0000,JORE FEDERAL 2-11-6H,ABRAXAS PETROLEUM CORP.,Bakken,53.590008,0.064187393,-922038.285436924,459783.06,7.7485235260000005,311994.6385,19655718.757572,63.00018119565218,33.427884538543665,Economic
33-053-06086-0000,ALPHA 4-14H1,"CONTINENTAL RESOURCES, INC.",Three Forks,41.030182,0.18243904,845016.805711032,330389.13,6.031073200000001,289312.00214,18226708.55689691,63.00018119565218,58.42668840560374,Economic
33-053-06087-0000,FLORIDA FEDERAL 5-11H,"CONTINENTAL RESOURCES, INC.",Bakken,47.05619,0.10510514,136727.042893264,177827.89,7.79601975,332307.4885,20935431.988172103,63.00018119565218,38.48509864760723,Economic
33-053-06093-0000,JAMES FEDERAL 16X-35HB,SM ENERGY COMPANY,Three Forks,84.388535,-0.029590646,-3308496.83218028,212885.42,8.215891800000001,249318.05005000002,15707082.328496682,63.00018119565218,54.92685816258558,Uneconomic
33-053-06107-0000,SKEDSVOLD 21-4-4H,WHITING OIL AND GAS CORPORATION,Bakken,71.04998,6.8828856e-05,-1845862.27537848,292502.06,6.310770875999999,238238.27107000002,15009054.245148903,63.00018119565218,47.91709827732476,Marginal
33-053-06114-0000,STENEHJEM  15-9HB,SM ENERGY COMPANY,Bakken,66.205994,-0.004400875,-1611434.14351953,296926.06,6.07389594,242740.14879,15292673.357229572,63.00018119565218,57.76347170667433,Marginal
33-053-06124-0000,FOREMAN 1-2-1TH,QEP ENERGY COMPANY,Three Forks,52.903957,0.049730986,-812270.858822625,459252.53,7.9710734400000005,414556.51098,26117135.307577375,63.00018119565218,41.89561212581379,Economic
33-053-06150-0000,BB-BELQUIST- 150-95-1110H-11,"HESS BAKKEN INVESTMENTS II, LLC",Three Forks,40.980194,0.1378763,720491.357304969,492737.19,6.424264453,352349.4769,22198080.888893265,63.00018119565218,25.702361130533014,Economic
33-053-06178-0000,BW-JOHNSON- 149-99-1003H-4,"HESS BAKKEN INVESTMENTS II, LLC",Bakken,42.891098,0.13045421,452239.293780146,199627.61,5.3551607279999995,247383.54602,15585208.224082962,63.00018119565218,41.055164058508794,Economic
33-053-06179-0000,BW-JOHNSON- 149-99-1003H-5,"HESS BAKKEN INVESTMENTS II, LLC",Bakken,52.389618,0.075682238,-323181.667371855,242130.97,5.3722792120000005,203415.07291,12815186.451256799,63.00018119565218,50.748753192761534,Economic
33-053-06190-0000,J GARVIN JACOBSON 150-101-8-5-6H,TRIANGLE USA PETROLEUM CORPORATION,Bakken,85.849442,-0.037179716,-2050006.72082362,202685.2,5.398330495000001,166068.0161,10462315.105102485,63.00018119565218,63.97813320452921,Uneconomic
33-053-06211-0000,MRACHEK 21-26-5H,WHITING OIL AND GAS CORPORATION,Bakken,61.522148,0.02801187,-1396069.75286506,375610.13,6.429035923,292425.37814,18422851.809027106,63.00018119565218,52.187558171637036,Economic
33-053-06228-0000,SAND CREEK FEDERAL  153-96-21-28-13HLW,NEWFIELD PRODUCTION COMPANY,Three Forks,68.256371,0.021845078,-2048532.06984216,363811.5,7.042688927,288511.322,18176265.56299715,63.00018119565218,22.665700007088745,Marginal
33-053-06231-0000,GRAMMA FEDERAL  5300 41-31 12B,OASIS PETROLEUM NORTH AMERICA LLC,Bakken,71.23452,-0.014519184,-2559252.46895882,364780.59,7.683493069999999,289519.71903,18239794.758604307,63.00018119565218,56.8821063057503,Marginal
33-053-06251-0000,JONES 1-15-22BH,QEP ENERGY COMPANY,Bakken,67.059349,0.0018524014,-2150992.43966739,225827.41,7.553782740000001,287442.84387,18108951.24720356,63.00018119565218,20.952452806281215,Marginal
33-053-06257-0000,JOHNSRUD FEDERAL 34X-14H,XTO ENERGY INC,Three Forks,70.296402,0.028449517,-2092264.07625288,343784.13,6.738792839,219637.55969999998,13837206.058470873,63.00018119565218,45.06802749990623,Marginal
33-053-06260-0000,TAT 5-35-26TH,QEP ENERGY COMPANY,Three Forks,109.35121,-0.047716923,-3523576.67112507,197791.11,7.74331548,159645.05094,10057667.136209121,63.00018119565218,61.605239218538564,Uneconomic
33-053-06269-0000,STATE 31-3-4H,WHITING OIL AND GAS CORPORATION,Bakken,84.517685,-0.026607217,-2165121.1937413,215321.63,5.754893036,177733.285,11197229.15949849,63.00018119565218,54.881358736235306,Uneconomic
33-053-06277-0000,TETON 2-8-10MBH,BURLINGTON RESOURCES OIL & GAS COMPANY LP,Bakken,37.48745,0.15731953,1398736.21249902,745659.06,7.102892077,524904.0562,33069050.650932796,63.00018119565218,15.640397030335937,Economic
33-053-06278-0000,TETON 3-8-10MBH,BURLINGTON RESOURCES OIL & GAS COMPANY LP,Bakken,54.893963,0.050772469,-1064050.0826522,420505.56,7.141803631,334631.56766,21081849.396365143,63.00018119565218,24.39576726071715,Economic
33-053-06281-0000,KINGS CANYON 6-1-27MBH,BURLINGTON RESOURCES OIL & GAS COMPANY LP,Bakken,72.995621,0.010258615,-2170247.58827151,189663.88,6.925810378,228330.27492,14384848.692413077,63.00018119565218,31.220905778576114,Marginal
33-053-06287-0000,SORENSON 14X-33F,XTO ENERGY INC,Three Forks,72.781708,0.016616141,-2257151.47353159,197933.66,8.354392065,248076.99922,15628895.901333665,63.00018119565218,41.89363284585285,Marginal
33-053-06292-0000,EMMA OWNER 23-14HW,"WPX ENERGY WILLISTON, LLC",Three Forks,36.640835,0.2443911,1622332.01162095,602142.25,5.145314429,479886.2087,30232918.10139456,63.00018119565218,44.104399090795894,Economic
33-053-06325-0000,MINK 150-94-04B-09H TF,ENERPLUS RESOURCES USA CORPORATION,Three Forks,60.356663,0.028916921,-1574376.61072627,478904.81,7.9562877400000005,372804.09998,23486725.84922203,63.00018119565218,46.21642946072945,Economic
33-053-06351-0000,FOREMAN 6-2-1TH,QEP ENERGY COMPANY,Three Forks,70.984245,-0.024374466,-2321082.09894667,310067.97,8.05105841,284051.63194,17895304.281140704,63.00018119565218,44.634236361022275,Marginal
33-053-06372-0000,RICHARD 8-5 #3TFH,STATOIL OIL & GAS LP,Three Forks,57.088123,0.044825632,-1363624.62258448,593370.75,7.34580185,409646.3812,25807796.241743207,63.00018119565218,48.33362120204574,Economic
33-053-06397-0000,HOMER 14X-32A,XTO ENERGY INC,Bakken,46.800613,0.10748649,110084.50359671,328120.16,5.78309578,275972.82511,17386337.987006027,63.00018119565218,44.962712295317495,Economic
33-053-06401-0000,RAVIN 8H,ABRAXAS PETROLEUM CORP.,Three Forks,55.729752,0.052668534,-1031590.59979903,388996.81,7.50549805,310357.8591,19552601.35879469,63.00018119565218,51.40634941309362,Economic
33-053-06408-0000,KIRKLAND 14-21MBH,BURLINGTON RESOURCES OIL & GAS COMPANY LP,Bakken,42.562317,0.13124543,729241.285468913,181103.0,6.887785902,480398.1423,30265170.0109547,63.00018119565218,22.289330799414138,Economic
33-053-06409-0000,MORGAN 14-21TFH ULW,BURLINGTON RESOURCES OIL & GAS COMPANY LP,Three Forks,85.420883,-0.0046028895,-2548636.32172763,241452.48,6.525461323000001,184745.14011,11638977.30194615,63.00018119565218,35.47061443475358,Uneconomic
33-053-06414-0000,THOMPSON 4-29-32THD,QEP ENERGY COMPANY,Three Forks,68.165863,-0.0030964587,-1884411.99942281,325070.72,7.97754443,292766.92092,18444369.066053174,63.00018119565218,39.77264724805431,Marginal
33-053-06424-0000,MORGAN 41-28MBH,BURLINGTON RESOURCES OIL & GAS COMPANY LP,Bakken,41.547729,0.12664589,670091.595371706,206472.7,6.554613966000001,452418.4732,28502445.78786031,63.00018119565218,17.27560134647675,Economic
33-053-06440-0000,PAULSON 36-1  #6H,STATOIL OIL & GAS LP,Bakken,84.919861,-0.029680101,-2593003.32190713,293941.31,7.87447245,212733.82707,13402269.651854537,63.00018119565218,67.84627273060003,Uneconomic
33-053-06453-0000,HENDRICKSON  8-36H,"CONTINENTAL RESOURCES, INC.",Bakken,34.22702,0.3411997,2015181.64314959,255435.16,5.66313343,305591.36699999997,19252311.492827043,63.00018119565218,42.90960971942182,Economic
33-053-06461-0000,MAGNUM 36-11-TF2,"SHD OIL & GAS, LLC",Three Forks,150.0,-0.10067742,-3034892.90334941,66382.984,4.968646842,60716.54401,3825153.27420379,63.00018119565218,61.19221439415705,Uneconomic
33-053-06473-0000,LEE 151-101-8-5-10TFH,TRIANGLE USA PETROLEUM CORPORATION,Three Forks,147.33154,-0.082837462,-3751511.23315714,57499.105,7.058064765,118839.98595999999,7486940.648768761,63.00018119565218,74.26296444297856,Uneconomic
33-053-06476-0000,HENDRICKSON  12-36H,"CONTINENTAL RESOURCES, INC.",Bakken,31.269039,0.45282248,2487635.6172586,144083.48,5.56304591,365366.79308,23018174.166914355,63.00018119565218,39.186800490898435,Economic
33-053-06531-0000,CHICAGO 5-26H,"CONTINENTAL RESOURCES, INC.",Bakken,42.498566,0.23366679,1886200.40355608,254441.05,7.342130879999999,340716.06496,21465173.828749597,63.00018119565218,44.473520821042825,Economic
33-053-06536-0000,AN-PROSSER- 152-95-1102H-9,"HESS BAKKEN INVESTMENTS II, LLC",Bakken,42.267982,0.14281617,595601.972819586,153611.25,5.413870017,289985.30809,18269126.953747023,63.00018119565218,10.97462221767104,Economic
33-053-06554-0000,BOULDER 2-4H,"CONTINENTAL RESOURCES, INC.",Bakken,50.051357,0.092259206,-121122.520501725,144664.39,7.39054213,321241.25505000004,20238257.275668718,63.00018119565218,39.2870925598916,Economic
33-053-06582-0000,FORT BERTHOLD 152-93-7C-6-10H,"HRC OPERATING, LLC",Three Forks,44.076046,0.18381971,904928.299894369,346183.06,5.74683337,317771.88197,20019686.142993398,63.00018119565218,53.62083704248695,Economic
33-053-06587-0000,MONROE 7-2H,"CONTINENTAL RESOURCES, INC.",Bakken,46.679459,0.17235868,1065716.23446568,388805.41,9.229915799999999,369822.75596,23298900.635755457,63.00018119565218,58.15309520281862,Economic
33-053-06597-0000,MERTON 21-15TFH,BURLINGTON RESOURCES OIL & GAS COMPANY LP,Three Forks,30.848604,0.5216679,3925594.15286398,624374.38,5.11645154,576480.18607,36318356.17811329,63.00018119565218,27.732042502173567,Economic
33-053-06612-0000,SONDROL 11-3-3H,WHITING OIL AND GAS CORPORATION,Bakken,83.521454,-0.0043116333,-2240108.64541749,247052.03,5.9287825849999995,184463.88598,11621258.240794124,63.00018119565218,54.68774176911118,Uneconomic
33-053-06620-0000,LUNDIN 14X-33EXF,XTO ENERGY INC,Three Forks,77.243713,0.01769856,-2461551.6935983,303159.16,7.380779046,213935.65106,13477984.780989818,63.00018119565218,49.49471842104069,Marginal
33-053-06625-0000,HOLSTEIN FEDERAL 9-25H1,"CONTINENTAL RESOURCES, INC.",Three Forks,27.359724,0.47684577,5120734.06996891,668337.44,7.5521889600000005,575020.4318,36226391.39460216,63.00018119565218,49.58903673510973,Economic
33-053-06696-0000,BOGGS 29-32-30-31THD,QEP ENERGY COMPANY,Three Forks,46.291134,0.11586791,321716.14294059,526699.81,6.998519450000001,447291.011,28179414.740186453,63.00018119565218,37.21464879310016,Economic
33-053-06704-0000,SONDROL 11-3HU,WHITING OIL AND GAS CORPORATION,Bakken,67.876122,0.026208837,-1541023.10689268,136868.05,5.837469029999999,235854.10404,14858851.2902582,63.00018119565218,53.51594430326586,Marginal
33-053-06719-0000,STATE 9-25-24BH,QEP ENERGY COMPANY,Bakken,51.049942,0.078505009,-346525.828473731,381663.75,6.193938299999999,306923.67998,19336247.451976366,63.00018119565218,43.03925471188212,Economic
33-053-06742-0000,TIMBER CREEK 21-27-3H,WHITING OIL AND GAS CORPORATION,Bakken,73.536888,0.0058198413,-1781663.27424113,265175.97,5.574432575,205610.65701999998,12953508.648017094,63.00018119565218,41.74801772040275,Marginal
33-053-06749-0000,FLATLAND FEDERAL 11-4-3TFH,WHITING OIL AND GAS CORPORATION,Three Forks,42.944241,0.21187013,1332386.38681998,574997.63,5.536168319000001,423977.83195,26710680.235789772,63.00018119565218,21.730661302915557,Economic
33-053-06750-0000,FORT BERTHOLD 152-93-19D-18-12H,"HRC OPERATING, LLC",Three Forks,44.959251,0.11414056,170803.184874982,103367.37,6.0513202800000006,291088.54806,18338631.27175931,63.00018119565218,49.053261030509354,Economic
33-053-06787-0000,ROEN 24X-23AXD,XTO ENERGY INC,Bakken,81.603767,0.012649699,-2321883.80261398,156854.28,6.7523373719999995,167348.18894,10542966.225984236,63.00018119565218,60.917049070459285,Uneconomic
33-053-06795-0000,ANDERSMADSON 5201 43-24 7B,OASIS PETROLEUM NORTH AMERICA LLC,Bakken,73.855812,-0.047323443,-2269554.04120212,264357.03,6.425618849999999,228176.57306999998,14375165.448012969,63.00018119565218,60.48887588660742,Marginal
33-053-06799-0000,STATE 5-36-1TH,QEP ENERGY COMPANY,Three Forks,58.36599,0.035425119,-1193931.85729806,344586.69,5.859025234,255085.42446,16070427.961349849,63.00018119565218,48.68853347239476,Economic
33-053-06844-0000,HENDERSON 1-12-2-11BH,QEP ENERGY COMPANY,Bakken,47.926643,0.084765792,-369432.669806769,542355.31,6.76735994,418224.8568,26348241.758925688,63.00018119565218,33.23164579884428,Economic
33-053-06856-0000,SMOKEY 2-16-21-15H3,WHITING OIL AND GAS CORPORATION,Three Forks,56.353611,0.077395178,-282988.724132779,326942.5,5.95035498,271657.94986,17114500.064419396,63.00018119565218,62.829402223282806,Economic
33-053-06879-0000,NORDENG 34X-23F,XTO ENERGY INC,Three Forks,63.057938,0.059868347,-660015.607045802,269900.81,6.56146701,209065.56634,13171168.56119164,63.00018119565218,52.30250020875861,Marginal
33-053-06908-0000,LOOMER 44-33-2H,WHITING OIL AND GAS CORPORATION,Bakken,45.901978,0.16145229,629996.418836248,315641.56,5.99737771,358136.61981,22562671.940828398,63.00018119565218,50.981258701697676,Economic
33-053-06916-0000,STENEHJEM 14H,ABRAXAS PETROLEUM CORP.,Three Forks,50.096493,0.088782094,-114763.707817674,267006.19,5.564198908000001,240356.71103,15142516.346481012,63.00018119565218,48.152356567403196,Economic
33-053-06938-0000,HARLEY FEDERAL 24X-15F,XTO ENERGY INC,Three Forks,49.557617,0.10412959,76464.822808264,212242.5,6.140857800000001,294224.06495,18536169.403971337,63.00018119565218,19.20940068907885,Economic
33-053-06966-0000,AN-BRENNA- LW-153-94-3130H-1,"HESS BAKKEN INVESTMENTS II, LLC",Three Forks,25.05953,0.61228895,5752102.02271732,692024.81,5.186043833,530311.5758,33409725.365551837,63.00018119565218,25.015321263893036,Economic
33-053-06967-0000,AN-BRENNA- 153-94-3130H-4,"HESS BAKKEN INVESTMENTS II, LLC",Bakken,26.554909,0.72417337,5163170.62572183,630212.31,5.173793759,504258.30079999997,31768364.31981168,63.00018119565218,14.409371562911774,Economic
33-053-06969-0000,AN-BRENNA- 153-94-3130H-2,"HESS BAKKEN INVESTMENTS II, LLC",Bakken,23.494387,0.81247264,6693565.55063418,795536.25,5.173538954,589361.1779,37129860.997383,63.00018119565218,9.951379435729693,Economic
33-053-06979-0000,JOHNSRUD  5198 12-18 8T2,OASIS PETROLEUM NORTH AMERICA LLC,Three Forks,79.868164,,-2058711.64201139,198321.2,6.00216116,196290.40698,12366331.20670831,63.00018119565218,66.81421430990443,Uneconomic
33-053-06983-0000,JOHNSRUD  5198 14-18 14B,OASIS PETROLEUM NORTH AMERICA LLC,Bakken,52.021397,0.065227665,-399898.926589668,468982.41,5.95902349,354415.96694,22328270.135852274,63.00018119565218,53.63966112084826,Economic
33-053-07014-0000,WEST CLARK 117-0136H,"EOG RESOURCES, INC.",Three Forks,43.338409,0.18913634,908855.624205716,472730.09,5.397740400000001,400259.35088,25216411.630694125,63.00018119565218,66.98277493131415,Economic
33-053-07039-0000,ROLFSON N  5198 13-17 8T,OASIS PETROLEUM NORTH AMERICA LLC,Three Forks,52.029831,0.072529413,-428800.843638189,157595.83,6.02382785,337675.8914,21273642.34360337,63.00018119565218,61.40387733909067,Economic
33-053-07063-0000,LANSING 9-25H,"CONTINENTAL RESOURCES, INC.",Bakken,,,,628987.25,8.009993739999999,302566.22204,19061726.812203933,63.00018119565218,62.81344919018851,Unknown
33-053-07070-0000,FOREMAN 3-2-1TH,QEP ENERGY COMPANY,Three Forks,68.235443,0.008743952,-1305456.34338982,268317.06,6.56218725,223991.00101,14111473.649825512,63.00018119565218,55.67966177427684,Marginal
33-053-07083-0000,HA-CHAPIN- 152-95-2932H-10,"HESS BAKKEN INVESTMENTS II, LLC",Three Forks,45.992531,0.1117897,139774.435952449,109444.41,5.374149675,247191.3009,15573096.74668898,63.00018119565218,28.90495095501539,Economic
33-053-07089-0000,TAT 7-33-28BHD,QEP ENERGY COMPANY,Bakken,47.483669,0.14539742,644603.254147349,438110.22,5.82359325,360220.27714,22693942.73016805,63.00018119565218,30.41618838439638,Economic
33-053-07095-0000,ROLFSON N  5198 11-17 2B,OASIS PETROLEUM NORTH AMERICA LLC,Bakken,48.871464,0.098923825,-10674.792651263,447750.0,5.9900844,399030.59116,25138999.54568821,63.00018119565218,49.08067737397054,Economic
33-053-07113-0000,LAWLAR N 5199 42-23 6B,OASIS PETROLEUM NORTH AMERICA LLC,Bakken,54.053959,0.13370992,207313.644746609,349903.0,6.23701499,340999.83588,21483051.448127657,63.00018119565218,55.50923556779982,Economic
33-053-07141-0000,ERNIE 7-2-11BHD,QEP ENERGY COMPANY,Bakken,58.563465,0.024862269,-1033876.78126201,311758.34,6.0776696999999995,270747.68485,17057153.203853335,63.00018119565218,41.52414879728966,Economic
33-053-07171-0000,HA-STATE- 152-95-1621H-9,"HESS BAKKEN INVESTMENTS II, LLC",Three Forks,41.226036,0.22901244,1387141.5972541,320430.78,5.569600568,262190.85302,16518071.248102607,63.00018119565218,44.76795541679114,Economic
33-053-07174-0000,HA-STATE- 152-95-1621H-6,"HESS BAKKEN INVESTMENTS II, LLC",Bakken,32.278439,0.60694331,3397897.65192121,378482.72,5.55447811,343888.74782,21665053.423805937,63.00018119565218,23.570214636889563,Economic
33-053-07202-0000,CHAMELEON STATE 21-16-2H,WHITING OIL AND GAS CORPORATION,Bakken,53.434181,0.07515461,-378578.408766763,352877.69,5.57390717,313939.84089,19778266.860604215,63.00018119565218,60.20183002511716,Economic
33-053-07233-0000,BB-SIVERTSON- LS-151-95-2019H-1,"HESS BAKKEN INVESTMENTS II, LLC",Bakken,30.705582,0.42053655,3584429.27774871,517907.25,5.250219191999999,419670.72002999997,26439331.404399816,63.00018119565218,15.7449656454138,Economic
33-053-07235-0000,BB-SIVERTSON- 151-95-2019H-7,"HESS BAKKEN INVESTMENTS II, LLC",Three Forks,33.433678,0.32206589,2560084.58134348,394953.53,5.193143364,340372.69704,21443541.587572824,63.00018119565218,27.142464987673154,Economic
33-053-07253-0000,HA-GRIMESTAD- 152-95-3031H-5,"HESS BAKKEN INVESTMENTS II, LLC",Three Forks,38.080967,0.18520872,1148625.78608946,492941.06,5.139641225,257984.69793,16253082.715295594,63.00018119565218,31.976410936920118,Economic
33-053-07280-0000,ROLFSON S 5198 14-29 12B,OASIS PETROLEUM NORTH AMERICA LLC,Bakken,50.786667,0.14049165,456899.682183259,405922.03,6.075765509999999,385276.62988,24272497.492890224,63.00018119565218,53.31336306085737,Economic
33-053-07309-0000,KOALA 14-32HU,WHITING OIL AND GAS CORPORATION,Bakken,57.914154,0.062471747,-640491.844058066,417889.34,7.38858606,377060.72794,23754894.18198451,63.00018119565218,52.040450159531815,Economic
33-053-07315-0000,KDM 7-7-6BHD,QEP ENERGY COMPANY,Bakken,54.435181,0.085560784,-198742.875793593,310513.06,5.818398489999999,275153.5739,17334725.012331273,63.00018119565218,41.741603912134956,Economic
33-053-07316-0000,KDM 4-7-6T2HD,QEP ENERGY COMPANY,Three Forks,56.423454,0.067736417,-511016.508463056,322697.59,5.799204370000001,272394.51783,17160903.97999231,63.00018119565218,46.8467924782435,Economic
33-053-07345-0000,FORT BERTHOLD 152-94-13B-24-13H,"HRC OPERATING, LLC",Three Forks,41.538261,0.23041506,1899572.14275377,443550.38,7.02174317,383303.76225,24148206.474725187,63.00018119565218,52.18008501680506,Economic
33-053-07391-0000,FORLAND  5198 41-33 3B,OASIS PETROLEUM NORTH AMERICA LLC,Bakken,51.344185,0.23311242,645108.243863712,361922.41,5.95848402,345814.01706,21786345.734776355,63.00018119565218,56.36256599731047,Economic
33-053-07410-0000,CHERYL 17-20 #1H-R,STATOIL OIL & GAS LP,Bakken,67.222313,0.0068567162,-2662990.46246333,522272.94,8.30175759,358997.5879,22616913.08650207,63.00018119565218,43.60585115619902,Marginal
33-053-07423-0000,KDM 3-7-6T2HD,QEP ENERGY COMPANY,Three Forks,61.097454,0.039354231,-877786.537403025,283859.47,5.7703972199999995,246475.75891,15528017.471665883,63.00018119565218,44.26951023130127,Economic
33-053-07474-0000,GARNESS USA 31-4TFH-2B,MARATHON OIL COMPANY,Three Forks,30.292286,0.44023237,4823060.08713809,782623.94,7.32029495,591262.4609000001,37249642.17088722,63.00018119565218,33.83420721392502,Economic
33-053-07477-0000,BB-FEDERAL 151-95-1708H-8,"HESS BAKKEN INVESTMENTS II, LLC",Three Forks,30.91614,0.48935583,3267727.37477829,409757.5,5.414375102000001,369541.84413,23281203.139565453,63.00018119565218,23.04944390059996,Economic
33-053-07504-0000,LUNDIN 11X-15AXB,XTO ENERGY INC,Bakken,52.896828,0.14557604,730628.59247332,381611.97,7.52518112,327014.20285,20601954.03310176,63.00018119565218,63.91922562527385,Economic
33-053-07521-0000,KOALA 31-25-3H,WHITING OIL AND GAS CORPORATION,Bakken,46.804623,0.17119333,847607.820601949,411188.84,5.607183189999999,328543.13795,20698277.22143815,63.00018119565218,47.70187996970077,Economic
33-053-07526-0000,OYLOE 5199 43-23 8T,OASIS PETROLEUM NORTH AMERICA LLC,Three Forks,83.032326,-0.044533599,-1736327.06924509,94526.039,5.935688231,173075.35894,10903778.97372254,63.00018119565218,64.78109006520913,Uneconomic
33-053-07528-0000,FLATLAND 43-9HU,WHITING OIL AND GAS CORPORATION,Bakken,61.553905,0.065921672,-726484.815136987,385346.38,7.06003184,303854.65307999996,19142898.20118203,63.00018119565218,56.437711398660454,Economic
33-053-07555-0000,TARENTAISE FEDERAL 12-19H2,"CONTINENTAL RESOURCES, INC.",Three Forks,37.612801,0.31861633,2514607.93496329,413271.69,6.641427510000001,346206.52412,21811073.75067693,63.00018119565218,39.27868761050353,Economic
33-053-07571-0000,HA-ROLFSRUD- 152-96-1720H-9,"HESS BAKKEN INVESTMENTS II, LLC",Three Forks,35.379299,0.23614077,2105880.80549239,367288.19,5.07522535,306737.8172,19324538.063158836,63.00018119565218,35.890043307430396,Economic
33-053-07614-0000,HA-LINK- 152-95-3526H-6,"HESS BAKKEN INVESTMENTS II, LLC",Bakken,30.895977,0.2915355,3189764.07215632,511892.06,5.24674139,358723.57999999996,22599650.53915303,63.00018119565218,8.504422896743712,Economic
33-053-07616-0000,HA-LINK- 152-95-3526H-8,"HESS BAKKEN INVESTMENTS II, LLC",Bakken,38.235107,0.35731733,2196552.47580693,332232.38,5.167384963999999,309642.51591,19507534.608207613,63.00018119565218,9.304661563204405,Economic
33-053-07638-0000,HA-GRIMESTAD- 152-95-3031H-8,"HESS BAKKEN INVESTMENTS II, LLC",Bakken,39.690693,0.43124256,2341480.60399906,314599.84,5.393782508,273678.24997,17241779.337418992,63.00018119565218,26.171035409521327,Economic
33-053-07663-0000,CLARKS CREEK  73-0719H,"EOG RESOURCES, INC.",Three Forks,42.130009,0.38232341,1816452.44370475,459077.84,5.5021775900000005,427544.59184999997,26935386.755771156,63.00018119565218,51.73310368773096,Economic
33-053-07672-0000,BB-LARS ROTHIE- 151-95-3229H-5,"HESS BAKKEN INVESTMENTS II, LLC",Three Forks,32.05135,0.39885718,4429950.88323543,322880.22,6.096275589999999,447502.5247,28192740.14161182,63.00018119565218,14.017804754760405,Economic
33-053-07674-0000,BB-LARS ROTHIE- 151-95-3229H-7,"HESS BAKKEN INVESTMENTS II, LLC",Three Forks,25.841557,0.99488133,7011143.15519299,572510.69,5.616806328,494668.16898,31164184.27746149,63.00018119565218,22.346545200905453,Economic
33-053-07718-0000,HAGEN BANKS 5198 13-6 10T,OASIS PETROLEUM NORTH AMERICA LLC,Three Forks,66.145599,0.043641482,-519249.047050277,267316.97,6.351351479999999,261858.80206,16497151.977456419,63.00018119565218,59.280322160405305,Marginal
33-053-07769-0000,HELLANDSAAS 44-8-2H,WHITING OIL AND GAS CORPORATION,Bakken,54.513,0.1696336,846891.484297809,377283.94,6.273510160000001,308481.36705,19434382.01963249,63.00018119565218,58.00251143963929,Economic
33-053-07770-0000,HELLANDSAAS 44-8-1H,WHITING OIL AND GAS CORPORATION,Bakken,53.698112,0.17937215,753513.118514509,310617.78,4.97584123,245669.08315000002,15477196.752619743,63.00018119565218,52.76521838518615,Economic
33-053-07799-0000,PATSY 5198 12-17 9T,OASIS PETROLEUM NORTH AMERICA LLC,Three Forks,81.803192,-0.02062609,-1145500.34083708,211225.28,6.28279327,209060.779992,13170867.020400377,63.00018119565218,69.77491809946824,Uneconomic
33-053-07804-0000,VEEDER  4D MTFH,BURLINGTON RESOURCES OIL & GAS COMPANY LP,Three Forks,29.323658,0.69250643,6339991.57817821,965090.31,6.08441601,667027.1446,42022830.97221849,63.00018119565218,22.082835096606413,Economic
33-053-07805-0000,VEEDER  4E MBH-ULW,BURLINGTON RESOURCES OIL & GAS COMPANY LP,Bakken,29.76997,0.99296933,6514251.19054572,308437.38,5.650877669999999,649688.1199,40930469.2743626,63.00018119565218,20.22347854541147,Economic
33-053-07851-0000,CROFF 22A MBH,BURLINGTON RESOURCES OIL & GAS COMPANY LP,Bakken,31.299541,0.72129971,6185531.09137823,140476.7,5.942338380000001,656090.6209999999,41333828.00376796,63.00018119565218,22.14372743694065,Economic
33-053-07881-0000,HAGEN BANKS 5198 12-6 13TX,OASIS PETROLEUM NORTH AMERICA LLC,Three Forks,68.573174,0.045224942,-657102.177392752,287368.47,6.40560993,258145.83287,16263234.245712547,63.00018119565218,59.93787675509081,Marginal
33-053-07976-0000,OTIS 28-33-32-29BHD,QEP ENERGY COMPANY,Bakken,68.434334,0.058867227,-730337.039089266,328159.94,7.034394009999999,251992.93725,15875600.70677461,63.00018119565218,25.566541832474275,Marginal
33-053-07980-0000,OTIS 6-28-33BHD,QEP ENERGY COMPANY,Bakken,51.511379,0.14765912,714870.205523307,274525.38,7.00918344,372187.12784,23447856.49260936,63.00018119565218,27.301398177958113,Economic
33-053-07993-0000,BB-OLE ANDERSON- LW-151-95-3130H-1,"HESS BAKKEN INVESTMENTS II, LLC",Three Forks,31.931231,0.50291407,4527139.98841195,264512.5,5.695055186000001,422772.0331,26634714.689754263,63.00018119565218,23.09740652201154,Economic
33-053-07994-0000,BW-HEDSTROM- 149-100-1201H-5,"HESS BAKKEN INVESTMENTS II, LLC",Bakken,34.559273,0.33172247,3127531.60249995,215792.05,5.443100360000001,337543.5661,21265305.8257266,63.00018119565218,53.56291133240961,Economic
33-053-04729-0000,ROLLEFSTAD FEDERAL 10-3H-2,"CONTINENTAL RESOURCES, INC.",Three Forks,112.11385,-0.036113992,-3272771.72926937,205178.27,10.18670137,181916.79798,11460791.235272853,63.00018119565218,59.54741792327701,Uneconomic
33-053-05065-0000,HOLM 150-98-17-20-3H,NEWFIELD PRODUCTION COMPANY,Bakken,78.46389,0.033657342,-1089531.74857905,338683.09,7.935319184999999,299860.37795,18891258.144246746,63.00018119565218,34.241920720751004,Marginal
33-053-05195-0000,SC-5WX- 152-99-0310H-1,HESS CORPORATION,Bakken,47.892555,0.17648457,1550462.09436823,595792.69,8.150387505,402542.9274,25360277.36522826,63.00018119565218,17.93211274591516,Economic
33-053-05256-0000,LORAINE FEDERAL 1X-20H,SM ENERGY COMPANY,Three Forks,49.968822,0.17494109,1462950.92540672,794574.44,7.95238197,518627.9456,32673654.54592884,63.00018119565218,15.706977860801466,Economic
33-053-05312-0000,SKAAR 150-99-15-22-2H,NEWFIELD PRODUCTION COMPANY,Bakken,80.763168,0.026649633,-1617332.03604086,352483.25,7.903966453,275888.90703,17381051.13276044,63.00018119565218,31.227026947361757,Uneconomic
33-053-05414-0000,ROLFSON 14X-34F,XTO ENERGY INC,Three Forks,89.856407,-0.0067984778,-3784541.34025752,321729.06,10.23004381,259526.04622000002,16350187.936851203,63.00018119565218,37.260728132440676,Uneconomic
33-053-05433-0000,RUBY STATE FEDERAL 34X-36E,XTO ENERGY INC,Three Forks,86.115181,-0.0061851321,-3309416.76699297,178689.38,8.886254310000002,246455.16013,15526719.744793473,63.00018119565218,41.28079660559242,Uneconomic
33-053-05466-0000,LUCY  14X-32B,XTO ENERGY INC,Bakken,66.277733,0.068151042,-1220473.25041813,568569.38,10.448827510000001,361545.979,22777462.18755946,63.00018119565218,33.48847777575873,Marginal
33-053-05495-0000,VAN HISE TRUST 153-95-28D-21-1HS,"PETRO-HUNT, L.L.C.",Bakken,43.931866,0.17956115,1825180.17986932,747294.38,8.453898574,620699.1741,39104160.43629166,63.00018119565218,15.865483835655178,Economic
33-053-05498-0000,NORMAN 21-4MBH 2SH,BURLINGTON RESOURCES OIL & GAS COMPANY LP,Bakken,61.700905,0.045695219,-1642300.35495448,181820.3,8.620117067,371263.65486,23389677.527540073,63.00018119565218,22.266300297294624,Economic
33-053-05523-0000,MOBERG 2-22-15TH,QEP ENERGY COMPANY,Three Forks,59.427124,0.099333994,-19772.448817706,641694.06,10.76387023,517733.13800000004,32617281.5049936,63.00018119565218,45.329830819972024,Economic
33-053-05580-0000,MONSON 152-102-35-26-3H,TRIANGLE USA PETROLEUM CORPORATION,Bakken,122.28574,-0.081837073,-3319678.07997928,193249.5,8.61314686,190148.49900100002,11979389.891144289,63.00018119565218,67.15010450561589,Uneconomic
33-053-05592-0000,KOALA 4-4-29-1H,KODIAK OIL & GAS (USA) INC.,Bakken,72.60894,0.021637082,-1598240.90114151,345385.88,7.43963665,295488.66505,18615839.439411376,63.00018119565218,43.19946959117903,Marginal
33-053-05635-0000,FLATLAND FEDERAL 11-4HR,WHITING OIL AND GAS CORPORATION,Bakken,46.060875,0.88791674,3691247.83798786,565486.69,7.103472172999999,530592.35896,33427414.755508523,63.00018119565218,15.950472883750214,Economic
33-053-05724-0000,HA-MOGEN- 152-95-0805H-8,"HESS BAKKEN INVESTMENTS II, LLC",Bakken,57.017433,0.14587487,674123.328349264,283687.97,7.390258929,275570.92215,17361018.02770296,63.00018119565218,16.832610452605966,Economic
33-053-05885-0000,KIRKLAND 14-23-13-24LL,QEP ENERGY COMPANY,Three Forks,70.957375,0.027062133,-2599737.18515692,139648.81,11.295123949999999,433591.0183,27316312.71770734,63.00018119565218,40.166118727675716,Marginal
33-053-05932-0000,AN-BRENNA- 153-94-3130H-8,"HESS BAKKEN INVESTMENTS II, LLC",Three Forks,43.638103,0.10690603,141831.182191558,350670.16,4.977957407,243929.11881,15367578.68392577,63.00018119565218,12.43497489886036,Economic
33-053-05970-0000,HA-DAHL- 152-95-0706H-6,"HESS BAKKEN INVESTMENTS II, LLC",Three Forks,35.682159,0.18923499,1807474.76733184,568720.69,6.689754867,405111.3659,25522089.456118148,63.00018119565218,14.45466540045977,Economic
33-053-05976-0000,TARPON FEDERAL 24-20-1H,WHITING OIL AND GAS CORPORATION,Bakken,66.059715,0.047878809,-958069.168731747,239857.63,6.912655288000001,306695.38109,19321864.580539595,63.00018119565218,39.154548460078104,Marginal
33-053-06029-0000,KLINE FEDERAL 5300 41-18 14BX,OASIS PETROLEUM NORTH AMERICA LLC,Bakken,86.179344,-0.042748608,-3121866.71578809,275946.47,7.636952239999999,226957.80896,14298383.088248212,63.00018119565218,61.947208862068706,Uneconomic
33-053-06031-0000,JOHNSON 3-9-4TH,QEP ENERGY COMPANY,Three Forks,50.014961,0.080612548,-421148.320194554,587567.75,8.44519889,458628.6272,28893686.615113214,63.00018119565218,33.44707150589123,Economic
33-053-06069-0000,RANGER 21X-18C,XTO ENERGY INC,Bakken,61.183384,0.036627106,-1549963.14801663,382017.16,8.451360209999999,309805.73717,19517817.577162594,63.00018119565218,35.99739172897637,Economic
33-053-06128-0000,FOREMAN 36-35-1-2LL,QEP ENERGY COMPANY,Three Forks,53.528889,0.056462396,-790072.531738368,449722.31,8.05383729,399567.55908000004,25172828.62194446,63.00018119565218,47.0168320389179,Economic
33-053-06176-0000,KENNEDY 4-31H1,"CONTINENTAL RESOURCES, INC.",Three Forks,59.262489,0.048056465,-1122921.63427607,301891.38,7.943132529999999,279614.68099,17615775.567334484,63.00018119565218,56.897190990777005,Economic
33-053-06198-0000,BB-CHAPIN A- LS-151-95-0403H-1,"HESS BAKKEN INVESTMENTS II, LLC",Bakken,41.228901,0.13463517,682930.610232661,432840.09,5.686822811000001,313960.2442,19779552.27283121,63.00018119565218,15.840817390659268,Economic
33-053-06217-0000,LUN USA 11-14H,MARATHON OIL COMPANY,Bakken,48.1759,0.091163106,-251169.974536879,545555.88,8.068449949,396518.4182,24980732.19401339,63.00018119565218,17.674718068865445,Economic
33-053-06234-0000,JONES 5-15-22TH,QEP ENERGY COMPANY,Three Forks,44.92812,0.11576635,317580.822913084,433404.31,7.55115216,483998.33337999997,30491982.701333668,63.00018119565218,36.022836222724486,Economic
33-053-06271-0000,STATE 31-3-1H,WHITING OIL AND GAS CORPORATION,Bakken,121.97695,-0.074719146,-2996291.11526699,142440.86,6.215970733,126920.07099000001,7995987.4697350385,63.00018119565218,59.215007395174766,Uneconomic
33-053-06289-0000,EMMA OWNER 23-14HX,"WPX ENERGY WILLISTON, LLC",Three Forks,39.486431,0.23904121,1192722.60177062,176680.75,5.4369022099999995,462227.31007,29120404.287988905,63.00018119565218,41.34627545299205,Economic
33-053-06335-0000,SATTER 31X-1D,XTO ENERGY INC,Bakken,52.109192,0.078264698,-871067.84834572,588833.25,7.579815427,322180.3013,20297417.359569814,63.00018119565218,25.8409976271045,Economic
33-053-06383-0000,ANDERSON 148-100-7-6-3H,TRIANGLE USA PETROLEUM CORPORATION,Bakken,106.64255,-0.042689055,-2520323.50182167,191711.0,6.307897426,144084.97186,9077379.334750446,63.00018119565218,66.66983242058471,Uneconomic
33-053-06430-0000,ETSTATIS 32-29HW,"WPX ENERGY WILLISTON, LLC",Bakken,36.411285,0.40080222,3022127.36035885,696653.25,6.2296178,560782.5037,35329399.34445149,63.00018119565218,35.858708461210384,Economic
33-053-06535-0000,AN-PROSSER- 152-95-1102H-8,"HESS BAKKEN INVESTMENTS II, LLC",Bakken,32.762978,0.23766837,2181039.18192507,359318.34,5.416440627,379556.1381,23912105.474221982,63.00018119565218,21.169217284407505,Economic
33-053-06589-0000,MONROE 6-2H,"CONTINENTAL RESOURCES, INC.",Bakken,32.388351,0.34409818,3779976.20773157,594043.5,8.61094508,540566.22476,34055770.10812964,63.00018119565218,55.151687894018785,Economic
33-053-06598-0000,MERTON 21-15MBH,BURLINGTON RESOURCES OIL & GAS COMPANY LP,Bakken,33.521027,0.4037278,2756258.68604047,518198.97,4.81509097,458585.91125999996,28890995.50315327,63.00018119565218,29.313463532395268,Economic
33-053-06720-0000,STATE 5-25-24TH,QEP ENERGY COMPANY,Three Forks,58.855442,0.02758009,-1164443.5367968,329056.28,6.13917937,264401.12091,16657318.525663542,63.00018119565218,55.178663041783096,Economic
33-053-06889-0000,LEFTY 5200 12-30 7B,OASIS PETROLEUM NORTH AMERICA LLC,Bakken,55.165703,0.010156319,-1000062.61368803,344523.06,5.779313962,308293.30308,19422533.955446113,63.00018119565218,60.00321981100571,Economic
33-053-06894-0000,LEFTY 5200 12-30 10T,OASIS PETROLEUM NORTH AMERICA LLC,Three Forks,100.79062,-0.092034057,-2739476.13734225,170990.92,6.1713898,148612.22595,9362597.162739202,63.00018119565218,81.26126991648465,Uneconomic
33-053-06909-0000,LOOMER 44-33TFHU,WHITING OIL AND GAS CORPORATION,Three Forks,45.179943,0.14844951,565926.554101828,246142.84,5.9307994,364393.84233,22956878.093369912,63.00018119565218,50.780458822594554,Economic
33-053-07112-0000,LAWLAR N 5199 42-23 5T,OASIS PETROLEUM NORTH AMERICA LLC,Three Forks,63.187794,0.012285867,-708034.671254453,278949.72,6.5164637999999995,273433.472955,17226358.34112146,63.00018119565218,64.20430338362146,Marginal
33-053-07136-0000,AN-EVENSON- 152-95-0310H-12,"HESS BAKKEN INVESTMENTS II, LLC",Three Forks,61.04908,0.03422099,-952366.703387977,162819.05,5.551211063999999,174516.38208,10994563.692649668,63.00018119565218,31.322608446175927,Economic
33-053-07228-0000,MALM 149-98-11-2-7HLW,NEWFIELD PRODUCTION COMPANY,Bakken,34.913074,0.44434863,3543914.41070626,291673.06,6.105237299999999,544336.5421,34293300.78371475,63.00018119565218,48.99526852269005,Economic
33-053-07452-0000,TIPI V 2-13-12TH,QEP ENERGY COMPANY,Three Forks,72.338631,-0.0011448197,-1366247.86429548,177783.08,5.741272840000001,206272.81698,12995224.8454776,63.00018119565218,65.60628273462144,Marginal
33-053-07635-0000,REMINGTON  3D UTFH,BURLINGTON RESOURCES OIL & GAS COMPANY LP,Three Forks,32.832291,0.49901363,4039754.70634742,710996.81,6.137134060000001,560959.667,35340560.66445271,63.00018119565218,28.514459328465712,Economic
33-053-07697-0000,HELSINGBORG FEDERAL 153-96-27-22-4H,NEWFIELD PRODUCTION COMPANY,Bakken,37.983295,0.26245555,2641050.28872231,586561.19,6.9047354,489191.93188,30819180.347891137,63.00018119565218,21.59455042909059,Economic
33-053-07734-0000,PATSY 5198 11-5 3TX,OASIS PETROLEUM NORTH AMERICA LLC,Three Forks,70.864037,0.031217599,-680802.222873961,256587.95,6.2036948800000005,249849.57899,15740568.748027412,63.00018119565218,77.98048851966773,Marginal
33-053-07802-0000,VEEDER  4B TFH,BURLINGTON RESOURCES OIL & GAS COMPANY LP,Three Forks,28.997324,1.1088179,7477036.09746992,959190.13,6.07070141,751719.3335,47358454.218774885,63.00018119565218,27.159002851233094,Economic
33-053-07826-0000,MONROE 10-2H1,"CONTINENTAL RESOURCES, INC.",Three Forks,53.476894,0.11812185,288428.755202724,362214.13,8.574654070000001,336855.44720000005,21221954.21034245,63.00018119565218,64.36788899021552,Economic
33-053-05138-0000,HA-CHAPIN 152-95-3229H-3,HESS CORPORATION,Three Forks,56.691761,0.15824461,862784.800058166,202875.75,7.626392335999999,288378.57393,18167902.41053378,63.00018119565218,16.296903408223574,Economic
33-053-05795-0000,AN-EVENSON- LW-152-95-1003H-1,"HESS BAKKEN INVESTMENTS II, LLC",Bakken,62.117039,0.055583976,-928378.291450424,333368.31,6.828430007,226149.68402,14247471.070599485,63.00018119565218,12.918432808622285,Economic
33-053-06474-0000,LEE 151-101-8-5-2H,TRIANGLE USA PETROLEUM CORPORATION,Bakken,80.268776,-0.023003267,-2620112.20018395,127468.09,6.9236970069999995,241556.15112,15218081.28948434,63.00018119565218,54.66970375753334,Uneconomic
33-053-06594-0000,STENEHJEM  14X-9HA,SM ENERGY COMPANY,Three Forks,103.67269,-0.059975088,-2665040.31796036,174208.64,5.830723910000001,135345.38012,8526783.471554419,63.00018119565218,65.36190252528814,Uneconomic
33-053-03493-0000,LOVAAS 7-1-1UTFH,BURLINGTON RESOURCES OIL & GAS COMPANY LP,Three Forks,27.372984,0.61845177,4805827.12522468,829689.56,4.968216412,664890.7085,41888235.110805556,63.00018119565218,18.376926414089656,Economic
33-053-03785-0000,TAT 150-94-32D-29H,ENERPLUS RESOURCES USA CORPORATION,Bakken,57.288361,0.031597156,-2144252.62923279,741250.38,11.19229286,557327.3873000001,35111726.38519943,63.00018119565218,31.412308305946755,Economic
33-053-03786-0000,ARIKARA 150-94-32D-29H TF,ENERPLUS RESOURCES USA CORPORATION,Three Forks,76.908394,-0.061571632,-3825282.76810246,391295.69,10.95783898,364793.59995,22982062.895864256,63.00018119565218,43.104088283409006,Marginal
33-053-04417-0000,HOVDE 33-4 #3H,"BRIGHAM OIL & GAS, L.P.",Bakken,68.449356,0.027990328,-1244148.13160953,374024.44,6.715865277,295487.00800000003,18615735.04496113,63.00018119565218,45.07850056665866,Marginal
33-053-04434-0000,LIBERTY FEDERAL 13-36 36-31H TF1,LIBERTY RESOURCES LLC,Three Forks,150.0,-0.064843349,-4825873.55164232,135215.97,9.559560155,102164.64894,6436391.395010195,63.00018119565218,57.13395035326163,Uneconomic
33-053-04538-0000,FORT BERTHOLD 152-93-7D-6-1H,"PETRO-HUNT, L.L.C.",Bakken,52.585934,0.22712581,2439060.70357488,668587.38,12.75416053,569186.9294,35858879.68639689,63.00018119565218,42.85231224052101,Economic
33-053-04606-0000,LUCILLE 1-27H,SM ENERGY COMPANY,Bakken,75.21434,0.045140561,-992108.303266404,396170.19,8.36538081,307629.40377,19380708.178620446,63.00018119565218,35.72983510574424,Marginal
33-053-04622-0000,DURHAM 5-2H,"CONTINENTAL RESOURCES, INC.",Three Forks,54.686573,0.14900057,1013865.16072991,472627.44,9.64590559,376258.03573999996,23704324.42794017,63.00018119565218,41.969879731758496,Economic
33-053-04641-0000,KOESER 4X-26H,SM ENERGY COMPANY,Three Forks,82.029488,0.015048783,-1597622.32971144,341493.84,8.354835999999999,274841.71718000004,17315077.982464194,63.00018119565218,39.87283177423432,Uneconomic
33-053-04736-0000,WAHPETON 8-16H1,"CONTINENTAL RESOURCES, INC.",Three Forks,109.98101,-0.0095727183,-2579742.40924593,202242.39,9.279906719,166568.85801,10493868.23618286,63.00018119565218,63.437171992484245,Uneconomic
33-053-04825-0000,MARTELL 36-25HTF2,"ZENERGY, INC",Three Forks,94.878746,-0.0025712259,-3058481.43824722,329956.06,8.19190974,226351.82704,14260206.117486924,63.00018119565218,66.50975108308138,Uneconomic
33-053-04858-0000,SAETZ FEDERAL 43-36H,SINCLAIR OIL & GAS COMPANY,Bakken,150.0,-0.055755176,-4785820.04441793,148612.92,8.352048164,110247.44007,6945608.700766805,63.00018119565218,46.65776139481487,Uneconomic
33-053-04932-0000,LOOMER 41X-3G,XTO ENERGY INC,Three Forks,103.92436,-0.0095845191,-3701844.34080366,298337.47,10.410336350000001,216384.71095,13632275.997818824,63.00018119565218,41.23568991561184,Uneconomic
33-053-04971-0000,FORT BERTHOLD 152-94-11B-14-7H,"G3 OPERATING, LLC",Three Forks,76.520683,0.037417911,-1694053.1783764,120132.32,12.576407549999999,355788.03185,22414710.47379447,63.00018119565218,33.81156108610327,Marginal
33-053-04974-0000,MARLENE 42X-20G,XTO ENERGY INC,Three Forks,47.901398,0.50931233,3564008.17783221,530438.75,9.086749110000001,515954.44502,32505223.52496216,63.00018119565218,18.98545620443277,Economic
33-053-04987-0000,LOOMER 41X-4C,XTO ENERGY INC,Bakken,72.297592,0.044846728,-1661420.6430539,442719.47,10.59604924,334070.15619,21046480.372029826,63.00018119565218,32.59783855632972,Marginal
33-053-05014-0000,WASHBURN 41-36MBH,BURLINGTON RESOURCES OIL & GAS COMPANY LP,Bakken,41.063877,0.2969667,3945794.51616177,1035884.9,9.176299457999999,629747.97,39674236.21759413,63.00018119565218,14.726875225023267,Economic
33-053-05059-0000,SALERS 2-27H,"CONTINENTAL RESOURCES, INC.",Bakken,31.80582,0.51165003,6416617.2503033,911273.88,10.02568395,763515.5059,48101615.217390046,63.00018119565218,24.87911770737218,Economic
33-053-05066-0000,AKRON 6-34H1,"CONTINENTAL RESOURCES, INC.",Three Forks,55.003757,0.14360842,971223.375276388,247784.58,9.8983462,380104.5385,23946654.79878975,63.00018119565218,39.160158447944454,Economic
33-053-05075-0000,DUKE 34X-31A,XTO ENERGY INC,Bakken,71.464111,0.059788808,-1061644.84285254,450490.81,11.12955342,358273.31334,22571283.65798667,63.00018119565218,33.53731129879824,Marginal
33-053-05084-0000,SKARSTON 1-12 #5H,STATOIL OIL & GAS LP,Bakken,48.680923,0.068183079,-581388.608731106,702649.38,8.00142653,564113.611,35539259.70793365,63.00018119565218,37.03425851186013,Economic
33-053-05102-0000,BLUE RIDGE 24-31TFH,BURLINGTON RESOURCES OIL & GAS COMPANY LP,Three Forks,61.488983,0.11196291,201920.586712062,438583.22,8.40075152,347003.88114,21861307.387414552,63.00018119565218,16.138859690719947,Economic
33-053-05133-0000,ARCHER 24-25TFH,BURLINGTON RESOURCES OIL & GAS COMPANY LP,Three Forks,52.522205,0.2549884,1942424.36073348,538105.31,9.125463524999999,485233.69301,30569810.581865463,63.00018119565218,15.812073588404099,Economic
33-053-05149-0000,KUHN FEDERAL 5-12H,"CONTINENTAL RESOURCES, INC.",Bakken,33.030811,0.192268,1965547.87929215,584501.81,6.926110109999999,464305.2694,29251316.1022961,63.00018119565218,35.44109040118445,Economic
33-053-05165-0000,BIG BEND 21-2MBH,BURLINGTON RESOURCES OIL & GAS COMPANY LP,Bakken,44.311756,0.14620943,1563118.59740999,978981.88,9.053638699,547206.3335,34474098.16190847,63.00018119565218,15.038559808715135,Economic
33-053-05173-0000,RITA 24X-34E,XTO ENERGY INC,Three Forks,90.31942,0.00053889467,-2953715.52398598,128016.02,10.119694039999999,257072.416,16195608.788404075,63.00018119565218,38.196231053249036,Uneconomic
33-053-05181-0000,TAT 4-35-26BH,QEP ENERGY COMPANY,Bakken,97.590172,-0.019646529,-3375719.12976171,332102.88,11.292733980000001,279103.72384,17583585.174301267,63.00018119565218,28.126758223680888,Uneconomic
33-053-05189-0000,CRATER LAKE 31-14MBH,BURLINGTON RESOURCES OIL & GAS COMPANY LP,Bakken,65.285126,0.095439009,-66327.331670145,381264.56,9.112822683000001,365214.24997999996,23008563.92397421,63.00018119565218,23.679688713202605,Marginal
33-053-05264-0000,HOVLAND 150-99-26-35-2H,NEWFIELD PRODUCTION COMPANY,Bakken,150.0,-0.051051188,-5187054.69345618,137554.28,8.0416893,73970.18122,4660134.819935228,63.00018119565218,9.137789974691996,Uneconomic
33-053-05270-0000,BRODERSON 31X-27G,XTO ENERGY INC,Three Forks,84.348618,0.017288169,-2320563.52250119,348904.72,10.815621890000003,298493.17992,18805124.42062641,63.00018119565218,51.00944353380413,Uneconomic
33-053-05272-0000,BRODERSON  31X-27H,XTO ENERGY INC,Three Forks,83.390617,0.023882175,-2243474.88741994,372330.81,10.823732620000001,290273.92895,18287310.120223865,63.00018119565218,40.83672263824851,Uneconomic
33-053-05280-0000,ROLFSRUD STATE  152-96-21-16-12H,NEWFIELD PRODUCTION COMPANY,Three Forks,78.023659,0.040376678,-1306430.52716965,346218.91,7.830684872999999,260579.49809,16416555.595542103,63.00018119565218,19.81885524519795,Marginal
33-053-05281-0000,ROLFSRUD STATE  152-96-21-16-2HZ,NEWFIELD PRODUCTION COMPANY,Bakken,69.055649,0.08020325,-367172.246707665,358350.5,6.8951944030000005,264088.49113,16637622.792876383,63.00018119565218,17.36220354316846,Marginal
33-053-05284-0000,CHERRY STATE 31-16H,WHITING OIL AND GAS CORPORATION,Bakken,125.81155,-0.059962649,-2334838.68398677,163682.7,7.9788119459999995,157355.94600599998,9913453.11059126,63.00018119565218,55.079526273166465,Uneconomic
33-053-05290-0000,TAT 4-33-28BH,QEP ENERGY COMPANY,Bakken,57.487755,0.11022422,248761.187612666,648425.69,11.33958207,549615.41539,34625870.75749364,63.00018119565218,28.57976680980294,Economic
33-053-05300-0000,JERRY 4-8H,"CONTINENTAL RESOURCES, INC.",Three Forks,92.178017,-0.0035888313,-2960983.57106016,250332.72,8.85809962,202275.1201,12743369.217672307,63.00018119565218,65.29676748003972,Uneconomic
33-053-05324-0000,HONOLULU 3-22H3,"CONTINENTAL RESOURCES, INC.",Three Forks,91.858368,0.0073186858,-3368339.2089987,311800.38,9.5027135,223352.76489999998,14071264.659249902,63.00018119565218,70.48084691873,Uneconomic
33-053-05344-0000,MACK 11-2H1,"CONTINENTAL RESOURCES, INC.",Three Forks,104.28387,-0.0013224698,-2412576.83323595,185784.55,6.978577537,139036.6551,8759334.464137398,63.00018119565218,40.73955353794227,Uneconomic
33-053-05358-0000,HA-LINK- 152-95-3526H-3,HESS CORPORATION,Three Forks,63.131718,0.087662928,-231404.360654199,328561.88,7.698569979,257759.01698000001,16238864.774553189,63.00018119565218,18.97173832278106,Marginal
33-053-05368-0000,GUSTAFSON 148-100-5-8-3H,TRIANGLE USA PETROLEUM CORPORATION,Bakken,132.10753,-0.048803367,-3703532.95198096,74720.5,8.75367754,173187.94498,10910871.914642641,63.00018119565218,59.639158519004944,Uneconomic
33-053-05372-0000,BOWLINE 1-2-11H,HUNT OIL COMPANY,Bakken,104.50066,-0.020300437,-3096204.23395599,240610.09,8.127401333999998,190791.59305999998,12019904.933387134,63.00018119565218,56.20224707530055,Uneconomic
33-053-05425-0000,BONNER 9X-12HA,SM ENERGY COMPANY,Three Forks,63.466995,0.062643334,-858675.635110228,524204.0,8.24382037,373149.4667,23508484.015160978,63.00018119565218,35.9897267761231,Marginal
33-053-05428-0000,FINSAAS 34-9-3H,WHITING OIL AND GAS CORPORATION,Bakken,98.701195,-0.026073769,-2829716.6485057,217007.41,6.2735790389999995,172016.32986,10837059.949791076,63.00018119565218,57.805144178504584,Uneconomic
33-053-05432-0000,RUBY STATE FEDERAL 34X-36A,XTO ENERGY INC,Bakken,61.628311,0.053762544,-1304189.33235093,352507.81,8.62932559,349361.11708,22009813.678755455,63.00018119565218,38.26376279628596,Economic
33-053-05434-0000,RAVIN 26-35-7H,ABRAXAS PETROLEUM CORP.,Bakken,82.656555,-0.0014230809,-1712862.64852357,127935.69,9.157177161999998,240734.34002,15166307.041275743,63.00018119565218,38.413369947544815,Uneconomic
33-053-05438-0000,BRIER  5200 44-22 7B,OASIS PETROLEUM NORTH AMERICA LLC,Bakken,64.863495,0.085324086,-215441.939419839,182650.09,9.544427129999999,433673.35111,27321499.69965569,63.00018119565218,45.346728954050356,Marginal
33-053-05443-0000,FORT BERTHOLD 152-93-19D-18-7H,"HRC OPERATING, LLC",Three Forks,37.455246,0.21123426,1528779.769279,253808.31,6.19391751,351352.74321,22135286.48581945,63.00018119565218,49.50302923566432,Economic
33-053-05491-0000,HAMMER 12-36H,"SHD OIL & GAS, LLC",Bakken,76.301033,-0.0018007652,-1771188.70294395,209559.77,5.165836261000001,162233.00974,10220709.009536006,63.00018119565218,40.82693979343103,Marginal
33-053-05492-0000,THUD 12-36H,"SHD OIL & GAS, LLC",Three Forks,79.381424,0.024302205,-874708.177329928,218561.39,6.311077999,207360.69206,13063761.172635835,63.00018119565218,47.39931204423997,Uneconomic
33-053-05513-0000,HAGEN BANKS 5298 #42-31 6T,OASIS PETROLEUM NORTH AMERICA LLC,Three Forks,90.060799,-0.027490363,-2780377.02833645,296310.16,8.16600454,246648.58484,15538905.53657119,63.00018119565218,50.63776169274011,Uneconomic
33-053-05517-0000,HAGEN BANKS 5298 #42-31 2T2,OASIS PETROLEUM NORTH AMERICA LLC,Three Forks,89.828979,-0.023255188,-2617178.55581214,289281.16,8.23388965,250497.64791,15781397.207414683,63.00018119565218,51.693384733672666,Uneconomic
33-053-05518-0000,ARCHES 24-35MBH,BURLINGTON RESOURCES OIL & GAS COMPANY LP,Bakken,54.696815,0.10455696,99586.784807623,290040.28,8.620363376,425608.75919,26813428.947426695,63.00018119565218,15.954162495575385,Economic
33-053-05519-0000,ARCHES 24-35TFH,BURLINGTON RESOURCES OIL & GAS COMPANY LP,Three Forks,56.926796,0.12406928,454347.709720745,173862.86,8.664662388,407168.95732,25651718.088404767,63.00018119565218,23.51206486846516,Economic
33-053-05521-0000,DENALI 21-4TFH,BURLINGTON RESOURCES OIL & GAS COMPANY LP,Three Forks,81.100388,0.0055121053,-2823565.57097317,346391.19,8.967221812,273254.58706,17215088.497323114,63.00018119565218,24.824645110151454,Uneconomic
33-053-05527-0000,KIRKLAND 4-23-14BH,QEP ENERGY COMPANY,Bakken,84.262032,-0.0030690741,-2959550.3801516,388924.13,11.19796599,341154.54688000004,21492798.26916062,63.00018119565218,32.91207391094321,Uneconomic
33-053-05546-0000,BW-KRAETSCH- 149-99-1423H-2,HESS CORPORATION,Bakken,65.587059,0.065327592,-766249.156078733,314575.53,7.755023696,254414.12524,16028135.988853347,63.00018119565218,59.435755397529924,Marginal
33-053-05567-0000,STAFFORD 13-34MBH,BURLINGTON RESOURCES OIL & GAS COMPANY LP,Bakken,28.67271,0.46560046,4297350.77998787,834778.06,4.7291563000000005,573580.527,36135677.13129767,63.00018119565218,26.34926515431399,Economic
33-053-05575-0000,BRENNA 152-96-23D-14-2HS,"PETRO-HUNT, L.L.C.",Three Forks,98.728294,-0.018667825,-3138331.59675467,228091.55,7.7468052400000005,180375.7849,11363707.132007983,63.00018119565218,38.17385683896187,Uneconomic
33-053-05593-0000,KOALA 4-4-28-4H,KODIAK OIL & GAS (USA) INC.,Bakken,60.617348,0.031022409,-1075827.88158636,329895.66,6.110228136,284919.21605,17949962.23727317,63.00018119565218,35.69550347339853,Economic
33-053-05594-0000,KOALA 4-4-28-3H3,KODIAK OIL & GAS (USA) INC.,Three Forks,66.184052,0.033585049,-1341388.40440065,367791.03,6.772393279999999,305054.18107,19218468.68190129,63.00018119565218,37.49737373705715,Marginal
33-053-05630-0000,GUY FEDERAL 24X-35A,XTO ENERGY INC,Bakken,72.371155,0.022028049,-1947678.48118804,295363.5,6.857687866999999,203417.81854,12815359.426444296,63.00018119565218,50.047784594931535,Marginal
33-053-05637-0000,SAND CREEK STATE  153-96-16-12H,NEWFIELD PRODUCTION COMPANY,Three Forks,58.044144,0.052358881,-927325.536001735,323007.94,4.991924308,221155.33921,13932826.442615923,63.00018119565218,22.943287064621607,Economic
33-053-05645-0000,STEELE FEDERAL  3-24AH,"CONTINENTAL RESOURCES, INC.",Bakken,39.617489,0.15069918,1129608.59949263,548898.13,8.75980712,476193.86507,30000299.783667948,63.00018119565218,40.13979134902395,Economic
33-053-05661-0000,SOFTSHELL 152-94-33C-28H TF,ENERPLUS RESOURCES USA CORPORATION,Three Forks,43.295696,0.20558777,2558146.33906547,1147836.0,11.5774627,968781.8238,61033430.43845439,63.00018119565218,15.969480961218904,Economic
33-053-05715-0000,TAT 1-35-26TH,QEP ENERGY COMPANY,Three Forks,149.49234,-0.082242101,-4062717.18721969,130259.98,7.73147306,112171.60594000001,7066831.499227295,63.00018119565218,53.765899285665355,Uneconomic
33-053-05726-0000,MASTON 34-27 #6H,STATOIL OIL & GAS LP,Bakken,76.967339,-0.026716743,-2703008.46863355,324917.31,7.094741609,258537.38603,16287902.165740274,63.00018119565218,45.00753538525588,Marginal
33-053-05730-0000,MASTON 34-27 #3TFH,STATOIL OIL & GAS LP,Three Forks,68.149826,-0.0058116303,-2280451.99512692,392018.53,6.933373690000002,303779.04918,19138135.141782932,63.00018119565218,52.931593319518996,Marginal
33-053-05736-0000,KOALA 4-4-28-4H3,KODIAK OIL & GAS (USA) INC.,Three Forks,95.284416,-0.024330445,-2481265.36050461,230640.75,7.2653881899999995,206731.50991999998,13024122.583810765,63.00018119565218,52.880902751434945,Uneconomic
33-053-05749-0000,VAN DYKE FEDERAL 44X-19E,XTO ENERGY INC,Three Forks,46.4986,0.096930079,-57449.913477207,506151.97,7.333857505999999,412564.15603,25991616.58472132,63.00018119565218,23.281010799360097,Economic
33-053-05754-0000,GILBERTSON 11X-26F,XTO ENERGY INC,Three Forks,93.539215,-0.0047669914,-2349362.15502383,186359.61,6.749649691,159635.23203,10057048.543099979,63.00018119565218,24.50993929472388,Uneconomic
33-053-05774-0000,BILLY RAY VALENTINE 2-8-5H,"EMERALD OIL, INC",Three Forks,150.0,-0.11410099,-6641208.08911186,150153.33,10.17992507,119108.39597,7503850.528033488,63.00018119565218,72.87290586919197,Uneconomic
33-053-05820-0000,BW-SORENSON- 149-99-1324H-5,"HESS BAKKEN INVESTMENTS II, LLC",Bakken,82.563766,0.014793378,-2390473.09861132,258157.03,7.598675827000001,190935.10512000002,12028946.219170898,63.00018119565218,60.43116441878479,Uneconomic
33-053-05823-0000,GILBERTSON  34X-26G,XTO ENERGY INC,Three Forks,59.670395,0.067092232,-799505.685861063,392979.88,6.913302333000001,278316.3531,17533980.675013114,63.00018119565218,14.321584737772147,Economic
33-053-05841-0000,HA-ROLFSRUD- 152-96-1720H-6,"HESS BAKKEN INVESTMENTS II, LLC",Three Forks,61.634171,-0.00089168717,-1042297.81664971,84975.273,5.8101800169999995,194278.89198000001,12239605.397230538,63.00018119565218,23.728118291573608,Economic
33-053-05877-0000,EXCALIBUR 6-25-36H,"EMERALD OIL, INC",Three Forks,117.81381,-0.15803303,-4899133.7955808,283184.47,8.29448951,219534.46193,13830710.880280005,63.00018119565218,64.63305502374273,Uneconomic
33-053-05891-0000,OLSON 3-8H,"CONTINENTAL RESOURCES, INC.",Bakken,37.720116,0.26474705,3389722.8235114,637614.38,9.14271355,528761.3171,33312058.7865517,63.00018119565218,29.961336156359188,Economic
33-053-05917-0000,SALERS FEDERAL 3-27H,"CONTINENTAL RESOURCES, INC.",Bakken,29.125837,0.45332965,8337298.54857448,252248.83,10.80996064,954368.1387,60125365.665457316,63.00018119565218,26.70930040933277,Economic
33-053-05939-0000,MCCOY 44X-23H,XTO ENERGY INC,Three Forks,93.392105,-0.015221677,-3099953.08571197,243036.47,8.47344233,192484.76304,12126574.948922174,63.00018119565218,40.8617644626715,Uneconomic
33-053-05949-0000,SHENANDOAH 44-36MBH ULW,BURLINGTON RESOURCES OIL & GAS COMPANY LP,Bakken,30.338408,0.29718846,4314950.11387668,1049117.8,7.94206625,750199.7042,47262717.29752467,63.00018119565218,12.933581184917283,Economic
33-053-05965-0000,ROLFSRUD STATE 152-96-29-32-11H,NEWFIELD PRODUCTION COMPANY,Three Forks,87.258446,0.015495418,-2676842.53730561,146109.45,7.437365462000001,215611.651,13583573.080893721,63.00018119565218,22.136462119913617,Uneconomic
33-053-05988-0000,HA-SANFORD- 152-96-1819H-3,"HESS BAKKEN INVESTMENTS II, LLC",Three Forks,59.553329,0.054575663,-933477.350756708,270115.41,5.4949674029999995,193637.92997,12199224.674461007,63.00018119565218,47.24091762173341,Economic
33-053-05990-0000,HA-SANFORD- 152-96-1819H-5,"HESS BAKKEN INVESTMENTS II, LLC",Three Forks,38.779602,0.14397126,1070157.45718988,534153.0,5.3345331300000005,314735.6742,19828404.50333575,63.00018119565218,39.32007050655116,Economic
33-053-06000-0000,JOHNSON 150-99-34-27-4H,NEWFIELD PRODUCTION COMPANY,Bakken,78.869164,-0.0019027471,-2480230.34213621,321624.53,7.009140021,238312.18481,15013710.82416175,63.00018119565218,36.948641200962044,Uneconomic
33-053-06018-0000,CHALMERS 5300 21-19 5T,OASIS PETROLEUM NORTH AMERICA LLC,Three Forks,85.516716,-0.038546856,-3096919.8532957,276653.31,7.63698732,227408.95309,14326805.250183567,63.00018119565218,65.81837721486387,Uneconomic
33-053-06024-0000,CHALMERS 5300 21-19 11B,OASIS PETROLEUM NORTH AMERICA LLC,Bakken,76.542549,-0.039231561,-2807204.12665921,319207.59,7.8658967099999995,267993.44995,16883635.90609794,63.00018119565218,57.87931800060176,Marginal
33-053-06060-0000,HA-THOMPSON- 152-95-1720H-9,"HESS BAKKEN INVESTMENTS II, LLC",Three Forks,46.737644,0.11751371,314867.215135803,309449.03,5.6413843759999995,246137.90393,15506732.546708029,63.00018119565218,27.43017635554919,Economic
33-053-06062-0000,SAND CREEK FEDERAL 153-96-21-28-3H,NEWFIELD PRODUCTION COMPANY,Bakken,69.216133,0.015942652,-1966101.23428553,318355.06,7.073953428,254036.73386,16004360.26353167,63.00018119565218,23.04546059476265,Marginal
33-053-06065-0000,RANGER 21X-18E,XTO ENERGY INC,Three Forks,66.274826,0.027271478,-1939171.60202735,367014.38,8.189715887,273023.54918,17200533.06902005,63.00018119565218,42.13598975016139,Marginal
33-053-06072-0000,HAMMERHEAD 11-26TFH,BURLINGTON RESOURCES OIL & GAS COMPANY LP,Three Forks,72.404495,0.0069027632,-2160038.61336102,314041.06,7.477784890000001,245504.80186,15466847.001582688,63.00018119565218,52.132844460392526,Marginal
33-053-06076-0000,HAMMERHEAD 21-26TFH,BURLINGTON RESOURCES OIL & GAS COMPANY LP,Three Forks,72.582245,0.012223246,-2047185.28643046,308841.63,7.34509751,236072.11095,14872585.765090106,63.00018119565218,53.151382213386164,Marginal
33-053-06079-0000,JORE FEDERAL 2-11-7H,ABRAXAS PETROLEUM CORP.,Bakken,59.595062,0.034693625,-1387126.93797016,357203.53,7.8183013290000005,283931.91599999997,17887762.155228693,63.00018119565218,36.51037111618965,Economic
33-053-06094-0000,JAMES FEDERAL 16-35H,SM ENERGY COMPANY,Bakken,65.104271,0.0013252636,-2099657.68088184,151257.83,7.22089659,336376.56896,21191784.79445179,63.00018119565218,41.609254868261495,Marginal
33-053-06101-0000,SIMPSON 151-102-5-8-10TFH,TRIANGLE USA PETROLEUM CORPORATION,Three Forks,150.0,-0.08304859,-3789061.62184941,121394.83,6.797993263,99294.00494,6255540.302861983,63.00018119565218,79.15624858874901,Uneconomic
33-053-06112-0000,BW-NORGARD- 149-100-1102H-4,"HESS BAKKEN INVESTMENTS II, LLC",Bakken,81.154907,0.020971712,-2146003.76987793,264942.41,7.908557920000001,202636.37297,12766128.213939756,63.00018119565218,30.593849742982222,Uneconomic
33-053-06118-0000,BB-BELQUIST- 150-95-1110H-8,"HESS BAKKEN INVESTMENTS II, LLC",Bakken,23.035448,0.24463391,6864770.63280345,1629291.0,7.53702796,799929.1532999999,50395681.60158463,63.00018119565218,17.99107175902071,Economic
33-053-06121-0000,QUALE FEDERAL  2-1H,"CONTINENTAL RESOURCES, INC.",Bakken,35.736832,0.25162408,2411045.89349087,165165.14,8.32580314,529372.2541499999,33350547.931400836,63.00018119565218,27.49132358338337,Economic
33-053-06127-0000,SKAAR FEDERAL 153-96-29-10H,NEWFIELD PRODUCTION COMPANY,Three Forks,85.310089,0.0086772535,-1818945.72606158,207040.58,4.883941557,131634.22805,8292980.218699802,63.00018119565218,43.41457900478985,Uneconomic
33-053-06129-0000,WADE FEDERAL 5300 21-30 12T,OASIS PETROLEUM NORTH AMERICA LLC,Three Forks,80.272926,-0.037541088,-3017868.04208929,310449.41,8.00962643,257378.41895999998,16214887.03033048,63.00018119565218,69.00789328430015,Uneconomic
33-053-06153-0000,TETONORMAN 1-1-3UTFH ULW,BURLINGTON RESOURCES OIL & GAS COMPANY LP,Three Forks,50.240822,0.086389326,-314647.343944238,170425.55,6.886141061,370121.0658,23317694.209727902,63.00018119565218,21.19333599941764,Economic
33-053-06187-0000,BW-HAGEN- 149-100-1522H-3,"HESS BAKKEN INVESTMENTS II, LLC",Bakken,66.270401,0.026580947,-1408891.04283432,237199.97,6.339809227,187633.38095,11820936.998202832,63.00018119565218,37.24350241177766,Marginal
33-053-06196-0000,BB-CHAPIN A- 151-95-0403H-9,"HESS BAKKEN INVESTMENTS II, LLC",Bakken,56.712784,0.055371825,-673523.687315237,248093.94,5.681864501,210310.94301,13249627.517058479,63.00018119565218,21.34025469084227,Economic
33-053-06220-0000,DOLL USA 12-14H,MARATHON OIL COMPANY,Bakken,34.08939,0.21938504,2860446.53821858,900328.31,8.793258735,688487.245,43374821.185895376,63.00018119565218,16.89977315631776,Economic
33-053-06267-0000,HA-THOMPSON- 152-95-1720H-11,"HESS BAKKEN INVESTMENTS II, LLC",Three Forks,28.855764,0.27454242,3180597.88606892,635513.0,5.846790384,446704.8534,28142486.705177248,63.00018119565218,15.388291354858561,Economic
33-053-06282-0000,KINGS CANYON 6-1-27MTFH,BURLINGTON RESOURCES OIL & GAS COMPANY LP,Three Forks,78.109253,0.0087481784,-2441084.26078939,287737.41,6.9036338310000005,212202.169,13368775.097110406,63.00018119565218,40.153965858141376,Marginal
33-053-06310-0000,BRIER 5200 43-22 12T,OASIS PETROLEUM NORTH AMERICA LLC,Three Forks,71.309761,-0.02764366,-2784285.35375594,364769.53,8.1364419,328641.12689,20704450.54241332,63.00018119565218,66.87810379567918,Marginal
33-053-06313-0000,BRIER 5200 42-22 9T,OASIS PETROLEUM NORTH AMERICA LLC,Three Forks,69.693489,-0.024265865,-2599219.39765628,371379.34,8.109725529999999,338764.79902000003,21342243.720968697,63.00018119565218,66.05807324156129,Marginal
33-053-06371-0000,RICHARD 8-5 #8TFH,STATOIL OIL & GAS LP,Three Forks,71.793472,-6.0566384e-05,-2250391.10250935,391317.66,7.461235619999999,301325.64792,18983570.417857297,63.00018119565218,52.70300969509264,Marginal
33-053-06405-0000,MORGAN 24-21MBH,BURLINGTON RESOURCES OIL & GAS COMPANY LP,Bakken,41.871925,0.12597686,682520.632372626,647888.88,6.304330462999999,427071.8983,26905606.97647114,63.00018119565218,17.08048581691158,Economic
33-053-06406-0000,CHICAGO 7-26H,"CONTINENTAL RESOURCES, INC.",Bakken,31.122589,0.30673778,3636183.78004364,546399.06,7.971977189999999,495115.51739,31192367.308349077,63.00018119565218,42.530437845377584,Economic
33-053-06410-0000,BAILEY 7-24XH,"CONTINENTAL RESOURCES, INC.",Bakken,40.854137,0.14281535,937738.802577125,319522.44,7.849334689999999,395216.17494,24898690.63267257,63.00018119565218,31.071135055349497,Economic
33-053-06423-0000,KIRKLAND 41-28MBH,BURLINGTON RESOURCES OIL & GAS COMPANY LP,Bakken,41.781033,0.14072537,825001.28343108,582432.25,6.374600333,453129.3778,28547232.906473134,63.00018119565218,17.840106287898095,Economic
33-053-06460-0000,ECKERT 41X-6H,XTO ENERGY INC,Three Forks,120.40741,-0.039197359,-3685192.88695433,185890.44,7.83913952,141808.23906,8933944.755816361,63.00018119565218,68.36983230174935,Uneconomic
33-053-06464-0000,ECKERT 41X-6DXA,XTO ENERGY INC,Bakken,81.820137,0.0044942945,-2835241.6101433,305832.59,7.890526781,218352.69295,13756259.220408605,63.00018119565218,53.42233438495833,Uneconomic
33-053-06504-0000,BB-SIVERTSON- LN-151-95-1719H-1,"HESS BAKKEN INVESTMENTS II, LLC",Bakken,36.246536,0.17798135,1391390.37727044,215937.03,6.046760253,392176.4246,24707185.810463026,63.00018119565218,14.389609752958341,Economic
33-053-06509-0000,BB-OLE ANDERSON- 151-95-3130H-8,"HESS BAKKEN INVESTMENTS II, LLC",Bakken,39.959072,0.24627298,1066963.75115904,349101.03,5.549695723,338069.88195,21298463.819642745,63.00018119565218,10.436495220811153,Economic
33-053-06521-0000,ROUGH COULEE USA 24-22TFH,MARATHON OIL COMPANY,Three Forks,47.121338,0.20799118,1547035.58504295,406151.22,7.846922090000001,365410.65893000003,23020937.723412663,63.00018119565218,46.157643712371204,Economic
33-053-06529-0000,CHICAGO 6-26H1,"CONTINENTAL RESOURCES, INC.",Three Forks,42.472664,0.2103596,1668341.72861403,323436.44,7.19465741,329020.58392999996,20728356.404689286,63.00018119565218,50.29642145794811,Economic
33-053-06562-0000,THOMPSON 44X-20A,XTO ENERGY INC,Bakken,41.31044,0.16411974,1086888.1171077,495460.53,6.485904212,415540.21901,26179109.091710992,63.00018119565218,18.309325188135233,Economic
33-053-06590-0000,MONROE 8-2H,"CONTINENTAL RESOURCES, INC.",Bakken,48.330643,0.1467305,935143.854247153,424503.13,8.54513549,334028.28145999997,21043842.256452303,63.00018119565218,56.261289482247335,Economic
33-053-06593-0000,TOBACCO GARDEN 11X-17B,XTO ENERGY INC,Bakken,46.561314,0.10410193,73464.915854358,426281.22,6.627740686,336118.22302000003,21175508.95342063,63.00018119565218,34.69796228511899,Economic
33-053-06599-0000,JEROME 21-15MBH,BURLINGTON RESOURCES OIL & GAS COMPANY LP,Bakken,37.622475,0.26744789,1589686.04347155,425881.19,4.562422119,363882.39005,22924656.50705698,63.00018119565218,33.353334402709066,Economic
33-053-06616-0000,HENDRICKSON FEDERAL 4-36H,"CONTINENTAL RESOURCES, INC.",Bakken,40.664585,0.2281249,1200964.41843137,312920.56,5.91714544,271899.65488,17129727.524475295,63.00018119565218,41.27914824757287,Economic
33-053-06617-0000,HENDRICKSON FEDERAL 5-36H1,"CONTINENTAL RESOURCES, INC.",Three Forks,35.90403,0.22109456,1518432.12174706,396878.56,5.711493480000001,311525.20397000003,19626144.29712251,63.00018119565218,49.70461285641883,Economic
33-053-06622-0000,HOLSTEIN FEDERAL 12-25H,"CONTINENTAL RESOURCES, INC.",Bakken,22.405615,0.70191598,8455492.47130848,812486.0,8.173668189999999,753910.24486,47496482.0314385,63.00018119565218,42.53957322067519,Economic
33-053-06623-0000,HOLSTEIN FEDERAL 11-25H2,"CONTINENTAL RESOURCES, INC.",Three Forks,29.483074,0.45443973,4620267.43811584,602959.31,7.807557519999999,553862.05326,34893409.71277595,63.00018119565218,57.65425407762245,Economic
33-053-06641-0000,HA-SANFORD- 152-96-1819H-7,"HESS BAKKEN INVESTMENTS II, LLC",Bakken,33.769588,0.27710214,1941594.56234498,330119.72,5.065888407,277903.64899,17507980.241302922,63.00018119565218,27.593742993131343,Economic
33-053-06664-0000,BB-EIDE- LE-151-95-3328H-1,"HESS BAKKEN INVESTMENTS II, LLC",Bakken,27.6402,0.96369886,4631913.60179035,605999.81,5.328458545,486845.0298,30671325.091602687,63.00018119565218,19.998783009424525,Economic
33-053-06666-0000,MANDAN 3W-1H-BK,"MISSOURI RIVER RESOURCES ND, LLC",Bakken,58.404297,0.043086812,-957304.71895686,300010.69,5.198302343,236833.36689,14920545.027246373,63.00018119565218,33.42353558514448,Economic
33-053-06712-0000,FLATLAND FEDERAL 11-4-2H,WHITING OIL AND GAS CORPORATION,Bakken,56.705585,0.084213689,-258221.58918969,542879.13,5.449177528,269710.62697,16991818.369502954,63.00018119565218,25.05490567979,Economic
33-053-06713-0000,FLATLAND FEDERAL 11-4-2TFH,WHITING OIL AND GAS CORPORATION,Three Forks,44.023548,0.17039652,1076309.62301522,480672.03,5.487094629,391612.26884000003,24671643.89536046,63.00018119565218,19.00139590399753,Economic
33-053-06717-0000,STATE 8-25-24BH,QEP ENERGY COMPANY,Bakken,56.044151,0.028747708,-875070.561515799,300197.47,6.220486960000001,285887.76603,18010981.061510216,63.00018119565218,49.841591068717754,Economic
33-053-06723-0000,STATE 11X-16MB4,XTO ENERGY INC,Bakken,33.027069,0.22880062,1716273.63484621,508843.34,4.676504613,371484.8154,23403610.6816334,63.00018119565218,14.819491958951689,Economic
33-053-06736-0000,SKAAR FEDERAL 153-96-28-21-5H,NEWFIELD PRODUCTION COMPANY,Bakken,55.009842,0.061922815,-556888.581643231,349170.75,6.168437340999999,325369.0871,20498311.442763936,63.00018119565218,28.592648577379904,Economic
33-053-06769-0000,KLAMM 34X-9D,XTO ENERGY INC,Bakken,55.130394,0.066522412,-855588.356293659,426350.84,7.513725729999999,326679.47542000003,20580866.144360606,63.00018119565218,36.92904295391376,Economic
33-053-06791-0000,SORENSON 31X-28G,XTO ENERGY INC,Three Forks,75.312035,0.011378157,-2390008.33944385,290173.88,7.49158978,225932.8819,14233812.497755885,63.00018119565218,49.35805923097067,Marginal
33-053-06843-0000,HENDERSON 36-25-35-26BH,QEP ENERGY COMPANY,Bakken,60.344883,0.032203574,-1422904.44213564,361904.06,6.97629828,317401.96103999997,19996381.05737533,63.00018119565218,43.082223040407804,Economic
33-053-06870-0000,RICH 1X-16HA,SM ENERGY COMPANY,Three Forks,43.484516,0.11160891,268120.088087663,721634.19,6.025648620000001,445510.6786,28067253.47639796,63.00018119565218,45.675569331926965,Economic
33-053-06902-0000,RYAN 14X-9E,XTO ENERGY INC,Three Forks,71.20459,0.027276972,-1505174.6362548,269160.81,6.415402819999999,202504.20511,12757801.614811515,63.00018119565218,69.11690776351668,Marginal
33-053-06939-0000,HARLEY FEDERAL 24X-15B,XTO ENERGY INC,Bakken,53.749813,0.09776926,-36759.525734022,340138.78,6.170303906000001,256616.62715999997,16166894.008897118,63.00018119565218,32.87780498743389,Economic
33-053-06952-0000,SORENSON 31X-28D,XTO ENERGY INC,Bakken,64.365829,0.038338978,-1655754.63568068,189646.78,7.488588747,272030.13887,17137948.039488427,63.00018119565218,36.04680056371528,Marginal
33-053-06984-0000,JOHNSRUD  5198 14-18 13T,OASIS PETROLEUM NORTH AMERICA LLC,Three Forks,78.024117,-0.059875295,-2115595.68706225,178472.47,5.99515297,196991.60209,12410506.625691814,63.00018119565218,69.9580887616007,Marginal
33-053-07037-0000,ROLFSON N  5198 12-17 6B,OASIS PETROLEUM NORTH AMERICA LLC,Bakken,50.631313,0.081795685,-206964.739788134,373264.31,5.96874508,367280.07808999997,23138711.46922328,63.00018119565218,47.346081496502684,Economic
33-053-07073-0000,FOREMAN 4-2-1BHR,QEP ENERGY COMPANY,Bakken,69.846695,0.00033130366,-1381535.1490822,262623.0,6.545083269999999,225587.33997,14212043.29355519,63.00018119565218,40.96153925995022,Marginal
33-053-07096-0000,ROLFSON N  5198 11-17 3T,OASIS PETROLEUM NORTH AMERICA LLC,Three Forks,53.945095,0.03367357,-674611.416020988,362666.0,5.961755579999999,343057.18789,21612664.997540895,63.00018119565218,55.60223317617209,Economic
33-053-07121-0000,LAWLAR N 5199 44-23 10T,OASIS PETROLEUM NORTH AMERICA LLC,Three Forks,73.801003,-0.047758956,-1144970.84613495,201532.52,5.838148456,203835.64200300002,12841682.380321091,63.00018119565218,63.882663832482535,Marginal
33-053-07154-0000,ROLLA FEDERAL 21-3-2TFH,WHITING OIL AND GAS CORPORATION,Three Forks,54.061962,0.10059217,9567.672803775,393273.56,6.68013571,349188.02394,21998908.77957173,63.00018119565218,26.91340732040745,Economic
33-053-07173-0000,HA-STATE- 152-95-1621H-7,"HESS BAKKEN INVESTMENTS II, LLC",Three Forks,41.871349,0.24431063,1242539.27735399,209495.78,5.580544183,272438.18895,17163655.268465325,63.00018119565218,37.74437828075949,Economic
33-053-07217-0000,CHARLOTTE 7X-22H,"CONTINENTAL RESOURCES, INC.",Bakken,25.565262,0.58345741,5506213.10967721,741909.31,7.56558686,584340.4978,36813557.241357595,63.00018119565218,45.268149309895335,Economic
33-053-07229-0000,MALM 149-98-11-2-6H,NEWFIELD PRODUCTION COMPANY,Bakken,40.306305,0.42094952,2412283.86556238,293676.19,6.041358819999999,438285.55494,27612069.37665697,63.00018119565218,49.019998135255946,Economic
33-053-07247-0000,JOHNSRUD FEDERAL 5198 11-18 3BX,OASIS PETROLEUM NORTH AMERICA LLC,Bakken,40.947491,0.23112531,1572572.3082863,718470.81,6.89708603,592894.3248000001,37352449.89227386,63.00018119565218,53.323725605092264,Economic
33-053-07259-0000,RACHEL WOLF  27-34HC,"WPX ENERGY WILLISTON, LLC",Bakken,38.784603,0.29392919,2377201.55806261,652604.56,5.937582160000001,488169.0962,30754741.51471776,63.00018119565218,39.508173729013244,Economic
33-053-07267-0000,ROLFSON S 5198 11-29 3BX,OASIS PETROLEUM NORTH AMERICA LLC,Bakken,47.866871,0.13489527,404161.492493805,608438.25,6.445960060000001,439290.65882,27675391.103217423,63.00018119565218,55.557384533351325,Economic
33-053-07283-0000,NORFOLK 10-1H1,"CONTINENTAL RESOURCES, INC.",Three Forks,67.823586,0.038988125,-902533.870795383,178827.39,6.37274247,170337.67398999998,10731304.32581593,63.00018119565218,75.02774408128163,Marginal
33-053-07287-0000,SKAAR FEDERAL 153-96-30-3H,NEWFIELD PRODUCTION COMPANY,Bakken,38.668015,0.18141951,871185.552186871,398060.31,4.163759653,306581.69986,19314702.64245105,63.00018119565218,16.597446038301747,Economic
33-053-07291-0000,GULLIKSON 14-35H,WHITING OIL AND GAS CORPORATION,Bakken,71.734886,0.005425367,-1991807.8766817,334268.38,7.21281696,267339.77781,16842454.442835394,63.00018119565218,69.56697223082574,Marginal
33-053-07313-0000,KDM 2-7-6T3HD,QEP ENERGY COMPANY,Three Forks,64.19355,0.023937786,-1065554.74644939,257200.77,5.605440979999999,218227.02784,13748342.295708632,63.00018119565218,52.68298605232776,Marginal
33-053-07328-0000,KDM 1-7-6T2HD,QEP ENERGY COMPANY,Three Forks,52.591038,0.087064005,-199750.155149149,376059.81,5.802676370000001,304866.99107,19206675.677983277,63.00018119565218,41.458980116612146,Economic
33-053-07403-0000,KOALA 44-31-3TFH,WHITING OIL AND GAS CORPORATION,Three Forks,56.771454,0.080109887,-280211.458290915,309077.34,5.614477709999999,248148.21993,15633382.818968548,63.00018119565218,59.92718015418062,Economic
33-053-07404-0000,KOALA 44-31H,WHITING OIL AND GAS CORPORATION,Bakken,63.810699,0.041121397,-1119394.51791995,366316.03,7.13964586,314220.20491,19795929.844664957,63.00018119565218,52.42714909266556,Marginal
33-053-07417-0000,ROLLA FEDERAL 11-3-1H,WHITING OIL AND GAS CORPORATION,Bakken,55.072624,0.10018905,3538.12767985,416055.13,6.77077928,338597.23394,21331687.09056663,63.00018119565218,21.907392512142042,Economic
33-053-07433-0000,HEREFORD FEDERAL 2-20H1,"CONTINENTAL RESOURCES, INC.",Three Forks,31.686148,0.34589899,4729411.79093302,384571.25,9.43779487,603479.6675,38019328.40039193,63.00018119565218,46.447885835611295,Economic
33-053-07506-0000,RENO USA 24-9TFH-2B,MARATHON OIL COMPANY,Three Forks,40.699097,0.1978859,1501250.6345915,460884.91,7.477518649999999,388072.87199,24448661.252487134,63.00018119565218,45.30671219785133,Economic
33-053-07530-0000,FLATLAND 43-9-1H,WHITING OIL AND GAS CORPORATION,Bakken,62.445976,0.057208542,-778729.531463389,356091.09,6.800773399999999,296718.02924,18693289.60613682,63.00018119565218,56.49818987745304,Economic
33-053-07531-0000,FLATLAND 43-9-1XH,WHITING OIL AND GAS CORPORATION,Bakken,53.594234,0.10681492,119786.971610867,488416.06,7.647883179999999,421041.01209,26525660.05247078,63.00018119565218,57.86649011049126,Economic
33-053-07556-0000,TARENTAISE FEDERAL 13-19H,"CONTINENTAL RESOURCES, INC.",Bakken,42.010036,0.24824427,1778190.98383416,234854.28,6.94967211,324726.45089,20457825.245091047,63.00018119565218,28.759852117771047,Economic
33-053-07566-0000,RUBY PARSHALL 31-30HY,"WPX ENERGY WILLISTON, LLC",Three Forks,41.349827,0.68439323,3022098.04138382,152368.0,5.7978077699999995,475280.15706,29942736.013478026,63.00018119565218,36.91924475306613,Economic
33-053-07637-0000,HA-GRIMESTAD- 152-95-3031H-7,"HESS BAKKEN INVESTMENTS II, LLC",Three Forks,45.118279,0.19149458,1072611.84213433,318007.0,5.427726878,244322.37675,15392354.005402397,63.00018119565218,32.27552975863156,Economic
33-053-07675-0000,BB-LARS ROTHIE- 151-95-3229H-8,"HESS BAKKEN INVESTMENTS II, LLC",Bakken,25.391357,1.1891475,7680371.10610003,544915.81,5.577776098999999,549639.91304,34627414.11388251,63.00018119565218,12.326094283868535,Economic
33-053-07690-0000,AN-DINWOODIE- 153-94-2833H-2,"HESS BAKKEN INVESTMENTS II, LLC",Bakken,31.057062,0.4110111,4030209.26989901,465530.06,5.558233705999999,411214.1304,25906564.725412548,63.00018119565218,19.20996146301413,Economic
33-053-07696-0000,HELSINGBORG FEDERAL 153-96-27-22-12H,NEWFIELD PRODUCTION COMPANY,Three Forks,41.564129,0.16415492,1513764.90746595,193035.86,6.909837899999999,431762.34750000003,27201106.125960145,63.00018119565218,31.375267970027497,Economic
33-053-07702-0000,WASP 150-94-11C-12H,ENERPLUS RESOURCES USA CORPORATION,Bakken,46.745724,0.1351074,843011.247979754,882552.44,8.71676726,606297.6007000001,38196858.70258918,63.00018119565218,33.89903681288815,Economic
33-053-07711-0000,LILLIBRIDGE 3B UTFH,BURLINGTON RESOURCES OIL & GAS COMPANY LP,Three Forks,30.896097,0.72390252,6120909.12105664,835444.94,5.984825799999999,659004.3846,41517395.638529256,63.00018119565218,26.487765490521436,Economic
33-053-07782-0000,HAGEN BANKS 5198 12-6 9BX,OASIS PETROLEUM NORTH AMERICA LLC,Bakken,57.127048,0.11927491,184318.497557523,637064.06,6.35891838,341460.81,21512092.901214164,63.00018119565218,48.2572268894307,Economic
33-053-07814-0000,PATSY 5198 12-17 5T,OASIS PETROLEUM NORTH AMERICA LLC,Bakken,56.218586,0.16089576,524473.930972381,260821.66,5.20202041,283018.84309,17830238.396453854,63.00018119565218,58.17802724115222,Economic
33-053-07857-0000,CROFF 7-1-2 MBH,BURLINGTON RESOURCES OIL & GAS COMPANY LP,Bakken,28.897964,1.0069804,7763218.06506106,302043.63,5.797945820000001,731041.6257,46055754.88066414,63.00018119565218,23.623455806279555,Economic
33-053-07872-0000,LUNDIN  11X-4AXD,XTO ENERGY INC,Bakken,38.116226,0.19811474,3530200.12420201,424336.56,9.58292138,622073.8865,39190767.566583574,63.00018119565218,41.40139951022183,Economic
33-053-07883-0000,VARDON 4-14H,"CONTINENTAL RESOURCES, INC.",Bakken,,,,663554.88,8.92208449,621544.3931,39157409.38644167,63.00018119565218,50.18783841904374,Unknown
33-053-07944-0000,ND LEVANG 5-16-21BHD,QEP ENERGY COMPANY,Bakken,57.747459,0.091610476,-136864.30065193,368162.66,6.312942205,278204.26379,17526919.02817302,63.00018119565218,25.167492074560453,Economic
33-053-07949-0000,DEMICKS DODGE  1A MBH-ULW,BURLINGTON RESOURCES OIL & GAS COMPANY LP,Bakken,31.420261,0.54122669,5536473.18964556,803048.0,5.995810550000001,617325.8677000001,38891641.52186321,63.00018119565218,26.099634348016963,Economic
33-053-07950-0000,DODGE  1B TFH,BURLINGTON RESOURCES OIL & GAS COMPANY LP,Three Forks,37.697784,0.30270365,3175417.84140199,340384.09,6.08858351,455897.9497,28721653.437826324,63.00018119565218,42.680947015601106,Economic
33-053-08022-0000,AN-LONE TREE- 152-95-1207H-3,"HESS BAKKEN INVESTMENTS II, LLC",Bakken,26.174776,0.58598703,6409843.57854594,324529.16,5.4237689289999995,512551.0135,32290806.72251517,63.00018119565218,12.646951263154754,Economic
33-053-08108-0000,YELLOWSTONE 4HR,ABRAXAS PETROLEUM CORP.,Bakken,45.627747,0.35914224,2118551.39068379,370790.78,6.346581219999999,358767.35902,22602408.6253456,63.00018119565218,49.21441085314603,Economic
33-053-04503-0000,RAYMOND  17-20 6H,"BRIGHAM OIL & GAS, L.P.",Bakken,92.971039,-0.024721144,-2068193.32966859,233516.34,6.807447393,192258.13003,12112297.028227258,63.00018119565218,59.706571873024885,Uneconomic
33-053-04535-0000,FORT BERTHOLD 152-93-7D-6-4H,"PETRO-HUNT, L.L.C.",Three Forks,80.848267,0.014204737,-3737785.18805746,499791.38,13.50160293,377667.11699999997,23793096.80263957,63.00018119565218,46.20740456035447,Uneconomic
33-053-04659-0000,HOROVITZ 10-09-1H,"RESOLUTE NATURAL RESOURCES COMPANY, LLC",Bakken,109.15872,-0.042077817,-3783862.41627527,216212.7,7.961816721000001,168965.91404,10644883.200408991,63.00018119565218,54.25501783807706,Uneconomic
33-053-04886-0000,MABEL FEDERAL 5201 41-12T,OASIS PETROLEUM NORTH AMERICA LLC,Three Forks,67.527924,0.02662156,-1521811.61080482,136638.61,7.75790782,341774.87693,21531879.174711727,63.00018119565218,54.48335444894108,Marginal
33-053-04887-0000,JOHN FEDERAL 5201 41-12B,OASIS PETROLEUM NORTH AMERICA LLC,Bakken,61.752403,0.058501542,-927667.298305862,508987.84,7.71033803,378143.62100000004,23823116.640980028,63.00018119565218,49.56885605729953,Economic
33-053-05023-0000,BW-ERLER 149-99-1522H-2,HESS CORPORATION,Bakken,77.952614,0.038107634,-1514359.71848987,285796.16,8.697338664,223053.46395,14052408.645167872,63.00018119565218,45.7430067197724,Marginal
33-053-05043-0000,BUGS 27-22 #7H,STATOIL OIL & GAS LP,Bakken,50.720543,0.097208217,-67424.94196658,752549.63,6.985193611,481215.3064,30316651.49732128,63.00018119565218,50.008762399831284,Economic
33-053-05081-0000,SKARSTON 1-12 #3TFH,STATOIL OIL & GAS LP,Three Forks,64.911415,0.010089133,-2150667.46296998,471347.91,8.071985699999999,345523.81799999997,21768063.141413543,63.00018119565218,48.730152105683786,Marginal
33-053-05091-0000,HA-THOMPSON 152-95-2017H-5,HESS CORPORATION,Three Forks,45.161198,0.14971276,1277592.96398275,578477.69,7.33651886,368160.559,23194181.926092595,63.00018119565218,18.04440576462077,Economic
33-053-05095-0000,POGO 2-28-33TH,QEP ENERGY COMPANY,Three Forks,84.870552,0.010970579,-1683557.92291271,355675.31,11.50920142,330808.79995,20841014.337966256,63.00018119565218,25.022336315401688,Uneconomic
33-053-05326-0000,SEQUOIA 14-9TFH,BURLINGTON RESOURCES OIL & GAS COMPANY LP,Three Forks,60.086765,0.091093615,-200363.864875638,502990.06,9.317753436,398517.03695,25106645.537404414,63.00018119565218,22.170879247532937,Economic
33-053-05410-0000,MATTIE 13-36H,"SHD OIL & GAS, LLC",Three Forks,64.905098,0.023978785,-1124645.66706122,281867.84,6.037823230999999,258583.90391,16290832.800609112,63.00018119565218,49.010523314287376,Marginal
33-053-05551-0000,TALON 5-9-4H,"EMERALD OIL, INC",Bakken,144.11687,-0.096878104,-6030923.47732645,259358.13,9.704420909999998,208869.29512999998,13158803.43939815,63.00018119565218,62.899425445072865,Uneconomic
33-053-05558-0000,SKAAR FEDERAL 41-3TFHU,WHITING OIL AND GAS CORPORATION,Three Forks,47.641365,0.66660202,3588094.22321287,649917.81,7.648966832999999,541684.8014,34126240.63913087,63.00018119565218,18.27274701260653,Economic
33-053-05565-0000,POLK FEDERAL 2-33H,"CONTINENTAL RESOURCES, INC.",Bakken,42.245502,0.1463114,772631.62608501,436003.25,7.71305282,407037.16612,25643415.21892478,63.00018119565218,40.2206396522059,Economic
33-053-05731-0000,MASTON 34-27 #2H,STATOIL OIL & GAS LP,Bakken,49.023281,0.081378415,-435964.364668974,761316.69,7.065691890000001,527042.6244999999,33203780.84133207,63.00018119565218,45.140735314989534,Economic
33-053-06005-0000,WILEY 4-25H2,"CONTINENTAL RESOURCES, INC.",Three Forks,32.420692,0.21632063,1956174.17597779,443640.84,5.7490546259999995,373350.2247,23521131.80553746,63.00018119565218,38.85551048580959,Economic
33-053-06011-0000,CHALMERS 5301 44-24 4T2R,OASIS PETROLEUM NORTH AMERICA LLC,Three Forks,150.0,-0.10586961,-4688059.14529807,93810.82,7.335418859999999,78557.747,4949152.295322202,63.00018119565218,80.91779915080653,Uneconomic
33-053-06021-0000,CHALMERS 5300 21-19 8T,OASIS PETROLEUM NORTH AMERICA LLC,Three Forks,91.154457,-0.044222526,-3015235.37086926,244732.31,7.169871343999999,199607.02494,12575278.739145065,63.00018119565218,61.745351936278205,Uneconomic
33-053-06068-0000,RANGER 21X-18F,XTO ENERGY INC,Three Forks,94.482605,-0.023474179,-3189039.39614747,235155.91,8.117621570999999,183188.42686,11540904.085126478,63.00018119565218,47.67471586161124,Uneconomic
33-053-06077-0000,HAMMERHEAD 41-26TFH,BURLINGTON RESOURCES OIL & GAS COMPANY LP,Three Forks,53.651764,0.067042425,-866351.806874315,251394.91,7.362736014,336825.7827,21220085.341467366,63.00018119565218,33.66930810349913,Economic
33-053-06181-0000,BW-ERLER- 149-99-1522H-4,"HESS BAKKEN INVESTMENTS II, LLC",Bakken,46.668644,0.11183774,174739.444496018,300808.5,5.449102205000001,232924.34803,14674276.13076915,63.00018119565218,40.93092184064229,Economic
33-053-06294-0000,MOBERG 20-21-29-28LL,QEP ENERGY COMPANY,Three Forks,48.454025,0.087805286,-264543.754384757,603587.88,8.208714309999998,477986.8849,30113260.357845344,63.00018119565218,33.984625334064006,Economic
33-053-06300-0000,KINGS CANYON 7-8-34MBH,BURLINGTON RESOURCES OIL & GAS COMPANY LP,Bakken,53.812561,0.057029445,-856071.95376145,393494.34,6.566486075,317340.65821,19992518.96797753,63.00018119565218,24.173998027370267,Economic
33-053-06357-0000,OLSON 152-96-30-31-2H,NEWFIELD PRODUCTION COMPANY,Bakken,71.313789,-0.017769234,-1877434.20886445,138508.2,6.478907264,248252.80199,15639971.507698363,63.00018119565218,30.943019630663766,Marginal
33-053-06393-0000,AVALANCHE 36-16-MB2,"SHD OIL & GAS, LLC",Bakken,150.0,-0.12592331,-3114645.52518408,45932.031,5.216916616999999,44198.738996,2784528.565367338,63.00018119565218,53.90093731992995,Uneconomic
33-053-06541-0000,STENEHJEM 31X-28CXD,XTO ENERGY INC,Bakken,62.035149,0.044812113,-984768.543341985,194495.05,7.158729040000001,246821.31007,15549787.257358251,63.00018119565218,46.43429127465766,Economic
33-053-06651-0000,CLARK GRISWOLD FEDERAL 3-17-20H,"EMERALD OIL, INC",Bakken,115.77858,-0.074739151,-4628185.7871277,115863.98,7.587018110000001,207676.23841,13083640.64986146,63.00018119565218,61.67969121566058,Uneconomic
33-053-06695-0000,BOGGS 29-32-30-31T3HD,QEP ENERGY COMPANY,Three Forks,52.156509,0.066332176,-769395.121336455,470496.19,6.79756599,362157.056,22815960.149283953,63.00018119565218,40.54968962864161,Economic
33-053-06853-0000,HOMER 14X-32AXD,XTO ENERGY INC,Bakken,40.457687,0.15758005,762342.936875398,441168.28,5.7582032419999996,363291.87693,22887454.073498573,63.00018119565218,38.878839773913676,Economic
33-053-06857-0000,SMOKEY 2-16-21-16HA,WHITING OIL AND GAS CORPORATION,Bakken,55.143986,0.077225655,-329581.528501908,365546.03,6.15297229,279512.59933,17609344.40425773,63.00018119565218,51.145230091691296,Economic
33-053-06968-0000,AN-BRENNA- 153-94-3130H-3,"HESS BAKKEN INVESTMENTS II, LLC",Three Forks,26.503805,0.62270892,5126516.00616578,590252.81,5.143171074,462742.5995,29152867.615447108,63.00018119565218,18.060164914687505,Economic
33-053-07071-0000,FOREMAN 5-2-1BH,QEP ENERGY COMPANY,Bakken,56.420738,0.059596535,-599594.883052234,372843.66,6.543808469999999,283270.77203,17846109.965322282,63.00018119565218,40.52404108160705,Economic
33-053-07190-0000,LUND 21X-17E,XTO ENERGY INC,Three Forks,150.0,-0.073619254,-3112976.80921707,55770.621,7.33159126,94603.37201,5960029.57834969,63.00018119565218,65.06488548695867,Uneconomic
33-053-07343-0000,FORT BERTHOLD 152-94-13B-24-12H,"HRC OPERATING, LLC",Three Forks,46.723797,0.13041864,764598.48502975,316684.91,7.05874921,310229.6254,19544522.612459302,63.00018119565218,53.34167545016991,Economic
33-053-07378-0000,ROLFSON S 5198 43-20 9B,OASIS PETROLEUM NORTH AMERICA LLC,Bakken,50.391895,0.13518851,432420.619328875,508374.69,6.15759023,398816.84303,25125533.374767974,63.00018119565218,51.065408608266495,Economic
33-053-07394-0000,FORLAND  5198 41-33 6T,OASIS PETROLEUM NORTH AMERICA LLC,Three Forks,56.903217,0.095338561,-31923.913737818,343828.31,6.11334923,299988.61591,18899337.158962905,63.00018119565218,59.156527196549604,Economic
33-053-07402-0000,KOALA 44-31TFH,WHITING OIL AND GAS CORPORATION,Three Forks,56.505806,0.077116795,-259218.31378718,139119.42,5.72350612,273061.15396,17202902.17697388,63.00018119565218,57.38434492715017,Economic
33-053-07578-0000,BLEGEN RANCH 3D TFH-ULW,BURLINGTON RESOURCES OIL & GAS COMPANY LP,Three Forks,30.130213,0.4425385,5439670.24517115,575787.25,7.049556470000001,685038.6739,43157560.58172929,63.00018119565218,41.409808300124254,Economic
33-053-07629-0000,PATENT GATE 7-6 XW #1H,STATOIL OIL & GAS LP,Bakken,77.960922,-0.0053119846,-3010056.42618241,410999.03,8.77720695,288044.907,18146881.333484784,63.00018119565218,60.35442242510671,Marginal
33-053-05185-0000,JOHNSTON 7-6 #5TFH,STATOIL OIL & GAS LP,Three Forks,65.942307,0.01004818,-1977600.50266768,256362.25,6.726573062,324811.32808999997,20463172.524070427,63.00018119565218,42.08085612131918,Marginal
33-053-05933-0000,AN-BRENNA- LE-153-94-3130H-1,"HESS BAKKEN INVESTMENTS II, LLC",Bakken,46.360214,0.09534324,-98632.835501994,407544.13,6.418068576,295206.2054,18598044.430280913,63.00018119565218,8.779199475776698,Economic
33-053-06096-0000,JAMES FEDERAL 16X-35HA,SM ENERGY COMPANY,Three Forks,93.441696,-0.034047917,-3382372.45013537,96156.523,7.29965793,210915.27901,13287700.794561535,63.00018119565218,54.64590165866446,Uneconomic
33-053-06605-0000,DAILEY 4-12-13T2H,QEP ENERGY COMPANY,Three Forks,112.64444,-0.051755715,-3620474.69613265,185238.48,7.271361331,153539.94400999998,9673044.29340029,63.00018119565218,62.86784762118809,Uneconomic
33-053-06744-0000,ROEN 24X-23BXC,XTO ENERGY INC,Bakken,65.999916,0.032158315,-2000799.76365989,386926.5,7.85316942,293245.93383,18474546.96617823,63.00018119565218,55.76083167718047,Marginal
33-053-06771-0000,KLAMM 34X-9DXA,XTO ENERGY INC,Bakken,44.436043,0.12417182,465657.599798147,474871.81,6.820494629999999,353820.288,22290742.25469784,63.00018119565218,32.34888000260524,Economic
33-053-07470-0000,LASSEN 2-1-26MBH,BURLINGTON RESOURCES OIL & GAS COMPANY LP,Bakken,31.145706,0.75095367,5842071.76777466,398663.25,5.87163357,597390.5526,37635713.05837079,63.00018119565218,24.228974094948615,Economic
33-053-05147-0000,PATTERSON FEDERAL  5-13H,"CONTINENTAL RESOURCES, INC.",Bakken,42.777229,0.11638528,409096.121127866,472531.88,6.94173614,355945.5962,22424637.056394447,63.00018119565218,40.0134419953417,Economic
33-053-05666-0000,BULLRUSH 34-10MBH-A,BURLINGTON RESOURCES OIL & GAS COMPANY LP,Bakken,66.450546,0.028275279,-2011514.99738476,406474.16,7.7146271870000005,267055.33629999997,16824534.57616583,63.00018119565218,31.137288370868887,Marginal
33-053-05682-0000,JOHNSON 3-9-4BH,QEP ENERGY COMPANY,Bakken,42.465248,0.14639153,934290.962590863,755806.56,8.59819839,598178.762,37685370.3933909,63.00018119565218,24.301843779218366,Economic
33-053-06230-0000,FRISCO 2-31H1,"CONTINENTAL RESOURCES, INC.",Three Forks,145.04199,-0.087703556,-3535809.36567678,106795.03,7.291495781999999,98732.76499,6220182.084317744,63.00018119565218,79.13146106612868,Uneconomic
33-053-03837-0000,POLK 1-33H,"CONTINENTAL RESOURCES, INC.",Bakken,56.178665,0.14604805,829965.992047805,408349.81,9.410790551,360253.94512,22696063.819008537,63.00018119565218,37.01181774841121,Economic
33-053-04029-0000,TARPON FEDERAL 44-19-2RH,WHITING OIL AND GAS CORPORATION,Bakken,60.723373,0.052830525,-861982.712596444,367215.56,5.916648952,261365.86713,16466096.987548752,63.00018119565218,38.08108090268702,Economic
33-053-04379-0000,ROCHESTER 4-24H,"CONTINENTAL RESOURCES, INC.",Bakken,47.469067,0.16166772,1264135.83103904,496552.78,9.20120322,431637.83905,27193262.071049754,63.00018119565218,40.8520699615499,Economic
33-053-04442-0000,MONSON 152-102-35-26-1H,TRIANGLE USA PETROLEUM CORPORATION,Bakken,94.515984,-0.025861658,-2842646.23043482,303461.38,8.55838325,261310.80404000002,16462628.002901562,63.00018119565218,58.88125081765138,Uneconomic
33-053-04475-0000,WISNESS 152-96-33C-28-5H,"PETRO-HUNT, L.L.C.",Three Forks,70.002449,0.082246825,-359623.974035231,433974.53,9.330037518000001,357797.04806,22541278.859049473,63.00018119565218,22.69447839792446,Marginal
33-053-04506-0000,KOALA  16-32-29-2H,KODIAK OIL & GAS (USA) INC.,Bakken,67.699028,0.073112652,-505175.613906106,163738.17,7.61735712,326942.87578999996,20597460.415397603,63.00018119565218,41.85634267524627,Marginal
33-053-04585-0000,BRODERSON 30-31 2H,"BRIGHAM OIL & GAS, L.P.",Bakken,58.308079,0.048320249,-1053825.31288034,532084.69,6.832037123,431954.3548,27213202.62065103,63.00018119565218,57.37179059878132,Economic
33-053-04634-0000,NORFOLK 4-1H,"CONTINENTAL RESOURCES, INC.",Bakken,49.901512,0.23215605,2156451.33623023,459141.31,9.70177574,411445.33215000003,25921130.477555297,63.00018119565218,45.603308464223744,Economic
33-053-04786-0000,GRASSY KNOLL 2-11H,ENERPLUS RESOURCES USA CORPORATION,Bakken,39.125263,0.12980753,1216213.87924375,1352115.9,9.02325147,778551.2923000001,49048872.48500917,63.00018119565218,23.697945098554666,Economic
33-053-04805-0000,LAWLAR 2-5-8TH,QEP ENERGY COMPANY,Three Forks,78.165863,0.029657753,-2817366.34581354,125589.86,11.24196328,352701.0087,22220227.455989297,63.00018119565218,20.962829593528657,Marginal
33-053-04822-0000,SAND CREEK STATE 153-96-16-2H,NEWFIELD PRODUCTION COMPANY,Bakken,75.459755,-0.042026892,-1697008.42772664,184968.14,5.0201159969999996,171316.03602,10792941.310980875,63.00018119565218,17.30615766177469,Marginal
33-053-04823-0000,SAND CREEK STATE 153-96-16-10H,NEWFIELD PRODUCTION COMPANY,Three Forks,57.337955,0.050692227,-924245.046817598,338245.13,5.1087622239999995,231913.14711,14610570.28958394,63.00018119565218,20.422662639259716,Economic
33-053-04854-0000,TALLAHASSEE 2-16H,"CONTINENTAL RESOURCES, INC.",Bakken,67.04937,0.064179778,-895665.69372964,369534.31,7.973189154000001,248952.5668,15684056.817522705,63.00018119565218,50.360249195065286,Marginal
33-053-04925-0000,SMOKEY 4-15-22-13H3,KODIAK OIL & GAS (USA) INC.,Three Forks,82.063858,-0.016701767,-2018907.94403119,215222.08,5.556847330999999,183061.36595,11532899.224773593,63.00018119565218,58.909094758546566,Uneconomic
33-053-04960-0000,JOHNSON 2-4-9BH,QEP ENERGY COMPANY,Bakken,61.312649,0.14678541,920547.465613274,619785.88,11.38059465,501796.9462,31613298.53402493,63.00018119565218,25.735400635447945,Economic
33-053-05044-0000,LLOYD 34-3 #3H,STATOIL OIL & GAS LP,Bakken,66.060196,0.035121378,-1197192.11890115,402256.16,6.64632672,307886.03316,19396875.876690574,63.00018119565218,48.44464269388667,Marginal
33-053-05050-0000,KOALA WOLD 153-97-1-5-9-15H,KODIAK OIL & GAS (USA) INC.,Bakken,69.589737,0.049960248,-1118960.85128447,423653.63,8.07278739,320963.58905,20220764.267356846,63.00018119565218,48.8968923802849,Marginal
33-053-05085-0000,SKARSTON 1-12 #6TFH,STATOIL OIL & GAS LP,Three Forks,58.352856,0.020208905,-1992109.90131239,609732.44,8.10245394,411405.36939999997,25918612.81706422,63.00018119565218,42.43585935747465,Economic
33-053-05097-0000,POGO 1-28-33BH,QEP ENERGY COMPANY,Bakken,66.822495,0.069973163,-769066.231859414,552563.94,11.16287829,435944.75320000004,27464598.442893874,63.00018119565218,17.70617464706197,Marginal
33-053-05126-0000,KELTER FEDERAL 7-12H3,"ZENERGY, INC",Bakken,88.122925,-0.011934464,-2420148.83931572,303632.41,8.19146626,246179.06797,15509325.888686774,63.00018119565218,54.38104577427316,Uneconomic
33-053-05132-0000,ARCHER 24-25MBH,BURLINGTON RESOURCES OIL & GAS COMPANY LP,Bakken,35.418518,0.65058768,5947245.09641902,971901.06,7.944649488,722655.2831,45527413.77729532,63.00018119565218,12.779704518871329,Economic
33-053-05148-0000,KUHN FEDERAL  4-12H1,"CONTINENTAL RESOURCES, INC.",Three Forks,42.908905,0.11891112,349388.966490454,400607.13,6.884040969999999,358033.22282,22556157.911723312,63.00018119565218,39.5470690435678,Economic
33-053-05159-0000,SANDERS 150-100-9-10-1H,TRIANGLE USA PETROLEUM CORPORATION,Bakken,106.54303,-0.021835711,-2865835.2181353,287293.72,9.071402430000001,226467.47898,14267492.210662553,63.00018119565218,44.090452973768905,Uneconomic
33-053-05166-0000,BIG BEND 21-2TFH,BURLINGTON RESOURCES OIL & GAS COMPANY LP,Three Forks,76.548683,0.031281773,-1629676.54912429,369197.72,9.040089291000001,289144.62988,18216164.074189786,63.00018119565218,22.593733401846663,Marginal
33-053-05190-0000,CRATER LAKE 41-14TFH,BURLINGTON RESOURCES OIL & GAS COMPANY LP,Three Forks,74.419937,0.028272239,-1281108.7493777,333780.28,9.116596715,312189.52306,19667996.520164233,63.00018119565218,27.78531336900395,Marginal
33-053-05243-0000,VEEDER 2-27-34TH,QEP ENERGY COMPANY,Three Forks,103.4922,-0.021047441,-3760052.66991449,323906.75,11.171277850000001,256886.14396999998,16183873.616762392,63.00018119565218,28.327207069268862,Uneconomic
33-053-05258-0000,PRAIRIE USA FEDERAL 1-12H,"ZENERGY, INC",Bakken,107.01949,-0.012570742,-2844248.5278221,44317.32,7.8289495890000005,185415.79089,11681228.422605155,63.00018119565218,56.22244778351105,Uneconomic
33-053-05266-0000,HOVLAND 150-99-26-35-4H,NEWFIELD PRODUCTION COMPANY,Bakken,89.398392,0.012323136,-2396798.67741571,341396.19,8.045595137,250266.67794999998,15766846.05808393,63.00018119565218,35.92281958707648,Uneconomic
33-053-05307-0000,BRATCHER 14-36H,WHITING OIL AND GAS CORPORATION,Bakken,82.22374,0.033476077,-1422428.14183036,326694.09,7.592171494,250909.61591,15807351.266061492,63.00018119565218,55.314215269933186,Uneconomic
33-053-05333-0000,PRIDE 150-94-06A-18H TF,ENERPLUS RESOURCES USA CORPORATION,Three Forks,59.31395,0.062641896,-1685524.61355605,1091842.0,15.493045799999999,770455.2771000001,48538822.06044642,63.00018119565218,28.186199378668753,Economic
33-053-05380-0000,PIRATE  4-2-11H,"EMERALD OIL, INC",Bakken,150.0,-0.11389932,-6191045.41705814,248438.05,10.652064540000001,208474.45712,13133928.57322522,63.00018119565218,68.7350589605411,Uneconomic
33-053-05393-0000,MANDAREE 110-05H,"EOG RESOURCES, INC.",Bakken,89.356224,0.012279683,-1460576.68367518,244528.55,6.85579831,202263.47901,12742635.826892992,63.00018119565218,38.220630954365866,Uneconomic
33-053-05401-0000,BB-BELQUIST- 150-95-1110H-6,HESS CORPORATION,Bakken,30.539976,0.21665964,5063625.69027992,1324030.6,8.98350426,659803.5318,41567742.05693126,63.00018119565218,19.925544218046625,Economic
33-053-05409-0000,BUCKY 13-36H,"SHD OIL & GAS, LLC",Bakken,78.17363,-1.0799378e-05,-1656195.11801796,234411.83,6.135787361,203072.02203,12793574.183657471,63.00018119565218,43.090303141872425,Marginal
33-053-05439-0000,BRIER  5200 44-22 6T2,OASIS PETROLEUM NORTH AMERICA LLC,Three Forks,129.42014,-0.036212087,-3996248.43372703,247893.83,8.9410122,164135.61692,10340573.606620153,63.00018119565218,64.75935908212927,Uneconomic
33-053-05464-0000,LUCY 14X-32A,XTO ENERGY INC,Bakken,60.623737,0.08434166,-567356.21095837,627508.44,10.21340541,395031.6205,24887063.66951211,63.00018119565218,32.79839349573319,Economic
33-053-05465-0000,LUCY 14X-32F,XTO ENERGY INC,Three Forks,68.748383,0.058632612,-1613296.98804177,547813.06,10.38000911,347061.58499999996,21864942.74105024,63.00018119565218,40.93851380377251,Marginal
33-053-05468-0000,NORMAN 11-4TFH ULW,BURLINGTON RESOURCES OIL & GAS COMPANY LP,Three Forks,67.811638,0.044481456,-1423238.72862287,429215.84,8.859829904,337827.01386,21283163.085966103,63.00018119565218,29.191870072648367,Marginal
33-053-05482-0000,HA-NELSON A- 152-95-3427H-6,HESS CORPORATION,Three Forks,53.045319,0.11189849,286526.528672009,458801.0,7.831779955,324306.9266,20431395.138805073,63.00018119565218,24.50989939298843,Economic
33-053-05483-0000,HA-NELSON A- 152-95-3427H-5,HESS CORPORATION,Bakken,53.314308,0.12046546,384474.033105624,406938.59,7.604545785000001,323609.96514,20387486.440538686,63.00018119565218,24.70491534500266,Economic
33-053-05485-0000,HA-NELSON A- 152-95-3427H-3,HESS CORPORATION,Bakken,76.523979,0.01387175,-2217934.63294836,267287.34,7.378727845,203220.44709,12802924.989331447,63.00018119565218,14.38318827696475,Marginal
33-053-05496-0000,VAN HISE TRUST 153-95-28D-21-2HS,"PETRO-HUNT, L.L.C.",Three Forks,54.609909,0.10901259,193788.567128365,586066.31,8.663800779999999,478204.19,30126950.618520085,63.00018119565218,24.152745452261783,Economic
33-053-05504-0000,NORMAN 11-4MBH,BURLINGTON RESOURCES OIL & GAS COMPANY LP,Bakken,30.305492,0.19805795,4110361.1857303,1279525.0,8.705934159999998,805821.9567999999,50766929.289835,63.00018119565218,25.132580919017087,Economic
33-053-05507-0000,DENALI 44-33TFH,BURLINGTON RESOURCES OIL & GAS COMPANY LP,Three Forks,69.031082,0.021100525,-2383938.82728228,430313.22,9.068477514,330628.44626,20829652.02281695,63.00018119565218,22.189957326983016,Marginal
33-053-05516-0000,HAGEN BANKS 5298 #42-31 3T,OASIS PETROLEUM NORTH AMERICA LLC,Three Forks,79.704849,0.012979631,-1658609.25057558,335660.09,7.71847439,267004.16289000004,16821310.64206343,63.00018119565218,47.298949144211505,Uneconomic
33-053-05531-0000,ARCHES 34-35MBH,BURLINGTON RESOURCES OIL & GAS COMPANY LP,Bakken,48.932941,0.14556833,939861.845302625,633109.63,8.854378627000001,514582.9412,32418818.53579163,63.00018119565218,17.757780256352135,Economic
33-053-05535-0000,EVY JUNE 41-18HU,WHITING OIL AND GAS CORPORATION,Bakken,146.56879,-0.051244024,-3614409.77503719,40021.418,7.467484159,128148.33809,8073368.519591697,63.00018119565218,59.540494392591384,Uneconomic
33-053-05557-0000,BRENNA 152-96-22D-14-1HS,"PETRO-HUNT, L.L.C.",Bakken,56.790085,0.081102014,-524588.317392592,554212.0,8.541773765,430305.1815,27109304.403928,63.00018119565218,12.20343303437738,Economic
33-053-05568-0000,STAFFORD 13-34TFH,BURLINGTON RESOURCES OIL & GAS COMPANY LP,Three Forks,29.988214,0.42711404,3528574.33573917,322286.59,4.621858972,502686.048,31669312.10852631,63.00018119565218,25.31123480599359,Economic
33-053-05579-0000,MONSON 152-102-35-26-4H,TRIANGLE USA PETROLEUM CORPORATION,Bakken,97.897095,-0.015500093,-2904133.96449019,311106.56,8.69858364,249773.24598,15735759.754566204,63.00018119565218,65.43797872583615,Uneconomic
33-053-05590-0000,KOALA 4-4-6-4H3,KODIAK OIL & GAS (USA) INC.,Three Forks,101.67239,-0.022118822,-2367110.37801704,232309.98,7.6934955800000004,202083.18508999998,12731277.277264517,63.00018119565218,48.079849906866265,Uneconomic
33-053-05597-0000,GARFIELD FEDERAL 6-5H,"CONTINENTAL RESOURCES, INC.",Bakken,39.434654,0.27116132,1840284.58801285,458596.47,8.14166944,417206.30449999997,26284072.779468436,63.00018119565218,58.365731700088716,Economic
33-053-05640-0000,WOLLAN 152-96-27A-35-1HS,"PETRO-HUNT, L.L.C.",Bakken,76.360909,0.0015540875,-2290834.16347698,331465.72,8.286745720999999,298954.44681,18834184.318275962,63.00018119565218,15.07686373425631,Marginal
33-053-05656-0000,SEQUOIA 31-4TFH,BURLINGTON RESOURCES OIL & GAS COMPANY LP,Three Forks,70.225708,0.024343858,-2621158.39288022,143391.55,9.118138802,331783.1614,20902399.285866313,63.00018119565218,17.212367433012687,Marginal
33-053-05659-0000,SHAFERMAKER 11-15MBH-ULW,BURLINGTON RESOURCES OIL & GAS COMPANY LP,Bakken,47.228077,0.096234553,-86743.360583792,587513.13,7.855423397,444835.9374,28024744.65853779,63.00018119565218,27.179330459964294,Economic
33-053-05665-0000,MONARCH  152-94-32D-29H,ENERPLUS RESOURCES USA CORPORATION,Bakken,56.561714,0.069656275,-888863.662661235,743006.75,10.9031861,608117.4868000001,38311511.85664463,63.00018119565218,19.47602028478989,Economic
33-053-05667-0000,BULLRUSH 24-10TFH,BURLINGTON RESOURCES OIL & GAS COMPANY LP,Three Forks,61.868134,0.037857614,-1608979.31153151,425161.44,7.649639962,295124.94169999997,18592924.802456286,63.00018119565218,37.36257901333369,Economic
33-053-05690-0000,HAYMAKER 31-15TFH-B,BURLINGTON RESOURCES OIL & GAS COMPANY LP,Three Forks,99.319305,-0.024255572,-3516254.77382602,170364.25,8.499348426,202962.21407,12786656.262280745,63.00018119565218,41.63042884678173,Uneconomic
33-053-05691-0000,HAYMAKER 31-15MBH-A,BURLINGTON RESOURCES OIL & GAS COMPANY LP,Bakken,95.244804,-0.030455565,-3391174.28275624,169613.09,8.520699208,216909.87997,13665361.741237167,63.00018119565218,43.639698381171996,Uneconomic
33-053-05723-0000,HA-MOGEN- 152-95-0805H-7,"HESS BAKKEN INVESTMENTS II, LLC",Three Forks,62.089283,0.090926357,-145176.964288206,205475.78,7.451063361000001,261088.75297,16448638.745256871,63.00018119565218,16.725738709207867,Economic
33-053-05739-0000,BLUE ANGEL 150-99-5-8-4H,NEWFIELD PRODUCTION COMPANY,Bakken,78.232101,0.026495373,-1745345.43637435,369291.31,7.607903052,283085.78323,17834455.637403116,63.00018119565218,28.137827119701225,Marginal
33-053-05744-0000,WOLLAN 152-96-27C-6H,"PETRO-HUNT, L.L.C.",Bakken,77.903343,0.032406267,-1058484.57468095,263352.03,6.570365147,224068.492,14116355.596236542,63.00018119565218,21.267453060897612,Marginal
33-053-05753-0000,GILBERTSON 11X-26B,XTO ENERGY INC,Bakken,101.63931,-0.016478091,-2435728.7018745,172404.06,6.60729015,141540.17997,8917056.98457522,63.00018119565218,20.427693020014434,Uneconomic
33-053-05761-0000,CINCINNATI 3-30H,"CONTINENTAL RESOURCES, INC.",Bakken,53.23214,0.061601877,-918251.269197155,411732.09,8.384630389999998,354708.92981999996,22346726.850375872,63.00018119565218,60.67410472165871,Economic
33-053-05775-0000,BILLY RAY VALENTINE 1-8-5H,"EMERALD OIL, INC",Bakken,150.0,-0.10929002,-6426693.7108178,200822.5,10.32620562,165682.305,10438015.235913308,63.00018119565218,67.52042572272394,Uneconomic
33-053-05798-0000,BW-SORENSON- 149-99-1324H-4,"HESS BAKKEN INVESTMENTS II, LLC",Bakken,80.006676,0.025214545,-2200600.20660086,272724.22,7.853550856,200846.73119,12653380.457524447,63.00018119565218,52.588525550478735,Uneconomic
33-053-05800-0000,MORK TRUST 21-17-7H,WHITING OIL AND GAS CORPORATION,Bakken,102.13045,-0.00044578395,-2428770.8221041,257209.36,7.435825735000001,188117.49486,11851436.262252169,63.00018119565218,48.07393254959227,Uneconomic
33-053-05803-0000,WEHRUNG 150-99-14-23-5H,NEWFIELD PRODUCTION COMPANY,Bakken,79.225166,0.025901258,-1910508.30485003,382249.66,7.853373658,286749.07843,18065243.898776278,63.00018119565218,31.895548669452094,Uneconomic
33-053-05807-0000,LUCY EVANS 29-32HB,"WPX ENERGY WILLISTON, LLC",Bakken,56.875896,0.075244978,-714095.91678008,258278.86,10.848371940000002,592962.67804,37356756.15877917,63.00018119565218,33.23437293823028,Economic
33-053-05817-0000,BW-KRAETSCH- 149-99-1423H-5,"HESS BAKKEN INVESTMENTS II, LLC",Bakken,86.876411,0.009996932,-2610141.2811681,257234.17,7.866890839000001,186797.26801,11768261.731482802,63.00018119565218,52.96121206272662,Uneconomic
33-053-05818-0000,DAVE 11X-16A,XTO ENERGY INC,Bakken,65.072258,0.068435565,-1016182.51930791,518197.69,10.440816569999999,376789.7818,23737824.52607025,63.00018119565218,33.93892238575382,Marginal
33-053-05831-0000,D ANNUNZIO 3-7-6H,"EMERALD OIL, INC",Bakken,150.0,-0.11494812,-6558004.44412567,194721.97,10.118289229999998,158155.50204,9963825.285609338,63.00018119565218,75.71070380537014,Uneconomic
33-053-05832-0000,WAHLSTROM 152-102-34-27-4H,TRIANGLE USA PETROLEUM CORPORATION,Bakken,97.431458,-0.022358373,-3515774.73655347,320534.47,8.504474064,250086.56616,15755498.982678456,63.00018119565218,64.07754806467169,Uneconomic
33-053-05835-0000,WAHLSTROM 152-102-34-27-1H,TRIANGLE USA PETROLEUM CORPORATION,Bakken,89.057709,-0.011403779,-2842488.51422243,350365.13,8.61911619,280665.48823,17681976.613856185,63.00018119565218,59.07338851929931,Uneconomic
33-053-05859-0000,NYGAARD 150-101-28-33-4H,TRIANGLE USA PETROLEUM CORPORATION,Bakken,103.19268,-0.019655511,-3595555.50888554,314162.41,8.43910373,228050.05802,14367194.976938993,63.00018119565218,57.302077089040246,Uneconomic
33-053-05882-0000,LINSETH 3-22-15TH,QEP ENERGY COMPANY,Three Forks,57.547417,0.061863713,-1385272.82548187,711685.25,10.86520132,533358.7177,33601695.8573807,63.00018119565218,35.780512447956006,Economic
33-053-05889-0000,COPPER DRAW 11-27MBH,BURLINGTON RESOURCES OIL & GAS COMPANY LP,Bakken,50.203129,0.10075381,18232.092572,603788.88,8.78983534,508898.51127,32060698.420207646,63.00018119565218,21.30762062687056,Economic
33-053-05890-0000,LILLIBRIDGE 11-27MBH NH,BURLINGTON RESOURCES OIL & GAS COMPANY LP,Bakken,70.709938,0.024370782,-1965900.66555402,129166.78,8.671119298,311912.35306,19650534.759942237,63.00018119565218,18.71193341246766,Marginal
33-053-05897-0000,SHENANDOAH 34-36MBH,BURLINGTON RESOURCES OIL & GAS COMPANY LP,Bakken,50.576706,0.081867129,-299356.574583268,227887.75,7.527726129,385765.94703000004,24303324.562002365,63.00018119565218,17.480033297361956,Economic
33-053-05930-0000,AN-BRENNA- 153-94-3130H-6,"HESS BAKKEN INVESTMENTS II, LLC",Three Forks,47.741859,0.092301458,-128940.723491953,344830.09,5.746757145,262280.9059,16523744.5958598,63.00018119565218,9.673212051731603,Economic
33-053-05938-0000,MCCOY 44X-23D,XTO ENERGY INC,Bakken,72.392891,0.018992802,-2036063.62138609,311611.5,8.406589122,248798.03394,15674321.219342021,63.00018119565218,40.79902587750693,Marginal
33-053-05943-0000,WADE FEDERAL 5300 41-30 4T,OASIS PETROLEUM NORTH AMERICA LLC,Three Forks,86.94725,-0.046912491,-3331369.04011095,284903.56,7.97289023,233136.90884,14687667.500314245,63.00018119565218,67.1725500161924,Uneconomic
33-053-05956-0000,GOOD SHEPHERD 21-15H,WHITING OIL AND GAS CORPORATION,Bakken,78.796944,0.012844691,-2033593.86581256,325039.91,7.073206325000001,251656.5628,15854409.055475023,63.00018119565218,52.02361435520862,Uneconomic
33-053-05969-0000,HA-DAHL- 152-95-0706H-5,"HESS BAKKEN INVESTMENTS II, LLC",Bakken,46.474056,0.11107586,175401.256530795,368387.69,6.568922886,294066.48482,18526241.8272285,63.00018119565218,8.83906179461794,Economic
33-053-05974-0000,SEVERIN 1-16-17BH,QEP ENERGY COMPANY,Bakken,46.287384,0.1507128,1771730.21354226,950568.31,11.319927,719631.4446,45336911.40388894,63.00018119565218,39.65422797883985,Economic
33-053-05979-0000,TARPON FEDERAL 24-20-2RH,WHITING OIL AND GAS CORPORATION,Bakken,,,,366704.0,6.15649432,268314.2961,16903849.27168387,63.00018119565218,37.351942945143676,Unknown
33-053-05983-0000,BRITT 151-102-4-9-3H,TRIANGLE USA PETROLEUM CORPORATION,Bakken,111.04299,-0.041811597,-3681799.38603375,244414.28,7.99869835,195843.60521,12338182.614239773,63.00018119565218,68.63725359766536,Uneconomic
33-053-06001-0000,BAILEY 4-24H2,"CONTINENTAL RESOURCES, INC.",Three Forks,53.064655,0.073433131,-636997.645935301,377403.63,7.9746234,316799.36774,19958417.57028805,63.00018119565218,49.30020640109289,Economic
33-053-06015-0000,GARIETY 150-99-36-25-11H,NEWFIELD PRODUCTION COMPANY,Three Forks,112.85605,-0.03331431,-3306561.63052643,220654.31,7.670900450000001,185249.06405,11670724.601474976,63.00018119565218,55.02103029911598,Uneconomic
33-053-06033-0000,JOHNSON 8-5-9-4LL,QEP ENERGY COMPANY,Three Forks,49.941093,0.077445582,-499088.52122734,588935.56,8.85236428,486211.95589,30631441.320562445,63.00018119565218,37.236568727626135,Economic
33-053-06037-0000,JOEL GOODSEN 7-32-29H,"EMERALD OIL, INC",Bakken,131.93875,-0.10248828,-4795698.72620752,234652.48,8.10216973,181443.15012,11430951.33426992,63.00018119565218,61.949091630164155,Uneconomic
33-053-06054-0000,MIRAMAR 3-32H1,"CONTINENTAL RESOURCES, INC.",Three Forks,57.136993,0.052230556,-1164278.43534022,363818.03,7.58976113,274486.33063,17292688.565419693,63.00018119565218,65.90246025253268,Economic
33-053-06064-0000,SAND CREEK FEDERAL 153-96-21-28-2H,NEWFIELD PRODUCTION COMPANY,Bakken,,,,479174.69,7.035152825,318871.57050000003,20088966.71964218,63.00018119565218,17.45783869634991,Unknown
33-053-06078-0000,JORE FEDERAL 2-11-8H,ABRAXAS PETROLEUM CORP.,Bakken,57.800518,0.043134578,-1288044.11160488,161358.22,7.841725113,296785.6219,18697547.95596432,63.00018119565218,31.91938226451871,Economic
33-053-06097-0000,BROOKS 3-4H,"CONTINENTAL RESOURCES, INC.",Bakken,49.268436,0.10142041,40707.874658376,322106.16,8.99086281,405418.57716,25541443.821163494,63.00018119565218,46.32688454706951,Economic
33-053-06113-0000,JOHNSON 24X-31EXH,XTO ENERGY INC,Three Forks,75.527634,0.016408268,-2810587.52408684,385837.97,9.018029480000001,255726.069,16110788.683451852,63.00018119565218,35.64244684982375,Marginal
33-053-06115-0000,STENEHJEM  15X-9H,SM ENERGY COMPANY,Three Forks,95.97242,-0.079190917,-2425270.91570553,175598.53,6.05282292,157729.18201,9936967.046472002,63.00018119565218,64.38043856165174,Uneconomic
33-053-06132-0000,RADERMECHER 3-22H,"CONTINENTAL RESOURCES, INC.",Bakken,40.857281,0.24040106,1695592.04075804,314615.97,6.52591111,303822.93503,19140899.95828486,63.00018119565218,56.5257944710955,Economic
33-053-06147-0000,MRACHEK 21-26H,WHITING OIL AND GAS CORPORATION,Bakken,78.587975,0.0048025185,-2407816.66436772,314643.81,6.5839646269999985,235402.63585999998,14830408.71311413,63.00018119565218,53.02119470654132,Marginal
33-053-06151-0000,BB-BELQUIST- 150-95-1110H-12,"HESS BAKKEN INVESTMENTS II, LLC",Bakken,25.126743,0.30737469,5772585.47580572,1268121.6,6.94204547,711095.0687,44799118.17543473,63.00018119565218,15.626074023764778,Economic
33-053-06174-0000,MILES 4-6H1,"CONTINENTAL RESOURCES, INC.",Three Forks,59.874226,0.036174942,-1334979.30603832,315932.72,7.84938337,286224.22318,18032177.922924787,63.00018119565218,57.12595436235777,Economic
33-053-06177-0000,KENNEDY 3-31H,"CONTINENTAL RESOURCES, INC.",Bakken,36.799992,0.17164956,1766411.92631218,382240.5,7.9064875500000005,470204.523,29622970.148015205,63.00018119565218,32.84783331298198,Economic
33-053-06195-0000,BB-CHAPIN A- 151-95-0403H-8,"HESS BAKKEN INVESTMENTS II, LLC",Three Forks,47.563004,0.10349067,82384.126090305,327030.72,5.858177155,233356.87332,14701525.302410854,63.00018119565218,29.849102002958787,Economic
33-053-06200-0000,KELLOGG RANCH FEDERAL 2-32H1,"CONTINENTAL RESOURCES, INC.",Three Forks,36.797997,0.19436096,1783509.53618811,518341.66,6.98398664,406379.9943,25602013.275188103,63.00018119565218,46.766955463037164,Economic
33-053-06219-0000,TONY LUN USA 12-14TFH,MARATHON OIL COMPANY,Three Forks,40.58482,0.13355747,856654.781929114,682269.94,8.365246191,506305.8526,31897360.454219166,63.00018119565218,18.429184569654673,Economic
33-053-06245-0000,KOALA 13-31-30-4H,KODIAK OIL & GAS (USA) INC.,Bakken,52.526844,0.062256511,-572805.378821316,399670.34,5.893578164,335315.48599,21124936.37507817,63.00018119565218,37.673294394671444,Economic
33-053-06248-0000,JONES 2-15-23TH,QEP ENERGY COMPANY,Three Forks,52.898407,0.053722348,-1048477.98570937,504209.16,7.88122944,419649.63168,26438002.8345287,63.00018119565218,21.78750580051875,Economic
33-053-06255-0000,JOHNSRUD FEDERAL 34X-14G,XTO ENERGY INC,Three Forks,45.730476,0.10508641,120405.844665338,509290.59,6.523841477,378889.8923,23870131.868101142,63.00018119565218,28.239992426925937,Economic
33-053-06276-0000,TETON  5-1-3TFSH,BURLINGTON RESOURCES OIL & GAS COMPANY LP,Three Forks,67.16716,0.00040456458,-1974309.07541331,315506.31,7.389751891,274633.76511000004,17301976.96437418,63.00018119565218,35.24587091069612,Marginal
33-053-06279-0000,TETON 5-8-10MBH,BURLINGTON RESOURCES OIL & GAS COMPANY LP,Bakken,78.048653,-0.0085465573,-2409130.65633861,273224.78,7.106655881000001,212068.02083,13360323.73809334,63.00018119565218,27.17769960093992,Marginal
33-053-06284-0000,KINGS CANYON 3-1-27MTFH,BURLINGTON RESOURCES OIL & GAS COMPANY LP,Three Forks,93.875008,-0.0048126718,-2863630.54309816,227400.34,6.831962746999999,164980.54904,10393804.483278181,63.00018119565218,36.80372249017162,Uneconomic
33-053-06297-0000,TETON 7-8-10MBH,BURLINGTON RESOURCES OIL & GAS COMPANY LP,Bakken,51.401821,0.068886302,-634673.385067605,449144.5,7.114837114000001,359858.3506,22671141.29256853,63.00018119565218,25.110227518181944,Economic
33-053-06305-0000,RITA 44X-34H,XTO ENERGY INC,Three Forks,78.83564,-0.013194638,-1946558.80757806,206148.0,6.614042103,179062.54201,11280972.591984082,63.00018119565218,53.80849533926677,Uneconomic
33-053-06311-0000,BRIER 5200 42-22 11T2,OASIS PETROLEUM NORTH AMERICA LLC,Three Forks,85.602371,-0.057963632,-3279975.05658548,266437.72,7.477049890000001,234426.10311,14768886.972920641,63.00018119565218,65.17730014389294,Uneconomic
33-053-06347-0000,CHERYL 17-20 #5H,STATOIL OIL & GAS LP,Bakken,51.664227,0.076844238,-654186.372953041,819380.5,8.50161284,565032.8327,35597170.841592625,63.00018119565218,39.4529508273874,Economic
33-053-06349-0000,CHERYL 17-20 #7H,STATOIL OIL & GAS LP,Bakken,50.479534,0.11082508,238258.770806188,679536.25,8.34394182,609521.3157,38399953.33171232,63.00018119565218,40.03036981375352,Economic
33-053-06359-0000,MOBERG FEDERAL  149-95-29-32-1H,NEWFIELD PRODUCTION COMPANY,Bakken,49.939091,0.083330207,-352005.09947803,515381.78,6.689248713,402022.88539999997,25327514.62499891,63.00018119565218,21.499512746509,Economic
33-053-06363-0000,OLSON 152-96-30-31-11H,NEWFIELD PRODUCTION COMPANY,Three Forks,67.174896,0.029746447,-1749063.4654804,342389.03,6.4103747570000005,246836.60501,15550750.841349628,63.00018119565218,48.34958662312167,Marginal
33-053-06370-0000,RICHARD 8-5 #5H,STATOIL OIL & GAS LP,Bakken,63.517246,0.02694474,-1646170.31294528,519535.59,7.9068339100000005,391460.3882,24662075.387520343,63.00018119565218,49.62038443924522,Marginal
33-053-06386-0000,EIDE 41-13-3H,WHITING OIL AND GAS CORPORATION,Bakken,94.943336,-0.043560214,-2401676.77298684,186358.09,6.09890089,161599.31501,10180786.126723275,63.00018119565218,51.45627073711198,Uneconomic
33-053-06388-0000,ECKERT 41X-6C,XTO ENERGY INC,Bakken,83.942215,0.0001229898,-3040153.49963161,74083.516,8.372575969000001,225578.65395,14211496.072721321,63.00018119565218,57.23746207600495,Uneconomic
33-053-06390-0000,ECKERT 41X-6D,XTO ENERGY INC,Bakken,83.015686,-0.0073774746,-2934740.45314673,108409.21,8.138680656,221570.56994000002,13958986.053843925,63.00018119565218,56.43199420552306,Uneconomic
33-053-06394-0000,AVALANCHE 36-15-TF1,"SHD OIL & GAS, LLC",Three Forks,126.18703,-0.055712745,-2562945.91188569,115752.02,5.207486374,93959.911,5919491.418127352,63.00018119565218,49.696198425792545,Uneconomic
33-053-06418-0000,ROLLA FEDERAL 153-96-29-13H,NEWFIELD PRODUCTION COMPANY,Three Forks,79.647285,-0.0048679765,-1751168.6807348,157560.23,5.015825225,154744.59107,9748937.276457101,63.00018119565218,40.9388901909116,Uneconomic
33-053-06420-0000,JOHNSRUD FEDERAL 34X-14AXB,XTO ENERGY INC,Bakken,35.553314,0.25070253,1965869.00278534,589808.06,6.16824188,473727.0726,29844891.411085878,63.00018119565218,19.70755788833139,Economic
33-053-06434-0000,RJ MOEN 41-26HU,WHITING OIL AND GAS CORPORATION,Bakken,80.573967,-0.0053065671,-1980059.18152011,118637.28,5.573643898,181305.33109,11422268.71040771,63.00018119565218,48.10199563734336,Uneconomic
33-053-06441-0000,PAULSON 36-1  #5TFH,STATOIL OIL & GAS LP,Three Forks,103.52006,-0.052155208,-3004135.08101671,82094.734,7.56939234,160704.37516,10124404.754014065,63.00018119565218,75.83757562588352,Uneconomic
33-053-06498-0000,ARNEGARD 150-100-23-14-9TFH,TRIANGLE USA PETROLEUM CORPORATION,Three Forks,104.62676,-0.062223356,-2583742.08349227,43948.492,5.718579135000001,141647.96901,8923847.713626126,63.00018119565218,60.39580122872871,Uneconomic
33-053-06507-0000,BB-OLE ANDERSON- 151-95-3130H-6,"HESS BAKKEN INVESTMENTS II, LLC",Bakken,34.014431,0.22245997,2118570.75277697,547292.06,5.526096665000001,379428.624,23904072.06281698,63.00018119565218,9.634382094320944,Economic
33-053-06508-0000,BB-OLE ANDERSON- 151-95-3130H-7,"HESS BAKKEN INVESTMENTS II, LLC",Three Forks,41.209747,0.14569737,811156.551765929,424547.13,5.532117844999999,309287.956,19485197.2696329,63.00018119565218,21.207136554414554,Economic
33-053-06522-0000,DEANE USA  24-22H,MARATHON OIL COMPANY,Bakken,41.955276,0.27773374,2432769.9404675,269481.06,7.917471819999999,428074.92509,26968797.845985234,63.00018119565218,36.39963559020117,Economic
33-053-06533-0000,AN-PROSSER- 152-95-1102H-6,"HESS BAKKEN INVESTMENTS II, LLC",Bakken,107.5845,-0.029416448,-2339747.60683623,128833.54,5.448377557000001,98050.881,6177223.2693933295,63.00018119565218,11.600474048003136,Uneconomic
33-053-06560-0000,THOMPSON 44X-20B,XTO ENERGY INC,Bakken,51.214035,0.075953864,-492453.810389339,319396.09,6.822386712,328862.73219,20718411.71646724,63.00018119565218,18.046513240223064,Economic
33-053-06565-0000,ECKERT FOUNDATION 152-102-22-15-1H,TRIANGLE USA PETROLEUM CORPORATION,Bakken,70.448044,-0.0048719482,-2127821.80023216,93361.711,6.454671615000001,278869.40289,17568822.911993332,63.00018119565218,61.296435249080815,Marginal
33-053-06578-0000,SUN NOTCH 43-32TFH,BURLINGTON RESOURCES OIL & GAS COMPANY LP,Three Forks,36.887657,0.17169213,1780650.3993172,772667.25,6.595798952999999,522050.52619999996,32889277.743885566,63.00018119565218,24.999370522599644,Economic
33-053-06583-0000,FORT BERTHOLD 152-93-7C-6-9H,"HRC OPERATING, LLC",Bakken,49.476173,0.095071718,-84301.531498652,351890.41,5.924357040000001,268770.39779,16932583.760797516,63.00018119565218,45.060254564984156,Economic
33-053-06602-0000,STENEHJEM 31X-28D,XTO ENERGY INC,Bakken,74.156075,0.0096578123,-1610284.40007585,251945.8,7.3078532,207215.6049,13054620.655266672,63.00018119565218,56.13988908993004,Marginal
33-053-06618-0000,HENDRICKSON FEDERAL 6-36H,"CONTINENTAL RESOURCES, INC.",Bakken,50.54974,0.11247287,115755.526589333,237129.86,5.77842145,215331.94482,13565951.540872177,63.00018119565218,39.44255539899322,Economic
33-053-06621-0000,LUNDIN 14X-33A,XTO ENERGY INC,Bakken,63.874996,0.045760486,-1800331.10343475,417851.78,7.581966066000001,260355.8067,16402462.997440193,63.00018119565218,35.24289718306685,Marginal
33-053-06644-0000,HA-SANFORD- 152-96-1819H-10,"HESS BAKKEN INVESTMENTS II, LLC",Three Forks,54.861176,0.07336349,-466242.48188485,358855.56,5.092877571999999,169775.64197,10695896.206718171,63.00018119565218,50.8251094048467,Economic
33-053-06645-0000,HA-SANFORD- LW-152-96-1819H-1,"HESS BAKKEN INVESTMENTS II, LLC",Bakken,31.899475,0.32669428,2410836.56420125,394904.22,5.1200659989999995,326129.28018999996,20546203.745177615,63.00018119565218,28.853360491234376,Economic
33-053-06743-0000,FOSSUM 15-35HR,SM ENERGY COMPANY,Bakken,65.187683,0.013930507,-2103164.67013146,407894.34,6.933438171,301349.50419,18985073.367189948,63.00018119565218,38.49049869770445,Marginal
33-053-06747-0000,FLATLAND FEDERAL 11-4-5TFH,WHITING OIL AND GAS CORPORATION,Three Forks,30.890728,0.628546,4964245.53991591,829954.06,5.706082845999999,778894.95505,49070523.30052936,63.00018119565218,17.88303745506683,Economic
33-053-06767-0000,ANDERSMADSON 5201 14-25 11B,OASIS PETROLEUM NORTH AMERICA LLC,Bakken,70.144783,-0.074799232,-2272597.48418794,278581.38,6.604109579999999,253690.43187,15982543.175413255,63.00018119565218,60.6753097440526,Marginal
33-053-06790-0000,SORENSON 31X-28C,XTO ENERGY INC,Bakken,61.942791,0.046104819,-1494451.05599586,382408.56,7.6325852,277434.2411,17478407.459178254,63.00018119565218,49.663414168261816,Economic
33-053-06800-0000,STATE 9-36-1BH,QEP ENERGY COMPANY,Bakken,63.113655,0.0024344865,-1398864.99306411,272893.97,5.92705777,233479.99311,14709281.871489624,63.00018119565218,44.49304928430816,Marginal
33-053-06842-0000,HENDERSON 36-25-35-26T2H,QEP ENERGY COMPANY,Three Forks,70.58519,-0.0090019377,-2230238.72214593,289535.25,7.064255659999999,262222.35594000004,16520055.937770804,63.00018119565218,56.29484309879253,Marginal
33-053-06845-0000,HENDERSON 1-12-2-11T2H,QEP ENERGY COMPANY,Three Forks,71.906075,0.007852382,-1979826.35039123,277562.59,6.741877160000001,242201.79209,15258756.787581678,63.00018119565218,57.43885079131399,Marginal
33-053-06865-0000,CLARKS CREEK USA 14-35H,MARATHON OIL COMPANY,Bakken,31.824106,0.34809908,2984299.52418084,680173.25,6.391229689999999,528232.7002000001,33278755.82606862,63.00018119565218,42.44606722052173,Economic
33-053-06884-0000,CHAMELEON STATE 31-16-1H,WHITING OIL AND GAS CORPORATION,Bakken,63.577129,0.05145983,-1267796.41330958,451404.13,8.37231476,356075.76953,22432837.999771286,63.00018119565218,59.62643558342068,Marginal
33-053-06897-0000,HYSTED 5200 11-30 7T,OASIS PETROLEUM NORTH AMERICA LLC,Three Forks,74.762894,-0.048219107,-2275644.29424404,255109.17,6.53496904,225771.01517,14223614.864436338,63.00018119565218,67.04640511985677,Marginal
33-053-06899-0000,CHERYL 17-20 #6TFH,STATOIL OIL & GAS LP,Three Forks,53.463924,0.059126485,-767499.030233196,619315.75,7.1350234200000004,478934.05830000003,30172932.45366905,63.00018119565218,55.63071588604811,Economic
33-053-06906-0000,RYAN 14X-9F2,XTO ENERGY INC,Three Forks,74.574387,0.025169743,-1755227.93798941,279693.94,6.578213114,191238.72154,12048074.108644871,63.00018119565218,47.66701221682093,Marginal
33-053-06907-0000,LOOMER 44-33-2TFH,WHITING OIL AND GAS CORPORATION,Three Forks,50.651878,0.10626893,73520.703576344,273391.47,5.845998989999999,304942.96073,19211461.780328646,63.00018119565218,55.24613675451187,Economic
33-053-06940-0000,HARLEY FEDERAL 24X-15E,XTO ENERGY INC,Three Forks,58.979698,0.06287127,-669627.51143478,308714.25,6.483462876999999,244255.36714,15388132.387830548,63.00018119565218,41.05200329225164,Economic
33-053-06944-0000,SANDERS 150-100-9-10-3H,TRIANGLE USA PETROLEUM CORPORATION,Bakken,81.354103,-0.025080334,-2420367.28596354,260249.38,6.035906773000001,217735.05507,13717347.922055306,63.00018119565218,52.178624025712594,Uneconomic
33-053-07038-0000,ROLFSON N  5198 12-17 7T,OASIS PETROLEUM NORTH AMERICA LLC,Three Forks,61.190701,-0.0066987164,-1101419.6423501,172517.59,5.97178093,275572.66102,17361127.576828036,63.00018119565218,59.934225621224456,Economic
33-053-07075-0000,FOREMAN 3-2-1BHR,QEP ENERGY COMPANY,Bakken,71.098083,-0.0057094935,-1332871.45161338,248757.38,6.571983520000001,223032.73304,14051102.594081521,63.00018119565218,40.3392158812232,Marginal
33-053-07090-0000,LARSEN 152-96-16-21-5HLW,NEWFIELD PRODUCTION COMPANY,Bakken,47.089771,0.11208052,175578.987950039,402802.22,5.97167678,319632.77001,20136922.42669822,63.00018119565218,20.161420752706164,Economic
33-053-07122-0000,LAWLAR N FEDERAL 5199 44-23 11BX,OASIS PETROLEUM NORTH AMERICA LLC,Bakken,59.287277,0.081460997,-159463.01924757,539378.06,6.41343863,310461.09308,19559105.118240237,63.00018119565218,58.851316687280395,Economic
33-053-07140-0000,FOREMAN 6-2-1BH,QEP ENERGY COMPANY,Bakken,56.380527,0.058910117,-472352.199931367,330045.16,6.52091634,289015.79409,18208047.3960753,63.00018119565218,37.81461122590255,Economic
33-053-07146-0000,ERNIE 3-10-2-11BHD,QEP ENERGY COMPANY,Bakken,50.573227,0.089947581,-162099.546092112,715796.13,5.82942393,289641.04918,18247438.580038805,63.00018119565218,42.15151107172054,Economic
33-053-07150-0000,ROLLA FEDERAL 31-3-3TFH,WHITING OIL AND GAS CORPORATION,Three Forks,62.223236,0.040271457,-828147.305255712,329341.47,6.58616189,297550.50593,18745735.78844798,63.00018119565218,30.883460993787715,Economic
33-053-07153-0000,ROLLA FEDERAL 21-3-1TFH,WHITING OIL AND GAS CORPORATION,Three Forks,45.591179,0.16945161,1241663.55864835,547732.31,6.808162599999999,436537.426,27501936.936683606,63.00018119565218,22.882024386390253,Economic
33-053-07216-0000,LUND 21X-17AXD,XTO ENERGY INC,Bakken,59.804562,0.078001134,-375461.641696935,355936.22,7.43270764,270899.75974,17066733.94947864,63.00018119565218,44.640645768168156,Economic
33-053-07257-0000,RACHEL WOLF  27-34HG,"WPX ENERGY WILLISTON, LLC",Bakken,43.455231,0.24043533,1372400.04730857,487546.63,5.958692580000001,433629.23079,27318720.111501276,63.00018119565218,43.40685856335516,Economic
33-053-07266-0000,ROLFSON S 5198 11-29 2TX,OASIS PETROLEUM NORTH AMERICA LLC,Three Forks,53.398026,0.076326348,-263320.231182022,241113.25,6.47101724,367531.71913,23154564.900339544,63.00018119565218,61.34336449736083,Economic
33-053-07286-0000,SKAAR FEDERAL 153-96-30-4H,NEWFIELD PRODUCTION COMPANY,Bakken,35.149513,0.22299393,1390071.83075598,203256.63,4.2245044620000005,356740.3151,22474704.491094053,63.00018119565218,15.391664275399425,Economic
33-053-07298-0000,MOBERG FEDERAL 149-95-29-32-14HLW,NEWFIELD PRODUCTION COMPANY,Three Forks,36.901524,0.31403297,2528625.21719095,608886.31,6.03057571,441820.5959,27834777.59767102,63.00018119565218,32.59243412602793,Economic
33-053-07338-0000,JOHNSON 31X-6HXE,XTO ENERGY INC,Three Forks,49.099258,0.12332671,580599.529853825,458182.78,7.62839862,362009.3396,22806653.989318386,63.00018119565218,57.47267275380984,Economic
33-053-07355-0000,TOBACCO GARDEN 31X-29C,XTO ENERGY INC,Bakken,43.443523,0.15802804,1009984.11406453,315302.56,6.306338069999999,354463.82409,22331285.14497378,63.00018119565218,40.888196769186514,Economic
33-053-07396-0000,FORLAND 5098 13-4 8T,OASIS PETROLEUM NORTH AMERICA LLC,Three Forks,59.969368,,-508675.613855166,324691.88,6.539431780000001,315308.55805,19864496.289689813,63.00018119565218,60.06627136742145,Economic
33-053-07397-0000,FORLAND 5098 13-4 9B,OASIS PETROLEUM NORTH AMERICA LLC,Bakken,43.186611,0.51602995,2091682.84406714,491653.5,6.057774691,463190.75896999997,29181101.743261654,63.00018119565218,53.418378858679375,Economic
33-053-07418-0000,ROLLA FEDERAL 11-3-1TFH,WHITING OIL AND GAS CORPORATION,Three Forks,50.476234,0.14534026,697302.77285679,653696.13,6.73398709,384543.86083,24226332.909965657,63.00018119565218,24.16353434996958,Economic
33-053-07451-0000,TIPI V 3-13-12BH,QEP ENERGY COMPANY,Bakken,57.848,0.050802931,-553739.928751444,299441.91,5.858354579999999,281024.39894,17704588.053619243,63.00018119565218,51.62911401650536,Economic
33-053-07472-0000,GRADY USA 21-4H,MARATHON OIL COMPANY,Bakken,31.173409,0.34194866,4193689.79799533,545810.5,7.751248110000001,556584.3104000001,35064912.40585712,63.00018119565218,25.79413214715391,Economic
33-053-07488-0000,BB-CHAPIN A- 151-95-0403H-5,"HESS BAKKEN INVESTMENTS II, LLC",Three Forks,43.963928,0.20503017,1008343.0528118,224053.3,5.4869837839999995,248233.94386,15638783.442091351,63.00018119565218,38.30197608043242,Economic
33-053-07516-0000,KOALA FEDERAL 31-25HU,WHITING OIL AND GAS CORPORATION,Bakken,49.613586,0.14594176,531506.230605381,159893.81,6.23294499,352657.19685,22217467.30150078,63.00018119565218,46.6768237651427,Economic
33-053-07529-0000,FLATLAND 43-9-2H,WHITING OIL AND GAS CORPORATION,Bakken,62.507465,0.061285965,-746474.013211058,350603.03,6.78099616,289272.12298,18224196.16259098,63.00018119565218,55.75952935506838,Economic
33-053-07542-0000,TARENTAISE FEDERAL 1-19H,"CONTINENTAL RESOURCES, INC.",Bakken,28.626982,0.70584971,5819697.90739735,564104.63,7.29552376,514472.54573,32411863.601178452,63.00018119565218,34.94355897599996,Economic
33-053-07554-0000,TARENTAISE FEDERAL 11-19H,"CONTINENTAL RESOURCES, INC.",Bakken,32.183239,0.55615962,4299742.64770579,466958.22,6.946010940000001,428917.8632,27021903.099651955,63.00018119565218,33.05970144622941,Economic
33-053-07559-0000,LIZZIE RAE 8-17-1H,SINCLAIR OIL & GAS COMPANY,Bakken,74.205246,0.0031060409,-1941827.91316682,92267.07,5.773941735,191710.7172,12077809.920748435,63.00018119565218,52.94319131752713,Marginal
33-053-07569-0000,HA-ROLFSRUD- 152-96-1720H-11,"HESS BAKKEN INVESTMENTS II, LLC",Three Forks,35.197773,0.20393077,2010105.52224958,521652.41,5.095370162999999,303387.3663,19113459.0493717,63.00018119565218,33.99935942732038,Economic
33-053-07628-0000,HEINZ 18-19 XW #1H,STATOIL OIL & GAS LP,Bakken,75.259155,-0.01282423,-2949893.6770037,398344.63,8.397684969999998,301337.86895000003,18984340.344961695,63.00018119565218,52.74427711943782,Marginal
33-053-07640-0000,HA-GRIMESTAD- LE-152-95-3031H-1,"HESS BAKKEN INVESTMENTS II, LLC",Bakken,58.592598,0.072748557,-399792.249622087,241947.56,5.7267219,185211.05114,11668329.781257203,63.00018119565218,31.86763673590736,Economic
33-053-07642-0000,LASSEN  4-1-26MBH,BURLINGTON RESOURCES OIL & GAS COMPANY LP,Bakken,31.80088,0.7209689,5316667.68073451,352575.75,5.8943771,583177.7746,36740305.46907721,63.00018119565218,25.85602636831871,Economic
33-053-07648-0000,OYLOE 5199 42-23 7T,OASIS PETROLEUM NORTH AMERICA LLC,Three Forks,59.226166,0.048467338,-429055.448113204,290229.5,6.22880177,302249.48784,19041772.50021307,63.00018119565218,62.09693138887069,Economic
33-053-07676-0000,BB-LARS ROTHIE- LW-151-95-3229H-1,"HESS BAKKEN INVESTMENTS II, LLC",Three Forks,25.967125,0.88067877,6762095.53951149,641575.81,5.60559662,510770.4043,32178628.02027652,63.00018119565218,22.554385502905806,Economic
33-053-07678-0000,RACER 152-94-18A-19H-TF,ENERPLUS RESOURCES USA CORPORATION,Three Forks,69.610786,0.0025385993,-1545420.05889309,391774.59,8.54558024,356627.73799000005,22467612.112765573,63.00018119565218,51.25743987606446,Marginal
33-053-07700-0000,BEETLE 150-94-11C-12H,ENERPLUS RESOURCES USA CORPORATION,Bakken,52.810772,0.11521734,230586.533597999,160736.23,8.87004502,531586.6351,33490054.332487036,63.00018119565218,40.79296056481005,Economic
33-053-07705-0000,MURPHY USA 34-22TFH-2B,MARATHON OIL COMPANY,Three Forks,42.485039,0.29427132,2306039.88427824,433979.44,7.456867079999999,404325.9721,25472609.50440821,63.00018119565218,45.29326535280004,Economic
33-053-07716-0000,HAGEN BANKS 5198 13-6 12T,OASIS PETROLEUM NORTH AMERICA LLC,Three Forks,66.70504,0.054653723,-477554.848932518,287260.56,6.36528507,260699.94414,16424143.718516402,63.00018119565218,61.405742255054875,Marginal
33-053-07740-0000,BB-LARS ROTHIE- LE-151-95-2932H-1,"HESS BAKKEN INVESTMENTS II, LLC",Bakken,28.90379,1.0778507,5567774.39210496,635005.38,5.8384025600000005,521101.996,32829520.169416018,63.00018119565218,20.787109649841813,Economic
33-053-07798-0000,PATSY 5198 12-17 8B,OASIS PETROLEUM NORTH AMERICA LLC,Bakken,55.671185,-0.12563567,1137583.29573675,418610.72,6.815250119999999,409063.17503000004,25771054.147358786,63.00018119565218,54.36585629396815,Economic
33-053-07856-0000,MATHISTAD 3NC-MTFH,BURLINGTON RESOURCES OIL & GAS COMPANY LP,Three Forks,29.47924,0.74089974,7133942.27388057,903199.06,6.14795568,714997.7552,45044988.13208456,63.00018119565218,32.61621191221485,Economic
33-053-07869-0000,LUNDIN FEDERAL 11X-4F,XTO ENERGY INC,Three Forks,79.030876,0.011542459,-2714287.29095772,157354.47,9.432218989999999,263679.60985,16611863.198148875,63.00018119565218,56.62027091031815,Uneconomic
33-053-07911-0000,ND LEVANG 7-16-21BHD,QEP ENERGY COMPANY,Bakken,61.959618,0.081336953,-249412.969176881,307578.44,6.267502382,259861.02999,16371291.975058807,63.00018119565218,24.266152388810138,Economic
33-053-07912-0000,ND LEVANG 4-16-21T2HD,QEP ENERGY COMPANY,Three Forks,76.90831,-0.0053011151,-1625694.80805307,243244.8,6.598461220000001,210065.10706,13234139.807664076,63.00018119565218,44.72176080904464,Marginal
33-053-07922-0000,LENA USA 14-22H,MARATHON OIL COMPANY,Bakken,38.010635,0.37429023,3770801.20675031,607936.56,7.778590520000001,500823.04209999996,31551942.39925774,63.00018119565218,34.04356844609912,Economic
33-053-07961-0000,RAVINE 152-94-16A-21H,ENERPLUS RESOURCES USA CORPORATION,Bakken,55.402588,0.08512444,-271805.176690322,628970.13,8.15343868,504144.9599,31761223.822574805,63.00018119565218,18.886067310561405,Economic
33-053-07962-0000,CANYON 152-94-16A-21H-TF2,ENERPLUS RESOURCES USA CORPORATION,Bakken,54.364513,0.078361154,-524166.192672627,774719.19,8.844325979999999,564898.4916000001,35588707.327950604,63.00018119565218,20.79287284643764,Economic
33-053-08023-0000,AN-LONE TREE- 152-95-1207H-2,"HESS BAKKEN INVESTMENTS II, LLC",Three Forks,33.336193,0.36794117,3035737.8547452,421000.56,4.834231815999999,308470.2391,19433680.956766155,63.00018119565218,25.64908231530842,Economic
33-053-08073-0000,ANDERSON STATE 152-96-16-21-20H,NEWFIELD PRODUCTION COMPANY,Three Forks,78.334412,0.024357231,-1556280.62809008,57493.332,6.08287623,172469.77425000002,10865627.028523227,63.00018119565218,36.12934916935368,Marginal
33-053-04505-0000,KOALA  16-32-29-1H3,KODIAK OIL & GAS (USA) INC.,Three Forks,102.62338,-0.014840803,-2347892.32273506,237789.81,7.62305924,195889.74985,12341089.734920979,63.00018119565218,54.089855256215515,Uneconomic
33-053-04831-0000,EDNA 11-2 3H,"BRIGHAM OIL & GAS, L.P.",Bakken,75.551842,0.010506059,-1840135.84127475,360048.56,7.01013004,259968.75357,16378078.58011785,63.00018119565218,60.395716867529906,Marginal
33-053-05027-0000,AN-EVENSON 152-95-0310H-2,HESS CORPORATION,Bakken,83.109367,0.039511785,-888700.158476845,222437.64,8.019351520999999,196918.23713999998,12405884.620548405,63.00018119565218,14.852514530281901,Uneconomic
33-053-05104-0000,BLUE RIDGE 44-31TFH,BURLINGTON RESOURCES OIL & GAS COMPANY LP,Three Forks,58.196915,0.13819537,679727.597687522,476571.5,9.075637917,397298.30981,25029865.506756358,63.00018119565218,14.97517588335033,Economic
33-053-05145-0000,KUHN FEDERAL 3-12H,"CONTINENTAL RESOURCES, INC.",Bakken,55.089939,0.16240408,1330824.30932016,495347.28,10.30226574,413589.94106,26056241.227479104,63.00018119565218,41.306782288610954,Economic
33-053-05160-0000,BIG BEND 11-2MBH,BURLINGTON RESOURCES OIL & GAS COMPANY LP,Bakken,48.31958,0.12278703,651775.842068087,733312.63,8.722454153000001,487621.24509999994,30720226.79614952,63.00018119565218,16.932098583413776,Economic
33-053-05235-0000,VAN HISE TRUST  153-95-28D-21-4H,"PETRO-HUNT, L.L.C.",Three Forks,50.701714,0.11478657,377449.119750527,646056.56,8.633634780000001,503623.5077,31728372.23948993,63.00018119565218,16.436764902153627,Economic
33-053-05279-0000,WISNESS STATE 152-96-21-16-11H,NEWFIELD PRODUCTION COMPANY,Three Forks,80.299202,0.032747898,-1471327.43657814,173874.86,7.782216146,247928.11211,15619515.986425968,63.00018119565218,19.84688176881425,Uneconomic
33-053-05347-0000,MACK 8-2H,"CONTINENTAL RESOURCES, INC.",Bakken,100.61208,0.0097466726,-2030456.7126606,189074.36,7.01675849,135260.6298,8521444.18603803,63.00018119565218,34.67709577891414,Uneconomic
33-053-05387-0000,RICK 16X-12H,SM ENERGY COMPANY,Three Forks,130.51254,-0.052846286,-3333142.31494519,191138.59,8.40217336,154355.28201999998,9724410.735765992,63.00018119565218,55.788756273304166,Uneconomic
33-053-05415-0000,ROLFSON 14X-34B,XTO ENERGY INC,Bakken,69.695305,0.026513435,-2370820.98591233,414827.16,9.79599089,333735.79781,21025415.733505543,63.00018119565218,28.469571777271586,Marginal
33-053-05458-0000,MONSON FEDERAL 18-19H,OASIS PETROLEUM NORTH AMERICA LLC,Bakken,106.66531,-0.016258443,-2796524.57318901,250032.16,7.698449139,185089.99375999998,11660703.14438213,63.00018119565218,53.568123419299475,Uneconomic
33-053-05471-0000,HA-NELSON- 152-95-3328H-7,HESS CORPORATION,Bakken,55.723312,0.11799525,430858.529585327,358436.06,7.339335003,259914.66688,16374671.108847577,63.00018119565218,7.792659299103755,Economic
33-053-05497-0000,DENALI 21-4TFH 2NH,BURLINGTON RESOURCES OIL & GAS COMPANY LP,Three Forks,68.25312,0.034346867,-2331274.68094085,248607.55,8.847617829999999,323064.95999999996,20353151.01796612,63.00018119565218,22.69230526254732,Marginal
33-053-05503-0000,GOOD VOICE 34-27HB,"WPX ENERGY WILLISTON, LLC",Three Forks,58.416138,0.058929499,-1533580.58851736,730967.56,11.03512403,570927.0257,35968506.06859477,63.00018119565218,36.18153484602196,Economic
33-053-05620-0000,BB-BUDAHN A- 150-95-0403H-8,"HESS BAKKEN INVESTMENTS II, LLC",Bakken,43.452187,0.17907786,1332332.82687866,471940.78,6.956184939,382237.65483,24081041.514091156,63.00018119565218,11.599410729980832,Economic
33-053-05629-0000,GUY FEDERAL 24X-35E,XTO ENERGY INC,Three Forks,85.691223,-0.0079602636,-2457736.00322452,108292.83,6.901440850999999,176410.77815,11113910.988316,63.00018119565218,48.38919497715955,Uneconomic
33-053-05679-0000,JONSRUD 152-96-33D-28-1HS,"PETRO-HUNT, L.L.C.",Bakken,76.813629,0.0095840953,-2501722.38089083,267104.06,8.547118743,298348.47704,18796008.112966876,63.00018119565218,22.60167228688605,Marginal
33-053-05804-0000,WEHRUNG 150-99-14-23-4H,NEWFIELD PRODUCTION COMPANY,Bakken,77.44651,0.033096142,-1832816.35196725,102756.54,7.776915914,285902.123,18011885.55322164,63.00018119565218,30.254186862643966,Marginal
33-053-05824-0000,BB-BUDAHN A- LS-150-95-0403H-1,"HESS BAKKEN INVESTMENTS II, LLC",Three Forks,32.77285,0.30888921,4206829.73058601,847807.13,7.160472396,578364.9254,36437095.09740985,63.00018119565218,22.852061077500434,Economic
33-053-05967-0000,ROLFSRUD STATE 152-96-29-32-12H,NEWFIELD PRODUCTION COMPANY,Three Forks,57.469395,0.07172168,-986867.870520499,581137.13,7.358030869,347837.7208,21913839.437082674,63.00018119565218,24.59681005894024,Economic
33-053-06095-0000,BROOKS 2-4H1,"CONTINENTAL RESOURCES, INC.",Three Forks,58.774036,0.068143658,-1057692.6104776,179616.63,8.66308996,315809.7145,19896069.236847185,63.00018119565218,48.53977428292065,Economic
33-053-06139-0000,NELSON 24X-11F,XTO ENERGY INC,Three Forks,88.201767,-0.01914526,-2958691.87143815,245586.19,8.71911024,209071.59807,13171548.561274566,63.00018119565218,50.37589867718848,Uneconomic
33-053-06225-0000,KLINE FEDERAL 5300 11-18 3T,OASIS PETROLEUM NORTH AMERICA LLC,Three Forks,150.0,-0.12579867,-4110870.12680779,111407.87,7.0789802900000005,107837.199,6793763.076631602,63.00018119565218,80.71819453085955,Uneconomic
33-053-06233-0000,JONES 3-15-23TH,QEP ENERGY COMPANY,Three Forks,39.163998,0.17496687,1487916.74889789,347214.22,7.56410844,606720.8563,38223523.88208125,63.00018119565218,28.330676377130626,Economic
33-053-06243-0000,KLINE FEDERAL 5300 11-18 2B,OASIS PETROLEUM NORTH AMERICA LLC,Bakken,82.562866,-0.048351698,-2892697.74227166,259014.48,6.98483826,227334.10788,14322089.98839194,63.00018119565218,68.77540835247177,Uneconomic
33-053-06246-0000,KOALA 13-31-30-4H3,KODIAK OIL & GAS (USA) INC.,Three Forks,75.094528,-0.0026918384,-1913030.35307223,267046.28,5.922904808,211108.11368,13299849.41371234,63.00018119565218,49.496646890062344,Marginal
33-053-06403-0000,MORGAN 24-21TFH,BURLINGTON RESOURCES OIL & GAS COMPANY LP,Three Forks,70.772026,0.0088495594,-2024364.60393318,277217.03,6.281081172,221287.09603000002,13941127.146149686,63.00018119565218,23.625392961436027,Marginal
33-053-06411-0000,ROVELSTAD 21-13-3H,WHITING OIL AND GAS CORPORATION,Bakken,82.294945,-0.026628645,-2109722.20961034,113166.21,6.175821716,193894.16405999998,12215367.46855951,63.00018119565218,44.38272030615081,Uneconomic
33-053-06443-0000,BW-ARNEGARD STATE- 151-100-3625H-8,"HESS BAKKEN INVESTMENTS II, LLC",Three Forks,76.050034,0.010876525,-1812887.71086977,206392.69,5.9731903740000005,155932.07292,9823748.84817365,63.00018119565218,49.8367257604366,Marginal
33-053-06753-0000,RITA 44X-34CXD,XTO ENERGY INC,Bakken,60.082554,0.041879892,-1329982.03450445,351641.81,7.166003756,289966.55099,18267945.25304832,63.00018119565218,35.2203114567536,Economic
33-053-06816-0000,RICHARD 8-5 #4TFH,STATOIL OIL & GAS LP,Three Forks,59.355667,0.031404492,-1262086.25925266,520160.16,7.886954060000001,440118.11614,27727521.06430909,63.00018119565218,53.974918595474804,Economic
33-053-06855-0000,HOMER FEDERAL  14X-32B,XTO ENERGY INC,Bakken,39.44495,0.18693936,1147946.01159717,471541.09,5.843509072,376815.5734,23739449.401543573,63.00018119565218,35.367615679597485,Economic
33-053-07016-0000,AN-EVENSON- LE-152-95-0310H-1,"HESS BAKKEN INVESTMENTS II, LLC",Bakken,33.018677,0.29677674,2088752.77362313,319488.44,5.579615251,359731.07043,22663122.618795916,63.00018119565218,15.311777220176353,Economic
33-053-07116-0000,LUNDIN 11X-15A,XTO ENERGY INC,Bakken,53.589939,0.17416169,901996.674635605,355839.47,7.535441930000001,331637.51904,20893223.790796548,63.00018119565218,63.52695855779154,Economic
33-053-07117-0000,LUNDIN 11X-15EXH,XTO ENERGY INC,Three Forks,49.892139,0.18505199,1313415.72898032,456742.66,8.392998610000001,399039.79879000003,25139579.62804659,63.00018119565218,56.25670616259681,Economic
33-053-07518-0000,KOALA FEDERAL 31-25H,WHITING OIL AND GAS CORPORATION,Bakken,53.900711,0.096681528,-36313.334973949,355126.56,6.001220839999999,307770.542,19389599.91268408,63.00018119565218,51.436259254980286,Economic
33-053-07551-0000,TARENTAISE FEDERAL 8-19H2,"CONTINENTAL RESOURCES, INC.",Three Forks,44.098564,0.28115004,1885954.8843206,182629.8,6.845922929999999,297087.30906,18716554.30170872,63.00018119565218,60.273167347942234,Economic
33-053-07621-0000,GRIZZLY 24-13HW,"WPX ENERGY WILLISTON, LLC",Three Forks,33.589073,0.32468095,3286391.68110375,851805.06,5.781444520000001,560111.648,35287135.31379536,63.00018119565218,28.83582165526474,Economic
33-053-07652-0000,OYLOE 5199 42-23 3T,OASIS PETROLEUM NORTH AMERICA LLC,Three Forks,71.333885,-0.0092690252,-1257048.67641481,205221.84,6.32155798,226945.93501000002,14297635.027246704,63.00018119565218,63.104577261750784,Marginal
33-053-07691-0000,AN-DINWOODIE- 153-94-2833H-3,"HESS BAKKEN INVESTMENTS II, LLC",Three Forks,27.555531,0.61195815,5581885.92672328,448513.31,5.67688888,500844.771,31553311.323894925,63.00018119565218,24.351663081744903,Economic
33-053-08070-0000,ANDERSON 152-96-9-4-4HLW,NEWFIELD PRODUCTION COMPANY,Bakken,31.737122,0.54971397,5726611.17798912,726007.44,6.40082879,540056.5686,34023661.677702166,63.00018119565218,14.712455480573535,Economic
33-053-04871-0000,JEROME 21-15MBH 2SH,BURLINGTON RESOURCES OIL & GAS COMPANY LP,Bakken,25.806549,0.5931899,5352059.43865272,787290.88,4.441029917000001,638392.2332,40218826.365497045,63.00018119565218,29.446186723637872,Economic
33-053-05910-0000,HOFFMANN  14X-12A,XTO ENERGY INC,Bakken,53.160748,0.071176663,-1157142.07639238,427760.22,9.53928371,455950.3243,28724953.047116373,63.00018119565218,38.613492611466185,Economic
33-053-06237-0000,JONES 4-15-22BH,QEP ENERGY COMPANY,Bakken,39.033432,0.18280537,1547942.10300069,720917.94,7.58814535,608054.8319999999,38307564.59289184,63.00018119565218,24.565957419695252,Economic
33-053-06751-0000,FORT BERTHOLD 152-93-19D-18-8H,"HRC OPERATING, LLC",Bakken,41.574081,0.12841377,434119.11007647,248213.56,6.20131,304529.37699,19185405.929769073,63.00018119565218,45.51071491846282,Economic
33-053-07318-0000,STENEHJEM 6H,ABRAXAS PETROLEUM CORP.,Three Forks,48.500809,0.15287592,689931.459846199,404748.69,6.901175459999999,317558.46099,20006240.582582444,63.00018119565218,57.72737949622322,Economic
33-053-07684-0000,REDBELLY 152-94-18A-19H-TF,ENERPLUS RESOURCES USA CORPORATION,Three Forks,67.716888,0.019718405,-1727881.9012544,381111.06,8.833838940000001,385731.39467999997,24301147.757691626,63.00018119565218,40.77364817975679,Marginal
33-053-07987-0000,WHOOPING 150-94-33C-28H-TF2,ENERPLUS RESOURCES USA CORPORATION,Three Forks,49.498512,0.10442538,132278.873921264,208741.02,9.17126668,587907.0629,37038251.48890369,63.00018119565218,47.6637675422642,Economic
33-053-05259-0000,ARCHER 14-25TFH,BURLINGTON RESOURCES OIL & GAS COMPANY LP,Three Forks,37.190617,0.44399121,5724157.83469106,216089.84,9.244089834999999,813659.8997,51260721.11273618,63.00018119565218,13.874900651873778,Economic
33-053-04772-0000,ROEN 24-10-3H,"PETRO-HUNT, L.L.C.",Bakken,70.024513,0.050222099,-1100829.60176144,417012.16,7.844345834,317568.84606,20006894.843874175,63.00018119565218,53.56222298071474,Marginal
33-053-03852-0000,FORT BERTHOLD 152-93-9C-10-6H,"PETRO-HUNT, L.L.C.",Three Forks,95.36026,-0.0083765863,-3407458.78020732,319044.5,11.61240753,266802.11705,16808581.717533603,63.00018119565218,52.35209506681419,Uneconomic
33-053-04284-0000,RUBY 31-30HW,"WPX ENERGY WILLISTON, LLC",Three Forks,77.022781,0.026608249,-2879645.97073728,549807.06,11.224781550000001,385256.22400000005,24271211.918752767,63.00018119565218,34.22240643027678,Marginal
33-053-04298-0000,JOHNSON 150-99-34-27-2H,NEWFIELD PRODUCTION COMPANY,Bakken,71.694542,0.014256443,-2071586.06045257,348487.91,6.675382946999999,254384.27703,16026255.546214981,63.00018119565218,35.20213726072305,Marginal
33-053-04371-0000,BRYCE 41-5TFH,BURLINGTON RESOURCES OIL & GAS COMPANY LP,Three Forks,73.247131,0.031666528,-2009605.99028272,122151.32,8.589746038,282666.6709,17808051.484671786,63.00018119565218,10.386216246191735,Marginal
33-053-04416-0000,HOVDE 33-4 4H,"BRIGHAM OIL & GAS, L.P.",Bakken,69.896629,0.028888876,-1178011.94545323,365334.78,6.781693354,290706.11296,18314537.79116373,63.00018119565218,44.41343721843158,Marginal
33-053-04607-0000,LUCILLE 1X-27H,SM ENERGY COMPANY,Three Forks,81.289024,0.020482739,-1473951.98188304,347670.03,8.46487971,281000.77509,17703099.746788707,63.00018119565218,43.68290536097387,Uneconomic
33-053-04655-0000,GREENSTEIN 30-31 4H,"BRIGHAM OIL & GAS, L.P.",Bakken,68.082008,0.036757678,-1026187.78814609,389382.03,7.0934786679999995,311593.82215,19630467.25489582,63.00018119565218,58.82450711591285,Marginal
33-053-04658-0000,DIAMOND 11-12-1H,"RESOLUTE NATURAL RESOURCES COMPANY, LLC",Bakken,78.324905,-0.0064893872,-2913371.41568549,328040.19,7.9417173309999995,247892.48696,15617271.595520847,63.00018119565218,46.57103607110925,Marginal
33-053-04737-0000,ROLLEFSTAD FEDERAL 14-3H-2,"CONTINENTAL RESOURCES, INC.",Three Forks,76.027824,0.025662242,-1985894.0767667,343059.53,10.421267089999999,288163.01508000004,18154322.163925454,63.00018119565218,40.63880064923963,Marginal
33-053-04771-0000,ROEN 24-10-2H,"PETRO-HUNT, L.L.C.",Bakken,79.597801,0.010588944,-1582717.12333618,306987.03,7.714316914,273331.05298000004,17219905.86413841,63.00018119565218,57.900949750880905,Uneconomic
33-053-04806-0000,LAWLAR 3-5-8BH,QEP ENERGY COMPANY,Bakken,61.525608,0.088714853,-309960.533534548,248773.27,11.72259597,553893.6959500001,34895403.207979485,63.00018119565218,23.12623456197381,Economic
33-053-04837-0000,BJARNE 2-29H,"CONTINENTAL RESOURCES, INC.",Three Forks,60.645676,0.057091709,-1410437.01489099,430354.06,8.747104389999999,316984.2657,19970066.175270755,63.00018119565218,60.585825733825516,Economic
33-053-04853-0000,TALLAHASSEE 3-16H,"CONTINENTAL RESOURCES, INC.",Three Forks,104.6339,0.0068861446,-3035258.68483434,260941.08,8.097836676,149931.2529,9445696.09959115,63.00018119565218,60.31562177232214,Uneconomic
33-053-04872-0000,MERTON 21-15TFH 3NH,BURLINGTON RESOURCES OIL & GAS COMPANY LP,Three Forks,31.973446,0.48336241,3418353.04482969,573662.56,5.177247179999999,523927.23091000004,33007510.480666302,63.00018119565218,31.756959306377734,Economic
33-053-04894-0000,BULLY FEDERAL 44X-20E,XTO ENERGY INC,Three Forks,94.410057,-0.012054016,-2573721.34967328,265891.22,9.422589210000002,226567.99595,14273824.79798579,63.00018119565218,42.951530086752356,Uneconomic
33-053-04933-0000,LOOMER 41X-3D,XTO ENERGY INC,Bakken,60.93988,0.082745887,-489693.479378565,509178.25,10.304053349999998,393426.507,24785941.228172522,63.00018119565218,31.432935558393453,Economic
33-053-04944-0000,ROLFSRUD STATE 14X-36F,XTO ENERGY INC,Three Forks,44.658665,0.2454932,2773340.41289184,713690.38,9.41887006,555689.719,35008552.98556105,63.00018119565218,18.083809107721457,Economic
33-053-04948-0000,ALICE 44X-34G,XTO ENERGY INC,Three Forks,115.48922,-0.025001697,-3207846.21894665,129678.84,10.40504159,192267.31211,12112875.500931012,63.00018119565218,46.71722998391364,Uneconomic
33-053-04970-0000,FORT BERTHOLD 152-94-11B-14-6H,"G3 OPERATING, LLC",Three Forks,70.848816,0.067541018,-766894.252365793,435074.66,12.44481998,382667.26193000004,24108106.839234095,63.00018119565218,37.31208427285229,Marginal
33-053-04986-0000,LOOMER 41X-4H,XTO ENERGY INC,Three Forks,128.71558,-0.039179686,-4490016.74950849,227862.8,10.922473619999998,181590.43615,11440230.380847508,63.00018119565218,52.24790668926993,Uneconomic
33-053-04988-0000,LOOMER 41X-4G,XTO ENERGY INC,Three Forks,120.54824,-0.038559087,-4006890.37198536,230196.08,10.698938059999998,191052.87311,12036365.623879943,63.00018119565218,45.968732294030886,Uneconomic
33-053-05007-0000,WASHBURN 43-36MBH,BURLINGTON RESOURCES OIL & GAS COMPANY LP,Bakken,54.942398,0.22424248,1659594.44227035,529398.63,9.088621267999999,441904.46905,27840061.621318474,63.00018119565218,23.617362537207633,Economic
33-053-05015-0000,WASHBURN 42-36TFH,BURLINGTON RESOURCES OIL & GAS COMPANY LP,Three Forks,56.242714,0.23196605,1592433.10718777,488222.97,9.091691587,430455.83918999997,27118795.865696516,63.00018119565218,20.714952297330886,Economic
33-053-05017-0000,RISING SUN 31-1TFH-7NH,BURLINGTON RESOURCES OIL & GAS COMPANY LP,Three Forks,70.732216,0.046494726,-1226753.54038274,401919.72,9.381428451,330814.66902000003,20841384.090439707,63.00018119565218,25.057333297410594,Marginal
33-053-05022-0000,BW-JOHNSON 149-99-1003H-2,HESS CORPORATION,Bakken,59.697399,0.091449879,-190218.925385731,398117.22,8.382256712,297978.65391,18772709.18876653,63.00018119565218,55.70623007845485,Economic
33-053-05026-0000,AN-EVENSON 152-95-0310H-3,HESS CORPORATION,Bakken,55.437462,0.16863838,886992.44533095,361275.63,8.003856441,315010.25516,19845703.15356863,63.00018119565218,12.677921426773949,Economic
33-053-05058-0000,SALERS 1-27H,"CONTINENTAL RESOURCES, INC.",Bakken,45.835644,0.30513814,2634688.92542789,531497.25,9.89778331,459968.75806,28978115.102119103,63.00018119565218,15.180260880179086,Economic
33-053-05088-0000,HOLM 150-98-5-8-2H,NEWFIELD PRODUCTION COMPANY,Bakken,77.451965,0.034027599,-1457139.49777075,380819.97,8.029700484,303084.30018,19094365.82889744,63.00018119565218,33.172646846502616,Marginal
33-053-05116-0000,PONCHO 2-3-10BH,QEP ENERGY COMPANY,Bakken,69.241203,0.05835823,-1024460.20560553,480184.03,11.21467835,444092.16387,27977886.79137926,63.00018119565218,39.94113484321155,Marginal
33-053-05120-0000,ARCHER 44-25TFH,BURLINGTON RESOURCES OIL & GAS COMPANY LP,Three Forks,119.51337,-0.031414688,-3531733.98060349,218107.5,8.901287835,169512.1138,10679293.884258011,63.00018119565218,34.13529520602495,Uneconomic
33-053-05152-0000,CAPITOL 24-7TFH,BURLINGTON RESOURCES OIL & GAS COMPANY LP,Three Forks,91.559372,0.0088893985,-2537570.07794354,326439.09,9.575688760999999,238738.02524000002,15040538.848412186,63.00018119565218,26.12984269269947,Uneconomic
33-053-05154-0000,BW-ELLEN IDA- 150-99-3031H-2,HESS CORPORATION,Bakken,68.125038,0.074317694,-544409.93335467,335695.88,8.437744005999999,254644.82915,16042670.376985893,63.00018119565218,26.959231187964022,Marginal
33-053-05167-0000,LOOMER 24X-34A,XTO ENERGY INC,Bakken,64.848221,0.061678391,-1224573.23550463,521285.06,10.69551382,395873.7166,24940115.87639626,63.00018119565218,33.81374267550324,Marginal
33-053-05207-0000,WRIGHT 44-34H,WHITING OIL AND GAS CORPORATION,Bakken,76.691589,0.039592016,-1419802.69792074,382416.69,7.926703657,284665.66998,17933988.788921725,63.00018119565218,53.173647676770884,Marginal
33-053-05215-0000,KIRKLAND 2-23-14BH,QEP ENERGY COMPANY,Bakken,73.411743,0.031937025,-2386509.26745742,523352.34,11.115465050000001,391192.07920000004,24645171.871903922,63.00018119565218,33.37953721734799,Marginal
33-053-05233-0000,CAPER 3-15-22H,"EMERALD OIL, INC",Three Forks,150.0,-0.099180393,-5923957.48754067,264341.13,11.09320556,208704.36019,13148412.508292658,63.00018119565218,66.84782064524471,Uneconomic
33-053-05250-0000,PONCHO  5-3-10BH,QEP ENERGY COMPANY,Bakken,61.61533,0.090898789,-235877.251556002,571382.75,11.23031144,521382.8539,32847214.268006247,63.00018119565218,36.05636798082286,Economic
33-053-05253-0000,RINK 13X-4A,XTO ENERGY INC,Bakken,83.958611,0.029368991,-1916124.81530657,350868.66,10.87199506,287830.44598,18133370.25036538,63.00018119565218,45.5362164921249,Uneconomic
33-053-05275-0000,SCOTT 150-99-13-24-4H,NEWFIELD PRODUCTION COMPANY,Bakken,87.929993,0.012615599,-2047297.14640406,318467.34,7.755344322,250073.29798,15754663.08493432,63.00018119565218,32.53247694222022,Uneconomic
33-053-05276-0000,SCOTT 150-99-13-24-5H,NEWFIELD PRODUCTION COMPANY,Bakken,91.101776,0.0080068912,-2230086.60508909,308838.0,7.763913474999999,239392.34801000002,15081761.301482625,63.00018119565218,31.93325283026165,Uneconomic
33-053-05288-0000,WAHUS STATE 152-97-12-1-3H,NEWFIELD PRODUCTION COMPANY,Bakken,83.204353,0.027335647,-1614162.17462423,325132.44,8.424809491,270496.77813,17041346.035030127,63.00018119565218,25.09956075128217,Uneconomic
33-053-05302-0000,ROLFSRUD STATE 152-96-29-32-10H,NEWFIELD PRODUCTION COMPANY,Three Forks,71.374298,0.038895655,-1740009.15315984,391055.38,7.545256384999999,282715.46528,17811125.539453115,63.00018119565218,25.611659645909914,Marginal
33-053-05303-0000,ROLFSRUD STATE 152-96-29-32-2HZ,NEWFIELD PRODUCTION COMPANY,Bakken,75.029945,0.021271143,-1696150.36746417,309288.06,6.750483441000001,248013.51601999998,15624896.448230784,63.00018119565218,19.142598587144604,Marginal
33-053-05357-0000,EMMA 13-7H,SM ENERGY COMPANY,Bakken,76.39669,0.025923103,-1403147.66249587,366691.84,8.24288808,305443.80601,19243015.123719636,63.00018119565218,28.55129119853516,Marginal
33-053-05359-0000,HA-LINK- 152-95-3526H-4,HESS CORPORATION,Bakken,47.512432,0.32402179,2532336.37649136,436236.41,7.685708899000001,357928.75701,22549576.54676456,63.00018119565218,16.72158563599201,Economic
33-053-05375-0000,BW-ARNEGARD STATE- 151-100-3625H-4,HESS CORPORATION,Bakken,66.788651,0.075571157,-483553.422133161,317805.94,8.059142562000002,255411.35899,16090961.895797767,63.00018119565218,27.11307332231176,Marginal
33-053-05378-0000,PIRATE  2-2-11H,"EMERALD OIL, INC",Bakken,133.36121,-0.10495863,-5755763.85560699,291967.34,10.61600144,253188.50001000002,15950921.377285386,63.00018119565218,61.357626834449775,Uneconomic
33-053-05384-0000,WISNESS 150-100-23-14-5H,TRIANGLE USA PETROLEUM CORPORATION,Bakken,127.08809,-0.064272076,-3240404.20406723,195832.05,8.88770202,178927.44697,11272461.579985447,63.00018119565218,52.16348210878652,Uneconomic
33-053-05388-0000,FEDELER 1-33H,"CONTINENTAL RESOURCES, INC.",Bakken,134.01295,-0.039499041,-3970348.36135007,35732.207,9.381589493,141537.04002000001,8916859.167156275,63.00018119565218,55.85507335709975,Uneconomic
33-053-05389-0000,THURLOW WILLIAMS 11-18H,WHITING OIL AND GAS CORPORATION,Bakken,82.95356,0.014560611,-1666776.68664969,310344.5,7.7727195899999995,253526.91805,15972241.775125261,63.00018119565218,52.43637620075724,Uneconomic
33-053-05405-0000,FORT BERTHOLD 152-94-24D-13-5H,"HRC OPERATING, LLC",Bakken,60.786224,0.10920133,221648.052510683,193132.91,11.34570216,429294.63503,27045639.793211374,63.00018119565218,41.024689387175414,Economic
33-053-05422-0000,OTIS 3-28-33TH,QEP ENERGY COMPANY,Three Forks,76.370415,0.033436928,-1184922.05981947,396868.44,11.37133412,384642.647,24232556.45657528,63.00018119565218,26.18522111907889,Marginal
33-053-05429-0000,FINSAAS 34-9-4H,WHITING OIL AND GAS CORPORATION,Bakken,79.262711,-0.01335841,-2123237.15599077,250391.47,6.01501575,197616.84281,12449896.904342715,63.00018119565218,55.34252627422609,Uneconomic
33-053-05436-0000,RAVIN 26-35-5H,ABRAXAS PETROLEUM CORP.,Bakken,72.981934,0.054466818,-646968.736985949,292352.28,9.201457045,283009.727003,17829664.081321057,63.00018119565218,38.56185612095952,Marginal
33-053-05440-0000,BRIER  5200 44-22 5T,OASIS PETROLEUM NORTH AMERICA LLC,Three Forks,87.017998,0.00017595572,-2480617.53635743,362909.69,9.00190332,272402.68384,17161418.440101955,63.00018119565218,55.255042739588866,Uneconomic
33-053-05448-0000,HAGEN 149-100-9-4-8H,TRIANGLE USA PETROLEUM CORPORATION,Bakken,100.79197,-0.020312021,-3327020.05259325,315173.69,8.58269791,238281.08908,15011751.787537338,63.00018119565218,45.27621511579436,Uneconomic
33-053-05450-0000,FORT BERTHOLD 152-93-19D-18-4H,"HRC OPERATING, LLC",Bakken,66.07502,0.019830747,-1840584.29297446,303149.38,7.99832088,255849.82195,16118585.14172535,63.00018119565218,41.95321196049911,Marginal
33-053-05484-0000,HA-NELSON A- 152-95-3427H-4,HESS CORPORATION,Three Forks,54.283096,0.1571728,867506.168402917,388896.88,7.546600469,304080.6798,19157137.925497092,63.00018119565218,26.022115283027112,Economic
33-053-05494-0000,MORK TRUST 21-17-6H,WHITING OIL AND GAS CORPORATION,Bakken,90.720528,0.009487113,-1929346.41945976,89712.313,7.566649138999999,223257.00813,14065231.965389192,63.00018119565218,50.73079352945942,Uneconomic
33-053-05509-0000,NORMAN 34-33TFH,BURLINGTON RESOURCES OIL & GAS COMPANY LP,Three Forks,69.209763,0.024983209,-2406735.2919873,126183.33,8.890880917999999,326086.0118,20543477.828767575,63.00018119565218,22.991759761519816,Marginal
33-053-05537-0000,MCCOY 44X-36D,XTO ENERGY INC,Bakken,50.047398,0.13232914,1221864.08928979,844961.13,10.43239254,510796.73730000004,32180287.00404795,63.00018119565218,18.455278405049857,Economic
33-053-05550-0000,SLUGGER 5-16-21H,"EMERALD OIL, INC",Bakken,150.0,-0.096727148,-6253778.47761491,62655.574,9.81030426,192533.5921,12129651.188549789,63.00018119565218,63.78289726875679,Uneconomic
33-053-05574-0000,TALON 6-9-4H,"EMERALD OIL, INC",Three Forks,142.04843,-0.10842132,-5482381.69689054,79766.078,9.11279266,183847.07689,11582399.156360999,63.00018119565218,70.56869613948749,Uneconomic
33-053-05581-0000,MONSON 152-102-35-26-2H,TRIANGLE USA PETROLEUM CORPORATION,Bakken,116.92886,-0.055948284,-3702313.79414683,232092.03,8.778364119999999,204142.84699,12861036.350166298,63.00018119565218,69.68538026022631,Uneconomic
33-053-05591-0000,KOALA 4-4-31-13H,KODIAK OIL & GAS (USA) INC.,Bakken,68.065239,0.057852086,-1056658.4708418,446906.88,7.672751440000001,320258.5489,20176346.610156633,63.00018119565218,42.59216229941314,Marginal
33-053-05613-0000,GARIETY 150-99-36-25-4H,NEWFIELD PRODUCTION COMPANY,Bakken,85.447388,9.4420277e-05,-2386523.85136884,99371.0,7.280060074,246656.71024,15539417.438243477,63.00018119565218,37.55316220889367,Uneconomic
33-053-05624-0000,CRAIG SKAAR 150-99-15-22-5H,NEWFIELD PRODUCTION COMPANY,Bakken,76.220528,0.039601091,-1503626.33831035,402408.13,7.695727746999999,293556.43489000003,18494108.589219674,63.00018119565218,31.037658928463213,Marginal
33-053-05681-0000,JONSRUD 152-96-34C-27-2HS,"PETRO-HUNT, L.L.C.",Three Forks,89.481522,-0.013814051,-3348695.50119401,229773.97,8.531616246,247467.91997,15590523.798221152,63.00018119565218,42.080104497905864,Uneconomic
33-053-05684-0000,ROEN 34-10-2H,WHITING OIL AND GAS CORPORATION,Bakken,70.630661,0.041567441,-1465420.74194138,431899.09,8.06165365,324407.0934,20437705.665354863,63.00018119565218,52.354809592367516,Marginal
33-053-05689-0000,HAYMAKER 31-15MBH-B,BURLINGTON RESOURCES OIL & GAS COMPANY LP,Bakken,88.629417,-0.013340621,-3078931.9816342,270260.81,8.405198343,228895.55895,14420461.688730085,63.00018119565218,42.01293656977239,Uneconomic
33-053-05732-0000,HA-MOGEN-LE- 152-95-0805H-1,"HESS BAKKEN INVESTMENTS II, LLC",Bakken,49.793514,0.15646403,1039430.06883937,412838.97,7.364676386999999,326194.22611,20550295.349905536,63.00018119565218,12.320032939234016,Economic
33-053-05737-0000,FINSAAS FEDERAL 31-16-4H,WHITING OIL AND GAS CORPORATION,Bakken,98.37822,-0.037159514,-3019677.37537735,222383.92,6.871437725999999,191396.42102,12058009.204459332,63.00018119565218,54.15241914413406,Uneconomic
33-053-05741-0000,LANGWALD 24-9-1H,WHITING OIL AND GAS CORPORATION,Bakken,135.3222,-0.048021331,-3437183.01956473,165738.56,6.929084087,129839.28907,8179898.737724662,63.00018119565218,59.35056555023611,Uneconomic
33-053-05748-0000,VAN DYKE FEDERAL 44X-19A,XTO ENERGY INC,Bakken,41.736084,0.13397825,728686.853150036,621470.63,7.350031873,475391.6609,29949760.77560204,63.00018119565218,17.77772286510894,Economic
33-053-05751-0000,USA 153-95-4B-9-1HS,"PETRO-HUNT, L.L.C.",Three Forks,41.440502,0.14236341,1307549.2941905,903310.88,8.140130462,669343.2684,42168747.19129005,63.00018119565218,23.452384917647578,Economic
33-053-05763-0000,SCOTTSDALE 3-31H1,"CONTINENTAL RESOURCES, INC.",Three Forks,95.116425,-0.020003708,-2407268.63459345,168719.47,6.2239298949999995,130364.54199,8212989.766858207,63.00018119565218,69.65503958879977,Uneconomic
33-053-05783-0000,USA 153-95-22D-15-1HS,"PETRO-HUNT, L.L.C.",Bakken,30.069962,0.35165969,5051670.01234826,976253.31,6.982552940000001,867104.69413,54627752.84579056,63.00018119565218,17.897041407424787,Economic
33-053-05802-0000,ASBECK FEDERAL 21-16-1H,WHITING OIL AND GAS CORPORATION,Bakken,118.05025,-0.042009953,-3314230.51667101,196882.75,7.282540019,161803.5701,10193654.23440341,63.00018119565218,56.145632518172626,Uneconomic
33-053-05806-0000,LUCY EVANS 29-32HW,"WPX ENERGY WILLISTON, LLC",Three Forks,54.160072,0.13288681,262680.750012448,176502.63,5.74179017,303328.76494,19109767.15307339,63.00018119565218,49.23748265613916,Economic
33-053-05828-0000,STATE 3-16-21BH,QEP ENERGY COMPANY,Bakken,150.0,-0.07135351,-6443544.66750274,94257.977,10.1299874,77002.20105,4851152.618614038,63.00018119565218,52.03227789938596,Uneconomic
33-053-05840-0000,HA-ROLFSRUD- 152-96-1720H-5,"HESS BAKKEN INVESTMENTS II, LLC",Bakken,43.645786,0.12990282,462959.709314851,402772.72,6.120560049000001,298434.4331,18801423.36032174,63.00018119565218,16.363320964082064,Economic
33-053-05863-0000,RIECKHOFF 21X-3G,XTO ENERGY INC,Three Forks,116.63902,-0.033628259,-4700394.71615565,240004.3,9.62668382,185982.13094,11716907.94837351,63.00018119565218,45.01443984948245,Uneconomic
33-053-05864-0000,RIECKHOFF 21X-3B,XTO ENERGY INC,Bakken,65.200638,0.015454601,-1984097.06602697,369959.94,9.109490330000002,318211.78197,20047399.922701366,63.00018119565218,32.69501138662397,Marginal
33-053-05881-0000,LINSETH 3-22-15BH,QEP ENERGY COMPANY,Bakken,62.003853,0.036331452,-2086342.44333398,136800.45,10.711089880000001,487531.1949,30714553.61723282,63.00018119565218,33.79273954812867,Economic
33-053-05887-0000,GUNDER T. 31-30-3H,WHITING OIL AND GAS CORPORATION,Bakken,79.960899,0.015324987,-1877751.63761084,327832.25,7.474596139999999,262027.63708000001,16507788.614308592,63.00018119565218,54.81936542607387,Uneconomic
33-053-05888-0000,COPPER DRAW 11-27TFH ULW,BURLINGTON RESOURCES OIL & GAS COMPANY LP,Three Forks,62.927067,0.031634852,-2028994.14813312,442534.78,8.384442609,352653.11295,22217210.015060794,63.00018119565218,26.269027472288865,Economic
33-053-05892-0000,OLSON 4-8H1,"CONTINENTAL RESOURCES, INC.",Three Forks,34.172623,0.29235938,4618375.07535213,778027.56,9.11849875,582331.58978,36686995.6720922,63.00018119565218,39.93464279104439,Economic
33-053-05900-0000,FORT BERTHOLD 152-93-19D-18-11H,"HRC OPERATING, LLC",Three Forks,57.767178,0.053975597,-1031641.02312632,340972.31,7.90377374,293749.86273,18506294.578187954,63.00018119565218,47.04412682325497,Economic
33-053-05902-0000,OMLID 41X-13H,XTO ENERGY INC,Three Forks,57.195988,0.057476748,-1430836.2731825,537918.81,8.856269952,346992.1224,21860566.58466392,63.00018119565218,36.625930117045925,Economic
33-053-05924-0000,CHALMERS 5301 44-24 2TR,OASIS PETROLEUM NORTH AMERICA LLC,Three Forks,102.93876,-0.044967901,-3569725.41252672,243913.36,7.56174567,195740.53792,12331689.356294427,63.00018119565218,68.17131477116587,Uneconomic
33-053-05926-0000,LILLIBRIDGE 41-27TFH-ULW,BURLINGTON RESOURCES OIL & GAS COMPANY LP,Three Forks,42.22105,0.12259535,751602.263893333,216511.2,8.72402892,633692.456,39922739.550317846,63.00018119565218,17.616734226168997,Economic
33-053-05935-0000,LOOMER 150-99-2-11-5H,NEWFIELD PRODUCTION COMPANY,Bakken,74.596169,0.038911317,-1494931.95429388,189325.84,7.504663238,293075.36478,18463801.08512186,63.00018119565218,29.176065608095513,Marginal
33-053-05940-0000,LUNDIN FEDERAL 31X-9H,XTO ENERGY INC,Three Forks,61.934261,0.038968392,-1975832.5377384,467137.28,8.73520646,326919.927,20596014.637469385,63.00018119565218,49.14600937631628,Economic
33-053-05951-0000,STATE 152-102-36-25-4H,TRIANGLE USA PETROLEUM CORPORATION,Bakken,84.471817,-0.0091922032,-2659684.19276863,349617.69,8.200349841000001,289636.49115,18247151.423322912,63.00018119565218,57.61629066337538,Uneconomic
33-053-05952-0000,GOOD SHEPHERD 41-15H,WHITING OIL AND GAS CORPORATION,Bakken,81.600281,0.0044225841,-2128173.92232324,78275.406,6.856475234,234930.98104,14800694.373992328,63.00018119565218,52.40920857306946,Uneconomic
33-053-05972-0000,HA-DAHL- LW-152-95-0706H-1,"HESS BAKKEN INVESTMENTS II, LLC",Three Forks,38.937401,0.21894808,1394500.50640842,429747.75,6.554696694,387118.58511,24388541.0061345,63.00018119565218,12.456734052402158,Economic
33-053-06003-0000,BAILEY 6-24H1,"CONTINENTAL RESOURCES, INC.",Three Forks,58.874401,0.053508461,-1128036.8007168,318874.06,7.783738836,256062.91814,16132010.240307452,63.00018119565218,47.00552134546383,Economic
33-053-06013-0000,JAMESTOWN FEDERAL 6-17H,"CONTINENTAL RESOURCES, INC.",Bakken,57.39185,0.054746814,-1201671.35138498,397609.59,9.435719240000001,358546.74714,22588510.036931686,63.00018119565218,44.2859137129416,Economic
33-053-06023-0000,CHALMERS 5300 21-19 9B,OASIS PETROLEUM NORTH AMERICA LLC,Bakken,89.957985,-0.050069883,-3295215.73147666,257607.55,7.75832828,213776.32515,13467947.219790656,63.00018119565218,61.392098113202195,Uneconomic
33-053-06041-0000,DUDLEY DAWSON 6-2-11H,"EMERALD OIL, INC",Bakken,150.0,-0.10662428,-4756320.59313378,186306.22,7.76664233,144777.13201,9120985.549616857,63.00018119565218,69.21038264181286,Uneconomic
33-053-06051-0000,WADE FEDERAL  5300 41-30 9B,OASIS PETROLEUM NORTH AMERICA LLC,Bakken,64.739998,0.008988441,-2190791.29650348,434282.19,7.73258237,330758.4134,20837839.976186432,63.00018119565218,70.99484159654813,Marginal
33-053-06098-0000,SIMPSON 151-102-5-8-1H,TRIANGLE USA PETROLEUM CORPORATION,Bakken,83.478737,-0.038754642,-3068206.27767089,48006.18,7.73541116,262441.27697,16533848.00232834,63.00018119565218,64.66733006775914,Uneconomic
33-053-06126-0000,SKAAR FEDERAL 153-96-29-3H,NEWFIELD PRODUCTION COMPANY,Bakken,81.878464,-4.3407585e-05,-1698064.30415256,188856.44,4.879329855,142897.02615,9002538.539769847,63.00018119565218,35.101977328740084,Uneconomic
33-053-06131-0000,WADE FEDERAL 5300 21-30 13B,OASIS PETROLEUM NORTH AMERICA LLC,Bakken,65.948128,-0.0034922694,-2358615.64277846,424830.31,8.16321119,339137.36974,21365715.743836887,63.00018119565218,61.46885952220708,Marginal
33-053-06134-0000,RADERMECHER 4-22H2,"CONTINENTAL RESOURCES, INC.",Three Forks,26.562239,1.0613892,5657021.37947554,566700.75,6.80575102,541433.57278,34110413.19054934,63.00018119565218,49.47841268929714,Economic
33-053-06145-0000,MRACHEK 21-26-4H,WHITING OIL AND GAS CORPORATION,Bakken,64.582649,0.019989859,-1519602.90589902,337119.25,6.117416714999999,259698.18412,16361032.65574184,63.00018119565218,51.82076983212255,Marginal
33-053-06152-0000,TETON 2-1-3MTFH,BURLINGTON RESOURCES OIL & GAS COMPANY LP,Three Forks,78.464882,-0.00071258447,-2387767.37931515,265734.34,6.819751716999999,209292.60201,13185471.849539518,63.00018119565218,34.46019006507559,Marginal
33-053-06156-0000,AMUNDSON 34X-22E,XTO ENERGY INC,Three Forks,96.591812,-0.02560539,-3209013.21974074,226205.23,8.257896962,181365.24692,11426043.4185542,63.00018119565218,44.68872721618387,Uneconomic
33-053-06157-0000,AMUNDSON 34X-22B,XTO ENERGY INC,Bakken,63.321899,0.034755718,-1750921.60977784,385952.03,8.28675231,295036.32453,18587341.90468924,63.00018119565218,32.71942045801403,Marginal
33-053-06180-0000,BW-JOHNSON- 149-99-1003H-6,"HESS BAKKEN INVESTMENTS II, LLC",Bakken,43.467319,0.13389976,444314.626110871,313887.91,5.340262829,254929.27692,16060590.638036592,63.00018119565218,46.31239954504551,Economic
33-053-06182-0000,BW-ERLER- 149-99-1522H-5,"HESS BAKKEN INVESTMENTS II, LLC",Bakken,40.071835,0.16014443,868732.223346356,356650.25,5.300169800000001,274485.99712,17292667.554229263,63.00018119565218,43.88395986095147,Economic
33-053-06189-0000,J GARVIN JACOBSON 150-101-8-5-7H,TRIANGLE USA PETROLEUM CORPORATION,Bakken,91.760681,-0.045056932,-2016197.01589548,177374.59,5.221347506000001,150739.84498,9496637.547144521,63.00018119565218,61.303000477978166,Uneconomic
33-053-06194-0000,BB-CHAPIN A- 151-95-0403H-7,"HESS BAKKEN INVESTMENTS II, LLC",Bakken,49.512455,0.094480686,-79813.090339304,298103.44,5.702005561,250420.88696,15776561.253655933,63.00018119565218,23.734917842205146,Economic
33-053-06207-0000,GRANLI 34X-20D,XTO ENERGY INC,Bakken,100.61702,-0.040031265,-3481681.43964365,217810.56,8.389414161,181906.664,11460152.79269662,63.00018119565218,49.784866261928926,Uneconomic
33-053-06252-0000,P. LEVANG 2-14-23BH,QEP ENERGY COMPANY,Bakken,52.071411,0.054189559,-801846.640764761,464959.81,8.02825404,422308.07981,26605485.548417944,63.00018119565218,36.72870881178946,Economic
33-053-06259-0000,TAT 5-35-26BH,QEP ENERGY COMPANY,Bakken,54.248165,0.043846294,-984966.937616584,439780.66,7.729071019999999,399134.89899,25145570.957878333,63.00018119565218,41.303768924007024,Economic
33-053-06268-0000,STATE 31-3-5HU,WHITING OIL AND GAS CORPORATION,Bakken,83.799576,-0.021173613,-2130611.31104941,219904.5,5.725713215,177875.06495,11206161.3220384,63.00018119565218,55.86424519901661,Uneconomic
33-053-06273-0000,KINGS CANYON 4-8-34UTFH,BURLINGTON RESOURCES OIL & GAS COMPANY LP,Three Forks,77.344986,-0.020132855,-2240085.46280357,75381.039,6.762764854,209923.35012000002,13225209.094758334,63.00018119565218,37.87583858053913,Marginal
33-053-06288-0000,EMMA OWNER 23-14HB,"WPX ENERGY WILLISTON, LLC",Bakken,31.509447,0.47447002,3561060.1974753,183130.23,5.42498386,705813.54232,44466381.05650512,63.00018119565218,37.52837161480873,Economic
33-053-06318-0000,P. LEVANG 4-14-23BH,QEP ENERGY COMPANY,Bakken,51.87331,0.056820095,-805591.876502627,478870.47,7.74758236,413357.16422000004,26041576.24438096,63.00018119565218,31.246612901300573,Economic
33-053-06319-0000,P. LEVANG 3-14-23BH,QEP ENERGY COMPANY,Bakken,49.47839,0.080247819,-505831.17918455,566528.94,7.60758372,413144.12580000004,26028154.78531932,63.00018119565218,34.94921447212108,Economic
33-053-06350-0000,MARY  1-16XH,"CONTINENTAL RESOURCES, INC.",Bakken,84.12841,-0.0090331668,-3518402.4778648,82535.414,10.09736337,241891.64007,15239217.15412348,63.00018119565218,63.140357464002136,Uneconomic
33-053-06354-0000,OLSON 152-96-30-31-13HLW,NEWFIELD PRODUCTION COMPANY,Three Forks,56.041943,0.057988793,-865827.942901943,405813.06,6.366906463,322379.84911,20309988.90775701,63.00018119565218,33.8776971266713,Economic
33-053-06382-0000,ANDERSON 148-100-7-6-2H,TRIANGLE USA PETROLEUM CORPORATION,Bakken,91.083656,-0.021915132,-2117800.22010479,228047.73,6.086561682,169657.79696,10688471.949735168,63.00018119565218,69.26454646875422,Uneconomic
33-053-06391-0000,P. LEVANG 1-14TH,QEP ENERGY COMPANY,Three Forks,52.476765,0.058444768,-677951.518396616,397205.75,6.6190935479999995,342738.05512000003,21592559.575205427,63.00018119565218,42.07991929022371,Economic
33-053-06396-0000,HOMER 14X-32E,XTO ENERGY INC,Three Forks,65.06649,0.030866267,-1253685.2374176,339426.22,5.687723652000001,182803.59698,11516659.732956976,63.00018119565218,49.65400242789369,Marginal
33-053-06398-0000,ARNEGARD 21-26-3H,WHITING OIL AND GAS CORPORATION,Bakken,79.377197,-0.00061303476,-1858430.91207036,240505.52,5.749159244,184981.01507999998,11653837.467795668,63.00018119565218,46.09168066951523,Uneconomic
33-053-06446-0000,HOLSTEIN FEDERAL 6-25H,"CONTINENTAL RESOURCES, INC.",Bakken,32.336716,0.29189578,2577690.55245131,480309.66,7.70223503,429124.94604,27034949.356094465,63.00018119565218,50.78012318601351,Economic
33-053-06448-0000,HOLSTEIN FEDERAL 4-25H,"CONTINENTAL RESOURCES, INC.",Bakken,25.804886,0.43838635,4787612.21845807,642981.31,7.431744569999999,571448.32716,36001348.15503233,63.00018119565218,38.33182696741972,Economic
33-053-06470-0000,STENEHJEM 5H,ABRAXAS PETROLEUM CORP.,Bakken,63.074108,0.031824093,-1590186.19428525,342149.91,7.611558330000001,264072.13711,16636592.486653108,63.00018119565218,43.43317091561404,Marginal
33-053-06503-0000,BB-SIVERTSON- 151-95-2019H-5,"HESS BAKKEN INVESTMENTS II, LLC",Three Forks,48.413986,0.08541581,-252598.222470214,345470.0,6.033053348,269116.04406,16954359.538437117,63.00018119565218,23.323747631199993,Economic
33-053-06559-0000,MARLENE 42X-20CXD,XTO ENERGY INC,Bakken,49.148449,0.10765057,131160.316793134,353458.84,6.7027411489999995,340807.63509,21470942.763531707,63.00018119565218,22.145179603327687,Economic
33-053-06591-0000,TOBACCO GARDEN 11X-17A,XTO ENERGY INC,Bakken,49.405228,0.089333348,-310944.951963279,266925.34,7.726589359999999,385830.0734,24307364.53493178,63.00018119565218,34.33395762825413,Economic
33-053-06603-0000,RIVERVIEW 102-32H,"EOG RESOURCES, INC.",Bakken,34.312958,0.70661235,3924038.93492705,847875.94,6.1313147,748247.93482,47139755.47293254,63.00018119565218,30.633319269925646,Economic
33-053-06604-0000,DAILEY 6-12-13BH,QEP ENERGY COMPANY,Bakken,63.24625,-0.015528609,-1608534.67384127,306107.28,7.039005643,296393.53807999997,18672846.604260433,63.00018119565218,39.352668676933106,Marginal
33-053-06615-0000,HENDRICKSON FEDERAL  3-36H2,"CONTINENTAL RESOURCES, INC.",Three Forks,34.401867,0.37272266,2486678.92054183,382217.44,5.86292479,337337.4769,21252322.168784134,63.00018119565218,48.878770876563614,Economic
33-053-06626-0000,HOLSTEIN FEDERAL 8-25H,"CONTINENTAL RESOURCES, INC.",Bakken,27.474623,0.55851835,5572432.8657296,383634.81,8.11522444,593482.7102099999,37389518.27971673,63.00018119565218,38.84318182942543,Economic
33-053-06639-0000,KIRKLAND 6-7-1-12T2HD,QEP ENERGY COMPANY,Three Forks,54.206844,0.051456746,-772066.696961366,414911.59,7.707703760000001,406531.51302199997,25611558.98212863,63.00018119565218,42.327817115759125,Economic
33-053-06738-0000,AMUNDSON 44X-22HXE,XTO ENERGY INC,Three Forks,59.409092,0.050760072,-993336.80890856,331570.22,6.87122599,252913.73711,15933611.26479954,63.00018119565218,42.28161355089708,Economic
33-053-06784-0000,SADDLE BUTTE  21-16 MBH-3SH,BURLINGTON RESOURCES OIL & GAS COMPANY LP,Bakken,36.782169,0.44294411,2840931.31435969,520176.25,5.8914116,454800.54376000003,28652516.66476114,63.00018119565218,33.73534311188761,Economic
33-053-06846-0000,WAHUS FEDERAL 152-97-13-24-11H,NEWFIELD PRODUCTION COMPANY,Three Forks,83.132896,-0.0067157876,-2370978.73579958,234947.31,6.121891891,183042.86706999998,11531733.791981675,63.00018119565218,40.00558937378891,Uneconomic
33-053-06848-0000,WAHUS FEDERAL 152-97-13-24-4H,NEWFIELD PRODUCTION COMPANY,Bakken,57.393211,0.055315997,-997727.926388292,384288.59,6.120974759,290557.722,18305189.133795936,63.00018119565218,28.146240422615787,Economic
33-053-06854-0000,HOMER FEDERAL  14X-32F,XTO ENERGY INC,Three Forks,61.437279,0.035762277,-1017501.17808813,284730.59,5.735370298,200000.38499,12600060.493570194,63.00018119565218,50.37154457861524,Economic
33-053-06871-0000,STEVE 1-16H,SM ENERGY COMPANY,Bakken,54.928719,0.043322612,-935729.367636562,398300.56,5.9770450539999995,311778.80528,19642121.225603957,63.00018119565218,51.33701165359676,Economic
33-053-06891-0000,HYSTED 5200 12-30 10B,OASIS PETROLEUM NORTH AMERICA LLC,Bakken,71.04155,-0.040784977,-2325973.25714602,297869.72,7.31077685,266257.66287,16774281.005540872,63.00018119565218,67.57386887094401,Marginal
33-053-06898-0000,HYSTED 5200 11-30 6B,OASIS PETROLEUM NORTH AMERICA LLC,Bakken,71.521103,-0.033507261,-2127542.47855976,276809.19,6.568953630000001,238887.60714,15049962.535215775,63.00018119565218,56.41028281182421,Marginal
33-053-06901-0000,NORDENG 34X-23E,XTO ENERGY INC,Three Forks,85.401436,-0.0088917557,-1788164.35228838,185411.67,6.95619837,159420.29798,10043507.659004863,63.00018119565218,61.607700708355026,Uneconomic
33-053-06915-0000,STENEHJEM 13H,ABRAXAS PETROLEUM CORP.,Bakken,44.986416,0.13041487,342387.495482257,317734.03,5.68522354,281914.51295,17760665.397534035,63.00018119565218,51.86358806702985,Economic
33-053-06955-0000,WEST CLARK 104-0136H,"EOG RESOURCES, INC.",Bakken,57.053516,0.053665109,-540933.364139044,279442.75,5.009567659999999,242650.61702,15287032.839496804,63.00018119565218,65.87382598497676,Economic
33-053-06978-0000,JOHNSRUD  5198 12-18 7B,OASIS PETROLEUM NORTH AMERICA LLC,Bakken,62.57103,-0.024989137,-1363074.46418043,291407.59,5.98465577,271443.20002,17100970.785587657,63.00018119565218,55.80239749120659,Economic
33-053-06986-0000,JOHNSRUD  5198 14-18 11T,OASIS PETROLEUM NORTH AMERICA LLC,Three Forks,70.340767,-0.032753419,-1777985.61165305,255088.83,6.0317875899999995,227862.51205000002,14355379.54684648,63.00018119565218,72.21143168802443,Marginal
33-053-07042-0000,ROLFSON N  5198 14-17 11BX,OASIS PETROLEUM NORTH AMERICA LLC,Bakken,39.587715,0.42182738,2776316.62575392,693233.5,5.897847429999999,609471.4804700001,38396813.7031924,63.00018119565218,44.03843840205116,Economic
33-053-07081-0000,HA-CHAPIN- 152-95-2932H-8,"HESS BAKKEN INVESTMENTS II, LLC",Three Forks,40.656345,0.164699,773585.058591509,201768.8,5.4483152420000005,286292.34311,18036469.490857825,63.00018119565218,29.18452352582779,Economic
33-053-07115-0000,LUNDIN 11X-15E,XTO ENERGY INC,Three Forks,99.444946,-0.0322861,-2122144.69601917,161055.73,7.53988536,157114.48798,9898241.211202117,63.00018119565218,67.72779398241128,Uneconomic
33-053-07120-0000,LAWLAR N 5199 43-23 9B,OASIS PETROLEUM NORTH AMERICA LLC,Bakken,57.702843,0.087581657,-163354.284568363,408319.5,7.9709689599999995,388450.66805,24472462.472722135,63.00018119565218,65.76603192669944,Economic
33-053-07152-0000,ROLLA FEDERAL 31-3-1H,WHITING OIL AND GAS CORPORATION,Bakken,60.021084,0.084143087,-228026.060591031,493810.38,6.532184729999999,300676.57807,18942678.89969866,63.00018119565218,29.89482859057256,Economic
33-053-07160-0000,FLYER 152-94-23DH TF,ENERPLUS RESOURCES USA CORPORATION,Three Forks,60.55666,0.02327794,-805214.508911246,318305.63,6.177945740000001,293877.39001,18514328.819935344,63.00018119565218,36.74946982364079,Economic
33-053-07189-0000,LUCY EVANS  29-32HUL,"WPX ENERGY WILLISTON, LLC",Three Forks,40.814182,0.4824864,2749748.87669397,421250.38,5.749542300000001,454615.69216,28640870.98046683,63.00018119565218,40.475125022569806,Economic
33-053-07192-0000,LUND 21X-17F,XTO ENERGY INC,Three Forks,67.361687,0.039777182,-1118109.32358422,286741.81,7.389389039999999,231328.77208,14573754.556807725,63.00018119565218,60.86342459323127,Marginal
33-053-07200-0000,CHAMELEON STATE 21-16-1H,WHITING OIL AND GAS CORPORATION,Bakken,49.430565,0.098583095,-25829.491363668,465316.56,5.68747308,347446.23268,21889175.61458673,63.00018119565218,53.67508534556564,Economic
33-053-07215-0000,TAT 4-33-28T2HDR,QEP ENERGY COMPANY,Three Forks,82.807358,-0.010527471,-2112645.32409491,223891.8,5.97515782,177453.53704999998,11179604.987959377,63.00018119565218,61.27755927921703,Uneconomic
33-053-07255-0000,HA-GRIMESTAD- LW-152-95-3031H-1,"HESS BAKKEN INVESTMENTS II, LLC",Three Forks,31.64827,0.26442203,2271352.00077913,473481.38,5.138652361999999,347490.4959,21891964.20546703,63.00018119565218,23.795692524344574,Economic
33-053-07282-0000,NORFOLK 11-1H,"CONTINENTAL RESOURCES, INC.",Bakken,44.252762,0.17540437,985158.122491482,306834.72,6.6968194400000005,292817.21496,18447537.599686235,63.00018119565218,62.324143436256676,Economic
33-053-07310-0000,KDM 5-7-6THD,QEP ENERGY COMPANY,Three Forks,65.431435,0.029817911,-1142733.54697661,260258.89,5.725179150000001,211094.77801,13299009.264085975,63.00018119565218,40.610422025336376,Marginal
33-053-07320-0000,STENEHJEM 8H,ABRAXAS PETROLEUM CORP.,Three Forks,71.266884,-0.0041675405,-1111454.14274527,208143.36,6.852398580000001,201129.52396999998,12671196.453905268,63.00018119565218,66.52747914571279,Marginal
33-053-07379-0000,ROLFSON S 5198 43-20 10T,OASIS PETROLEUM NORTH AMERICA LLC,Three Forks,66.07003,0.0088594928,-1253145.44777587,210984.13,6.1809474799999995,261905.08602,16500067.87532287,63.00018119565218,66.58867133154457,Marginal
33-053-07389-0000,ROLFSON S 5198 41-33 14BX,OASIS PETROLEUM NORTH AMERICA LLC,Bakken,52.812683,0.14497352,264357.553000391,356292.91,6.00302803,331922.99092,20911208.570962816,63.00018119565218,55.684927518192936,Economic
33-053-07395-0000,FORLAND 5098 13-4 7B,OASIS PETROLEUM NORTH AMERICA LLC,Bakken,52.043552,-0.12528707,549279.799038092,404090.03,6.5662939,391270.91897,24650138.791699342,63.00018119565218,58.71497793959959,Economic
33-053-07399-0000,FORLAND 5198 44-33 11T,OASIS PETROLEUM NORTH AMERICA LLC,Three Forks,49.71817,0.22757789,811345.134454061,288746.22,5.983424500000001,359514.19796,22649459.613889568,63.00018119565218,62.23797405957937,Economic
33-053-07409-0000,KOALA 44-31-2TFH,WHITING OIL AND GAS CORPORATION,Three Forks,69.322357,0.019630736,-1639192.35950359,167241.06,7.02476209,277851.7072,17504707.899121296,63.00018119565218,56.64573721400473,Marginal
33-053-07421-0000,QUILLFISH 149-95-36C-25H-TF-LLW,ENERPLUS RESOURCES USA CORPORATION,Bakken,50.10788,0.081511192,-407995.492030263,207678.59,7.935310649999999,484451.4606,30520529.798298355,63.00018119565218,35.62778022988239,Economic
33-053-07426-0000,HEREFORD FEDERAL 7-20H,"CONTINENTAL RESOURCES, INC.",Bakken,34.958282,0.17414804,1958775.62948368,451125.13,7.75852257,450704.7703,28394482.194644794,63.00018119565218,44.38982493700311,Economic
33-053-07428-0000,HEREFORD FEDERAL 3-20H,"CONTINENTAL RESOURCES, INC.",Bakken,53.017967,0.12788723,451313.76983357,384045.97,9.555895800000002,342320.83413,21566274.577236794,63.00018119565218,57.29241927861107,Economic
33-053-07429-0000,HEREFORD FEDERAL 1-20H,"CONTINENTAL RESOURCES, INC.",Bakken,48.588017,0.16512987,1116383.52887588,149709.34,9.855128109999999,397204.93601,25023982.940437432,63.00018119565218,48.01682897802637,Economic
33-053-07431-0000,HEREFORD FEDERAL 6-20H1,"CONTINENTAL RESOURCES, INC.",Three Forks,46.915218,0.1565621,902553.399143717,248037.8,8.94969676,369234.29537,23261827.511958957,63.00018119565218,46.18205800956963,Economic
33-053-07454-0000,TIPI V 3-13-12T2H,QEP ENERGY COMPANY,Three Forks,108.90604,-0.074748918,-2585293.81643908,98787.719,5.78663434,123781.69605900001,7798269.280422146,63.00018119565218,69.11107923921858,Uneconomic
33-053-07505-0000,LUNDIN 11X-15F,XTO ENERGY INC,Three Forks,84.462738,-0.00050356431,-2180929.60143331,227629.53,7.6791785699999995,194367.29797,12245174.990619319,63.00018119565218,64.52499598189986,Uneconomic
33-053-07515-0000,LASSEN 3-1-26UTFH,BURLINGTON RESOURCES OIL & GAS COMPANY LP,Three Forks,37.09227,0.42530742,3068817.61134779,570993.56,5.86807695,463136.6567,29177693.29044856,63.00018119565218,28.7056117415265,Economic
33-053-07547-0000,TARENTAISE FEDERAL 6-19H1,"CONTINENTAL RESOURCES, INC.",Three Forks,46.031727,0.25708094,1604315.45420347,217743.5,7.333209319999999,304740.93919,19198734.386703223,63.00018119565218,53.19634042876258,Economic
33-053-07552-0000,TARENTAISE FEDERAL 9-19H,"CONTINENTAL RESOURCES, INC.",Bakken,29.692629,0.54715765,4863085.77473605,504540.78,6.88616547,433092.93225,27284933.206306316,63.00018119565218,32.05777170964938,Economic
33-053-07553-0000,TARENTAISE FEDERAL 10-19H1,"CONTINENTAL RESOURCES, INC.",Three Forks,40.957981,0.31260031,2246737.86092589,364157.53,6.86384331,326198.88392,20550588.792779513,63.00018119565218,52.066716006718906,Economic
33-053-07572-0000,HA-ROLFSRUD- 152-96-1720H-8,"HESS BAKKEN INVESTMENTS II, LLC",Bakken,66.463226,0.039499402,-1008606.41824248,138812.42,5.074005213000001,147917.25813,9318814.064154057,63.00018119565218,18.114102925223992,Marginal
33-053-07582-0000,YELLOWSTONE 3H,ABRAXAS PETROLEUM CORP.,Three Forks,50.646069,0.22528596,1194435.79808786,329869.97,6.34502976,301150.32999999996,18972525.357130446,63.00018119565218,55.00352149540608,Economic
33-053-07636-0000,REMINGTON  3E MBH,BURLINGTON RESOURCES OIL & GAS COMPANY LP,Bakken,28.905739,0.75144047,6127032.30379738,849730.0,5.948393049999999,693335.9443999999,43680290.12665862,63.00018119565218,25.939647569043466,Economic
33-053-07650-0000,PETROSHALE US 8H,PETROSHALE (US) INC.,Bakken,28.554314,0.41423887,5872196.19254637,417820.16,5.99999999,764097.4092999999,48138275.237028405,63.00018119565218,18.84120419284356,Economic
33-053-07703-0000,FORSMAN USA 44-22H,MARATHON OIL COMPANY,Bakken,26.069178,0.61907238,8157950.17840687,1023549.9,7.991437470000001,810463.4059,51059341.4241454,63.00018119565218,32.677958181197795,Economic
33-053-07715-0000,WHITE 5198 13-6 15T,OASIS PETROLEUM NORTH AMERICA LLC,Bakken,59.912849,0.081259638,-177271.482858378,358486.34,6.10971431,308672.5199,19446424.683818556,63.00018119565218,57.910427059150194,Economic
33-053-07763-0000,FRICK 24-8-2TFH,WHITING OIL AND GAS CORPORATION,Three Forks,96.083206,0.0020364511,-1619762.32632957,192917.88,6.261054919999999,155513.76821,9797395.575648654,63.00018119565218,70.01825008826033,Uneconomic
33-053-07809-0000,CLARKS CREEK 75-0719HX,"EOG RESOURCES, INC.",Bakken,38.992554,0.81563675,3062875.00399062,523207.53,5.585232660000001,508537.78697,32037972.72394597,63.00018119565218,44.66447464534915,Economic
33-053-07825-0000,MONROE 11-2H1,"CONTINENTAL RESOURCES, INC.",Three Forks,69.565346,0.048929948,-931563.24985503,267998.5,9.149693079999999,254176.19603000002,16013146.40551161,63.00018119565218,73.84284426036041,Marginal
33-053-07844-0000,SC-1WX -152-99-0809H-6,"HESS BAKKEN INVESTMENTS II, LLC",Bakken,31.779898,0.48496103,4168491.4117274,330541.63,5.682779209999999,432866.9591,27270696.856910963,63.00018119565218,45.29638358971318,Economic
33-053-07852-0000,MATHISTAD  22A MBH,BURLINGTON RESOURCES OIL & GAS COMPANY LP,Bakken,27.150068,0.72178805,8529663.27658718,532056.5,6.379737710000001,836574.5475,52704348.076170735,63.00018119565218,21.894921810841232,Economic
33-053-07986-0000,CRANE 150-94-33C-28H,ENERPLUS RESOURCES USA CORPORATION,Bakken,55.035896,0.10653839,127406.990832093,688165.75,10.167623829999998,573632.1821,36138931.411957346,63.00018119565218,42.08076770708017,Economic
33-053-08039-0000,MOBERG FEDERAL 149-95-29-32-30HLW,NEWFIELD PRODUCTION COMPANY,Three Forks,53.1073,0.097798266,-39754.830319229,399906.19,5.996392853,272323.065,17156402.438755367,63.00018119565218,52.50914088909363,Economic
33-053-08153-0000,ANTELOPE 2-34-27H,"IRON OIL OPERATING, LLC",Bakken,44.347176,0.18464203,1184342.43940165,418602.88,5.48719972,328330.36502,20684872.488294624,63.00018119565218,62.55972692036033,Economic
33-053-03460-0000,FOOL BEAR 23-34H,"PEAK NORTH DAKOTA, LLC",Bakken,53.121418,0.078210592,-283243.392045225,480402.59,6.081878860000001,356449.98600000003,22456413.705187686,63.00018119565218,32.19787767802748,Economic
33-053-03711-0000,POINTER 149-94-23AH,ENERPLUS RESOURCES USA CORPORATION,Bakken,45.811123,0.16029239,877874.950364846,598562.13,6.259491689,441747.8322,27830193.471386556,63.00018119565218,27.876472155653705,Economic
33-053-04066-0000,FORT BERTHOLD 151-94-26B-35-2H,"PETRO-HUNT, L.L.C.",Three Forks,69.433594,0.06733685,-758436.429019492,442094.88,12.26372638,398154.08806,25083779.691569652,63.00018119565218,53.55796742347073,Marginal
33-053-04474-0000,WISNESS 152-96-33C-28-4H,"PETRO-HUNT, L.L.C.",Bakken,75.911987,0.078520931,-338862.613598726,366692.75,9.269926296,324091.18588,20417803.43435379,63.00018119565218,21.081599356538675,Marginal
33-053-04787-0000,BANJO 149-94-02B-01H TF,ENERPLUS RESOURCES USA CORPORATION,Three Forks,49.001755,0.073323973,-799779.649231319,782516.0,9.010578350000001,562659.1809,35447630.34809724,63.00018119565218,29.800558453776876,Economic
33-053-04866-0000,PATTERSON FEDERAL 2-13H,"CONTINENTAL RESOURCES, INC.",Bakken,38.507847,0.28373045,3962755.48364228,776024.88,9.852510089999999,575846.3767,36278426.07295978,63.00018119565218,42.404268050045886,Economic
33-053-05025-0000,AN-EVENSON 152-95-0310H-4,HESS CORPORATION,Bakken,65.33477,0.093825787,-87488.858469255,282597.44,7.94020191,252527.49104,15909277.692403432,63.00018119565218,16.36043615879356,Marginal
33-053-05100-0000,BLUE RIDGE 34-31TFH,BURLINGTON RESOURCES OIL & GAS COMPANY LP,Three Forks,55.469181,0.19586366,1432685.44038238,514380.97,9.073843544999999,418394.85218,26358951.498668108,63.00018119565218,13.267859098495089,Economic
33-053-05124-0000,CHITWOOD 34-36-2H,WHITING OIL AND GAS CORPORATION,Bakken,95.107521,0.012204617,-1936136.05526611,289289.06,7.933083177000001,212296.65096,13374727.477710126,63.00018119565218,56.02262818807217,Uneconomic
33-053-05139-0000,MORK FARM 24-8-2H,WHITING OIL AND GAS CORPORATION,Bakken,84.760178,0.022394665,-1553146.85366611,114719.0,7.649882604999999,239509.65296,15089151.534587773,63.00018119565218,46.69338091294332,Uneconomic
33-053-05217-0000,DWYER 150-101-35-26-2H,TRIANGLE USA PETROLEUM CORPORATION,Bakken,98.15242,-0.0028644833,-2808134.21921419,359326.41,9.18809855,248080.947,15629144.612188986,63.00018119565218,49.543810610690706,Uneconomic
33-053-05262-0000,NORGARD 41-13-2H,WHITING OIL AND GAS CORPORATION,Bakken,87.872429,0.019157754,-1615501.16468509,304066.09,7.896695479,235768.47924000002,14853456.91234336,63.00018119565218,54.80284204608119,Uneconomic
33-053-05268-0000,JAMESTOWN FEDERAL 4-17H1,"CONTINENTAL RESOURCES, INC.",Three Forks,52.75919,0.066876039,-493324.603636077,315738.0,7.23067639,290450.37909,18298426.511015866,63.00018119565218,44.89050774408381,Economic
33-053-05282-0000,ROCHESTER FEDERAL 6-24H,"CONTINENTAL RESOURCES, INC.",Bakken,79.520447,0.0023611644,-1749968.90059384,248237.58,8.8903558,232273.64899000002,14633281.973345315,63.00018119565218,38.43984154431553,Uneconomic
33-053-05295-0000,JERRY 3-8H,"CONTINENTAL RESOURCES, INC.",Three Forks,83.847435,0.0078249434,-2415273.37917952,271356.06,8.97695832,227904.17903,14358004.574136354,63.00018119565218,61.476198998155986,Uneconomic
33-053-05316-0000,BW-SHARON- 150-100-2536H-4,HESS CORPORATION,Bakken,73.636719,0.053923994,-990426.672070271,288990.38,8.316730094,228080.50487,14369113.13400583,63.00018119565218,33.8457026780755,Marginal
33-053-05367-0000,GUSTAFSON 148-100-5-8-2H,TRIANGLE USA PETROLEUM CORPORATION,Bakken,138.81416,-0.046819903,-3721698.19804397,210297.17,8.65933448,158080.36111,9959091.393404128,63.00018119565218,61.18120627576481,Uneconomic
33-053-05374-0000,BW-ARNEGARD STATE- 151-100-3625H-5,HESS CORPORATION,Bakken,60.654228,0.10005495,1098.848055956,373243.97,8.335130162,298432.18981999997,18801282.033275265,63.00018119565218,34.44021709414637,Economic
33-053-05442-0000,BRIER  5200 44-22 3B,OASIS PETROLEUM NORTH AMERICA LLC,Bakken,41.90934,0.16933683,2246967.71996537,409982.81,9.03037,772354.3026,48658461.01104158,63.00018119565218,31.072922647276226,Economic
33-053-05480-0000,GAJEWSKI  31-18H,WHITING OIL AND GAS CORPORATION,Bakken,84.013306,0.0081873536,-1894404.70346813,300561.34,7.530559795,247492.40488,15592066.351987712,63.00018119565218,55.69990521848665,Uneconomic
33-053-05499-0000,DENALI 21-4MBH 3NH,BURLINGTON RESOURCES OIL & GAS COMPANY LP,Bakken,59.411205,0.047058105,-1457013.72655882,497000.78,9.030619110000002,412871.8569,26011001.795285378,63.00018119565218,28.486216035794854,Economic
33-053-05596-0000,GARFIELD FEDERAL 7-5H1,"CONTINENTAL RESOURCES, INC.",Three Forks,38.987236,0.24758632,1823518.50557938,439906.63,7.787609299999999,398939.57607,25133265.57852667,63.00018119565218,51.626776239631845,Economic
33-053-05603-0000,HA-THOMPSON-LW 152-95-2017H-1,"HESS BAKKEN INVESTMENTS II, LLC",Bakken,47.23708,0.21628669,1617168.89004291,410153.75,7.101780574,349402.43588999996,22012416.771272242,63.00018119565218,13.770894510404174,Economic
33-053-05639-0000,SAND CREEK STATE  153-96-16-11H,NEWFIELD PRODUCTION COMPANY,Three Forks,75.22908,0.0004223529,-1575854.23656772,174057.47,4.997523253000001,164155.32394,10341815.15245098,63.00018119565218,24.112596452219943,Marginal
33-053-05686-0000,BERLAIN 3-30H,"CONTINENTAL RESOURCES, INC.",Bakken,59.494362,0.069362856,-796885.693440464,388472.91,8.83959801,326585.97916,20574975.863039486,63.00018119565218,52.89242409928227,Economic
33-053-05728-0000,MASTON 34-27 #5TFH,STATOIL OIL & GAS LP,Three Forks,61.546429,0.011837243,-1764682.01965266,366863.94,7.048021419999999,370542.28621,23344231.17188121,63.00018119565218,53.885423076386,Economic
33-053-05779-0000,MOBERG 2-20-21BH,QEP ENERGY COMPANY,Bakken,70.082047,0.037403908,-1926334.10118237,521539.31,11.453588580000002,430044.23658,27092864.826685917,63.00018119565218,24.172407722499056,Marginal
33-053-05780-0000,MOBERG 1-20-21BH,QEP ENERGY COMPANY,Bakken,55.934017,0.13421106,795012.645133542,708117.31,11.309093840000001,571596.9318,36010710.27427884,63.00018119565218,22.23932011656223,Economic
33-053-05826-0000,STATE 2-16-21BH,QEP ENERGY COMPANY,Bakken,62.843956,0.061456293,-914241.262424154,525482.75,10.778816940000002,470288.03908,29628231.676187955,63.00018119565218,26.886152088281705,Economic
33-053-05855-0000,DALLAS 2X-13H,SM ENERGY COMPANY,Three Forks,150.0,-0.074418202,-4274813.55953422,148832.28,7.88363003,124253.06599999999,7827965.672115329,63.00018119565218,49.67149236759573,Uneconomic
33-053-05914-0000,STENEHJEM 27-34-2H,ABRAXAS PETROLEUM CORP.,Three Forks,98.435226,-0.024680356,-3448504.76018638,235309.59,8.61533245,187668.92507,11823176.284203272,63.00018119565218,50.17510297066154,Uneconomic
33-053-05960-0000,USA 153-96-24C-13-4H,"PETRO-HUNT, L.L.C.",Bakken,35.783371,0.20501243,2029929.20371279,631753.94,6.672597596,467434.4643,29448455.94799261,63.00018119565218,17.924328162394794,Economic
33-053-06012-0000,CHALMERS WADE FEDERAL 5301 44-24 12TXR,OASIS PETROLEUM NORTH AMERICA LLC,Three Forks,94.015854,-0.033944689,-3487358.2223465,265450.75,7.505049341,214586.02592,13518958.515014915,63.00018119565218,63.32903545064376,Uneconomic
33-053-06014-0000,JAMESTOWN FEDERAL 7-17H,"CONTINENTAL RESOURCES, INC.",Three Forks,64.896439,0.023152251,-1851520.45504333,336285.69,8.938427710000001,306459.54097,19307006.61024639,63.00018119565218,48.37415742000226,Marginal
33-053-06039-0000,DUDLEY DAWSON 7-2-11H,"EMERALD OIL, INC",Bakken,140.9386,-0.11163555,-4848868.43029484,215576.48,8.032400729999999,166123.21506000002,10465792.649584297,63.00018119565218,68.33626603666195,Uneconomic
33-053-06106-0000,SKEDSVOLD 21-4-3H,WHITING OIL AND GAS CORPORATION,Bakken,74.008659,-0.0010876468,-1890032.53583448,274701.06,6.107008907000001,217647.98885999998,13711862.735049287,63.00018119565218,49.54330194065316,Marginal
33-053-06135-0000,NORFOLK 6-1H1,"CONTINENTAL RESOURCES, INC.",Three Forks,59.323753,0.054941572,-1013094.46144845,290246.81,7.3349421900000005,247049.09176,15564137.545101304,63.00018119565218,55.82272313626239,Economic
33-053-06161-0000,BW-HEIDI HO- 149-99-3526H-3,"HESS BAKKEN INVESTMENTS II, LLC",Bakken,69.826813,0.01508199,-1707792.3243208,235070.8,6.599316811999999,186359.41906,11740677.168296477,63.00018119565218,55.74623710621061,Marginal
33-053-06328-0000,PATENT GATE 7-6 #2H,STATOIL OIL & GAS LP,Bakken,50.50946,0.083496809,-623487.303424094,950895.56,8.77428237,505988.2744,31877352.970075376,63.00018119565218,47.41969831919359,Economic
33-053-06361-0000,OLSON 152-96-30-31-10H,NEWFIELD PRODUCTION COMPANY,Three Forks,76.85083,-0.00067592977,-2193135.18180991,258414.52,6.5111421389999995,217698.94796000002,13715073.167582856,63.00018119565218,49.9787520154367,Marginal
33-053-06395-0000,AVALANCHE 36-14-MB2,"SHD OIL & GAS, LLC",Bakken,143.80315,-0.081702426,-2683580.24771705,25199.061,5.1196689,79364.67098,4999988.652273318,63.00018119565218,51.74275531369772,Uneconomic
33-053-06538-0000,SYRACUSE 7-23H,"CONTINENTAL RESOURCES, INC.",Bakken,28.143501,0.31566095,4193881.01116031,410325.06,7.45202479,507854.0775,31994898.903450787,63.00018119565218,34.67039887344037,Economic
33-053-06627-0000,PATTERSON FEDERAL 6-13H,"CONTINENTAL RESOURCES, INC.",Bakken,40.30381,0.14265631,858535.210616453,443486.38,6.416813170000001,371196.67331,23385457.677753307,63.00018119565218,38.53613531001271,Economic
33-053-06658-0000,TAT USA 14-22H,MARATHON OIL COMPANY,Bakken,38.655811,0.28426543,3036896.52174336,421139.94,7.89177794,448508.2904,28256103.562952187,63.00018119565218,40.932613184983765,Economic
33-053-06804-0000,STATE 7-36-1BH,QEP ENERGY COMPANY,Bakken,41.549507,0.13450101,595304.107282773,98536.664,6.003363670000001,432971.21900000004,27277265.249502406,63.00018119565218,35.03994983826565,Economic
33-053-06868-0000,JUANITA USA 13-35H,MARATHON OIL COMPANY,Bakken,29.194723,0.50565964,3930395.64381414,663698.25,6.03392395,552281.5578,34793838.21241705,63.00018119565218,24.11323158365888,Economic
33-053-06941-0000,HARLEY FEDERAL 24X-15A,XTO ENERGY INC,Bakken,35.458523,0.27391788,2426003.34321021,573673.0,6.327915413,420782.1688,26509352.8782995,63.00018119565218,20.879606027400936,Economic
33-053-06982-0000,JOHNSRUD  5198 14-18 15TX,OASIS PETROLEUM NORTH AMERICA LLC,Three Forks,50.514042,0.072381854,-377224.112838287,301176.38,6.03326019,365218.78687,23008849.748866275,63.00018119565218,54.639477816239655,Economic
33-053-07172-0000,HA-STATE- 152-95-1621H-8,"HESS BAKKEN INVESTMENTS II, LLC",Bakken,24.737329,0.67323625,5174830.69214565,536836.63,5.607989467000001,410366.3275,25853152.989094347,63.00018119565218,28.665355880633147,Economic
33-053-07262-0000,WATER 151-94-16DH-TF,ENERPLUS RESOURCES USA CORPORATION,Three Forks,50.804775,0.091288105,-152241.244007032,227910.23,6.2352183,356300.4975,22446995.90260102,63.00018119565218,34.52326384681839,Economic
33-053-07275-0000,FORT BERTHOLD 152-94-13A-24-16H,"HRC OPERATING, LLC",Bakken,45.150745,0.28446704,1843879.18279662,371125.5,6.876969,324901.45,20468850.22073013,63.00018119565218,45.448573505032726,Economic
33-053-07308-0000,KOALA 14-32-2H,WHITING OIL AND GAS CORPORATION,Bakken,55.42099,0.086753458,-297765.244726416,448502.84,6.9780127300000006,351596.55472,22150646.655127037,63.00018119565218,43.51150726485239,Economic
33-053-07570-0000,HA-ROLFSRUD- 152-96-1720H-10,"HESS BAKKEN INVESTMENTS II, LLC",Bakken,32.237206,0.35417855,3072316.99038105,488237.03,5.096695398,352492.5549,22207094.828818373,63.00018119565218,31.193785422457033,Economic
33-053-07679-0000,GARTER 152-94-18A-19H,ENERPLUS RESOURCES USA CORPORATION,Bakken,57.010338,0.090031736,-169786.013279657,414757.97,9.15841512,517073.28839999996,32575710.860631716,63.00018119565218,40.77767077238104,Economic
33-053-08071-0000,ANDERSON STATE 152-96-16-21-6HLW,NEWFIELD PRODUCTION COMPANY,Bakken,37.008133,0.35945225,3540825.11467125,756197.0,6.10934611,396310.2321,24967616.431990974,63.00018119565218,22.900626788122217,Economic
33-053-05225-0000,EIDE 150-99-7-6-4H,NEWFIELD PRODUCTION COMPANY,Bakken,101.28906,-0.026099263,-2444042.59851191,256705.63,8.591718721,232096.61509,14622128.80556754,63.00018119565218,33.49221550843944,Uneconomic
33-053-05547-0000,BW-R PETERSON- 149-99-1102H-2,HESS CORPORATION,Bakken,62.871624,0.068441465,-841169.400516013,384325.78,8.033193441,272960.0107,17196530.133267157,63.00018119565218,51.37557707705041,Economic
33-053-05893-0000,BW-HEDSTROM- 149-100-1201H-2,"HESS BAKKEN INVESTMENTS II, LLC",Bakken,87.3657,0.0076566422,-2361122.10951595,66583.023,7.663241593999999,180561.86887,11375430.45583559,63.00018119565218,54.69972119846368,Uneconomic
33-053-06823-0000,GUDMUNSON 4-1-26TFH,BURLINGTON RESOURCES OIL & GAS COMPANY LP,Three Forks,38.646809,0.19304417,1442474.50077437,533745.88,5.15800023,381857.448,24057088.41490933,63.00018119565218,42.70520687564679,Economic
33-053-07087-0000,TAT 8-33-28BHD,QEP ENERGY COMPANY,Bakken,48.625565,0.13018711,474616.106969638,420113.38,5.87437018,341409.85586,21508882.781161495,63.00018119565218,41.094881966166405,Economic
33-053-07080-0000,HA-CHAPIN- 152-95-2932H-7,"HESS BAKKEN INVESTMENTS II, LLC",Bakken,25.915188,0.6224128,4436992.34586068,627916.06,5.446442695,485704.41631,30599466.235058483,63.00018119565218,18.619768425010356,Economic
33-053-06171-0000,HELSINGBORG FEDERAL 153-96-22-27-2H,NEWFIELD PRODUCTION COMPANY,Bakken,73.910873,0.006241255,-2131326.82262159,267059.0,7.066964641999999,267059.0,16824765.389929675,63.00018119565218,20.001737406052765,Marginal
33-053-06070-0000,RANGER 21X-18G,XTO ENERGY INC,Three Forks,113.17632,-0.04772668,-3571684.92336751,157618.0,8.498307429,157618.0,9929962.559696306,63.00018119565218,49.71189739335737,Uneconomic
33-053-04027-0000,TARPON FEDERAL 44-19-1RTF,WHITING OIL AND GAS CORPORATION,Three Forks,79.787125,-0.16038223,-1915562.68326755,217699.0,6.137203096,217699.0,13715076.446112284,63.00018119565218,42.52990992703351,Uneconomic
33-053-05351-0000,JAN 14X-34E,XTO ENERGY INC,Three Forks,106.07417,-0.10415658,-3659800.49268467,226844.0,10.472911159999999,226844.0,14291213.103146523,63.00018119565218,47.80888135265656,Uneconomic
33-053-05399-0000,BB-BELQUIST- 150-95-1110H-4,HESS CORPORATION,Bakken,78.231438,0.00057020958,-1208923.84248547,248508.0,8.91755417,248508.0,15656049.028569132,63.00018119565218,25.48172936794948,Marginal
33-053-05584-0000,BERQUIST 31X-2D,XTO ENERGY INC,Bakken,85.758095,-0.10945457,-2932793.55723527,239423.0,9.12350088,239423.0,15083692.382406631,63.00018119565218,34.665458703203925,Uneconomic
33-053-05611-0000,KALE BAD BRAVE 19-18HX2,"WPX ENERGY WILLISTON, LLC",Three Forks,90.278343,-0.14799868,-3993010.96529882,281247.0,9.479405799999999,281247.0,17718611.96073359,63.00018119565218,43.93985903589482,Uneconomic
33-053-05770-0000,CAMERON FRYE 2-36-25H,"EMERALD OIL, INC",Three Forks,150.0,-0.57284373,-5824247.69715308,57.666668,7.8638205029999995,4077.0,256851.73873467394,63.00018119565218,77.15710443747199,Uneconomic
33-053-05915-0000,STENEHJEM 27-34-3H,ABRAXAS PETROLEUM CORP.,Bakken,92.79319,-0.12331606,-3169658.27352715,203999.0,8.585322332,203999.0,12851973.96373185,63.00018119565218,44.753297892219656,Uneconomic
33-053-05928-0000,COPPER DRAW 41-27TFH,BURLINGTON RESOURCES OIL & GAS COMPANY LP,Three Forks,55.132561,0.048133168,-978273.080796252,324515.0,7.394301526,324515.0,20444503.80070707,63.00018119565218,20.620962435515157,Economic
33-053-05947-0000,HARRISBURG 1-34H,"CONTINENTAL RESOURCES, INC.",Bakken,64.58786,0.047144223,-958985.406468725,336669.0,9.50299324,336669.0,21210208.002959024,63.00018119565218,58.00817961731165,Marginal
33-053-06075-0000,HAMMERHEAD 31-26-2MBH,BURLINGTON RESOURCES OIL & GAS COMPANY LP,Bakken,79.812859,-0.062506303,-2312487.94278932,299988.16,7.29591953,216902.0,13664865.30169935,63.00018119565218,38.855374137386676,Uneconomic
33-053-06143-0000,JOHNSON FEDERAL 11X-5E,XTO ENERGY INC,Three Forks,77.890076,-0.011064525,-2250514.2776592,228775.0,8.083942735,228775.0,14412866.453035329,63.00018119565218,52.752645046436754,Marginal
33-053-06167-0000,JOHNSRUD 151-98-30-31-5H,NEWFIELD PRODUCTION COMPANY,Bakken,99.38591,-0.24263681,-2821565.74976829,55810.668,5.884924814,166778.0,10507044.219448479,63.00018119565218,35.21549128906326,Uneconomic
33-053-06417-0000,THOMPSON 1-29-32T2HD,QEP ENERGY COMPANY,Three Forks,67.058601,-0.096841514,-1879199.9144664,123350.84,7.975209530000001,303617.0,19127926.014080327,63.00018119565218,36.98211895100613,Marginal
33-053-06734-0000,SKAAR FEDERAL 153-96-28-21-4H,NEWFIELD PRODUCTION COMPANY,Bakken,67.646736,-0.043893579,-1501520.30498483,256747.0,6.129020376,256747.0,16175107.521440111,63.00018119565218,29.58620613999002,Marginal
33-053-07456-0000,TIPI V 3-13-12TH,QEP ENERGY COMPANY,Three Forks,130.86931,-0.10339297,-2799826.12510854,103108.0,5.77597017,103108.0,6495822.682721306,63.00018119565218,62.81126467957411,Uneconomic
33-053-07576-0000,JOHNSON 31X-6FXG,XTO ENERGY INC,Three Forks,66.633415,0.054166183,-501707.258263899,142331.67,6.528818960000001,244586.0,15408962.317919785,63.00018119565218,54.65986463915825,Marginal
33-053-07871-0000,LUNDIN  11X-4E,XTO ENERGY INC,Three Forks,121.65953,-0.25826228,-4323543.0382361,86094.5,9.73364464,182712.0,11510889.10662,63.00018119565218,54.25693048361294,Uneconomic
33-053-04975-0000,MARLENE 42X-20D,XTO ENERGY INC,Bakken,52.231812,0.63034952,3130029.18957901,443927.0,8.462612036,443927.0,27967481.437642287,63.00018119565218,11.369172163746425,Economic
33-053-06119-0000,BB-BELQUIST- 150-95-1110H-9,"HESS BAKKEN INVESTMENTS II, LLC",Three Forks,48.026402,0.096515283,-30289.376591527,306788.0,6.314548775999999,306788.0,19327699.588651743,63.00018119565218,22.521630645055385,Economic
33-053-06537-0000,AN-PROSSER- 152-95-1102H-10,"HESS BAKKEN INVESTMENTS II, LLC",Three Forks,150.0,-0.42794451,-3778133.42943685,11680.667,5.338058075999999,31040.0,1955525.6243130437,63.00018119565218,31.544008998081292,Uneconomic
33-053-06755-0000,KLINE FEDERAL 5300 31-18 15T,OASIS PETROLEUM NORTH AMERICA LLC,Three Forks,103.80923,-0.24216048,-3464955.78328234,172233.0,6.790780510000001,172233.0,10850710.207870763,63.00018119565218,67.7896366836041,Uneconomic
33-053-05530-0000,OLD ARCHES 14-35MBH ULW,BURLINGTON RESOURCES OIL & GAS COMPANY LP,Bakken,136.37045,-0.23222919,-4640237.23337387,145989.0,8.707996975999999,145989.0,9197333.452572066,63.00018119565218,21.50073934668638,Uneconomic
33-053-04052-0000,TRIANGLE 149-101-1-12-2H,TRIANGLE USA PETROLEUM CORPORATION,Bakken,150.0,-0.20463628,-4617405.43271588,152222.0,8.43637477,152222.0,9590013.581964567,63.00018119565218,64.65181731206866,Uneconomic
33-053-04716-0000,BOBCAT 150-94-04A-09H TF,ENERPLUS RESOURCES USA CORPORATION,Three Forks,105.45086,-0.10924955,-4151524.08907689,332300.0,13.3704388,332300.0,20934960.21131522,63.00018119565218,46.99542370961851,Uneconomic
33-053-05343-0000,MACK 12-2H2,"CONTINENTAL RESOURCES, INC.",Three Forks,144.0985,-0.21678317,-2963687.62258012,97047.0,6.950321789,97047.0,6113978.584494458,63.00018119565218,54.07515722824003,Uneconomic
33-053-05697-0000,HAYMAKER 44-22TFH-B,BURLINGTON RESOURCES OIL & GAS COMPANY LP,Three Forks,142.4552,-0.093178615,-4161391.18190477,143095.0,8.207236957,143095.0,9015010.928191848,63.00018119565218,48.13011784408043,Uneconomic
33-053-05929-0000,AN-BRENNA- 153-94-3130H-5,"HESS BAKKEN INVESTMENTS II, LLC",Bakken,46.638779,0.12101367,200164.797029105,97704.836,6.261099617000001,314974.0,19843419.07191935,63.00018119565218,7.387010176508467,Economic
33-053-06173-0000,HELSINGBORG FEDERAL 153-96-22-27-3H,NEWFIELD PRODUCTION COMPANY,Bakken,88.327141,-0.11866657,-2773210.72926146,93051.836,7.141286255,227889.0,14357048.29249598,63.00018119565218,19.56423524096598,Uneconomic
33-053-06286-0000,SORENSON 14X-33A,XTO ENERGY INC,Bakken,69.764946,-0.057759739,-2042539.48723369,280745.0,8.2395003,280745.0,17686985.869773373,63.00018119565218,38.35497626377294,Marginal
33-053-07012-0000,LARSEN FEDERAL 152-96-9-4-12H,NEWFIELD PRODUCTION COMPANY,Three Forks,59.211872,0.00044391514,-828238.314004052,176830.5,6.13901274,275195.0,17337334.8641375,63.00018119565218,24.416289244780867,Economic
33-053-05819-0000,DAVE 11X-16E,XTO ENERGY INC,Three Forks,116.07355,-0.1121642,-4030345.71519117,212402.0,10.27234204,212402.0,13381364.486318914,63.00018119565218,47.73482810973614,Uneconomic
33-053-05908-0000,HOFFMANN 14X-12B,XTO ENERGY INC,Bakken,97.196335,-0.10084303,-3843421.02050227,242193.0,9.725032460000001,242193.0,15258202.884318588,63.00018119565218,40.17163480421824,Uneconomic
33-053-05923-0000,BULLRUSH 2-7-9UTFH,BURLINGTON RESOURCES OIL & GAS COMPANY LP,Three Forks,69.364922,-0.023897447,-2477878.9637457,363942.0,9.13333812,363942.0,22928411.944708046,63.00018119565218,46.62174747769563,Marginal
33-053-06213-0000,TARPON FEDERAL 44-19-3RTF,WHITING OIL AND GAS CORPORATION,Three Forks,110.09043,-0.26854151,-2573107.45601033,119153.34,5.946994933,140392.0,8844721.438420001,63.00018119565218,49.01992112888818,Uneconomic
33-053-06981-0000,JOHNSRUD  5198 12-18 10T,OASIS PETROLEUM NORTH AMERICA LLC,Three Forks,69.325531,-0.13294429,-1692712.69633718,160486.17,5.95923799,239300.0,15075943.360119566,63.00018119565218,62.99955624206609,Marginal
33-053-07145-0000,ERNIE 4-2-11T2HD,QEP ENERGY COMPANY,Three Forks,141.71916,-0.3306599,-3059930.45171303,96399.0,5.840154979999999,96399.0,6073154.467079675,63.00018119565218,65.79800746491065,Uneconomic
33-053-04739-0000,ROLLEFSTAD FEDERAL 12-3H-3,"CONTINENTAL RESOURCES, INC.",Three Forks,135.42773,-0.15007071,-4006704.15882108,157031.0,10.475456709999998,157031.0,9892981.453334458,63.00018119565218,62.13602299360539,Uneconomic
33-053-05024-0000,AN-EVENSON 152-95-0310H-5,HESS CORPORATION,Bakken,130.52905,-0.15566164,-2495013.26575144,119283.0,7.997119591,119283.0,7514850.613560979,63.00018119565218,13.26765069439395,Uneconomic
33-053-05772-0000,WHITE 5198 13-6 13T3,OASIS PETROLEUM NORTH AMERICA LLC,Three Forks,150.0,-0.38924217,-5784584.92055624,22242.0,8.043395259999999,22242.0,1401250.0301536957,63.00018119565218,82.44736260614287,Uneconomic
33-053-06208-0000,MOSES 21X-9B,XTO ENERGY INC,Bakken,84.872253,-0.10588898,-2058542.50507596,167223.0,6.153354929,167223.0,10535079.300080545,63.00018119565218,34.058771106571925,Uneconomic
33-053-06291-0000,EMMA OWNER 23-14HD,"WPX ENERGY WILLISTON, LLC",Bakken,38.115269,0.34528485,1622110.45726126,121888.66,5.086332656999999,500570.0,31536000.701107614,63.00018119565218,36.76797534232732,Economic
33-053-06489-0000,MARLENE  42X-20F2,XTO ENERGY INC,Three Forks,56.84317,0.034084037,-750646.257382512,312775.0,6.738333437,312775.0,19704881.67347011,63.00018119565218,22.172428722858946,Economic
33-053-07390-0000,FORLAND  5198 41-33 2TX,OASIS PETROLEUM NORTH AMERICA LLC,Three Forks,73.889717,-0.20063056,-1229495.21685512,213009.0,5.9455414399999995,213009.0,13419605.596304676,63.00018119565218,69.67498078072948,Marginal
33-053-07453-0000,TIPI V 4-13-12BH,QEP ENERGY COMPANY,Bakken,58.497696,0.0086936718,-694808.826849655,166263.83,5.8119597,290195.0,18282337.582072284,63.00018119565218,47.72626971331814,Economic
33-053-07946-0000,ND LEVANG 6-16-21BHD,QEP ENERGY COMPANY,Bakken,71.252144,-0.043615278,-888809.051431749,246620.0,6.373149639999999,246620.0,15537104.686471742,63.00018119565218,25.816300440674393,Marginal
33-053-07954-0000,ETSTATIS  32-29HXR,"WPX ENERGY WILLISTON, LLC",Bakken,51.326797,0.16485353,475766.095141805,339598.0,5.91216636,339598.0,21394735.53368109,63.00018119565218,45.81966585406323,Economic
33-053-03624-0000,FORT BERTHOLD 151-94-34C-27-2H,"PETRO-HUNT, L.L.C.",Bakken,81.431664,-0.010980599,-1387471.22628799,345461.0,12.26779913,345461.0,21764105.5960312,63.00018119565218,32.786550344763185,Uneconomic
33-053-05092-0000,HA-THOMPSON 152-95-2017H-4,HESS CORPORATION,Bakken,60.920231,0.17620875,611789.480636792,279791.0,7.33920683,279791.0,17626883.69691272,63.00018119565218,11.502792907343796,Economic
33-053-06235-0000,JONES 3-15-22BH,QEP ENERGY COMPANY,Bakken,68.542381,-0.083898224,-1930727.19071094,286241.0,7.30760784,286241.0,18033234.865624677,63.00018119565218,27.948357800197343,Marginal
33-053-07289-0000,SKAAR FEDERAL 153-96-30-1H,NEWFIELD PRODUCTION COMPANY,Bakken,63.057987,-0.056999709,-875701.995591499,91253.664,4.122348522999999,173792.0,10948927.490354784,63.00018119565218,25.215048905068656,Marginal
33-053-05164-0000,BIG BEND 41-2TFH,BURLINGTON RESOURCES OIL & GAS COMPANY LP,Three Forks,129.75116,-0.16431336,-3410135.25970603,159689.0,9.013935458999999,159689.0,10060435.934952501,63.00018119565218,25.061709855744414,Uneconomic
33-053-05213-0000,HARLEY 31-2TFH,BURLINGTON RESOURCES OIL & GAS COMPANY LP,Three Forks,65.779327,-0.055755805,-1712238.78059555,279069.0,7.030351270000001,279069.0,17581397.56608946,63.00018119565218,46.15935206550343,Marginal
33-053-05255-0000,RINK 13X-4B,XTO ENERGY INC,Bakken,89.976372,-0.027469879,-2338330.13991602,153298.33,10.65798237,282077.0,17770902.11112598,63.00018119565218,52.57009974374668,Uneconomic
33-053-05583-0000,BERQUIST 31X-2G,XTO ENERGY INC,Three Forks,120.74541,-0.18883236,-3981579.33449039,160215.0,8.95431491,160215.0,10093574.030261414,63.00018119565218,49.14406879191968,Uneconomic
33-053-05707-0000,WHITE 5198 12-6 2T3,OASIS PETROLEUM NORTH AMERICA LLC,Three Forks,150.0,-0.37807956,-5199888.47735781,8468.0,7.784228556,33983.0,2140935.157571848,63.00018119565218,81.18015174170682,Uneconomic
33-053-05797-0000,SHENANDOAH 14-36MBH ULW,BURLINGTON RESOURCES OIL & GAS COMPANY LP,Bakken,65.033813,-0.023476297,-1642863.24776326,285691.0,7.576746158000001,285691.0,17998584.765967067,63.00018119565218,18.767859833891105,Marginal
33-053-05909-0000,HOFFMANN 14X-12E,XTO ENERGY INC,Three Forks,145.52785,-0.16492796,-5116886.56284637,155071.0,9.58584247,155071.0,9769501.09819098,63.00018119565218,53.26737507006685,Uneconomic
33-053-05989-0000,HA-SANFORD- 152-96-1819H-4,"HESS BAKKEN INVESTMENTS II, LLC",Bakken,84.860474,-0.19738179,-1944208.6106776,131277.0,5.4787303839999995,131277.0,8270474.786821632,63.00018119565218,18.72349383044719,Uneconomic
33-053-06034-0000,STATE 4-16-21BH,QEP ENERGY COMPANY,Bakken,54.603989,0.053337716,-517756.99225127,433711.0,8.310994809999999,433711.0,27323871.586547505,63.00018119565218,28.72995632211862,Economic
33-053-06209-0000,MOSES 21X-9A,XTO ENERGY INC,Bakken,67.342453,0.042347368,-984358.64052188,354015.34,6.121640117,204965.0,12912832.13876685,63.00018119565218,42.59969754676823,Marginal
33-053-06212-0000,TARPON FEDERAL 44-19-1RH,WHITING OIL AND GAS CORPORATION,Bakken,84.728325,-0.18413492,-1965736.35118731,196036.0,6.0227649329999995,196036.0,12350303.520870872,63.00018119565218,43.52484306534647,Uneconomic
33-053-06236-0000,JONES 6-15-22TH,QEP ENERGY COMPANY,Three Forks,54.326199,0.0092765819,-876208.532699931,393103.0,7.28362331,393103.0,24765560.22855446,63.00018119565218,28.132632764395304,Economic
33-053-06693-0000,BOGGS 8-29-32BHD,QEP ENERGY COMPANY,Bakken,61.752674,-0.034849212,-1259886.80191082,327772.0,6.97982687,327772.0,20649695.390861306,63.00018119565218,29.84617492011241,Economic
33-053-06740-0000,AMUNDSON 44X-22H,XTO ENERGY INC,Three Forks,81.245773,-0.11184564,-2035774.874658,186902.0,6.763685810000001,186902.0,11774859.865829784,63.00018119565218,48.93429835274574,Uneconomic
33-053-06802-0000,STATE 8-36-1BH,QEP ENERGY COMPANY,Three Forks,114.00174,-0.3439914,-2765372.44195982,57816.168,5.852708829999999,124160.0,7822102.497252175,63.00018119565218,48.07975378027566,Uneconomic
33-053-07094-0000,JOHNSON 31X-6D,XTO ENERGY INC,Bakken,62.201771,0.055614803,-464657.307629157,266723.0,6.57390007,266723.0,16803597.329047937,63.00018119565218,47.21669763732469,Economic
33-053-07155-0000,ROLLA FEDERAL 21-3-1H,WHITING OIL AND GAS CORPORATION,Bakken,64.194649,0.0079281777,-798307.090482678,306163.0,6.645474519999999,306163.0,19288324.47540446,63.00018119565218,22.39332228153691,Marginal
33-053-07654-0000,OYLOE 5199 42-23 5T,OASIS PETROLEUM NORTH AMERICA LLC,Three Forks,103.74523,-0.37654445,-2425942.71196147,140296.0,5.971778196000001,140296.0,8838673.421025218,63.00018119565218,60.457388309371275,Uneconomic
33-053-05252-0000,RINK 13X-4E,XTO ENERGY INC,Three Forks,93.078064,-0.036490768,-2469393.61622003,281959.0,11.13306707,281959.0,17763468.089744892,63.00018119565218,48.589562893041624,Uneconomic
33-053-05346-0000,MACK 9-2H2,"CONTINENTAL RESOURCES, INC.",Three Forks,150.0,-0.20227626,-3415880.18884286,31478.166,7.31265784,89960.0,5667496.300360871,63.00018119565218,58.88031593959118,Uneconomic
33-053-05937-0000,MCCOY 44X-23G2,XTO ENERGY INC,Three Forks,146.51195,-0.20530266,-4039523.08351475,58208.168,8.260917782,122565.0,7721617.20824511,63.00018119565218,64.99083103395088,Uneconomic
33-053-06071-0000,HAMMERHEAD 11-26MBH,BURLINGTON RESOURCES OIL & GAS COMPANY LP,Bakken,75.993156,-0.0059119738,-2061254.97855615,223944.0,7.190518765999999,223944.0,14108512.577679133,63.00018119565218,44.59560760912323,Marginal
33-053-04486-0000,JAY 24-13F #1H-R,"BRIGHAM OIL & GAS, L.P.",Bakken,51.317776,0.071255066,-413154.608591072,595173.0,7.310215840000001,595173.0,37496006.8427599,63.00018119565218,51.28149717965026,Economic
33-053-04492-0000,ZION 148-95-02B-11H,ENERPLUS RESOURCES USA CORPORATION,Bakken,111.79988,-0.3281627,-4128063.94485089,215826.0,8.625214880000001,215826.0,13597077.106732829,63.00018119565218,38.05241661189262,Uneconomic
33-053-05245-0000,VEEDER 3-27-34TH,QEP ENERGY COMPANY,Three Forks,115.49917,-0.13802896,-4114266.84914262,241087.0,11.329586390000001,241087.0,15188524.683916198,63.00018119565218,32.11322019198549,Uneconomic
33-053-05291-0000,TAT 3-33-28TH,QEP ENERGY COMPANY,Three Forks,106.44032,-0.074494213,-3352174.83981495,248829.0,11.31094204,248829.0,15676272.086732937,63.00018119565218,35.40684015834902,Uneconomic
33-053-05313-0000,SKAAR 150-99-15-22-3H,NEWFIELD PRODUCTION COMPANY,Bakken,110.98877,-0.12956712,-2572651.637323,61842.668,7.9117467239999995,200773.0,12648735.379194675,63.00018119565218,33.99793551441195,Uneconomic
33-053-05391-0000,MANDAREE 134-05H,"EOG RESOURCES, INC.",Three Forks,150.0,-0.20490915,-3306593.00639051,63787.0,7.24708823,118767.0,7482342.520064022,63.00018119565218,73.69495834985239,Uneconomic
33-053-05512-0000,HAGEN BANKS 5298 #42-31 7T3,OASIS PETROLEUM NORTH AMERICA LLC,Three Forks,150.0,-0.24165827,-5064092.23321433,82453.0,7.946482569999999,82453.0,5194553.94012511,63.00018119565218,73.34645758378024,Uneconomic
33-053-06030-0000,KLINE FEDERAL 5300 41-18 12TX,OASIS PETROLEUM NORTH AMERICA LLC,Three Forks,150.0,-0.27210429,-4188789.98299815,115554.0,7.455703399999999,115554.0,7279922.937882393,63.00018119565218,76.5738844851704,Uneconomic
33-053-07858-0000,MATHISTAD 6-8-35 MBH,BURLINGTON RESOURCES OIL & GAS COMPANY LP,Bakken,30.604944,1.0113604,7236026.54010472,534271.38,6.043346060000001,715797.0,45095340.699304245,63.00018119565218,24.885722560822042,Economic
33-053-04586-0000,GARMANN 19-18 2TFH,"BRIGHAM OIL & GAS, L.P.",Three Forks,81.589401,-0.089019798,-2317241.43318283,267822.0,6.947639439000001,267822.0,16872834.52818196,63.00018119565218,44.96359634792151,Uneconomic
33-053-05508-0000,NORMAN 44-33MBH,BURLINGTON RESOURCES OIL & GAS COMPANY LP,Bakken,68.625076,-0.035289828,-2408809.62073797,376360.0,9.30830192,376360.0,23710748.194795657,63.00018119565218,22.343478861934564,Marginal
33-053-05548-0000,ROWE 150-101-1-12-5H,TRIANGLE USA PETROLEUM CORPORATION,Bakken,118.74225,-0.1517815,-3337623.23308829,208031.0,8.71999192,208031.0,13105990.69431272,63.00018119565218,48.76992257530684,Uneconomic
33-053-05771-0000,WHITE 5198 13-6 12B,OASIS PETROLEUM NORTH AMERICA LLC,Bakken,66.163437,0.031389643,-557116.533655843,372523.0,8.11678258,372523.0,23469016.499547936,63.00018119565218,45.88465499784278,Marginal
33-053-04214-0000,ARNOLD 16X-12H,SM ENERGY COMPANY,Three Forks,137.04355,-0.17077684,-3369595.06881677,153139.0,8.45844171,153139.0,9647784.74812098,63.00018119565218,52.815846880045356,Uneconomic
33-053-04931-0000,LOOMER 41X-3C,XTO ENERGY INC,Bakken,83.703384,-0.033946253,-2207435.9207077,311057.0,10.893668129999998,311057.0,19596647.362175982,63.00018119565218,40.63752395056451,Uneconomic
33-053-05174-0000,RITA 24X-34A,XTO ENERGY INC,Bakken,86.025749,-0.0474209,-2470625.57280722,294981.0,10.36212815,294981.0,18583856.449274678,63.00018119565218,31.245629737364695,Uneconomic
33-053-05177-0000,DORIS 1X-13H,SM ENERGY COMPANY,Three Forks,150.0,-0.22988464,-3849948.581286,122721.0,8.50431517,122721.0,7731445.236511632,63.00018119565218,48.83213809206137,Uneconomic
33-053-05214-0000,KIRKLAND 1-23-14BH,QEP ENERGY COMPANY,Bakken,107.01975,-0.12921505,-4536576.95934802,274151.0,11.1565235,274151.0,17271562.67496924,63.00018119565218,41.50484452912798,Uneconomic
33-053-05532-0000,ARCHES 34-35TFH,BURLINGTON RESOURCES OIL & GAS COMPANY LP,Three Forks,81.108849,-0.012091615,-1421595.93933841,279811.0,8.727781135999999,279811.0,17628143.70053663,63.00018119565218,21.599607733258615,Uneconomic
33-053-05677-0000,MOBERG 3-17-16BH,QEP ENERGY COMPANY,Bakken,85.878204,-0.055840712,-2915195.14403077,356840.0,11.38105436,356840.0,22480984.657856524,63.00018119565218,28.848868648359797,Uneconomic
33-053-05711-0000,TODD 13X-35H,SM ENERGY COMPANY,Three Forks,150.0,-0.21468569,-4232760.13319685,120462.0,7.94633271,120462.0,7589127.827190653,63.00018119565218,54.79307083777414,Uneconomic
33-053-06044-0000,HARLEY 21-2TFH-R,BURLINGTON RESOURCES OIL & GAS COMPANY LP,Three Forks,58.074192,0.0059436546,-1102902.70087496,107073.34,7.253711350000001,340271.0,21437134.655625764,63.00018119565218,43.440030185618284,Economic
33-053-06249-0000,JONES 1-15-23TH,QEP ENERGY COMPANY,Three Forks,64.714569,-0.027289575,-2032419.65415901,335543.0,7.996279230000001,335543.0,21139269.79893272,63.00018119565218,27.16749329831454,Marginal
33-053-06283-0000,KINGS CANYON 4-1-27MTFH,BURLINGTON RESOURCES OIL & GAS COMPANY LP,Three Forks,122.16605,-0.070339657,-3481692.25898094,129548.0,6.926290917,129548.0,8161547.473534348,63.00018119565218,49.36366479049406,Uneconomic
33-053-06413-0000,THOMPSON 7-29-32BHD,QEP ENERGY COMPANY,Bakken,59.582199,-0.029772606,-1339616.70865497,166099.83,7.997573189999999,359235.0,22631870.091820113,63.00018119565218,28.94034102148198,Economic
33-053-06588-0000,MONROE 9-2H,"CONTINENTAL RESOURCES, INC.",Bakken,59.570145,0.10044049,5261.726512407,317814.0,9.11348856,317814.0,20022339.586515002,63.00018119565218,47.91309179052742,Economic
33-053-06864-0000,CHARMAINE USA 14-35TFH,MARATHON OIL COMPANY,Three Forks,33.262543,0.4797985,2863287.55301948,529232.0,6.211353989,529232.0,33341711.894537397,63.00018119565218,30.161679396565834,Economic
33-053-07098-0000,JOHNSON 31X-6G,XTO ENERGY INC,Three Forks,82.987549,-0.032469381,-1434523.63767848,182221.0,6.40194752,182221.0,11479956.017652936,63.00018119565218,65.41108046596649,Uneconomic
33-053-07455-0000,TIPI V 5-13-12BH,QEP ENERGY COMPANY,Bakken,69.798958,-0.045152694,-1247453.01964546,230414.0,5.80714178,230414.0,14516123.750015002,63.00018119565218,49.126436527825305,Marginal
33-053-05529-0000,ARCHES  14-35TFH,BURLINGTON RESOURCES OIL & GAS COMPANY LP,Three Forks,82.789749,-0.08265046,-3084781.25016505,278829.0,8.711623808,278829.0,17566277.522602502,63.00018119565218,26.264974216580722,Uneconomic
33-053-07398-0000,FORLAND 5098 13-4 10T,OASIS PETROLEUM NORTH AMERICA LLC,Three Forks,150.0,-0.68013781,-3277657.58304717,73425.0,5.655628758,73425.0,4625788.304290761,63.00018119565218,59.194051251271276,Uneconomic
33-053-04028-0000,TARPON FEDERAL 44-19-2RTF,WHITING OIL AND GAS CORPORATION,Three Forks,97.579994,-0.229103,-2409929.20404168,166531.0,6.078105118000001,166531.0,10491483.174693154,63.00018119565218,50.0700089047729,Uneconomic
33-053-04942-0000,ROLFSRUD STATE 14X-36A,XTO ENERGY INC,Bakken,80.302849,0.0043737292,-1243391.48227662,131395.17,8.806190052,267585.0,16857903.48523859,63.00018119565218,27.54461021905716,Uneconomic
33-053-04947-0000,ALICE 44X-34H,XTO ENERGY INC,Three Forks,142.67801,-0.20979279,-3737202.12770465,157357.0,10.51506674,157357.0,9913519.51240424,63.00018119565218,35.52475231297478,Uneconomic
33-053-05570-0000,THOMPSON 41X-17MB3,XTO ENERGY INC,Bakken,100.07845,-0.15940407,-3237800.55698839,177223.0,7.464099763,177223.0,11165081.112037066,63.00018119565218,18.27542955167993,Uneconomic
33-053-05865-0000,RIECKHOFF 21X-3F,XTO ENERGY INC,Three Forks,114.65458,-0.18187551,-4105189.10799289,176800.0,9.03495038,176800.0,11138432.035391307,63.00018119565218,46.67020589885437,Uneconomic
33-053-06197-0000,BB-CHAPIN A- 151-95-0403H-10,"HESS BAKKEN INVESTMENTS II, LLC",Three Forks,57.569225,0.051880993,-598986.599135725,204883.0,5.6795676010000005,204883.0,12907666.123908807,63.00018119565218,33.96813835290175,Economic
33-053-06341-0000,SATTER 21X-1B,XTO ENERGY INC,Bakken,63.798603,-0.012104747,-1556101.89174623,119781.66,7.987612275,308844.0,19457227.961190004,63.00018119565218,26.628180457558265,Marginal
33-053-06635-0000,GARIETY 150-98-6-7-4H,NEWFIELD PRODUCTION COMPANY,Bakken,70.742798,-0.18483703,-2082764.33848013,289815.0,6.326965671000001,289815.0,18258397.513217937,63.00018119565218,29.125510805476964,Marginal
33-053-06715-0000,STATE 7-25-24BH,QEP ENERGY COMPANY,Bakken,63.737541,-0.052489687,-1324902.09217976,267210.0,6.145553759999999,267210.0,16834278.41729022,63.00018119565218,43.487805497043375,Marginal
33-053-06739-0000,AMUNDSON 44X-22D,XTO ENERGY INC,Bakken,71.058311,-0.046769701,-1534972.23642883,224617.0,6.8630019,224617.0,14150911.699623806,63.00018119565218,46.079280983462525,Marginal
33-053-06825-0000,GUDMUNSON 1-1-26MBH,BURLINGTON RESOURCES OIL & GAS COMPANY LP,Bakken,45.861057,0.1833916,713321.263533103,315346.0,4.9363392,315346.0,19866855.139324132,63.00018119565218,45.51266434096874,Economic
33-053-06872-0000,RINI 1X-16HB,SM ENERGY COMPANY,Three Forks,119.37969,-0.25905284,-2986646.25139175,41265.5,6.06453513,124822.0,7863808.617203697,63.00018119565218,63.90633494106896,Uneconomic
33-053-07013-0000,LARSEN 152-96-9-3HLW,NEWFIELD PRODUCTION COMPANY,Bakken,50.934422,0.05002163,-272087.800477528,236751.0,4.196583107,236751.0,14915355.89825185,63.00018119565218,14.619404303812988,Economic
33-053-07059-0000,AKRON FEDERAL 7-27H,"CONTINENTAL RESOURCES, INC.",Bakken,34.793636,0.40330666,2459690.08833494,293125.22,7.13523341,401094.0,25268994.676488917,63.00018119565218,42.78488163097622,Economic
33-053-07646-0000,WHITE 5198 12-6 6T,OASIS PETROLEUM NORTH AMERICA LLC,Three Forks,92.162964,-0.18096212,-1835416.87689598,123446.16,6.05250079,170053.0,10713369.81286424,63.00018119565218,58.786120583309696,Uneconomic
33-053-07501-0000,MANDAREE 30-0706H,"EOG RESOURCES, INC.",Three Forks,57.502377,0.030678898,-416022.945503407,123023.66,5.37436174,310019.0,19531253.174094893,63.00018119565218,60.32025987357018,Economic
33-053-05490-0000,CANON 12-36H,"SHD OIL & GAS, LLC",Three Forks,104.91681,-0.1858851,-2409347.22048834,28576.5,5.266587564,124425.0,7838797.545269023,63.00018119565218,43.054659289058534,Uneconomic
33-053-04856-0000,COLUMBUS FEDERAL 3-16H,"CONTINENTAL RESOURCES, INC.",Bakken,100.14664,-0.086702734,-3019743.39647442,224008.0,10.37867864,224008.0,14112544.589275654,63.00018119565218,51.81431967045613,Uneconomic
33-053-05269-0000,JAMESTOWN FEDERAL 5-17H,"CONTINENTAL RESOURCES, INC.",Bakken,53.687279,0.051136497,-615620.286760829,291819.0,7.32341065,291819.0,18384649.876334023,63.00018119565218,39.580361376186104,Economic
33-053-05412-0000,LUKE 13-36H,"SHD OIL & GAS, LLC",Three Forks,125.05079,-0.18678862,-2874837.13977406,120232.0,6.06451336,120232.0,7574637.785515653,63.00018119565218,56.80623664026153,Uneconomic
33-053-05418-0000,LEFTY  5200 14-30 4T2,OASIS PETROLEUM NORTH AMERICA LLC,Three Forks,150.0,-0.21277551,-4365066.4180718,100314.0,7.95308339,100314.0,6319800.176460653,63.00018119565218,72.9510517417577,Uneconomic
33-053-05966-0000,ROLFSRUD STATE 152-96-29-32-3HX,NEWFIELD PRODUCTION COMPANY,Bakken,80.727928,-0.039513063,-1739344.91439533,223846.0,6.145388797999999,223846.0,14102338.559921958,63.00018119565218,22.8845849094304,Uneconomic
33-053-05971-0000,HA-DAHL- 152-95-0706H-7,"HESS BAKKEN INVESTMENTS II, LLC",Bakken,68.458305,-0.098240905,-1366853.93313448,197846.0,6.518773817000001,197846.0,12464333.848835,63.00018119565218,7.834998718934154,Marginal
33-053-06028-0000,KLINE FEDERAL 5300 41-18 13T2X,OASIS PETROLEUM NORTH AMERICA LLC,Three Forks,150.0,-0.28485331,-4067768.1159569,103035.0,7.188651689999999,103035.0,6491223.669494023,63.00018119565218,76.05635766621816,Uneconomic
33-053-06074-0000,HAMMERHEAD 31-26TFH,BURLINGTON RESOURCES OIL & GAS COMPANY LP,Three Forks,95.934151,-0.03082139,-2485020.94318564,163438.0,7.101130329,163438.0,10296623.614255002,63.00018119565218,57.69066485802228,Uneconomic
33-053-06140-0000,NELSON 24X-11A,XTO ENERGY INC,Bakken,59.70298,0.011773568,-1274418.3708012,359356.0,8.80852092,359356.0,22639493.113744784,63.00018119565218,35.60897642648777,Economic
33-053-06141-0000,NELSON 24X-11E,XTO ENERGY INC,Three Forks,93.610123,-0.12946299,-3119702.26453649,205129.0,8.56310566,205129.0,12923164.168482937,63.00018119565218,48.939861602031165,Uneconomic
33-053-06144-0000,JOHNSON FEDERAL 11X-5F,XTO ENERGY INC,Three Forks,109.0354,-0.1616313,-3597827.0749502,172711.0,8.29758041,172711.0,10880824.294482283,63.00018119565218,42.31506593098289,Uneconomic
33-053-06206-0000,GRANLI 34X-20H,XTO ENERGY INC,Three Forks,150.0,-0.31169435,-4882822.3340121,75328.0,8.172993029999999,75328.0,4745677.649106087,63.00018119565218,70.63487732046374,Uneconomic
33-053-06741-0000,AMUNDSON 44X-22CXD,XTO ENERGY INC,Bakken,68.123856,-0.051065508,-1326408.33539073,214831.0,6.301554632999999,214831.0,13534391.926443154,63.00018119565218,43.392830793229194,Marginal
33-053-06770-0000,KLAMM 34X-9H,XTO ENERGY INC,Three Forks,87.146141,-0.10715031,-2932997.7170108,209831.0,7.54041687,209831.0,13219391.020464893,63.00018119565218,47.959097627999725,Uneconomic
33-053-07093-0000,JOHNSON 31X-6CXD,XTO ENERGY INC,Bakken,75.140244,-0.017281456,-1459046.34454705,138174.5,7.4115683400000005,241661.0,15224686.787922502,63.00018119565218,60.31474158543314,Marginal
33-053-07261-0000,FURLONG 151-94-21A-28H,ENERPLUS RESOURCES USA CORPORATION,Bakken,55.658951,0.014257122,-766574.088653491,120375.84,8.4076221,480312.0,30259743.03044609,63.00018119565218,29.05109877205188,Economic
33-053-07263-0000,FIRE 151-94-16DH,ENERPLUS RESOURCES USA CORPORATION,Bakken,66.275543,-0.089706115,-1039219.90857164,59239.0,6.164408681000001,263388.0,16593491.724760437,63.00018119565218,43.066384507471525,Marginal
33-053-07271-0000,ROLFSON S 5198 12-29 6T,OASIS PETROLEUM NORTH AMERICA LLC,Three Forks,72.975189,-0.12298573,-1718622.96990228,140164.17,5.901880799999999,230017.0,14491112.678080328,63.00018119565218,61.97865011041907,Marginal
33-053-07292-0000,GULLIKSON 44-34HU,WHITING OIL AND GAS CORPORATION,Bakken,84.214874,-0.040406775,-2460573.75539976,224928.0,7.261622569999999,224928.0,14170504.755975654,63.00018119565218,75.95782614830112,Uneconomic
33-053-06117-0000,PAULSON 150-101-23-14-1H,TRIANGLE USA PETROLEUM CORPORATION,Bakken,113.30814,-0.16172934,-3893046.73792252,209361.0,8.020155348,209361.0,13189780.935302937,63.00018119565218,55.13013399171874,Uneconomic
33-053-06711-0000,RINK 12X-4D,XTO ENERGY INC,Bakken,68.527809,-0.029954093,-1280316.54373289,259842.0,7.8269549,259842.0,16370093.082240654,63.00018119565218,60.62856831157497,Marginal
33-053-06975-0000,JOHNSRUD  5198 12-18 4T2,OASIS PETROLEUM NORTH AMERICA LLC,Three Forks,81.737045,-0.26555419,-2371935.08323957,122941.84,6.06953504,196396.0,12372983.586101307,63.00018119565218,64.41940305267448,Uneconomic
33-053-05556-0000,HAY DRAW 21-33 SWD,"ENDURO OPERATING, LLC",Silurian,150.0,-0.40342057,-3704344.11977179,1800.0,4.8120864483621,1800.0,113400.32615217393,63.00018119565218,59.2483586144442,Uneconomic
33-053-05286-0000,WAHUS STATE 152-97-12-1-4H,NEWFIELD PRODUCTION COMPANY,Bakken,150.0,-0.22228754,-3452550.59333563,128559.0,8.688622760000001,128559.0,8099240.294331849,63.00018119565218,27.60991486102978,Uneconomic
33-053-05883-0000,LINSETH 4-22-15BH,QEP ENERGY COMPANY,Bakken,101.75687,-0.32046106,-4851928.07685767,278873.0,10.854813390000002,278873.0,17569049.53057511,63.00018119565218,32.78808240704142,Uneconomic
33-053-06241-0000,WISNESS 150-100-23-14-12TFH,TRIANGLE USA PETROLEUM CORPORATION,Three Forks,150.0,-0.7167961,-5062866.35677315,29152.0,7.04763372,29152.0,1836581.2822156525,63.00018119565218,84.03662289588102,Uneconomic
33-053-06956-0000,WEST CLARK 105-0136H,"EOG RESOURCES, INC.",Three Forks,150.0,,-3319854.7989753,23.5,4.039655843899999,191.0,12033.034608369568,63.00018119565218,54.196642685851316,Uneconomic
33-053-05760-0000,ECKERT FOUNDATION 152-102-22-15-3H,TRIANGLE USA PETROLEUM CORPORATION,Bakken,150.0,-0.66615254,-4913706.33431146,107922.0,8.444455701999999,107922.0,6799105.554997175,63.00018119565218,61.65145829779976,Uneconomic
33-053-04749-0000,WAHPETON 7-16H3,"CONTINENTAL RESOURCES, INC.",Three Forks,150.0,-0.69129795,-6330169.72463412,23090.0,9.112549494,23090.0,1454674.183807609,63.00018119565218,85.61236252609278,Uneconomic
33-053-06500-0000,ARNEGARD 150-100-23-14-10TFH,TRIANGLE USA PETROLEUM CORPORATION,Three Forks,150.0,-0.88653344,-4868238.76572628,11166.167,5.9416146009999995,41261.0,2599450.4763138047,63.00018119565218,73.61035605328968,Uneconomic
33-053-06866-0000,ETHEL USA 13-35TFH-2B,MARATHON OIL COMPANY,Three Forks,150.0,,-5029836.06767048,492.0,6.15031802,492.0,30996.089148260875,63.00018119565218,18.407960199004975,Uneconomic
33-053-05652-0000,HOLSTEIN FEDERAL 1-25H,"CONTINENTAL RESOURCES, INC.",Bakken,150.0,,-6507524.66285533,32315.0,8.605722899999998,32315.0,2035850.8553375003,63.00018119565218,19.020172910662826,Uneconomic
33-053-06748-0000,FLATLAND FEDERAL 11-4-4TFH,WHITING OIL AND GAS CORPORATION,Three Forks,150.0,,-5126523.4660772,337.0,5.516774701,337.0,21231.061062934787,63.00018119565218,75.11078286558346,Uneconomic
33-053-04745-0000,WAHPETON 3-16H3,"CONTINENTAL RESOURCES, INC.",Three Forks,150.0,,-7895066.50947282,370.0,9.641655440000001,370.0,23310.067042391307,63.00018119565218,,Uneconomic
