api_number,operator,first_production_month,last_production_month,cumulative_oil_bbl,peak_oil_production,active_months,cumulative_gas_mcf,peak_oil_month,formation,lateral_length_ft,completion_date,proppant_type,basin,shale_play,well_name,eur,eur_category,cumulative_water_bbl
33-053-03391-0000,"PEAK NORTH DAKOTA, LLC",2017-03-01,2025-12-01,568945.2623000001,39276.0,106,80590.22578633999,2017-04-01,Bakken,4554.0,2017-03-20,Frac Sand,Bakken,Bakken,HUDSON 13-21H,751719.13,High,203438.0
33-053-03731-0000,"SLAWSON EXPLORATION COMPANY, INC.",2015-04-01,2025-12-01,290462.1566,16220.0,115,24139.80137593,2015-06-01,Middle Bakken / Three Forks Shale,4793.0,2015-04-04,Frac Sand,Middle Bakken / Three Forks Shale,Middle Bakken / Three Forks Shale,PANZER 4-20MLH,408738.5,Medium,158127.0
33-053-03784-0000,ENERPLUS RESOURCES USA CORPORATION,2015-02-01,2025-12-01,427185.15512999997,39821.0,114,42274.78369269,2015-03-01,Bakken,9540.0,2015-02-11,Frac Sand,Bakken,Bakken,HIDATSA 150-94-32C-29H,488330.47,Medium,222477.0
33-053-04150-0000,ABRAXAS PETROLEUM CORP.,2014-05-01,2025-12-01,306656.79387,19671.0,139,40181.5772913,2014-06-01,Bakken,9689.0,2014-05-20,Sand/Ceramics Mix,Bakken,Bakken,JORE FEDERAL 2-11-2H,396793.25,Medium,135202.0
33-053-04152-0000,ABRAXAS PETROLEUM CORP.,2014-05-01,2025-12-01,357239.4029,24687.0,135,55322.36672244,2014-06-01,Three Forks,6946.0,2014-05-18,Sand/Ceramics Mix,Three Forks,Three Forks,JORE FEDERAL 2-11-1H,486002.38,Medium,132417.0
33-053-04299-0000,NEWFIELD PRODUCTION COMPANY,2015-03-01,2025-12-01,243940.3098,17804.0,129,31139.33504994,2015-03-01,Bakken,9941.0,2015-03-09,Frac Sand,Bakken,Bakken,JOHNSON 150-99-34-27-3H,369450.47,Medium,141095.0
33-053-04333-0000,TRIANGLE USA PETROLEUM CORPORATION,2014-09-01,2025-12-01,208090.77494,17839.0,126,62418.37259177001,2014-09-01,Bakken,9779.0,2014-09-17,Sand/Ceramics Mix,Bakken,Bakken,ROWE 150-101-1-12-2H,265288.97,Medium,198844.0
33-053-04398-0000,"PETRO-HUNT, L.L.C.",2014-11-01,2025-12-01,580475.4173,25670.0,119,119108.45372133999,2014-12-01,Bakken,9459.0,2014-11-26,Sand/Ceramics Mix,Bakken,Bakken,USA 153-95-1B-7-3H,351209.69,Medium,162955.0
33-053-04596-0000,HESS CORPORATION,2014-03-01,2025-12-01,438762.4436,37506.0,141,58004.442337500004,2014-03-01,Bakken,8877.0,2014-03-06,Frac Sand,Bakken,Bakken,BB-BUDAHN 150-95-0506H-4,576696.88,High,47297.0
33-053-04599-0000,"BRIGHAM OIL & GAS, L.P.",2014-02-01,2025-12-01,386792.14101,13395.0,134,228418.51333870002,2015-01-01,Bakken,10225.0,2014-02-16,Sand/Ceramics Mix,Bakken,Bakken,BRODERSON  30-31 3H,456030.22,Medium,574184.0
33-053-04602-0000,"BRIGHAM OIL & GAS, L.P.",2014-02-01,2025-12-01,256559.84701,9502.0,128,89277.06163447001,2015-01-01,Three Forks,9590.0,2014-02-01,Sand/Ceramics Mix,Three Forks,Three Forks,GARMANN 19-18 4TFH,184725.84,Medium,267386.0
33-053-04731-0000,"CONTINENTAL RESOURCES, INC.",2014-05-01,2025-12-01,271134.3182,16270.0,140,46119.24240372999,2014-07-01,Bakken,9363.0,2014-05-02,Frac Sand,Bakken,Bakken,WAHPETON 13-16H,330718.38,Medium,212086.0
33-053-04733-0000,"CONTINENTAL RESOURCES, INC.",2014-05-01,2025-12-01,116129.11697999999,6894.0,137,26621.520857720003,2014-07-01,Three Forks,9509.0,2014-05-17,Frac Sand,Three Forks,Three Forks,WAHPETON 11-16H1,53769.078,Low,230089.0
33-053-04738-0000,"CONTINENTAL RESOURCES, INC.",2014-02-01,2025-12-01,347560.03486,15711.0,140,52867.137869289996,2014-10-01,Bakken,10440.0,2014-02-06,Sand/Ceramics Mix,Bakken,Bakken,ROLLEFSTAD FEDERAL 13-3H,443874.28,Medium,92860.0
33-053-04840-0000,GMX RESOURCES INC,2015-05-01,2025-12-01,103704.23399000001,5686.0,127,20206.480485699998,2015-05-01,Bakken,8930.0,2015-05-20,Sand/Ceramics/Resin Proppant Mix,Bakken,Bakken,WATSON B N34-11-1H,35588.762,Low,199800.0
33-053-04867-0000,"CONTINENTAL RESOURCES, INC.",2014-04-01,2025-12-01,270315.46194,14595.0,134,40341.30966,2014-05-01,Three Forks,9255.0,2014-04-24,Frac Sand,Three Forks,Three Forks,PATTERSON FEDERAL 3-13H,318344.94,Medium,310344.0
33-053-04936-0000,OASIS PETROLEUM NORTH AMERICA LLC,2014-01-01,2025-12-01,304609.2531,18346.0,144,72153.1260147,2014-01-01,Bakken,9619.0,2014-01-13,Sand/Ceramics Mix,Bakken,Bakken,AUGUSTA 5200 11-28B,413306.63,Medium,167533.0
33-053-04943-0000,XTO ENERGY INC,2014-02-01,2025-12-01,233011.75007,12930.0,141,56817.53298899999,2014-06-01,Three Forks,9742.0,2014-02-19,Sand/Ceramics Mix,Three Forks,Three Forks,ROLFSRUD STATE 14X-36E,291201.75,Medium,103968.0
33-053-04946-0000,XTO ENERGY INC,2014-02-01,2025-12-01,325682.84510000004,17109.0,143,76006.63233200001,2014-03-01,Bakken,8770.0,2014-02-11,Sand/Ceramics Mix,Bakken,Bakken,ALICE 44X-34D,436614.47,Medium,121615.0
33-053-04959-0000,QEP ENERGY COMPANY,2014-06-01,2025-12-01,434443.55103,23884.0,138,58812.440663689995,2014-08-01,Three Forks,9921.0,2014-06-17,Frac Sand,Three Forks,Three Forks,JOHNSON 2-4-9TH,500119.22,High,170184.0
33-053-04962-0000,QEP ENERGY COMPANY,2014-06-01,2025-12-01,449893.1581,22784.0,139,61006.372303000004,2014-07-01,Three Forks,9866.0,2014-06-23,Frac Sand,Three Forks,Three Forks,JOHNSON 4-9-3-10LL,578572.69,High,157686.0
33-053-04976-0000,XTO ENERGY INC,2014-01-01,2025-12-01,662419.4083,39554.0,136,71915.75327287,2014-02-01,Three Forks,9850.0,2014-01-11,Sand/Ceramics Mix,Three Forks,Three Forks,MARLENE 42X-20H,865701.63,High,158816.0
33-053-04985-0000,XTO ENERGY INC,2014-03-01,2025-12-01,360685.74014999997,19426.0,132,75676.58221400001,2014-05-01,Bakken,9160.0,2014-03-16,Sand/Ceramics Mix,Bakken,Bakken,LOOMER 41X-4D,446811.69,Medium,176886.0
33-053-05019-0000,BURLINGTON RESOURCES OIL & GAS COMPANY LP,2014-01-01,2025-12-01,292645.68015000003,22653.0,125,30085.44407859,2014-07-01,Three Forks,9682.0,2014-01-23,Sand/Ceramics Mix,Three Forks,Three Forks,SUNLINE 31-1TFH-6SH,353059.91,Medium,106107.0
33-053-05080-0000,STATOIL OIL & GAS LP,2016-04-01,2025-12-01,517113.6739,35688.0,106,78146.426067,2016-07-01,Three Forks,11073.0,2016-04-19,Sand/Ceramics Mix,Three Forks,Three Forks,SKARSTON 1-12 #2TFH,714635.56,High,467799.0
33-053-05093-0000,HESS CORPORATION,2014-10-01,2025-12-01,423204.0977,34495.0,132,68581.34595488,2014-10-01,Three Forks,9372.0,2014-10-10,Sand/Ceramics Mix,Three Forks,Three Forks,HA-THOMPSON 152-95-2017H-3,617065.94,High,118640.0
33-053-05096-0000,QEP ENERGY COMPANY,2014-03-01,2025-12-01,344682.17698,19870.0,137,45484.485043,2014-04-01,Bakken,10256.0,2014-03-20,Sand/Ceramics/Resin Proppant Mix,Bakken,Bakken,POGO 2-28-33BH,379173.31,Medium,104231.0
33-053-05101-0000,BURLINGTON RESOURCES OIL & GAS COMPANY LP,2014-01-01,2025-12-01,479649.0037,26085.0,133,102812.88244224,2014-08-01,Bakken,9536.0,2014-01-16,Sand/Ceramics Mix,Bakken,Bakken,BLUE RIDGE 24-31MBH,594454.13,High,64878.0
33-053-05115-0000,QEP ENERGY COMPANY,2014-04-01,2025-12-01,299819.01792,17931.0,138,37607.6609157,2014-05-01,Three Forks,9833.0,2014-04-26,Sand/Ceramics/Resin Proppant Mix,Three Forks,Three Forks,PONCHO 1-3-10TH,349330.78,Medium,299291.0
33-053-05161-0000,BURLINGTON RESOURCES OIL & GAS COMPANY LP,2014-08-01,2025-12-01,298310.6518,17165.0,122,105098.46689613999,2014-09-01,Three Forks,9578.0,2014-07-31,Sand/Ceramics Mix,Three Forks,Three Forks,BIG BEND 11-2TFH,534928.94,High,85519.0
33-053-05178-0000,SM ENERGY COMPANY,2014-06-01,2025-12-01,226024.556,15171.0,139,30478.658522679994,2014-07-01,Bakken,10038.0,2014-06-20,Frac Sand,Bakken,Bakken,ELERY 1-13H,287958.41,Medium,92787.0
33-053-05179-0000,QEP ENERGY COMPANY,2014-04-01,2025-12-01,285733.74693,16213.0,139,19769.57738899,2014-04-01,Three Forks,9943.0,2014-04-12,Sand/Ceramics/Resin Proppant Mix,Three Forks,Three Forks,TAT 2-35-26TH,339063.19,Medium,177504.0
33-053-05192-0000,HESS CORPORATION,2014-04-01,2025-12-01,341709.5269,26897.0,133,52777.86177571,2014-05-01,Bakken,9998.0,2014-04-23,Frac Sand,Bakken,Bakken,SC-4WX- 153-98-3130H-1,183208.09,Medium,97276.0
33-053-05194-0000,HESS CORPORATION,2014-05-01,2025-12-01,381229.1188,29728.0,133,42380.09764511,2014-05-01,Bakken,10143.0,2014-05-05,Frac Sand,Bakken,Bakken,SC-4WX- 153-98-3130H-3,615688.0,High,85578.0
33-053-05199-0000,"CONTINENTAL RESOURCES, INC.",2014-05-01,2025-12-01,276149.62809,18285.0,138,37303.9780458,2014-07-01,Bakken,9118.0,2014-05-29,Sand/Ceramics Mix,Bakken,Bakken,MONTPELIER 4-14H,80941.625,Low,266042.0
33-053-05206-0000,"PETRO-HUNT, L.L.C.",2014-01-01,2025-12-01,410212.36796,23751.0,140,63428.276122899995,2014-02-01,Three Forks,6320.0,2014-01-29,Sand/Ceramics Mix,Three Forks,Three Forks,SHERVEN TRUST 153-95-27B-2H,231535.72,Medium,86395.0
33-053-05210-0000,"EMERALD OIL, INC",2014-04-01,2025-12-01,231814.03513,16313.0,141,25849.606439209998,2014-04-01,Bakken,9434.0,2014-04-11,Ceramics,Bakken,Bakken,EXCALIBUR 1-25-36H,93872.961,Low,332322.0
33-053-05212-0000,BURLINGTON RESOURCES OIL & GAS COMPANY LP,2015-06-01,2025-12-01,471060.32519999996,21859.0,114,147859.11083694,2016-01-01,Bakken,8276.0,2015-06-27,Sand/Ceramics Mix,Bakken,Bakken,HARLEY 41-2MBH,594327.94,High,277580.0
33-053-05216-0000,SM ENERGY COMPANY,2014-02-01,2025-12-01,574917.5651,27544.0,140,71142.29670889,2014-03-01,Three Forks,9740.0,2014-02-24,Sand/Resin Mix,Three Forks,Three Forks,WILSON FEDERAL 1X-20H,713591.81,High,160363.0
33-053-05219-0000,TRIANGLE USA PETROLEUM CORPORATION,2014-01-01,2025-12-01,308246.0564,15075.0,131,41279.63567484001,2014-01-01,Bakken,10068.0,2014-01-10,Sand/Ceramics Mix,Bakken,Bakken,DWYER  150-101-35-26-4H,468661.78,Medium,262942.0
33-053-05242-0000,QEP ENERGY COMPANY,2014-06-01,2025-12-01,279248.10894,16401.0,139,32082.633322499998,2014-09-01,Bakken,9674.0,2014-06-07,Sand/Ceramics Mix,Bakken,Bakken,VEEDER 2-27-34BH,333992.53,Medium,96749.0
33-053-05246-0000,QEP ENERGY COMPANY,2014-05-01,2025-12-01,361368.80401,24415.0,136,46607.2803145,2014-06-01,Bakken,10401.0,2014-05-30,Sand/Ceramics Mix,Bakken,Bakken,VEEDER 4-27-34BH,464389.81,Medium,117038.0
33-053-05249-0000,TRIANGLE USA PETROLEUM CORPORATION,2014-01-01,2025-12-01,222982.34199,17638.0,143,50487.049275699996,2014-02-01,Bakken,9418.0,2014-01-30,Frac Sand,Bakken,Bakken,SANDERS 150-100-9-10-2H,259413.73,Medium,191624.0
33-053-05251-0000,HUNT OIL COMPANY,2014-03-01,2025-12-01,203707.90703,10227.0,142,21579.456632499998,2014-04-01,Bakken,8375.0,2014-03-17,Frac Sand,Bakken,Bakken,BOWLINE 1-3-10H,269798.75,Medium,213745.0
33-053-05260-0000,"CONTINENTAL RESOURCES, INC.",2014-05-01,2025-12-01,273298.87004,15023.0,139,48374.1808505,2014-07-01,Bakken,9142.0,2014-05-15,Sand/Ceramics Mix,Bakken,Bakken,MONTPELIER 2-14H,330781.91,Medium,254658.0
33-053-05271-0000,XTO ENERGY INC,2014-05-01,2025-12-01,424724.7699,21975.0,139,129072.6534315,2014-08-01,Bakken,9953.0,2014-05-21,Sand/Ceramics Mix,Bakken,Bakken,BRODERSON 31X-27C,544654.06,High,272291.0
33-053-05274-0000,WHITING OIL AND GAS CORPORATION,2014-01-01,2025-12-01,258922.36389,21185.0,143,16464.66100091,2014-01-01,Bakken,9946.0,2014-01-13,Sand/Ceramics Mix,Bakken,Bakken,TAYLOR 34-7-2H,320419.25,Medium,278973.0
33-053-05294-0000,"CONTINENTAL RESOURCES, INC.",2014-08-01,2025-12-01,463291.5759,18279.0,135,85534.38468149999,2014-10-01,Bakken,9794.0,2014-08-31,Frac Sand,Bakken,Bakken,JERRY 2-8H,604497.44,High,542598.0
33-053-05299-0000,"CONTINENTAL RESOURCES, INC.",2014-08-01,2025-12-01,255900.68132,19391.0,125,55393.92276960001,2014-11-01,Bakken,9457.0,2014-08-30,Frac Sand,Bakken,Bakken,JERRY 5-8H,141419.33,Medium,342390.0
33-053-05327-0000,BURLINGTON RESOURCES OIL & GAS COMPANY LP,2014-07-01,2025-12-01,415886.12015,26408.0,129,62701.14364679,2014-12-01,Bakken,10526.0,2014-07-28,Sand/Ceramics Mix,Bakken,Bakken,SEQUOIA  14-9MBH,502692.31,High,95660.0
33-053-05330-0000,NEWFIELD PRODUCTION COMPANY,2014-05-01,2025-12-01,231794.82208,16236.0,133,40074.38969737999,2014-06-01,Three Forks,9868.0,2014-05-29,Frac Sand,Three Forks,Three Forks,HOFFMANN 149-98-11-2-10H,270198.75,Medium,212455.0
33-053-05335-0000,NEWFIELD PRODUCTION COMPANY,2014-07-01,2025-12-01,203319.54203,18702.0,123,32697.552293599998,2014-08-01,Bakken,9798.0,2014-07-30,Sand/Ceramics Mix,Bakken,Bakken,HOFFMAN 149-98-14-23-3H,237539.02,Medium,104904.0
33-053-05354-0000,WHITING OIL AND GAS CORPORATION,2014-03-01,2025-12-01,263303.14002,14646.0,142,32916.909861399996,2014-03-01,Bakken,9536.0,2014-03-20,Sand/Ceramics Mix,Bakken,Bakken,THURLOW - WILLIAMS 11-18-2H,329697.16,Medium,283620.0
33-053-05366-0000,HESS CORPORATION,2014-04-01,2025-12-01,238380.39507,18193.0,140,25290.538874230002,2014-04-01,Bakken,9788.0,2014-04-11,Frac Sand,Bakken,Bakken,BW-SHARON-LE- 150-100-2536H-1,302646.06,Medium,93402.0
33-053-05398-0000,HESS CORPORATION,2014-08-01,2025-12-01,349970.2817,18980.0,131,46623.247307139995,2014-11-01,Three Forks,9008.0,2014-08-17,Sand/Ceramics Mix,Three Forks,Three Forks,BB-BELQUIST- 150-95-1110H-3,168054.59,Medium,100225.0
33-053-05417-0000,XTO ENERGY INC,2014-12-01,2025-12-01,504775.6733,25083.0,133,114646.44570299998,2015-01-01,Bakken,9008.0,2014-12-08,Sand/Ceramics Mix,Bakken,Bakken,ROLFSON 14X-34A,635342.0,High,211535.0
33-053-05435-0000,ABRAXAS PETROLEUM CORP.,2014-08-01,2025-12-01,250766.31999,27756.0,135,46742.95823248,2014-09-01,Bakken,9318.0,2014-08-09,Sand/Ceramics Mix,Bakken,Bakken,RAVIN 26-35-6H,259596.56,Medium,160782.0
33-053-05441-0000,OASIS PETROLEUM NORTH AMERICA LLC,2014-06-01,2025-12-01,182427.26299,23194.0,134,24593.8096901,2014-07-01,Three Forks,11982.0,2014-06-28,Frac Sand,Three Forks,Three Forks,BRIER  5200 44-22 4T2,65254.535,Low,325767.0
33-053-05461-0000,"CONTINENTAL RESOURCES, INC.",2015-10-01,2025-12-01,383272.29679,21030.0,121,75392.1347045,2016-07-01,Three Forks,11383.0,2015-10-30,Sand/Ceramics Mix,Three Forks,Three Forks,KUHN  6-13H1,222937.08,Medium,305563.0
33-053-05467-0000,QEP ENERGY COMPANY,2014-06-01,2025-12-01,348721.4596,22718.0,138,36656.71007269999,2014-06-01,Bakken,9699.0,2014-06-05,Sand/Ceramics/Resin Proppant Mix,Bakken,Bakken,VEEDER 1-27-34BH,460944.66,Medium,170804.0
33-053-05470-0000,HESS CORPORATION,2014-10-01,2025-12-01,244647.60398,24042.0,134,54609.095795190005,2014-11-01,Three Forks,10433.0,2014-10-22,Sand/Resin Mix,Three Forks,Three Forks,HA-NELSON- 152-95-3328H-8,325090.28,Medium,24831.0
33-053-05474-0000,ENERPLUS RESOURCES USA CORPORATION,2015-05-01,2025-12-01,471981.71409,47676.0,127,138500.8623396,2015-06-01,Bakken,9649.0,2015-05-28,Frac Sand,Bakken,Bakken,RATTLE 152-94-18B-19H,523824.91,High,157110.0
33-053-05510-0000,BURLINGTON RESOURCES OIL & GAS COMPANY LP,2014-06-01,2025-12-01,238412.63108,15992.0,138,27450.266630860002,2014-08-01,Bakken,10079.0,2014-06-17,Sand/Ceramics Mix,Bakken,Bakken,OLE BOE 44-14MBH-ULW,295427.19,Medium,93985.0
33-053-05524-0000,QEP ENERGY COMPANY,2014-07-01,2025-12-01,525346.36941,21311.0,137,98847.92458650001,2018-06-01,Bakken,9088.0,2014-07-15,Sand/Resin Mix,Bakken,Bakken,MOBERG 2-22-15BH,597713.25,High,388248.0
33-053-05533-0000,XTO ENERGY INC,2014-06-01,2025-12-01,388382.6215,19123.0,132,64060.948355700006,2014-08-01,Bakken,9596.0,2014-06-21,Sand/Ceramics Mix,Bakken,Bakken,CHERRY CREEK STATE 44X-36C,519957.16,High,185700.0
33-053-05572-0000,"EMERALD OIL, INC",2014-12-01,2025-12-01,205237.43304,13530.0,133,26975.42999742,2015-01-01,Bakken,9991.0,2014-12-29,Ceramics,Bakken,Bakken,TALON 7-9-4H,80788.797,Low,437043.0
33-053-05599-0000,"CONTINENTAL RESOURCES, INC.",2017-05-01,2025-12-01,538647.68869,42671.0,104,121062.35941830001,2017-10-01,Bakken,10606.0,2017-05-26,Frac Sand,Bakken,Bakken,GARFIELD 4-5H,598290.38,High,574962.0
33-053-05604-0000,WHITING OIL AND GAS CORPORATION,2014-09-01,2025-12-01,254962.5848,14679.0,130,23073.41248355,2014-09-01,Bakken,9473.0,2014-09-21,Sand/Ceramics Mix,Bakken,Bakken,SOVIG 24-22-3H,355437.22,Medium,187418.0
33-053-05605-0000,WHITING OIL AND GAS CORPORATION,2014-09-01,2025-12-01,250575.16902,18775.0,136,34152.82153463,2014-10-01,Bakken,9950.0,2014-09-21,Sand/Ceramics Mix,Bakken,Bakken,SOVIG 24-22-4H,319122.34,Medium,205671.0
33-053-05618-0000,"HESS BAKKEN INVESTMENTS II, LLC",2014-12-01,2025-12-01,417144.12872000004,47116.0,133,65000.229813440004,2014-12-01,Bakken,10186.0,2014-12-02,Frac Sand,Bakken,Bakken,BB-BUDAHN A- 150-95-0403H-10,267462.19,Medium,86486.0
33-053-05622-0000,"HESS BAKKEN INVESTMENTS II, LLC",2014-11-01,2025-12-01,461151.77801999997,40279.0,134,81845.59549909999,2014-12-01,Bakken,10531.0,2014-11-22,Frac Sand,Bakken,Bakken,BB-BUDAHN A- 150-95-0403H-6,556403.75,High,50572.0
33-053-05641-0000,"PETRO-HUNT, L.L.C.",2014-11-01,2025-12-01,269290.59577,19209.0,133,53024.0786955,2014-11-01,Three Forks,9772.0,2014-11-11,Sand/Ceramics Mix,Three Forks,Three Forks,ANDERSON 152-96-23C-24-1HS,375466.88,Medium,132142.0
33-053-05644-0000,"CONTINENTAL RESOURCES, INC.",2015-02-01,2025-12-01,243184.401001,17289.0,122,42930.438375399994,2016-03-01,Three Forks,9292.0,2015-02-20,Sand/Ceramics Mix,Three Forks,Three Forks,LANSING 4-25AH1,95477.805,Low,411927.0
33-053-05673-0000,SM ENERGY COMPANY,2014-08-01,2025-12-01,263814.76295999996,18411.0,136,42385.30604469,2014-09-01,Bakken,10100.0,2014-09-02,Frac Sand,Bakken,Bakken,CAROL 12-35H,316168.41,Medium,191906.0
33-053-05674-0000,SM ENERGY COMPANY,2014-08-01,2025-12-01,198753.55002999998,17116.0,135,27214.66957768,2014-09-01,Three Forks,10128.0,2014-08-01,Frac Sand,Three Forks,Three Forks,DIXIE 12X-35H,227263.86,Medium,209010.0
33-053-05687-0000,"CONTINENTAL RESOURCES, INC.",2014-11-01,2025-12-01,261273.84392,15873.0,129,53168.6780221,2014-11-01,Bakken,9577.0,2014-11-02,Sand/Ceramics Mix,Bakken,Bakken,BERLAIN 2-30H,325902.56,Medium,288462.0
33-053-05688-0000,BURLINGTON RESOURCES OIL & GAS COMPANY LP,2014-10-01,2025-12-01,195632.74705,16526.0,127,38329.6252697,2015-04-01,Three Forks,10107.0,2014-10-25,Sand/Ceramics Mix,Three Forks,Three Forks,HAYMAKER 41-15TFH-A,119853.16,Medium,183344.0
33-053-05702-0000,"WPX ENERGY WILLISTON, LLC",2014-07-01,2025-12-01,433995.27650000004,29295.0,137,50396.215867169994,2014-08-01,Three Forks,9501.0,2014-07-27,Sand/Ceramics Mix,Three Forks,Three Forks,RUBY 31-30HX,567609.56,High,247613.0
33-053-05709-0000,OASIS PETROLEUM NORTH AMERICA LLC,2014-10-01,2025-12-01,328444.37403,26192.0,133,137060.02480579002,2014-10-01,Three Forks,9615.0,2014-10-02,Sand/Ceramics Mix,Three Forks,Three Forks,WHITE 5198 12-6 4T2,361271.81,Medium,544418.0
33-053-05718-0000,QEP ENERGY COMPANY,2014-08-01,2025-12-01,413932.73685,22070.0,134,77452.8445902,2014-10-01,Bakken,9899.0,2014-08-13,Frac Sand,Bakken,Bakken,TAT 2-33-28-BH,495856.59,Medium,191694.0
33-053-05721-0000,"HESS BAKKEN INVESTMENTS II, LLC",2014-12-01,2025-12-01,198257.5409,22739.0,133,24050.01175685,2015-01-01,Three Forks,10881.0,2014-12-27,Frac Sand,Three Forks,Three Forks,AN-EVENSON- 152-95-1003H-8,253890.92,Medium,51026.0
33-053-05727-0000,STATOIL OIL & GAS LP,2015-04-01,2025-12-01,325137.76201,14555.0,114,107508.2194685,2017-05-01,Three Forks,10120.0,2015-04-24,Sand/Ceramics Mix,Three Forks,Three Forks,MASTON 34-27 #8TFH,414787.13,Medium,354424.0
33-053-05755-0000,SM ENERGY COMPANY,2015-05-01,2025-12-01,314970.77274,21795.0,128,42630.5051352,2015-05-01,Bakken,10129.0,2015-05-04,Frac Sand,Bakken,Bakken,ELWAY 1-32H,386066.25,Medium,186130.0
33-053-05786-0000,QEP ENERGY COMPANY,2014-11-01,2025-12-01,472407.49963,43899.0,134,82504.1564564,2014-12-01,Bakken,9620.0,2014-11-28,Frac Sand,Bakken,Bakken,MOBERG 4-20-21BH,569813.69,High,225455.0
33-053-05843-0000,XTO ENERGY INC,2015-11-01,2025-12-01,494505.77839999995,25864.0,110,57494.89766391001,2016-03-01,Bakken,10485.0,2015-11-08,Frac Sand,Bakken,Bakken,NELSON FEDERAL 21X-5A,712646.69,High,99910.0
33-053-05851-0000,SM ENERGY COMPANY,2015-07-01,2025-12-01,281280.67,18203.0,123,49104.81126617001,2015-08-01,Three Forks,9636.0,2015-07-30,Frac Sand,Three Forks,Three Forks,PHYLIS 14X-12H,359930.94,Medium,199796.0
33-053-05857-0000,"CONTINENTAL RESOURCES, INC.",2014-12-01,2025-12-01,356386.62599,17454.0,130,91284.415799,2016-01-01,Three Forks,9926.0,2014-12-25,Sand/Ceramics Mix,Three Forks,Three Forks,JAMESTOWN FEDERAL 3-17H1,431352.13,Medium,320773.0
33-053-05876-0000,"EMERALD OIL, INC",2015-03-01,2025-12-01,270112.86072,13809.0,130,38433.4051,2015-03-01,Bakken,9697.0,2015-03-16,Ceramics,Bakken,Bakken,EXCALIBUR 7-25-36H,122716.23,Medium,484513.0
33-053-05880-0000,XTO ENERGY INC,2015-10-01,2025-12-01,512034.96739999996,21628.0,114,44502.85427303,2016-02-01,Bakken,10439.0,2015-10-24,Frac Sand,Bakken,Bakken,NELSON FEDERAL 41X-5D,728166.06,High,153038.0
33-053-05884-0000,QEP ENERGY COMPANY,2014-12-01,2025-12-01,461787.0409,28464.0,132,47774.47508029,2015-01-01,Three Forks,10080.0,2014-12-15,Frac Sand,Three Forks,Three Forks,LINSETH 16-21-15-22LL,609133.5,High,258015.0
33-053-05920-0000,"CONTINENTAL RESOURCES, INC.",2015-07-01,2025-12-01,990105.9606,29055.0,118,131428.61050799998,2015-12-01,Bakken,9544.0,2015-07-18,Sand/Ceramics Mix,Bakken,Bakken,SALERS FEDERAL 7-27H,1113193.9,High,132090.0
33-053-05944-0000,"HESS BAKKEN INVESTMENTS II, LLC",2015-01-01,2025-12-01,222769.40503,27020.0,130,39795.39620534,2015-01-01,Three Forks,10318.0,2015-01-01,Frac Sand,Three Forks,Three Forks,AN-EVENSON- LW-152-95-1003H-2,192437.05,Medium,114208.0
33-053-05950-0000,TRIANGLE USA PETROLEUM CORPORATION,2014-09-01,2025-12-01,210939.67002,15747.0,125,73190.97960683,2015-03-01,Bakken,9458.0,2014-09-25,Sand/Ceramics Mix,Bakken,Bakken,STATE 152-102-36-25-3H,249137.3,Medium,371966.0
33-053-05957-0000,QEP ENERGY COMPANY,2015-06-01,2025-12-01,186672.84003000002,28197.0,120,20662.685714339998,2015-07-01,Three Forks,9697.0,2015-06-29,Frac Sand,Three Forks,Three Forks,TAT 4-35-26TH,222681.83,Medium,133502.0
33-053-05987-0000,"HESS BAKKEN INVESTMENTS II, LLC",2015-09-01,2025-12-01,193429.93803,36633.0,102,31781.529354000002,2015-10-01,Bakken,10560.0,2015-09-30,Frac Sand,Bakken,Bakken,HA-SANFORD- 152-96-1819H-2,204424.55,Medium,110222.0
33-053-05998-0000,OASIS PETROLEUM NORTH AMERICA LLC,2015-06-01,2025-12-01,196890.62313,19034.0,125,22527.977938199998,2015-07-01,Three Forks,9350.0,2015-06-24,Sand/Ceramics/Resin Proppant Mix,Three Forks,Three Forks,WADE FEDERAL  5300 41-30 7T,248032.84,Medium,321888.0
33-053-06002-0000,"CONTINENTAL RESOURCES, INC.",2015-03-01,2025-12-01,312623.45015,19168.0,126,97794.98680276998,2016-01-01,Bakken,10436.0,2015-03-30,Sand/Ceramics Mix,Bakken,Bakken,BAILEY 5-24H,275116.72,Medium,171096.0
33-053-06006-0000,"CONTINENTAL RESOURCES, INC.",2017-08-01,2025-12-01,366221.46291999996,32448.0,97,64559.05582729999,2017-10-01,Bakken,9121.0,2017-08-01,Sand/Ceramics Mix,Bakken,Bakken,WILEY  5-25H,388736.84,Medium,259323.0
33-053-06019-0000,OASIS PETROLEUM NORTH AMERICA LLC,2015-07-01,2025-12-01,227012.55012,12606.0,126,25147.560706430002,2015-12-01,Bakken,9500.0,2015-07-18,Sand/Ceramics Mix,Bakken,Bakken,CHALMERS 5300 21-19 6B,288798.72,Medium,377103.0
33-053-06040-0000,"EMERALD OIL, INC",2015-06-01,2025-12-01,215928.92192,14688.0,127,36053.45868639,2015-07-01,Bakken,9658.0,2015-07-03,Ceramics,Bakken,Bakken,JOEL GOODSEN 5-32-29H,261403.39,Medium,370538.0
33-053-06053-0000,"CONTINENTAL RESOURCES, INC.",2015-01-01,2025-12-01,207257.41584,9282.0,128,27145.3137155,2015-03-01,Bakken,9436.0,2015-01-29,Ceramics,Bakken,Bakken,MIRAMAR 2-32H,265378.63,Medium,558731.0
33-053-06056-0000,OASIS PETROLEUM NORTH AMERICA LLC,2015-09-01,2025-12-01,162329.27891,11200.0,122,29284.722690749997,2016-01-01,Three Forks,9483.0,2015-09-17,Sand/Ceramics Mix,Three Forks,Three Forks,KLINE FEDERAL  5300 31-18 7T,195656.53,Medium,377607.0
33-053-06125-0000,NEWFIELD PRODUCTION COMPANY,2015-05-01,2025-12-01,129497.08008,12832.0,127,20727.83335413,2015-05-01,Three Forks,4895.0,2015-05-08,Frac Sand,Three Forks,Three Forks,SKAAR FEDERAL 153-96-29-11H,171363.84,Medium,79360.0
33-053-06133-0000,"CONTINENTAL RESOURCES, INC.",2017-01-01,2025-12-01,500341.0362,42576.0,103,110096.99898100001,2017-03-01,Three Forks,9714.0,2017-01-26,Sand/Ceramics Mix,Three Forks,Three Forks,RADERMECHER 2-22H1,576236.69,High,344185.0
33-053-06136-0000,"CONTINENTAL RESOURCES, INC.",2015-04-01,2025-12-01,573834.6306,23717.0,126,136839.594778,2015-08-01,Bakken,9476.0,2015-04-16,Sand/Ceramics Mix,Bakken,Bakken,NORFOLK 7-1H,752920.63,High,318974.0
33-053-06154-0000,BURLINGTON RESOURCES OIL & GAS COMPANY LP,2015-07-01,2025-12-01,304542.33602,16658.0,111,47765.35455641,2015-10-01,Three Forks,10069.0,2015-07-19,Sand/Ceramics Mix,Three Forks,Three Forks,KINGS CANYON 2-8-34UTFH,394906.44,Medium,99606.0
33-053-06159-0000,XTO ENERGY INC,2015-07-01,2025-12-01,291815.48569999996,15556.0,124,70834.1774868,2015-11-01,Bakken,8931.0,2015-07-06,Sand/Ceramics Mix,Bakken,Bakken,AMUNDSON 34X-22C,399845.38,Medium,131936.0
33-053-06160-0000,"HESS BAKKEN INVESTMENTS II, LLC",2014-12-01,2025-12-01,149725.01803,12269.0,133,19520.11239081,2015-01-01,Bakken,10326.0,2014-12-29,Frac Sand,Bakken,Bakken,BW-HEIDI HO- 149-99-3526H-2,203388.61,Medium,63997.0
33-053-06223-0000,OASIS PETROLEUM NORTH AMERICA LLC,2015-08-01,2025-12-01,208864.90995,17903.0,119,25474.47802052,2015-09-01,Bakken,9808.0,2015-08-25,Sand/Resin Mix,Bakken,Bakken,KLINE FEDERAL 5300 11-18 5B,237680.39,Medium,422266.0
33-053-06244-0000,KODIAK OIL & GAS (USA) INC.,2015-03-01,2025-12-01,270874.40824,13281.0,128,25473.37683873,2015-03-01,Three Forks,9020.0,2015-03-14,Sand/Ceramics Mix,Three Forks,Three Forks,KOALA 13-31-30-3H3,372480.81,Medium,171661.0
33-053-06250-0000,QEP ENERGY COMPANY,2015-08-01,2025-12-01,364373.47037,22239.0,123,99323.0693368,2016-05-01,Bakken,10020.0,2015-08-25,Sand/Resin Mix,Bakken,Bakken,JONES 2-15-22BH,472270.31,Medium,94837.0
33-053-06254-0000,QEP ENERGY COMPANY,2015-05-01,2025-12-01,365633.35072,32445.0,126,72237.07177070001,2015-05-01,Three Forks,9933.0,2015-05-09,Frac Sand,Three Forks,Three Forks,P. LEVANG 14-13-23-24LL,443082.34,Medium,241553.0
33-053-06275-0000,BURLINGTON RESOURCES OIL & GAS COMPANY LP,2015-07-01,2025-12-01,176930.94795,12852.0,113,44358.12541401,2016-01-01,Three Forks,9041.0,2015-07-23,Sand/Ceramics Mix,Three Forks,Three Forks,KINGS CANYON 5-8-34UTFH,187717.59,Medium,81136.0
33-053-06285-0000,XTO ENERGY INC,2015-05-01,2025-12-01,221915.67999,13361.0,118,45041.6977375,2015-07-01,Three Forks,9639.0,2015-05-22,Frac Sand,Three Forks,Three Forks,SORENSON 14X-33EXH,299283.0,Medium,150935.0
33-053-06290-0000,"WPX ENERGY WILLISTON, LLC",2016-03-01,2025-12-01,559727.7334,35157.0,116,50593.975255029996,2016-03-01,Bakken,9757.0,2016-03-04,Frac Sand,Bakken,Bakken,EMMA OWNER 23-14HC,201541.41,Medium,390247.0
33-053-06317-0000,BURLINGTON RESOURCES OIL & GAS COMPANY LP,2015-07-01,2025-12-01,515308.1381,25653.0,116,71640.43928179999,2016-07-01,Bakken,8197.0,2015-07-30,Sand/Ceramics Mix,Bakken,Bakken,LACANYON 8-8-34MBH ULW,670394.44,High,150821.0
33-053-06322-0000,ENERPLUS RESOURCES USA CORPORATION,2016-04-01,2025-12-01,686523.9841,43454.0,116,98921.80023884,2016-04-01,Bakken,9983.0,2016-04-01,Frac Sand,Bakken,Bakken,MUSKRAT 150-94-04B-09H,446130.81,Medium,257533.0
33-053-06332-0000,STATOIL OIL & GAS LP,2016-03-01,2025-12-01,269760.60618999996,20857.0,97,48114.539163,2016-08-01,Three Forks,10469.0,2016-03-25,Sand/Ceramics Mix,Three Forks,Three Forks,SKARSTON 1-12 #8TFH,180049.05,Medium,274755.0
33-053-06333-0000,STATOIL OIL & GAS LP,2016-02-01,2025-12-01,439355.60689,39129.0,106,74740.9669879,2016-06-01,Bakken,9395.0,2016-03-01,Sand/Ceramics Mix,Bakken,Bakken,SKARSTON 1-12 XE #1H,505973.5,High,304995.0
33-053-06387-0000,WHITING OIL AND GAS CORPORATION,2015-02-01,2025-12-01,325075.59,17509.0,131,46262.505877899996,2015-04-01,Bakken,9016.0,2015-02-18,Sand/Ceramics Mix,Bakken,Bakken,EIDE 41-13HU,128585.84,Medium,299070.0
33-053-06399-0000,WHITING OIL AND GAS CORPORATION,2015-03-01,2025-12-01,169591.31295,19652.0,130,43621.30689401,2015-03-01,Bakken,8994.0,2015-03-16,Sand/Ceramics Mix,Bakken,Bakken,ARNEGARD 21-26-2H,122584.3,Medium,150529.0
33-053-06404-0000,BURLINGTON RESOURCES OIL & GAS COMPANY LP,2015-12-01,2025-12-01,431398.88399999996,27773.0,117,64454.54294767001,2016-01-01,Bakken,10527.0,2015-12-09,Sand/Ceramics Mix,Bakken,Bakken,KIRKLAND 24-21MBH,566346.63,High,92986.0
33-053-06415-0000,QEP ENERGY COMPANY,2015-04-01,2025-12-01,239712.00701,37155.0,112,111251.93298332,2015-06-01,Bakken,9542.0,2015-04-06,Frac Sand,Bakken,Bakken,THOMPSON 6-29-32BHD,286948.03,Medium,151924.0
33-053-06421-0000,BURLINGTON RESOURCES OIL & GAS COMPANY LP,2015-10-01,2025-12-01,814100.3719,25151.0,114,118217.25058683999,2016-01-01,Three Forks,10013.0,2015-10-25,Sand/Ceramics Mix,Three Forks,Three Forks,KIRKLAND 14-21TFH ULW,1035001.2,High,338981.0
33-053-06462-0000,"SHD OIL & GAS, LLC",2015-10-01,2025-12-01,132765.87801,20195.0,109,30987.115062000004,2015-11-01,Bakken,3895.0,2015-11-02,Frac Sand,Bakken,Bakken,MAGNUM 36-12-MB2,142678.63,Medium,92393.0
33-053-06475-0000,ENERPLUS RESOURCES USA CORPORATION,2017-04-01,2025-12-01,415341.31906,30867.0,105,43685.57019299999,2017-05-01,Bakken,4342.0,2017-04-11,Frac Sand,Bakken,Bakken,ARCTIC 150-94-36BH,116114.22,Medium,232663.0
33-053-06506-0000,"HESS BAKKEN INVESTMENTS II, LLC",2015-08-01,2025-12-01,258630.21495,25512.0,123,47733.626234179996,2015-08-01,Three Forks,8903.0,2015-08-14,Frac Sand,Three Forks,Three Forks,BB-OLE ANDERSON- 151-95-3130H-5,300995.91,Medium,77133.0
33-053-06530-0000,"CONTINENTAL RESOURCES, INC.",2017-12-01,2025-12-01,332730.61684000003,34682.0,94,80164.90418669001,2018-04-01,Three Forks,10119.0,2017-12-30,Frac Sand,Three Forks,Three Forks,SYRACUSE 6-23H1,359238.78,Medium,316374.0
33-053-06542-0000,XTO ENERGY INC,2017-07-01,2025-12-01,121151.14294,12160.0,93,24092.22246777,2017-08-01,Three Forks,10088.0,2017-07-22,Frac Sand,Three Forks,Three Forks,STENEHJEM  31X-28H,85643.18,Low,221791.0
33-053-06572-0000,BURLINGTON RESOURCES OIL & GAS COMPANY LP,2016-10-01,2025-12-01,552815.5432,27568.0,106,101000.56336234,2017-04-01,Three Forks,9609.0,2016-10-14,Sand/Ceramics Mix,Three Forks,Three Forks,SUN NOTCH 42-32TFH,392653.78,Medium,255030.0
33-053-06607-0000,QEP ENERGY COMPANY,2015-07-01,2025-12-01,213612.2801,13149.0,121,38290.20126917,2016-03-01,Three Forks,9548.0,2015-07-25,Frac Sand,Three Forks,Three Forks,DAILEY 4-12-13TH,260561.41,Medium,276149.0
33-053-06609-0000,WHITING OIL AND GAS CORPORATION,2015-04-01,2025-12-01,157172.13798,15060.0,129,35472.40928984,2015-04-01,Bakken,9060.0,2015-04-03,Sand/Ceramics Mix,Bakken,Bakken,STENEHJEM 41-3-3H,105906.02,Medium,207321.0
33-053-06647-0000,WHITING OIL AND GAS CORPORATION,2015-04-01,2025-12-01,167539.40896,16386.0,129,29035.665312409998,2015-04-01,Bakken,9140.0,2015-04-03,Sand/Ceramics Mix,Bakken,Bakken,STENEHJEM 41-3HU,96570.617,Low,226933.0
33-053-06659-0000,"HESS BAKKEN INVESTMENTS II, LLC",2016-12-01,2025-12-01,434550.6977,26167.0,109,65337.369083469996,2017-03-01,Three Forks,9564.0,2016-12-16,Frac Sand,Three Forks,Three Forks,BB-EIDE- 151-95-3328H-3,591951.94,High,106188.0
33-053-06662-0000,"HESS BAKKEN INVESTMENTS II, LLC",2016-12-01,2025-12-01,332735.88089000003,30875.0,109,94350.78740406998,2017-03-01,Bakken,9671.0,2016-12-31,Frac Sand,Bakken,Bakken,BB-EIDE- 151-95-3328H-6,454581.5,Medium,85669.0
33-053-06678-0000,XTO ENERGY INC,2017-05-01,2025-12-01,354833.3139,19583.0,102,190705.70300789998,2017-10-01,Bakken,9469.0,2017-05-15,Frac Sand,Bakken,Bakken,RINK 12X-4C,742216.31,High,375959.0
33-053-06682-0000,"CONTINENTAL RESOURCES, INC.",2017-08-01,2025-12-01,438362.80588,33096.0,96,66690.3422951,2017-09-01,Three Forks,9217.0,2017-08-13,Sand/Ceramics Mix,Three Forks,Three Forks,WILEY  6-25H1,500573.91,High,377167.0
33-053-06692-0000,QEP ENERGY COMPANY,2015-10-01,2025-12-01,403886.9631,37275.0,123,130271.7604632,2016-02-01,Three Forks,9590.0,2015-10-14,Sand/Resin Mix,Three Forks,Three Forks,BOGGS 3-29-32T2HD,502641.72,High,256128.0
33-053-06694-0000,QEP ENERGY COMPANY,2015-10-01,2025-12-01,293915.86397,33276.0,118,107057.82856866998,2015-11-01,Three Forks,9545.0,2015-10-18,Sand/Resin Mix,Three Forks,Three Forks,BOGGS 2-29-32T2HD,307845.22,Medium,221876.0
33-053-06724-0000,XTO ENERGY INC,2017-07-01,2025-12-01,551087.2363,28537.0,102,164686.30115610003,2017-12-01,Bakken,9982.0,2017-07-17,Frac Sand,Bakken,Bakken,TOBACCO GARDEN 24X-32A,690593.5,High,555853.0
33-053-06727-0000,XTO ENERGY INC,2017-05-01,2025-12-01,215633.22785999998,14020.0,102,54513.8109303,2017-11-01,Three Forks,10009.0,2017-05-30,Frac Sand,Three Forks,Three Forks,TOBACCO GARDEN 24X-32F,265239.94,Medium,358410.0
33-053-06768-0000,XTO ENERGY INC,2015-12-01,2025-12-01,198345.47305,13175.0,118,34179.17257275,2016-05-01,Three Forks,9380.0,2015-12-31,Frac Sand,Three Forks,Three Forks,KLAMM 34X-9G,241313.55,Medium,241789.0
33-053-06786-0000,"MISSOURI RIVER RESOURCES ND, LLC",2015-07-01,2025-12-01,259774.74714,23022.0,123,43926.77744709,2015-07-01,Three Forks,4493.0,2015-07-09,Sand/Ceramics Mix,Three Forks,Three Forks,NATION 3W-4H-TF,330479.59,Medium,139928.0
33-053-06789-0000,XTO ENERGY INC,2015-11-01,2025-12-01,182370.73799,18008.0,111,38141.70216597,2016-02-01,Three Forks,9476.0,2015-11-26,Sand/Ceramics Mix,Three Forks,Three Forks,SORENSON 31X-28H,118107.41,Medium,219820.0
33-053-06797-0000,OASIS PETROLEUM NORTH AMERICA LLC,2016-02-01,2025-12-01,205576.42902,31354.0,116,40690.06684609,2016-03-01,Bakken,9400.0,2016-02-29,Sand/Ceramics Mix,Bakken,Bakken,ANDERSMADSON 5201 43-24 9B,184899.72,Medium,321790.0
33-053-06841-0000,XTO ENERGY INC,2016-01-01,2025-12-01,211472.4362,15225.0,114,29788.455354880003,2016-05-01,Three Forks,10256.0,2016-01-25,Frac Sand,Three Forks,Three Forks,RITA 44X-34HXE,255502.84,Medium,238191.0
33-053-06847-0000,NEWFIELD PRODUCTION COMPANY,2015-09-01,2025-12-01,446739.2608,14417.0,121,82299.43589157001,2015-10-01,Three Forks,11114.0,2015-09-20,Frac Sand,Three Forks,Three Forks,WAHUS STATE 152-97-12-1-12H,628694.94,High,155787.0
33-053-06867-0000,MARATHON OIL COMPANY,2016-05-01,2025-12-01,499943.76300000004,39461.0,108,79864.4153462,2016-07-01,Three Forks,9688.0,2016-05-25,Sand/Ceramics Mix,Three Forks,Three Forks,HEATHER USA 13-35TFH,623800.88,High,319834.0
33-053-06869-0000,WHITING OIL AND GAS CORPORATION,2017-01-01,2025-12-01,230677.45496,17666.0,108,52984.894117489996,2017-04-01,Three Forks,8776.0,2017-01-31,Sand/Ceramics Mix,Three Forks,Three Forks,SMOKEY 2-16-21-16HU3,289323.53,Medium,312148.0
33-053-06873-0000,ENERPLUS RESOURCES USA CORPORATION,2016-10-01,2025-12-01,597886.8330999999,32492.0,110,85480.340914,2016-11-01,Bakken,9582.0,2016-10-15,Frac Sand,Bakken,Bakken,BAIT  149-95-36C-25H,346830.72,Medium,306133.0
33-053-06875-0000,XTO ENERGY INC,2017-04-01,2025-12-01,355812.14619999996,17900.0,103,93076.6515182,2017-07-01,Bakken,10775.0,2017-04-11,Frac Sand,Bakken,Bakken,NORDENG 34X-23A,350876.66,Medium,284693.0
33-053-06892-0000,OASIS PETROLEUM NORTH AMERICA LLC,2016-04-01,2025-12-01,146390.63604,12034.0,114,50333.51973425,2017-08-01,Three Forks,9876.0,2016-04-24,Sand/Resin Mix,Three Forks,Three Forks,HYSTED 5200 12-30 11T,154175.11,Medium,477160.0
33-053-06895-0000,OASIS PETROLEUM NORTH AMERICA LLC,2016-03-01,2025-12-01,196509.2341,25101.0,117,53471.41232411001,2016-04-01,Three Forks,9861.0,2016-03-22,Sand/Resin Mix,Three Forks,Three Forks,HYSTED 5200 11-30 9T,236133.06,Medium,447935.0
33-053-06904-0000,XTO ENERGY INC,2016-03-01,2025-12-01,174007.80379,9855.0,105,41613.09039697,2017-05-01,Three Forks,9529.0,2016-03-29,Frac Sand,Three Forks,Three Forks,RYAN 14X-9EXF,253185.72,Medium,183479.0
33-053-06913-0000,ABRAXAS PETROLEUM CORP.,2016-08-01,2025-12-01,364890.90692,29045.0,112,109473.81138239999,2016-10-01,Bakken,10047.0,2016-08-23,Sand/Ceramics Mix,Bakken,Bakken,STENEHJEM 11H,408489.38,Medium,339637.0
33-053-06954-0000,"EOG RESOURCES, INC.",2016-05-01,2025-12-01,222805.98700999998,37498.0,112,106548.18359122,2016-06-01,Bakken,6888.0,2016-05-19,Frac Sand,Bakken,Bakken,WEST CLARK 103-0136H,437208.75,Medium,381852.0
33-053-06980-0000,OASIS PETROLEUM NORTH AMERICA LLC,2016-06-01,2025-12-01,330122.41801,32259.0,115,115505.9464196,2016-09-01,Bakken,9439.0,2016-06-30,Sand/Resin Mix,Bakken,Bakken,JOHNSRUD  5198 12-18 9B,381390.34,Medium,356014.0
33-053-07017-0000,"HESS BAKKEN INVESTMENTS II, LLC",2016-02-01,2025-12-01,192379.82806,28029.0,118,31077.166502629996,2016-02-01,Three Forks,10351.0,2016-02-03,Frac Sand,Three Forks,Three Forks,AN-EVENSON- 152-95-0310H-14,82069.5,Low,99546.0
33-053-07040-0000,OASIS PETROLEUM NORTH AMERICA LLC,2016-08-01,2025-12-01,427858.61699,46138.0,112,182899.58518387,2016-10-01,Bakken,9550.0,2016-08-29,Sand/Resin Mix,Bakken,Bakken,ROLFSON N  5198 14-17 9B,600402.56,High,417799.0
33-053-07041-0000,OASIS PETROLEUM NORTH AMERICA LLC,2016-08-01,2025-12-01,321482.17909,33044.0,110,104603.10909265,2016-10-01,Three Forks,9287.0,2016-08-31,Sand/Resin Mix,Three Forks,Three Forks,ROLFSON N  5198 14-17 10T,333194.44,Medium,441740.0
33-053-07097-0000,OASIS PETROLEUM NORTH AMERICA LLC,2016-09-01,2025-12-01,404064.51039999997,39431.0,112,126337.86418917001,2016-10-01,Bakken,9500.0,2016-09-14,Sand/Resin Mix,Bakken,Bakken,ROLFSON N  5198 11-17 4B,527938.81,High,385035.0
33-053-07110-0000,OASIS PETROLEUM NORTH AMERICA LLC,2017-06-01,2025-12-01,257142.06803999998,30661.0,103,110978.87393867,2017-07-01,Three Forks,9293.0,2017-06-13,Sand/Resin Mix,Three Forks,Three Forks,LAWLAR N 5199 41-23 3T,260419.92,Medium,635216.0
33-053-07114-0000,OASIS PETROLEUM NORTH AMERICA LLC,2017-07-01,2025-12-01,350032.79994,30537.0,102,80352.23316481002,2017-08-01,Three Forks,9437.0,2017-07-02,Sand/Resin Mix,Three Forks,Three Forks,LAWLAR N 5199 42-23 7T,355908.41,Medium,458080.0
33-053-07118-0000,BURLINGTON RESOURCES OIL & GAS COMPANY LP,2017-01-01,2025-12-01,425332.24309999996,29967.0,106,98130.5242475,2017-07-01,Bakken,10135.0,2017-01-26,Sand/Ceramics Mix,Bakken,Bakken,OLD HICKORY  43-32 MBH-R,500924.03,High,182109.0
33-053-07129-0000,"HESS BAKKEN INVESTMENTS II, LLC",2016-05-01,2025-12-01,390626.6249,28501.0,116,69599.36462959,2016-05-01,Bakken,9170.0,2016-05-08,Frac Sand,Bakken,Bakken,BB-BUDAHN- 150-95-0506H-6,295256.13,Medium,58198.0
33-053-07143-0000,QEP ENERGY COMPANY,2016-03-01,2025-12-01,211743.552012,29949.0,109,50996.73786827,2016-06-01,Three Forks,9176.0,2016-03-28,Sand/Resin Mix,Three Forks,Three Forks,ERNIE 3-2-11T2HD,216900.58,Medium,296372.0
33-053-07149-0000,WHITING OIL AND GAS CORPORATION,2016-09-01,2025-12-01,367655.83612,36954.0,111,162337.68932130001,2016-11-01,Three Forks,9349.0,2016-09-27,Sand/Ceramics Mix,Three Forks,Three Forks,ROLLA FEDERAL 31-3-2TFH,480794.69,Medium,146754.0
33-053-07151-0000,WHITING OIL AND GAS CORPORATION,2016-09-01,2025-12-01,377879.13601,36174.0,111,129889.02388989001,2016-11-01,Three Forks,9032.0,2016-09-27,Sand/Ceramics Mix,Three Forks,Three Forks,ROLLA FEDERAL 31-3-4TFH,415016.44,Medium,135119.0
33-053-07175-0000,"HESS BAKKEN INVESTMENTS II, LLC",2017-03-01,2025-12-01,481052.69169999997,33635.0,106,153810.03068487003,2017-04-01,Three Forks,9574.0,2017-03-30,Frac Sand,Three Forks,Three Forks,HA-STATE- 152-95-1621H-5,622222.19,High,200016.0
33-053-07234-0000,"HESS BAKKEN INVESTMENTS II, LLC",2016-11-01,2025-12-01,310623.2197,29881.0,107,34684.71575794,2017-04-01,Bakken,9125.0,2016-11-10,Frac Sand,Bakken,Bakken,BB-SIVERTSON- 151-95-2019H-6,396188.69,Medium,55986.0
33-053-07256-0000,"WPX ENERGY WILLISTON, LLC",2017-07-01,2025-12-01,372502.12007,34140.0,92,53669.496492,2017-08-01,Three Forks,9680.0,2017-07-26,Frac Sand,Three Forks,Three Forks,RACHEL WOLF  22HC,419961.16,Medium,488376.0
33-053-07272-0000,OASIS PETROLEUM NORTH AMERICA LLC,2016-11-01,2025-12-01,368265.36187,47126.0,109,98510.265,2016-12-01,Bakken,9619.0,2016-11-06,Frac Sand,Bakken,Bakken,ROLFSON S 5198 12-29 7B,260729.39,Medium,397624.0
33-053-07274-0000,"HRC OPERATING, LLC",2017-09-01,2025-12-01,443885.9677,16231.0,98,144616.892214,2018-11-01,Three Forks,9681.0,2017-09-14,Sand/Ceramics Mix,Three Forks,Three Forks,FORT BERTHOLD 152-94-13A-24-15H,577773.38,High,554392.0
33-053-07285-0000,"CONTINENTAL RESOURCES, INC.",2016-10-01,2025-12-01,182060.68996,18599.0,109,101728.22156081001,2017-01-01,Three Forks,9165.0,2016-10-17,Sand/Ceramics Mix,Three Forks,Three Forks,NORFOLK 8-1H1,347922.25,Medium,474813.0
33-053-07290-0000,NEWFIELD PRODUCTION COMPANY,2016-02-01,2025-12-01,169822.75209999998,20350.0,118,54840.70491078,2016-03-01,Bakken,4805.0,2016-02-15,Frac Sand,Bakken,Bakken,SKAAR FEDERAL 153-96-30-5HLW,209799.02,Medium,64329.0
33-053-07321-0000,ABRAXAS PETROLEUM CORP.,2017-06-01,2025-12-01,284976.46202800004,24260.0,102,91329.84615869999,2017-07-01,Bakken,9853.0,2017-06-13,Frac Sand,Bakken,Bakken,STENEHJEM 9H,286425.19,Medium,348642.0
33-053-07344-0000,"HRC OPERATING, LLC",2017-09-01,2025-12-01,368316.12375,20305.0,97,64854.11159069999,2017-10-01,Bakken,9888.0,2017-09-17,Sand/Ceramics Mix,Bakken,Bakken,FORT BERTHOLD 152-94-13B-24-11H,431017.63,Medium,371565.0
33-053-07411-0000,"CONTINENTAL RESOURCES, INC.",2016-11-01,2025-12-01,898169.78315,38402.0,101,100935.22542168,2016-12-01,Bakken,10210.0,2016-11-23,Frac Sand,Bakken,Bakken,HOLSTEIN FEDERAL 13-25H,964798.88,High,377651.0
33-053-07419-0000,WHITING OIL AND GAS CORPORATION,2016-09-01,2025-12-01,371594.99413999997,36225.0,109,191901.2885406,2016-10-01,Three Forks,8644.0,2016-09-29,Sand/Ceramics Mix,Three Forks,Three Forks,ROLLA FEDERAL 11-3-2TFH,630016.19,High,112374.0
33-053-07420-0000,WHITING OIL AND GAS CORPORATION,2016-09-01,2025-12-01,675333.63202,42617.0,112,222265.28912844002,2016-11-01,Three Forks,9136.0,2016-09-24,Sand/Ceramics Mix,Three Forks,Three Forks,ROLLA FEDERAL 11-3-1TFHU,629711.19,High,138745.0
33-053-07432-0000,"CONTINENTAL RESOURCES, INC.",2017-07-01,2025-12-01,181706.76197,22463.0,90,21543.301907240002,2017-09-01,Three Forks,15401.0,2017-05-31,Sand/Ceramics Mix,Three Forks,Three Forks,HEREFORD FEDERAL 4-20H2,67646.102,Low,153580.0
33-053-07487-0000,"HESS BAKKEN INVESTMENTS II, LLC",2017-05-01,2025-12-01,301818.36501,29786.0,104,48156.792066739996,2017-05-01,Bakken,9961.0,2017-05-03,Frac Sand,Bakken,Bakken,BB-CHAPIN A- 151-95-0403H-4,360580.22,Medium,101119.0
33-053-07502-0000,"EOG RESOURCES, INC.",2016-12-01,2025-12-01,730730.8109,56103.0,109,125663.4240308,2016-12-01,Bakken,8913.0,2016-12-05,Frac Sand,Bakken,Bakken,MANDAREE 24-0706H,918202.63,High,449655.0
33-053-07507-0000,MARATHON OIL COMPANY,2017-07-01,2025-12-01,537281.83601,79108.0,100,122802.2364777,2017-08-01,Bakken,9485.0,2017-07-29,Sand/Ceramics Mix,Bakken,Bakken,KERMIT USA 14-9H,614573.13,High,206606.0
33-053-07545-0000,"CONTINENTAL RESOURCES, INC.",2017-10-01,2025-12-01,304665.975027,26342.0,97,77539.3399519,2017-12-01,Three Forks,10128.0,2017-10-01,Frac Sand,Three Forks,Three Forks,TARENTAISE FEDERAL 4-19H2,305255.59,Medium,489883.0
33-053-07568-0000,"WPX ENERGY WILLISTON, LLC",2017-09-01,2025-12-01,489513.70901,48438.0,96,145769.1067686,2017-10-01,Three Forks,9469.0,2017-09-04,Frac Sand,Three Forks,Three Forks,RUBY PARSHALL 31-30HZ,502641.38,High,267145.0
33-053-07583-0000,ABRAXAS PETROLEUM CORP.,2017-12-01,2025-12-01,522389.37789999996,33414.0,96,138223.969316,2018-01-01,Bakken,8924.0,2017-12-12,Sand/Ceramics Mix,Bakken,Bakken,YELLOWSTONE 2H,529840.31,High,285315.0
33-053-07585-0000,BURLINGTON RESOURCES OIL & GAS COMPANY LP,2017-05-01,2025-12-01,546443.0136,31635.0,94,90417.77987977001,2017-12-01,Bakken,9674.0,2017-05-10,Sand/Ceramics Mix,Bakken,Bakken,ANDERSON RANCH 3A-MBH,739846.0,High,193141.0
33-053-07651-0000,OASIS PETROLEUM NORTH AMERICA LLC,2017-08-01,2025-12-01,389147.59805000003,38581.0,101,105697.46428457001,2017-10-01,Bakken,10109.0,2017-08-01,Sand/Resin Mix,Bakken,Bakken,OYLOE 5199 42-23 2B,253190.06,Medium,450655.0
33-053-07662-0000,"EOG RESOURCES, INC.",2017-06-01,2025-12-01,426034.63579,50644.0,97,125621.55349047,2017-07-01,Bakken,10058.0,2017-06-08,Frac Sand,Bakken,Bakken,CLARKS CREEK  110-0719H,366853.19,Medium,403454.0
33-053-07680-0000,WHITING OIL AND GAS CORPORATION,2016-10-01,2025-12-01,256277.3481,35552.0,98,44277.25144826999,2016-11-01,Three Forks,9164.0,2016-10-17,Sand/Ceramics Mix,Three Forks,Three Forks,WOLD 16-7TFH,194343.02,Medium,435936.0
33-053-07714-0000,BURLINGTON RESOURCES OIL & GAS COMPANY LP,2017-08-01,2025-12-01,639129.4428999999,31689.0,97,73920.00494412,2018-04-01,Bakken,9649.0,2017-08-28,Sand/Ceramics Mix,Bakken,Bakken,LILLIBRIDGE-VEEDER 3E MBH-ULW,161746.78,Medium,173824.0
33-053-07717-0000,OASIS PETROLEUM NORTH AMERICA LLC,2017-10-01,2025-12-01,450747.81409999996,55859.0,99,234376.882432,2018-02-01,Bakken,10057.0,2017-10-13,Sand/Resin Mix,Bakken,Bakken,HAGEN BANKS 5198 13-6 11B,500153.0,High,377485.0
33-053-07761-0000,WHITING OIL AND GAS CORPORATION,2017-10-01,2025-12-01,343556.72112,27071.0,99,200904.03881953002,2017-12-01,Bakken,8401.0,2017-10-08,Frac Sand,Bakken,Bakken,FRICK 24-8-1HU,417092.72,Medium,497145.0
33-053-07813-0000,OASIS PETROLEUM NORTH AMERICA LLC,2017-12-01,2025-12-01,373034.99204000004,33276.0,96,119706.57978700001,2018-05-01,Bakken,10097.0,2017-12-01,Sand/Resin Mix,Bakken,Bakken,PATSY 5198 12-17 4B,300908.66,Medium,496795.0
33-053-07859-0000,BURLINGTON RESOURCES OIL & GAS COMPANY LP,2017-11-01,2025-12-01,898495.6862,30223.0,92,142339.40410800002,2018-08-01,Three Forks,9406.0,2017-11-30,Sand/Ceramics Mix,Three Forks,Three Forks,CROFF 6-1-2 UTFH,1227629.9,High,316541.0
33-053-07870-0000,XTO ENERGY INC,2017-11-01,2025-12-01,401852.8543,21045.0,88,83456.9759865,2018-03-01,Bakken,15140.0,2018-02-28,Frac Sand,Bakken,Bakken,LUNDIN FEDERAL 11X-4B,387787.81,Medium,316153.0
33-053-07968-0000,"CONTINENTAL RESOURCES, INC.",2017-12-01,2025-12-01,419862.6786,32614.0,80,153140.7111607,2019-08-01,Bakken,10898.0,2017-12-27,Sand/Ceramics Mix,Bakken,Bakken,OMLID 2-19H,551969.63,High,238526.0
33-053-07992-0000,"HESS BAKKEN INVESTMENTS II, LLC",2017-12-01,2025-12-01,499891.7623,29530.0,97,75238.04172567,2018-01-01,Bakken,9647.0,2017-12-14,Frac Sand,Bakken,Bakken,BB-OLE ANDERSON- 151-95-3130H-9,316131.13,Medium,100068.0
33-053-08060-0000,SINCLAIR OIL & GAS COMPANY,2017-12-01,2025-12-01,113420.45697,6919.0,94,14543.63548446,2018-05-01,Bakken,10001.0,2017-12-11,Sand/Ceramics Mix,Bakken,Bakken,IAN QUICKSILVER 19-20-1H,150444.73,Medium,309948.0
33-053-03783-0000,ENERPLUS RESOURCES USA CORPORATION,2015-02-01,2025-12-01,394288.91784,28803.0,117,36971.706069529995,2015-04-01,Three Forks,9676.0,2015-02-13,Frac Sand,Three Forks,Three Forks,MANDAN 150-94-32C-29H TF,124410.01,Medium,212280.0
33-053-04734-0000,"CONTINENTAL RESOURCES, INC.",2014-05-01,2025-12-01,25364.830992,5293.0,78,7061.18340769,2014-06-01,Three Forks,9308.0,2014-05-24,Frac Sand,Three Forks,Three Forks,WAHPETON 10-16H2,27531.525,Low,122256.0
33-053-05175-0000,OASIS PETROLEUM NORTH AMERICA LLC,2014-04-01,2025-12-01,273560.18088,20795.0,138,35623.434678000005,2014-09-01,Bakken,9404.0,2014-04-19,Sand/Ceramics Mix,Bakken,Bakken,LEFTY  5200 14-30 #3B,321617.47,Medium,283529.0
33-053-05360-0000,HESS CORPORATION,2014-06-01,2025-12-01,337987.27798,28875.0,139,72271.46576824,2014-06-01,Three Forks,9818.0,2014-06-08,Frac Sand,Three Forks,Three Forks,HA-LINK- 152-95-3526H-5,418825.0,Medium,79259.0
33-053-05447-0000,TRIANGLE USA PETROLEUM CORPORATION,2014-07-01,2025-12-01,210755.36899,14631.0,131,44681.924871769996,2014-07-01,Bakken,9324.0,2014-07-12,Sand/Ceramics Mix,Bakken,Bakken,HAGEN 149-100-9-4-7H,287039.31,Medium,194404.0
33-053-05511-0000,OASIS PETROLEUM NORTH AMERICA LLC,2014-07-01,2025-12-01,295883.93595,20890.0,130,64509.87310428,2014-09-01,Bakken,9479.0,2014-07-18,Frac Sand,Bakken,Bakken,HAGEN BANKS 5298 #42-31 8B,200163.7,Medium,229472.0
33-053-05514-0000,OASIS PETROLEUM NORTH AMERICA LLC,2014-07-01,2025-12-01,279519.96408,24494.0,128,49975.8330004,2014-08-01,Bakken,9722.0,2014-07-20,Sand/Resin Mix,Bakken,Bakken,HAGEN BANKS 5298 #42-31 5B,323302.16,Medium,193897.0
33-053-05545-0000,HESS CORPORATION,2014-09-01,2025-12-01,279631.69505,21590.0,135,33003.34603328,2014-10-01,Bakken,10451.0,2014-09-21,Frac Sand,Bakken,Bakken,BW-R PETERSON- 149-99-1102H-3,364203.5,Medium,260862.0
33-053-05595-0000,WHITING OIL AND GAS CORPORATION,2015-02-01,2025-12-01,258972.0991,29168.0,108,67090.32811018999,2015-06-01,Three Forks,8395.0,2015-02-25,Sand/Ceramics Mix,Three Forks,Three Forks,TARPON FEDERAL 44-19TFHU,370940.94,Medium,209848.0
33-053-05627-0000,XTO ENERGY INC,2014-07-01,2025-12-01,361382.829,13022.0,133,72902.27452759999,2014-09-01,Bakken,9338.0,2014-07-05,Sand/Ceramics Mix,Bakken,Bakken,SERRAHN 41X-6D,466387.09,Medium,223654.0
33-053-05752-0000,XTO ENERGY INC,2014-11-01,2025-12-01,154299.17207,13038.0,120,34690.011716810004,2014-12-01,Three Forks,4565.0,2014-11-22,Sand/Ceramics Mix,Three Forks,Three Forks,GILBERTSON 11X-26FXG,127143.89,Medium,42689.0
33-053-05796-0000,BURLINGTON RESOURCES OIL & GAS COMPANY LP,2015-01-01,2025-12-01,414886.61318,21915.0,122,142297.54628472,2016-03-01,Three Forks,9346.0,2015-01-30,Sand/Ceramics Mix,Three Forks,Three Forks,SHENANDOAH 14-36TFH-R,304003.59,Medium,142132.0
33-053-05853-0000,SM ENERGY COMPANY,2015-07-01,2025-12-01,315870.69854,17894.0,124,31004.060301999998,2015-08-01,Three Forks,9584.0,2015-07-28,Frac Sand,Three Forks,Three Forks,JESSE 14X-12H,418910.56,Medium,213940.0
33-053-05906-0000,OASIS PETROLEUM NORTH AMERICA LLC,2015-05-01,2025-12-01,217773.05211,17845.0,125,36841.223078869996,2015-07-01,Three Forks,9413.0,2015-05-21,Sand/Ceramics/Resin Proppant Mix,Three Forks,Three Forks,WADE FEDERAL 5300 31-30 11T,245008.73,Medium,520853.0
33-053-06061-0000,"HESS BAKKEN INVESTMENTS II, LLC",2015-06-01,2025-12-01,237967.13998,29874.0,124,59252.83428196999,2015-07-01,Bakken,9980.0,2015-06-14,Frac Sand,Bakken,Bakken,HA-THOMPSON- 152-95-1720H-10,259556.22,Medium,32090.0
33-053-06158-0000,XTO ENERGY INC,2015-07-01,2025-12-01,170756.78103,14999.0,119,27808.81972351,2015-10-01,Three Forks,8917.0,2015-07-24,Sand/Ceramics Mix,Three Forks,Three Forks,AMUNDSON 34X-22F,207534.94,Medium,134886.0
33-053-06201-0000,"CONTINENTAL RESOURCES, INC.",2015-09-01,2025-12-01,490866.80782,20602.0,122,123491.399487,2016-01-01,Bakken,10373.0,2015-09-16,Sand/Ceramics Mix,Bakken,Bakken,KELLOGG RANCH FEDERAL 3-32H,570236.0,High,267447.0
33-053-06229-0000,"CONTINENTAL RESOURCES, INC.",2015-03-01,2025-12-01,255979.15692,14059.0,128,39988.912894409994,2015-05-01,Bakken,9380.0,2015-03-22,Sand/Ceramics Mix,Bakken,Bakken,FRISCO 3-31H,336333.25,Medium,416107.0
33-053-06303-0000,XTO ENERGY INC,2015-12-01,2025-12-01,182234.15008,11115.0,120,32772.38203129,2016-05-01,Three Forks,9847.0,2015-12-30,Frac Sand,Three Forks,Three Forks,RITA 44X-34G,101152.35,Medium,171094.0
33-053-06336-0000,XTO ENERGY INC,2015-08-01,2025-12-01,197005.98705,12609.0,116,41788.9097022,2016-01-01,Three Forks,9503.0,2015-08-30,Frac Sand,Three Forks,Three Forks,SATTER 31X-1G2,265993.97,Medium,167345.0
33-053-06340-0000,XTO ENERGY INC,2015-08-01,2025-12-01,250817.31306000001,17490.0,124,44630.8238504,2015-08-01,Three Forks,9477.0,2015-08-08,Frac Sand,Three Forks,Three Forks,SATTER 21X-1F,134566.34,Medium,131281.0
33-053-06389-0000,XTO ENERGY INC,2015-09-01,2025-12-01,121646.80894,7141.0,113,8070.93539656,2015-12-01,Three Forks,10688.0,2015-09-28,Sand/Ceramics Mix,Three Forks,Three Forks,ECKERT 41X-6G,24473.943,Low,293615.0
33-053-06426-0000,"WPX ENERGY WILLISTON, LLC",2017-05-01,2025-12-01,419270.0429,35407.0,99,58410.12138888,2017-06-01,Three Forks,9800.0,2017-05-22,Frac Sand,Three Forks,Three Forks,ETSTATIS 32-29HS,225997.34,Medium,300879.0
33-053-06436-0000,"EMERALD OIL, INC",2015-06-01,2025-12-01,236082.2121,11505.0,125,43750.386824,2015-06-01,Bakken,9316.0,2015-06-11,Ceramics,Bakken,Bakken,DAGNY TAGGART 3-21-16H,305037.34,Medium,463712.0
33-053-06569-0000,BURLINGTON RESOURCES OIL & GAS COMPANY LP,2017-01-01,2025-12-01,439795.08401,31684.0,106,124237.98208651,2017-04-01,Bakken,10505.0,2017-01-15,Sand/Ceramics Mix,Bakken,Bakken,OLD HICKORY 42-32MBH,360209.03,Medium,186629.0
33-053-06570-0000,BURLINGTON RESOURCES OIL & GAS COMPANY LP,2016-10-01,2025-12-01,597916.1642,24965.0,109,74907.41300148999,2017-05-01,Bakken,9535.0,2016-10-08,Sand/Ceramics Mix,Bakken,Bakken,SUN NOTCH 42-32MBH,316076.78,Medium,248694.0
33-053-06661-0000,"HESS BAKKEN INVESTMENTS II, LLC",2016-12-01,2025-12-01,255874.17901999998,22441.0,101,116893.33600284,2017-03-01,Three Forks,9637.0,2016-12-27,Frac Sand,Three Forks,Three Forks,BB-EIDE- 151-95-3328H-5,631532.19,High,119433.0
33-053-06881-0000,WHITING OIL AND GAS CORPORATION,2016-11-01,2025-12-01,351803.283,29972.0,110,108713.43418422,2017-01-01,Bakken,9000.0,2016-11-04,Sand/Ceramics Mix,Bakken,Bakken,KOALA 44-5-2H,381879.47,Medium,306901.0
33-053-06976-0000,OASIS PETROLEUM NORTH AMERICA LLC,2016-06-01,2025-12-01,294533.08615,30162.0,113,119297.34508800998,2016-10-01,Bakken,9583.0,2016-05-07,Sand/Resin Mix,Bakken,Bakken,JOHNSRUD  5198 12-18 5B,352674.91,Medium,314628.0
33-053-06977-0000,OASIS PETROLEUM NORTH AMERICA LLC,2016-06-01,2025-12-01,173645.499985,26117.0,95,83401.25204800001,2016-07-01,Three Forks,9566.0,2016-06-22,Sand/Resin Mix,Three Forks,Three Forks,JOHNSRUD  5198 12-18 6T,175727.88,Medium,306648.0
33-053-07068-0000,XTO ENERGY INC,2017-07-01,2025-12-01,202147.43621,18557.0,95,40361.148718899996,2017-08-01,Bakken,10703.0,2017-07-11,Sand/Ceramics Mix,Bakken,Bakken,STENEHJEM 31X-28DXA,254707.47,Medium,184231.0
33-053-07109-0000,OASIS PETROLEUM NORTH AMERICA LLC,2017-06-01,2025-12-01,504672.7754,54989.0,102,92088.74195019998,2017-07-01,Bakken,9519.0,2017-06-12,Sand/Resin Mix,Bakken,Bakken,LAWLAR N 5199 41-23 2B,545332.19,High,479546.0
33-053-07137-0000,"HESS BAKKEN INVESTMENTS II, LLC",2016-02-01,2025-12-01,253110.10595,23934.0,119,59212.33021308,2016-03-01,Bakken,10625.0,2016-02-20,Frac Sand,Bakken,Bakken,AN-EVENSON- 152-95-0310H-11,270327.56,Medium,53764.0
33-053-07268-0000,OASIS PETROLEUM NORTH AMERICA LLC,2016-10-01,2025-12-01,237489.581903,29934.0,98,84035.57264541001,2016-11-01,Three Forks,9304.0,2016-10-31,Sand/Resin Mix,Three Forks,Three Forks,ROLFSON S 5198 11-29 4T,241932.94,Medium,512324.0
33-053-07519-0000,WHITING OIL AND GAS CORPORATION,2017-07-01,2025-12-01,255827.36898,27141.0,102,49639.15803769999,2017-10-01,Three Forks,8929.0,2017-07-27,Frac Sand,Three Forks,Three Forks,KOALA 31-25-2TFH,317365.53,Medium,317568.0
33-053-07550-0000,"CONTINENTAL RESOURCES, INC.",2017-09-01,2025-12-01,308059.355,37241.0,98,81184.46584689,2017-12-01,Bakken,10095.0,2017-09-29,Frac Sand,Bakken,Bakken,TARENTAISE FEDERAL 7-19H,320113.66,Medium,172163.0
33-053-07580-0000,BURLINGTON RESOURCES OIL & GAS COMPANY LP,2017-05-01,2025-12-01,630692.9942000001,31843.0,101,122904.3946875,2017-06-01,Three Forks,9634.0,2017-05-12,Sand/Ceramics Mix,Three Forks,Three Forks,ANDERSON RANCH 3B-TFH,771970.88,High,388436.0
33-053-07645-0000,OASIS PETROLEUM NORTH AMERICA LLC,2017-10-01,2025-12-01,419028.11,33879.0,93,108370.83321069999,2017-12-01,Bakken,9177.0,2017-10-03,Sand/Resin Mix,Bakken,Bakken,WHITE 5198 12-6 5B,557786.13,High,309744.0
33-053-07647-0000,OASIS PETROLEUM NORTH AMERICA LLC,2017-10-01,2025-12-01,305717.64796,24739.0,99,109284.8153989,2017-12-01,Bakken,8927.0,2017-10-11,Sand/Resin Mix,Bakken,Bakken,WHITE 5198 12-6 7B,398358.34,Medium,359570.0
33-053-07661-0000,"EOG RESOURCES, INC.",2017-06-01,2025-12-01,473805.03179,66090.0,97,131662.70945267,2017-07-01,Bakken,9828.0,2017-06-08,Frac Sand,Bakken,Bakken,CLARKS CREEK  74-0719H,460559.59,Medium,464537.0
33-053-04732-0000,"CONTINENTAL RESOURCES, INC.",2014-05-01,2025-12-01,32359.75699,2620.0,101,7103.014299780001,2014-05-01,Three Forks,9467.0,2014-05-15,Frac Sand,Three Forks,Three Forks,WAHPETON 12-16H3,26942.678,Low,147493.0
33-053-05265-0000,NEWFIELD PRODUCTION COMPANY,2014-05-01,2025-12-01,236871.55715,11653.0,139,34150.32118366,2014-06-01,Bakken,9958.0,2014-05-17,Sand/Ceramics Mix,Bakken,Bakken,HOVLAND 150-99-26-35-3H,308202.88,Medium,128618.0
33-053-05653-0000,"CONTINENTAL RESOURCES, INC.",2015-01-01,2025-12-01,909209.65498,32301.0,123,104009.20914600001,2015-06-01,Bakken,10092.0,2015-01-13,Sand/Ceramics Mix,Bakken,Bakken,HOLSTEIN FEDERAL  2-25H,972271.56,High,419051.0
33-053-05699-0000,BURLINGTON RESOURCES OIL & GAS COMPANY LP,2014-12-01,2025-12-01,232635.72784,17183.0,114,37273.71803554,2015-06-01,Three Forks,9572.0,2014-12-22,Sand/Ceramics Mix,Three Forks,Three Forks,HAYDON 44-22TFH-ULW,292307.47,Medium,129179.0
33-053-05756-0000,SM ENERGY COMPANY,2015-05-01,2025-12-01,227509.37002,17385.0,127,48130.933028190004,2015-05-01,Three Forks,10024.0,2015-05-04,Frac Sand,Three Forks,Three Forks,MANNING 1X-32H,262568.56,Medium,236070.0
33-053-06123-0000,QEP ENERGY COMPANY,2015-05-01,2025-12-01,451568.71452,35887.0,128,62674.74707249999,2015-05-01,Bakken,9648.0,2015-05-01,Frac Sand,Bakken,Bakken,FOREMAN 2-2-1BH,200154.0,Medium,194650.0
33-053-06331-0000,STATOIL OIL & GAS LP,2017-12-01,2025-12-01,250855.5222,22457.0,91,40958.53608685001,2018-05-01,Bakken,9654.0,2017-12-13,Sand/Ceramics Mix,Bakken,Bakken,HEINZ 18-19 #2H,154485.14,Medium,373676.0
33-053-05757-0000,SM ENERGY COMPANY,2015-05-01,2025-12-01,274877.50103,18285.0,122,55546.193480500006,2015-05-01,Bakken,10048.0,2015-05-04,Frac Sand,Bakken,Bakken,DAVIS 1-32H,321375.47,Medium,208553.0
33-053-06038-0000,"EMERALD OIL, INC",2015-05-01,2025-12-01,194497.00205,12671.0,128,31231.445553310004,2015-05-01,Three Forks,9407.0,2015-05-11,Ceramics,Three Forks,Three Forks,JOEL GOODSEN 6-32-29H,240254.83,Medium,551481.0
33-053-06375-0000,STATOIL OIL & GAS LP,2016-07-01,2025-12-01,348399.86673999997,20735.0,103,106811.84909634,2016-09-01,Three Forks,10379.0,2016-07-02,Frac Sand,Three Forks,Three Forks,RICHARD 8-5 XW #1TFH,446073.13,Medium,300873.0
33-053-07074-0000,QEP ENERGY COMPANY,2017-02-01,2025-12-01,256858.16999999998,41899.0,107,47636.193205999996,2017-03-01,Three Forks,9794.0,2017-02-17,Sand/Resin Mix,Three Forks,Three Forks,FOREMAN 2-2-1THR,324279.31,Medium,212739.0
33-053-07634-0000,BURLINGTON RESOURCES OIL & GAS COMPANY LP,2017-07-01,2025-12-01,774981.7617,31632.0,101,147353.27055133999,2017-10-01,Bakken,9655.0,2017-07-09,Unknown,Bakken,Bakken,REMINGTON 3C MBH,1004501.7,High,225138.0
33-053-03851-0000,"PETRO-HUNT, L.L.C.",2014-05-01,2025-12-01,316321.17909,18144.0,127,21212.3621536,2015-07-01,Bakken,9704.0,2014-05-16,Sand/Ceramics/Resin Proppant Mix,Bakken,Bakken,FORT BERTHOLD 152-93-9C-10-5H,346129.84,Medium,259588.0
33-053-04035-0000,"BRIGHAM OIL & GAS, L.P.",2014-04-01,2025-12-01,387484.9702,16428.0,134,97986.4734176,2014-04-01,Three Forks,9454.0,2014-04-10,Sand/Ceramics Mix,Three Forks,Three Forks,GUNDERSON 15-22 4TFH,517760.25,High,612096.0
33-053-04270-0000,HESS CORPORATION,2014-02-01,2025-12-01,393391.61309999996,39388.0,143,56191.4955198,2014-03-01,Three Forks,8730.0,2014-02-27,Frac Sand,Three Forks,Three Forks,BB-BUDAHN-150-95- 0506H-3,206215.84,Medium,75348.0
33-053-04314-0000,"BRIGHAM OIL & GAS, L.P.",2014-06-01,2025-12-01,175400.71005,8771.0,138,17412.664949849997,2014-07-01,Three Forks,9271.0,2014-06-25,Sand/Ceramics Mix,Three Forks,Three Forks,ALBERT B. 27 34 4TFH,209145.33,Medium,264659.0
33-053-04378-0000,"CONTINENTAL RESOURCES, INC.",2014-10-01,2025-12-01,325340.35305000003,19669.0,129,64768.530616339995,2014-11-01,Three Forks,9472.0,2014-10-19,Sand/Ceramics Mix,Three Forks,Three Forks,ROCHESTER 5-24H1,395072.72,Medium,276099.0
33-053-04453-0000,"BRIGHAM OIL & GAS, L.P.",2014-06-01,2025-12-01,127980.48892999999,7445.0,122,54213.31336867,2014-08-01,Three Forks,10150.0,2014-06-18,Sand/Ceramics Mix,Three Forks,Three Forks,MARGARET 5-8 #5TFH,157541.88,Medium,543987.0
33-053-04469-0000,"PETRO-HUNT, L.L.C.",2016-01-01,2025-12-01,719834.7853999999,15495.0,105,77069.4344115,2016-03-01,Three Forks,9158.0,2016-01-13,Sand/Ceramics Mix,Three Forks,Three Forks,STATE 154-94-31C-32-2H,1175322.0,High,218071.0
33-053-04490-0000,ENERPLUS RESOURCES USA CORPORATION,2017-10-01,2025-12-01,521288.17390000005,35193.0,98,47028.49690184,2017-11-01,Three Forks,9325.0,2017-10-31,Frac Sand,Three Forks,Three Forks,BEAVER CREEK 149-94-31D-30H TF,704065.06,High,360248.0
33-053-04600-0000,"BRIGHAM OIL & GAS, L.P.",2014-01-01,2025-12-01,332877.60295,14547.0,131,104030.2070929,2014-05-01,Bakken,9914.0,2014-02-11,Sand/Ceramics Mix,Bakken,Bakken,GARMANN 19-18 3H,418590.53,Medium,265690.0
33-053-04728-0000,"CONTINENTAL RESOURCES, INC.",2014-02-01,2025-12-01,363435.35094,17396.0,141,80297.95011997,2014-10-01,Bakken,9949.0,2014-02-15,Sand/Ceramics Mix,Bakken,Bakken,ROLLEFSTAD FEDERAL 9-3H,440685.81,Medium,92939.0
33-053-04735-0000,"CONTINENTAL RESOURCES, INC.",2014-05-01,2025-12-01,250252.62304,22072.0,136,56871.18231438,2014-06-01,Bakken,9395.0,2014-05-06,Frac Sand,Bakken,Bakken,WAHPETON 9-16H,282829.78,Medium,232061.0
33-053-04740-0000,"CONTINENTAL RESOURCES, INC.",2014-02-01,2025-12-01,341261.10204,14304.0,138,68274.74965128,2014-10-01,Three Forks,10644.0,2014-02-22,Sand/Ceramics Mix,Three Forks,Three Forks,ROLLEFSTAD FEDERAL 11-3H-1,401177.88,Medium,137419.0
33-053-04744-0000,"CONTINENTAL RESOURCES, INC.",2014-06-01,2025-12-01,185564.05815,8854.0,137,41755.346082599994,2014-06-01,Three Forks,9438.0,2014-06-09,Frac Sand,Three Forks,Three Forks,WAHPETON 2-16H2,273160.75,Medium,243926.0
33-053-04746-0000,"CONTINENTAL RESOURCES, INC.",2014-06-01,2025-12-01,107434.44002,5115.0,136,23161.459706269998,2014-10-01,Three Forks,9555.0,2014-06-23,Frac Sand,Three Forks,Three Forks,WAHPETON 4-16H1,128402.28,Medium,175869.0
33-053-04807-0000,QEP ENERGY COMPANY,2014-04-01,2025-12-01,408587.1903,20025.0,139,35941.745282899996,2014-06-01,Three Forks,9687.0,2014-04-04,Sand/Ceramics/Resin Proppant Mix,Three Forks,Three Forks,LAWLAR 3-5-8TH,156549.42,Medium,122661.0
33-053-04808-0000,QEP ENERGY COMPANY,2014-04-01,2025-12-01,789262.3706,32228.0,139,110878.30511536999,2019-01-01,Bakken,9977.0,2014-04-06,Sand/Ceramics/Resin Proppant Mix,Bakken,Bakken,LAWLAR 4-5-8BH,1047606.4,High,227150.0
33-053-04832-0000,"BRIGHAM OIL & GAS, L.P.",2014-05-01,2025-12-01,184720.48921,7323.0,126,25854.47459023,2014-07-01,Three Forks,10091.0,2014-05-30,Sand/Ceramics Mix,Three Forks,Three Forks,EDNA 11-2 5TFH,296569.91,Medium,451145.0
33-053-04861-0000,"WPX ENERGY WILLISTON, LLC",2014-09-01,2025-12-01,463224.75320000004,30535.0,136,62667.59752,2014-10-01,Bakken,9366.0,2014-09-04,Sand/Ceramics Mix,Bakken,Bakken,MORSETTE 35-26HD,601922.06,High,171176.0
33-053-04930-0000,XTO ENERGY INC,2014-07-01,2025-12-01,251127.5419,12173.0,129,38101.8767535,2014-09-01,Three Forks,10199.0,2014-07-19,Sand/Ceramics Mix,Three Forks,Three Forks,LOOMER 41X-3F,331995.56,Medium,174876.0
33-053-04983-0000,OASIS PETROLEUM NORTH AMERICA LLC,2014-01-01,2025-12-01,227797.21906,25128.0,142,46660.47267249999,2014-01-01,Three Forks,9178.0,2014-01-09,Sand/Ceramics Mix,Three Forks,Three Forks,JADE 5200 21-28T,311990.19,Medium,144045.0
33-053-05089-0000,NEWFIELD PRODUCTION COMPANY,2014-03-01,2025-12-01,163421.61791,12007.0,136,29694.02364777,2014-03-01,Three Forks,9530.0,2014-03-11,Frac Sand,Three Forks,Three Forks,HOLM 150-98-5-8-10H,184503.61,Medium,167026.0
33-053-05090-0000,NEWFIELD PRODUCTION COMPANY,2014-03-01,2025-12-01,299147.37697,18094.0,138,69419.66495567,2014-03-01,Bakken,9318.0,2014-03-11,Sand/Ceramics Mix,Bakken,Bakken,HOLM 150-98-5-8-3H,351029.22,Medium,168197.0
33-053-05106-0000,BURLINGTON RESOURCES OIL & GAS COMPANY LP,2014-06-01,2025-12-01,436376.2062,24079.0,134,73330.18742133,2014-08-01,Bakken,9570.0,2014-06-19,Sand/Ceramics Mix,Bakken,Bakken,BLUE RIDGE 41-30MBH ULW,232077.25,Medium,56610.0
33-053-05121-0000,BURLINGTON RESOURCES OIL & GAS COMPANY LP,2014-02-01,2025-12-01,667147.6324,28675.0,128,58081.03547119,2014-10-01,Bakken,6935.0,2014-02-03,Sand/Ceramics Mix,Bakken,Bakken,ARCHER 44-25MBH,921436.38,High,175335.0
33-053-05122-0000,BURLINGTON RESOURCES OIL & GAS COMPANY LP,2014-02-01,2025-12-01,274113.698,19777.0,133,25108.44787912,2014-07-01,Three Forks,9519.0,2014-02-02,Sand/Ceramics Mix,Three Forks,Three Forks,ARCHER 34-25TFH,349346.66,Medium,141647.0
33-053-05129-0000,"ZENERGY, INC",2014-03-01,2025-12-01,214660.74469,7247.0,138,19920.733250499998,2014-03-01,Three Forks,8622.0,2014-03-03,Frac Sand,Three Forks,Three Forks,KELTER FEDERAL 7-6HTF2,300546.19,Medium,270375.0
33-053-05130-0000,"ZENERGY, INC",2014-03-01,2025-12-01,186136.20797,5058.0,140,24592.70778488,2014-04-01,Three Forks,8156.0,2014-03-03,Frac Sand,Three Forks,Three Forks,KELTER FEDERAL 7-6HTF,258628.52,Medium,223950.0
33-053-05137-0000,HESS CORPORATION,2014-04-01,2025-12-01,281761.08600999997,29331.0,139,65267.14220660999,2014-05-01,Bakken,9324.0,2014-04-22,Frac Sand,Bakken,Bakken,HA-CHAPIN 152-95-3229H-4,192358.97,Medium,33759.0
33-053-05140-0000,WHITING OIL AND GAS CORPORATION,2014-06-01,2025-12-01,213768.36006,12856.0,136,34496.10731515,2014-06-01,Bakken,10408.0,2014-06-19,Sand/Ceramics Mix,Bakken,Bakken,MORK FARM 24-8H,268952.38,Medium,187697.0
33-053-05146-0000,"CONTINENTAL RESOURCES, INC.",2015-11-01,2025-12-01,248965.08304,13625.0,117,59278.92343437,2015-11-01,Three Forks,10511.0,2015-11-06,Sand/Ceramics Mix,Three Forks,Three Forks,PATTERSON FEDERAL 4-13H1,198542.64,Medium,218315.0
33-053-05151-0000,BURLINGTON RESOURCES OIL & GAS COMPANY LP,2014-05-01,2025-12-01,329431.8445,23544.0,137,75822.75655026999,2014-08-01,Bakken,10214.0,2014-05-14,Sand/Ceramics Mix,Bakken,Bakken,CAPITOL 14-7MBH,465779.53,Medium,75074.0
33-053-05155-0000,HESS CORPORATION,2014-01-01,2025-12-01,341831.09609999997,19343.0,140,49687.48823696,2014-01-01,Bakken,9692.0,2014-01-10,Frac Sand,Bakken,Bakken,BW-ELLEN IDA- 150-99-3031H-3,492127.69,Medium,182364.0
33-053-05157-0000,BURLINGTON RESOURCES OIL & GAS COMPANY LP,2014-08-01,2025-12-01,338358.11950000003,25331.0,131,90173.50504567,2014-10-01,Bakken,9460.0,2014-08-06,Sand/Ceramics Mix,Bakken,Bakken,BIG JON 11-2MBH-ULW,449874.97,Medium,70368.0
33-053-05171-0000,OASIS PETROLEUM NORTH AMERICA LLC,2014-04-01,2025-12-01,191210.26987,13372.0,135,27805.0929304,2014-05-01,Three Forks,10425.0,2014-04-03,Sand/Ceramics/Resin Proppant Mix,Three Forks,Three Forks,LEFTY 5200 14-30 #2T,89184.594,Low,328555.0
33-053-05176-0000,OASIS PETROLEUM NORTH AMERICA LLC,2014-03-01,2025-12-01,408149.38492,19668.0,139,70084.48657094,2014-04-01,Bakken,10122.0,2014-03-29,Sand/Resin Mix,Bakken,Bakken,HYSTED 5200 14-30 #2B,503726.91,High,271878.0
33-053-05188-0000,BURLINGTON RESOURCES OIL & GAS COMPANY LP,2014-03-01,2025-12-01,406447.66881,26274.0,139,99104.6757929,2014-06-01,Bakken,9356.0,2014-03-15,Sand/Ceramics Mix,Bakken,Bakken,CRATER LAKE 21-14MBH,484940.0,Medium,93426.0
33-053-05205-0000,"PETRO-HUNT, L.L.C.",2014-02-01,2025-12-01,306725.01199,22869.0,139,60518.01156911,2014-02-01,Bakken,5771.0,2014-02-01,Sand/Ceramics Mix,Bakken,Bakken,SHERVEN TRUST 153-95-27B-3H,354301.63,Medium,75489.0
33-053-05236-0000,"PETRO-HUNT, L.L.C.",2014-09-01,2025-12-01,550530.228,28672.0,132,94772.2964858,2014-10-01,Bakken,9157.0,2014-09-24,Sand/Ceramics Mix,Bakken,Bakken,VAN HISE TRUST  153-95-28D-21-5H,673916.0,High,88788.0
33-053-05248-0000,QEP ENERGY COMPANY,2014-03-01,2025-12-01,377613.9656,21360.0,141,56441.71664428,2014-04-01,Three Forks,9718.0,2014-03-22,Sand/Ceramics Mix,Three Forks,Three Forks,POGO 28-33-27-34LL,503481.97,High,129912.0
33-053-05257-0000,HESS CORPORATION,2014-05-01,2025-12-01,350682.11798,37323.0,140,44460.5777431,2014-05-01,Bakken,10733.0,2014-05-06,Frac Sand,Bakken,Bakken,HA-CHAPIN-LE- 152-95-3229H-1,389943.41,Medium,49995.0
33-053-05285-0000,WHITING OIL AND GAS CORPORATION,2014-02-01,2025-12-01,259572.73206,28288.0,140,38937.01334385,2014-03-01,Bakken,9556.0,2014-03-01,Sand/Ceramics Mix,Bakken,Bakken,CHERRY STATE 31-16-2H,325093.66,Medium,262828.0
33-053-05334-0000,NEWFIELD PRODUCTION COMPANY,2014-07-01,2025-12-01,222653.65111,16151.0,135,58980.62049142,2014-08-01,Three Forks,9741.0,2014-07-28,Frac Sand,Three Forks,Three Forks,HOFFMAN 149-98-14-23-10H,302501.03,Medium,171057.0
33-053-05342-0000,"CONTINENTAL RESOURCES, INC.",2014-09-01,2025-12-01,80050.31198,4902.0,121,11605.6344048,2014-10-01,Three Forks,4842.0,2014-09-21,Sand/Ceramics Mix,Three Forks,Three Forks,MACK 13-2H3,31238.379,Low,73677.0
33-053-05350-0000,XTO ENERGY INC,2014-10-01,2025-12-01,222393.48451,6283.0,133,36733.478275500005,2014-12-01,Three Forks,10350.0,2014-10-19,Sand/Ceramics Mix,Three Forks,Three Forks,JAN 14X-34F,148937.36,Medium,117069.0
33-053-05361-0000,"EMERALD OIL, INC",2014-04-01,2025-12-01,151050.31404,7885.0,141,21411.065158049998,2014-04-01,Bakken,9554.0,2014-04-13,Sand/Ceramics Mix,Bakken,Bakken,TY WEBB  3-1-12H,175941.55,Medium,423322.0
33-053-05363-0000,"EMERALD OIL, INC",2014-03-01,2025-12-01,147526.76011,9978.0,141,20670.376522370003,2014-05-01,Bakken,8722.0,2014-03-18,Frac Sand,Bakken,Bakken,TY WEBB  1-1-12H,194752.25,Medium,379256.0
33-053-05364-0000,"EMERALD OIL, INC",2014-05-01,2025-12-01,152701.52596,6110.0,140,23172.90970834,2014-06-01,Three Forks,9007.0,2014-05-23,Sand/Ceramics Mix,Three Forks,Three Forks,DEAN WORMER  2-33-28H,192213.36,Medium,388235.0
33-053-05365-0000,"EMERALD OIL, INC",2014-04-01,2025-12-01,178478.29200000002,10020.0,139,23367.4753651,2014-04-01,Bakken,9365.0,2014-04-08,Sand/Ceramics Mix,Bakken,Bakken,DEAN WORMER  1-33-28H,225991.36,Medium,374570.0
33-053-05383-0000,TRIANGLE USA PETROLEUM CORPORATION,2014-03-01,2025-12-01,404238.83499999996,21774.0,134,52459.83985417,2014-03-01,Bakken,9535.0,2014-03-03,Sand/Ceramics Mix,Bakken,Bakken,HOVDE  150-100-6-7-1H,569356.56,High,458399.0
33-053-05385-0000,TRIANGLE USA PETROLEUM CORPORATION,2014-04-01,2025-12-01,225899.38495,18861.0,123,60201.37186042,2014-05-01,Bakken,9361.0,2014-04-08,Sand/Ceramics Mix,Bakken,Bakken,WISNESS 150-100-23-14-6H,165285.63,Medium,270169.0
33-053-05394-0000,"EOG RESOURCES, INC.",2014-10-01,2025-12-01,242920.25423,27383.0,135,28664.329858830002,2014-10-01,Three Forks,3789.0,2014-10-01,Frac Sand,Three Forks,Three Forks,MANDAREE 17-05H,318728.13,Medium,210563.0
33-053-05420-0000,HESS CORPORATION,2014-10-01,2025-12-01,355062.58862,26036.0,132,55611.7905913,2014-11-01,Bakken,9405.0,2014-10-25,Frac Sand,Bakken,Bakken,HA-THOMPSON- 152-95-2017H-6,461742.78,Medium,70539.0
33-053-05446-0000,TRIANGLE USA PETROLEUM CORPORATION,2014-05-01,2025-12-01,219582.60301000002,13079.0,129,47914.08607486999,2014-06-01,Bakken,9495.0,2014-05-18,Sand/Ceramics Mix,Bakken,Bakken,HAGEN 149-100-9-4-6H,286913.09,Medium,194424.0
33-053-05451-0000,HESS CORPORATION,2017-09-01,2025-12-01,434754.22601,25585.0,97,81785.28747043997,2017-10-01,Bakken,9777.0,2017-09-27,Frac Sand,Bakken,Bakken,AN-GUDBRANSON- 153-94-2215H-3,527564.31,High,182019.0
33-053-05526-0000,QEP ENERGY COMPANY,2014-09-01,2025-12-01,322765.94668,21659.0,135,45069.535123409994,2014-10-01,Three Forks,10098.0,2014-09-14,Frac Sand,Three Forks,Three Forks,KIRKLAND 2-23-14TH,411002.91,Medium,181846.0
33-053-05528-0000,QEP ENERGY COMPANY,2014-09-01,2025-12-01,356954.84878999996,22103.0,136,72809.7391721,2014-10-01,Bakken,10013.0,2014-09-14,Frac Sand,Bakken,Bakken,KIRKLAND 3-23-14BH,458563.69,Medium,160193.0
33-053-05549-0000,TRIANGLE USA PETROLEUM CORPORATION,2014-05-01,2025-12-01,261181.55693,22754.0,137,39916.05203020001,2014-06-01,Bakken,9401.0,2014-05-29,Sand/Ceramics Mix,Bakken,Bakken,ROWE 150-101-1-12-6H,306907.38,Medium,240203.0
33-053-05554-0000,"EMERALD OIL, INC",2014-09-01,2025-12-01,226122.58087,13945.0,136,42315.97969241,2014-09-01,Bakken,8985.0,2014-09-04,Ceramics,Bakken,Bakken,SLUGGER 3-16-21H,276155.69,Medium,427789.0
33-053-05561-0000,BURLINGTON RESOURCES OIL & GAS COMPANY LP,2014-10-01,2025-12-01,451084.40520000004,20118.0,130,45322.9166753,2015-02-01,Bakken,9555.0,2014-10-04,Sand/Ceramics Mix,Bakken,Bakken,COPPER DRAW 21-27MBH,570140.19,High,118135.0
33-053-05562-0000,BURLINGTON RESOURCES OIL & GAS COMPANY LP,2014-09-01,2025-12-01,270430.73191,12221.0,132,45027.79465748,2015-02-01,Bakken,9994.0,2014-09-27,Sand/Ceramics Mix,Bakken,Bakken,LILLIBRIDGE 21-27MBH,344297.22,Medium,78841.0
33-053-05582-0000,XTO ENERGY INC,2015-02-01,2025-12-01,322541.71695000003,20964.0,127,78963.461919,2015-03-01,Bakken,9285.0,2015-02-03,Sand/Ceramics Mix,Bakken,Bakken,BERQUIST 31X-2C,399952.72,Medium,162956.0
33-053-05598-0000,"CONTINENTAL RESOURCES, INC.",2017-06-01,2025-12-01,363064.34801,37349.0,103,71799.170378,2017-08-01,Three Forks,10737.0,2017-05-30,Frac Sand,Three Forks,Three Forks,GARFIELD FEDERAL 5-5H1,387161.69,Medium,421402.0
33-053-05612-0000,NEWFIELD PRODUCTION COMPANY,2014-10-01,2025-12-01,246857.48589,18257.0,134,31608.257770109998,2014-10-01,Bakken,10273.0,2014-10-06,Sand/Ceramics Mix,Bakken,Bakken,GARIETY 150-99-36-25-5H,326294.94,Medium,127448.0
33-053-05625-0000,NEWFIELD PRODUCTION COMPANY,2014-09-01,2025-12-01,279127.57813000004,24110.0,135,32513.868317710003,2014-10-01,Bakken,9392.0,2014-09-30,Sand/Ceramics Mix,Bakken,Bakken,SYVERSON 150-99-36-25-2H,369703.19,Medium,168372.0
33-053-05631-0000,XTO ENERGY INC,2015-06-01,2025-12-01,204755.45795,12155.0,115,60998.080663889996,2015-08-01,Three Forks,9457.0,2015-06-30,Sand/Ceramics/Resin Proppant Mix,Three Forks,Three Forks,GUY FEDERAL 24X-35F,259674.94,Medium,203311.0
33-053-05642-0000,"PETRO-HUNT, L.L.C.",2014-11-01,2025-12-01,277172.69098,17714.0,133,97397.808783,2014-12-01,Bakken,9828.0,2014-11-05,Sand/Ceramics Mix,Bakken,Bakken,ANDERSON 152-96-26B-25-2HS,202603.05,Medium,102601.0
33-053-05646-0000,"CONTINENTAL RESOURCES, INC.",2015-02-01,2025-12-01,438587.85586,19824.0,120,86781.56336811,2016-11-01,Three Forks,10757.0,2015-02-21,Sand/Ceramics Mix,Three Forks,Three Forks,STEELE FEDERAL 4-24AH1,491393.81,Medium,411881.0
33-053-05648-0000,XTO ENERGY INC,2014-09-01,2025-12-01,424242.474,27332.0,105,43860.80499981999,2014-09-01,Three Forks,9608.0,2014-09-20,Sand/Ceramics Mix,Three Forks,Three Forks,WALTON FEDERAL 41X-19H,550145.56,High,126324.0
33-053-05668-0000,BURLINGTON RESOURCES OIL & GAS COMPANY LP,2015-01-01,2025-12-01,218015.71289999998,13693.0,125,39102.56449124,2015-05-01,Three Forks,9933.0,2015-01-31,Sand/Ceramics Mix,Three Forks,Three Forks,BULLRUSH 34-10TFH-A,340672.5,Medium,195207.0
33-053-05672-0000,SM ENERGY COMPANY,2014-08-01,2025-12-01,237570.40213,18570.0,135,31880.586064380004,2014-09-01,Three Forks,10032.0,2014-08-01,Frac Sand,Three Forks,Three Forks,DONNA 12X-35H,296049.38,Medium,190759.0
33-053-05676-0000,QEP ENERGY COMPANY,2014-07-01,2025-12-01,552939.8058,36153.0,137,70979.89828869999,2014-10-01,Bakken,9868.0,2014-07-27,Sand/Resin Mix,Bakken,Bakken,MOBERG 4-17-16BH,664104.25,High,183296.0
33-053-05710-0000,QEP ENERGY COMPANY,2014-06-01,2025-12-01,229738.90704000002,13432.0,139,27931.42730424,2014-07-01,Three Forks,9673.0,2014-06-06,Sand/Ceramics/Resin Proppant Mix,Three Forks,Three Forks,VEEDER 27-34-26-35LL,291161.41,Medium,123180.0
33-053-05712-0000,SM ENERGY COMPANY,2014-09-01,2025-12-01,459801.8709,22434.0,134,51193.6572567,2014-10-01,Bakken,9913.0,2014-09-11,Frac Sand,Bakken,Bakken,LUELLA FEDERAL 13-35H,205121.48,Medium,178072.0
33-053-05714-0000,QEP ENERGY COMPANY,2015-07-01,2025-12-01,386018.40503,20515.0,126,40806.523564690004,2015-07-01,Bakken,9759.0,2015-07-10,Frac Sand,Bakken,Bakken,TAT 2-35-26BH,460647.78,Medium,339763.0
33-053-05716-0000,QEP ENERGY COMPANY,2015-07-01,2025-12-01,329964.31295,27701.0,124,41464.723724,2015-07-01,Bakken,9748.0,2015-07-03,Frac Sand,Bakken,Bakken,TAT 1-35-26BH,381267.97,Medium,221494.0
33-053-05738-0000,WHITING OIL AND GAS CORPORATION,2014-12-01,2025-12-01,139878.30097,6917.0,130,16061.865226109998,2015-04-01,Bakken,9759.0,2014-12-17,Frac Sand,Bakken,Bakken,FINSAAS FEDERAL 31-16-3H,165382.98,Medium,201076.0
33-053-05745-0000,"HESS BAKKEN INVESTMENTS II, LLC",2015-06-01,2025-12-01,67592.36383,2799.0,125,14639.62080372,2015-06-01,Bakken,10438.0,2015-06-13,Sand/Ceramics Mix,Bakken,Bakken,BW-R PETERSON- 149-99-1102H-4,126744.95,Medium,12848.0
33-053-05758-0000,TRIANGLE USA PETROLEUM CORPORATION,2014-07-01,2025-12-01,239379.79587,19753.0,127,49633.971452109996,2014-08-01,Bakken,9475.0,2014-07-26,Sand/Ceramics Mix,Bakken,Bakken,ECKERT FOUNDATION 152-102-22-15-4H,293888.47,Medium,378683.0
33-053-05764-0000,"CONTINENTAL RESOURCES, INC.",2015-04-01,2025-12-01,208226.04589,12156.0,128,22606.0615898,2015-06-01,Bakken,7306.0,2015-04-30,Sand/Ceramics Mix,Bakken,Bakken,SCOTTSDALE 2-31H,241173.41,Medium,323980.0
33-053-05805-0000,"WPX ENERGY WILLISTON, LLC",2014-10-01,2025-12-01,513784.4719,28895.0,131,76721.37712267,2014-12-01,Bakken,9555.0,2014-10-26,Sand/Ceramics Mix,Bakken,Bakken,LUCY EVANS 29-32HA,220317.59,Medium,185161.0
33-053-05827-0000,QEP ENERGY COMPANY,2014-10-01,2025-12-01,510073.54000000004,49630.0,132,61076.2169979,2014-11-01,Three Forks,9944.0,2014-10-21,Frac Sand,Three Forks,Three Forks,STATE 2-16-21TH,521064.63,High,155820.0
33-053-05878-0000,XTO ENERGY INC,2015-10-01,2025-12-01,400070.34007,17472.0,115,80829.98590084,2016-01-01,Bakken,10195.0,2015-10-30,Frac Sand,Bakken,Bakken,NELSON FEDERAL 41X-5C,481806.69,Medium,121235.0
33-053-05898-0000,XTO ENERGY INC,2014-12-01,2025-12-01,262014.44605,14731.0,126,47176.867449,2015-05-01,Bakken,8677.0,2014-12-18,Sand/Ceramics Mix,Bakken,Bakken,RIECKHOFF 21X-3A,332604.78,Medium,126014.0
33-053-05918-0000,"CONTINENTAL RESOURCES, INC.",2015-07-01,2025-12-01,662427.23015,27743.0,123,82415.41354610001,2015-11-01,Bakken,9643.0,2015-07-17,Ceramics,Bakken,Bakken,SALERS FEDERAL 5-27H,307845.56,Medium,111269.0
33-053-05922-0000,BURLINGTON RESOURCES OIL & GAS COMPANY LP,2014-12-01,2025-12-01,490683.50194,25015.0,121,250662.58224419996,2015-10-01,Bakken,9763.0,2014-12-16,Sand/Ceramics Mix,Bakken,Bakken,SIVERTSON RUSH 1-7-9MBH ULW,520453.81,High,226313.0
33-053-05936-0000,NEWFIELD PRODUCTION COMPANY,2014-08-01,2025-12-01,275543.21016,17300.0,127,52155.33758222,2014-09-01,Bakken,9561.0,2014-08-26,Sand/Ceramics Mix,Bakken,Bakken,LOOMER 150-99-2-11-4H,359389.75,Medium,117690.0
33-053-05953-0000,WHITING OIL AND GAS CORPORATION,2014-10-01,2025-12-01,240852.44298,13710.0,135,23672.66487378,2014-11-01,Bakken,9102.0,2014-10-24,Sand/Ceramics Mix,Bakken,Bakken,GOOD SHEPHERD 41-15-2H,88649.828,Low,254526.0
33-053-05954-0000,OASIS PETROLEUM NORTH AMERICA LLC,2015-06-01,2025-12-01,254242.75095000002,20361.0,125,47017.126333800006,2015-07-01,Bakken,9392.0,2015-06-08,Sand/Resin Mix,Bakken,Bakken,WADE FEDERAL 5300 41-30 6B,154753.56,Medium,357967.0
33-053-05977-0000,WHITING OIL AND GAS CORPORATION,2014-12-01,2025-12-01,207726.43091,33684.0,115,31654.804565780003,2015-03-01,Three Forks,9530.0,2014-12-17,Sand/Ceramics Mix,Three Forks,Three Forks,TARPON FEDERAL 24-20-1RTF,253670.48,Medium,149736.0
33-053-05982-0000,TRIANGLE USA PETROLEUM CORPORATION,2014-10-01,2025-12-01,198633.13,15359.0,123,32441.052461040003,2014-11-01,Bakken,9514.0,2014-10-22,Sand/Ceramics Mix,Bakken,Bakken,BRITT 151-102-4-9-2H,226324.53,Medium,480649.0
33-053-06032-0000,QEP ENERGY COMPANY,2015-02-01,2025-12-01,661257.6808,50489.0,131,111568.9764241,2015-03-01,Bakken,9902.0,2015-02-01,Frac Sand,Bakken,Bakken,JOHNSON 4-9-4BH,778572.0,High,227870.0
33-053-06045-0000,"CONTINENTAL RESOURCES, INC.",2015-04-01,2025-12-01,473850.82282999996,22630.0,129,112140.879495,2015-08-01,Bakken,9436.0,2015-04-26,Sand/Ceramics Mix,Bakken,Bakken,DURHAM 7-2H,566763.25,High,304675.0
33-053-06049-0000,XTO ENERGY INC,2015-03-01,2025-12-01,177180.407,11729.0,125,52083.97016659999,2015-05-01,Three Forks,9512.0,2015-03-26,Sand/Ceramics Mix,Three Forks,Three Forks,JOHNSON 24X-31E,228081.53,Medium,121093.0
33-053-06057-0000,OASIS PETROLEUM NORTH AMERICA LLC,2015-09-01,2025-12-01,223183.51393000002,19892.0,121,40568.28915548,2016-01-01,Bakken,9484.0,2015-09-13,Sand/Ceramics Mix,Bakken,Bakken,KLINE FEDERAL  5300 31-18 6B,261360.53,Medium,358114.0
33-053-06059-0000,"HESS BAKKEN INVESTMENTS II, LLC",2015-05-01,2025-12-01,256999.66395000002,37723.0,128,48339.898485369995,2015-06-01,Three Forks,10007.0,2015-05-31,Sand/Ceramics Mix,Three Forks,Three Forks,HA-THOMPSON- 152-95-1720H-8,280965.94,Medium,50015.0
33-053-06063-0000,NEWFIELD PRODUCTION COMPANY,2015-01-01,2025-12-01,242128.34905999998,23048.0,126,50526.73683306,2015-01-01,Three Forks,9817.0,2015-01-01,Sand/Ceramics Mix,Three Forks,Three Forks,SAND CREEK FEDERAL 153-96-21-28-10H,301549.91,Medium,96716.0
33-053-06088-0000,"CONTINENTAL RESOURCES, INC.",2017-03-01,2025-12-01,299195.90903,39589.0,102,42415.230726500005,2017-04-01,Bakken,6838.0,2017-03-08,Sand/Ceramics Mix,Bakken,Bakken,ALPHA 5-14H,307003.09,Medium,330561.0
33-053-06116-0000,SM ENERGY COMPANY,2016-06-01,2025-12-01,247655.47589,16170.0,115,33831.669762499994,2016-10-01,Bakken,9685.0,2016-06-03,Frac Sand,Bakken,Bakken,STENEHJEM  15-9HA,290453.56,Medium,305668.0
33-053-06155-0000,BURLINGTON RESOURCES OIL & GAS COMPANY LP,2015-06-01,2025-12-01,497648.2345,16565.0,123,91389.74456731,2015-10-01,Bakken,10096.0,2015-06-21,Sand/Ceramics/Resin Proppant Mix,Bakken,Bakken,DEKING 1-8-34MBH-ULW,342732.28,Medium,94167.0
33-053-06163-0000,WHITING OIL AND GAS CORPORATION,2015-01-01,2025-12-01,301908.77895,30235.0,132,35360.97867903,2015-01-01,Bakken,10695.0,2015-01-02,Sand/Ceramics Mix,Bakken,Bakken,SKEDSVOLD 21-4-5H,383501.19,Medium,263539.0
33-053-06186-0000,"HESS BAKKEN INVESTMENTS II, LLC",2015-01-01,2025-12-01,190296.01973,13866.0,132,16698.638727510002,2015-01-01,Bakken,10208.0,2015-01-15,Frac Sand,Bakken,Bakken,BW-HAGEN- 149-100-1522H-2,244266.81,Medium,103307.0
33-053-06202-0000,"CONTINENTAL RESOURCES, INC.",2015-06-01,2025-12-01,343623.45986,17606.0,123,118536.35672400001,2015-12-01,Three Forks,9060.0,2015-06-28,Sand/Ceramics Mix,Three Forks,Three Forks,NORDENG 2-5H1,420150.72,Medium,284089.0
33-053-06205-0000,XTO ENERGY INC,2015-06-01,2025-12-01,174327.24901,12208.0,124,23578.98716874,2015-08-01,Bakken,9695.0,2015-06-26,Frac Sand,Bakken,Bakken,GRANLI 34X-20C,212952.36,Medium,198765.0
33-053-06253-0000,QEP ENERGY COMPANY,2015-05-01,2025-12-01,462387.1681,30614.0,124,52609.534996,2015-05-01,Bakken,9947.0,2015-05-12,Frac Sand,Bakken,Bakken,P. LEVANG 1-14-23BH,587913.06,High,192819.0
33-053-06270-0000,WHITING OIL AND GAS CORPORATION,2015-03-01,2025-12-01,183270.48406,15287.0,130,19988.52508619,2015-03-01,Bakken,9428.0,2015-03-10,Sand/Ceramics Mix,Bakken,Bakken,STATE 31-3-3H,232142.83,Medium,250062.0
33-053-06272-0000,WHITING OIL AND GAS CORPORATION,2015-03-01,2025-12-01,145603.98602,8523.0,130,13533.64747853,2015-04-01,Bakken,7677.0,2015-03-10,Sand/Ceramics Mix,Bakken,Bakken,STATE 31-3HU,182389.11,Medium,200693.0
33-053-06280-0000,BURLINGTON RESOURCES OIL & GAS COMPANY LP,2015-07-01,2025-12-01,208514.94192,18364.0,121,39640.03321867,2016-01-01,Three Forks,9654.0,2015-07-12,Sand/Ceramics Mix,Three Forks,Three Forks,TETON 6-8-10TFSH,104167.73,Medium,118798.0
33-053-06306-0000,KODIAK OIL & GAS (USA) INC.,2015-03-01,2025-12-01,306405.83699,28350.0,129,31749.946833,2015-03-01,Bakken,9357.0,2015-03-14,Sand/Ceramics Mix,Bakken,Bakken,KOALA 13-31-25-1H,355149.91,Medium,219860.0
33-053-06312-0000,OASIS PETROLEUM NORTH AMERICA LLC,2015-11-01,2025-12-01,261597.41313,36343.0,121,69045.64203985,2015-12-01,Bakken,9048.0,2015-11-23,Sand/Ceramics/Resin Proppant Mix,Bakken,Bakken,BRIER 5200 42-22 10B,299261.13,Medium,315993.0
33-053-06360-0000,NEWFIELD PRODUCTION COMPANY,2015-06-01,2025-12-01,293169.67480000004,24598.0,125,72542.47499197,2015-06-01,Bakken,9598.0,2015-06-04,Frac Sand,Bakken,Bakken,OLSON 152-96-30-31-4HLW,416290.94,Medium,87889.0
33-053-06362-0000,NEWFIELD PRODUCTION COMPANY,2015-05-01,2025-12-01,320439.9896,24859.0,116,54984.02148851,2015-06-01,Bakken,9862.0,2015-05-31,Frac Sand,Bakken,Bakken,OLSON 152-96-30-31-1H,439577.47,Medium,107843.0
33-053-06373-0000,STATOIL OIL & GAS LP,2016-07-01,2025-12-01,494782.1729,26653.0,104,153965.21188129997,2016-09-01,Bakken,10493.0,2016-07-14,Sand/Ceramics Mix,Bakken,Bakken,RICHARD 8-5 #7H,688188.31,High,343511.0
33-053-06402-0000,QEP ENERGY COMPANY,2015-08-01,2025-12-01,361889.30387,33899.0,124,96041.1386106,2015-09-01,Three Forks,4524.0,2015-08-07,Frac Sand,Three Forks,Three Forks,P. LEVANG 2-14-23TH,412034.72,Medium,192878.0
33-053-06412-0000,WHITING OIL AND GAS CORPORATION,2015-02-01,2025-12-01,206548.315,17440.0,128,48357.12985145999,2015-05-01,Bakken,10006.0,2015-02-22,Sand/Ceramics Mix,Bakken,Bakken,ROVELSTAD 21-13HU,139396.75,Medium,154249.0
33-053-06427-0000,"WPX ENERGY WILLISTON, LLC",2017-05-01,2025-12-01,513725.1078,50181.0,95,74357.58466367002,2017-06-01,Bakken,9794.0,2017-05-30,Frac Sand,Bakken,Bakken,ETSTATIS 32-29HB,251248.86,Medium,228668.0
33-053-06438-0000,"EMERALD OIL, INC",2015-06-01,2025-12-01,207354.52568000002,13860.0,113,20753.503244,2015-06-01,Bakken,9452.0,2015-06-13,Ceramics,Bakken,Bakken,GREG MARMALARD FEDERAL 3-28-33H,270012.16,Medium,282237.0
33-053-06454-0000,"CONTINENTAL RESOURCES, INC.",2017-02-01,2025-12-01,274796.36008,30197.0,104,33833.94539857,2017-05-01,Three Forks,6847.0,2017-02-27,Frac Sand,Three Forks,Three Forks,HENDRICKSON 7-36H2,136002.67,Medium,291399.0
33-053-06472-0000,TRIANGLE USA PETROLEUM CORPORATION,2015-05-01,2025-12-01,239992.92508000002,20308.0,128,47173.47331637,2015-06-01,Bakken,9920.0,2015-05-23,Frac Sand,Bakken,Bakken,LEE 151-101-8-5-1H,84247.609,Low,323445.0
33-053-06490-0000,XTO ENERGY INC,2015-08-01,2025-12-01,242403.311964,17212.0,124,55375.2850357,2015-10-01,Bakken,9651.0,2015-08-04,Frac Sand,Bakken,Bakken,MARLENE  42X-20C,172939.56,Medium,68881.0
33-053-06499-0000,TRIANGLE USA PETROLEUM CORPORATION,2016-03-01,2025-12-01,179182.4749,21128.0,102,74767.4238998,2016-05-01,Bakken,9490.0,2016-03-07,Sand/Ceramics Mix,Bakken,Bakken,ARNEGARD 150-100-23-14-3H,87128.523,Low,176130.0
33-053-06502-0000,"HESS BAKKEN INVESTMENTS II, LLC",2015-04-01,2025-12-01,349428.6384,30234.0,127,52017.926227280004,2015-04-01,Bakken,9828.0,2015-04-09,Frac Sand,Bakken,Bakken,BB-SIVERTSON- 151-95-2019H-4,159131.38,Medium,40072.0
33-053-06516-0000,WHITING OIL AND GAS CORPORATION,2015-03-01,2025-12-01,225706.08601,25889.0,125,29699.31242719,2015-03-01,Bakken,9020.0,2015-03-07,Sand/Ceramics Mix,Bakken,Bakken,LOIS MOEN  44-34HU,94834.672,Low,115055.0
33-053-06532-0000,"HESS BAKKEN INVESTMENTS II, LLC",2015-11-01,2025-12-01,339937.805,32695.0,122,74580.05785833999,2015-12-01,Three Forks,10643.0,2015-11-17,Frac Sand,Three Forks,Three Forks,AN-PROSSER- 152-95-1102H-5,282187.84,Medium,86352.0
33-053-06561-0000,XTO ENERGY INC,2015-08-01,2025-12-01,370305.05599,25120.0,121,73871.26176236,2015-09-01,Three Forks,9949.0,2015-08-25,Frac Sand,Three Forks,Three Forks,THOMPSON 44X-20EXF,434651.91,Medium,112398.0
33-053-06564-0000,TRIANGLE USA PETROLEUM CORPORATION,2015-07-01,2025-12-01,133417.23306,10787.0,112,24730.90551544,2015-07-01,Three Forks,9385.0,2015-07-06,Frac Sand,Three Forks,Three Forks,ECKERT FOUNDATION  152-102-22-15-10TFH,174943.86,Medium,363562.0
33-053-06584-0000,"HRC OPERATING, LLC",2016-11-01,2025-12-01,283241.47922,30652.0,102,29870.73811474,2016-12-01,Three Forks,10608.0,2016-11-08,Frac Sand,Three Forks,Three Forks,FORT BERTHOLD 152-93-7C-6-8H,307456.47,Medium,214688.0
33-053-06611-0000,TRIANGLE USA PETROLEUM CORPORATION,2017-08-01,2025-12-01,220514.58990999998,14044.0,97,46247.59996988,2017-10-01,Bakken,8939.0,2017-08-17,Frac Sand,Bakken,Bakken,ANDERSON 148-100-7-6-4H,295815.09,Medium,362278.0
33-053-06637-0000,XTO ENERGY INC,2015-08-01,2025-12-01,249621.63809999998,12443.0,119,46214.01010431001,2020-02-01,Three Forks,9529.0,2015-08-30,Frac Sand,Three Forks,Three Forks,LUNDIN 14X-33E,324899.25,Medium,280256.0
33-053-06642-0000,"HESS BAKKEN INVESTMENTS II, LLC",2016-07-01,2025-12-01,159548.41496999998,22820.0,112,55609.087747900005,2016-08-01,Three Forks,9619.0,2016-07-26,Frac Sand,Three Forks,Three Forks,HA-SANFORD- 152-96-1819H-8,203938.11,Medium,200977.0
33-053-06681-0000,"CONTINENTAL RESOURCES, INC.",2017-08-01,2025-12-01,360947.54403,35644.0,91,88164.10572237,2017-10-01,Bakken,9072.0,2017-08-11,Sand/Ceramics Mix,Bakken,Bakken,WILEY 7-25H,369096.66,Medium,207213.0
33-053-06745-0000,XTO ENERGY INC,2016-01-01,2025-12-01,76709.937026,3186.0,115,3433.6140125299994,2018-10-01,Three Forks,9670.0,2016-01-30,Sand/Ceramics Mix,Three Forks,Three Forks,ROEN 24X-23E,84078.813,Low,288337.0
33-053-06757-0000,SM ENERGY COMPANY,2016-05-01,2025-12-01,127901.43512,8593.0,110,18916.074850869998,2016-08-01,Three Forks,9575.0,2016-05-14,Frac Sand,Three Forks,Three Forks,ASHLEY 13X-9H,147933.27,Medium,340869.0
33-053-06766-0000,OASIS PETROLEUM NORTH AMERICA LLC,2016-03-01,2025-12-01,182145.82195,22135.0,115,42200.285616739995,2016-03-01,Three Forks,9870.0,2016-03-09,Sand/Ceramics Mix,Three Forks,Three Forks,ANDERSMADSON 5201 14-25 12T,180174.8,Medium,482065.0
33-053-06781-0000,BURLINGTON RESOURCES OIL & GAS COMPANY LP,2017-07-01,2025-12-01,865205.5892,31354.0,94,175209.83796684,2017-11-01,Bakken,10805.0,2017-07-03,Sand/Ceramics Mix,Bakken,Bakken,CURTIS  21-16 MBH-2NH,1266535.3,High,463644.0
33-053-06782-0000,BURLINGTON RESOURCES OIL & GAS COMPANY LP,2017-07-01,2025-12-01,696416.3803000001,36462.0,97,132357.70283949998,2017-10-01,Three Forks,9225.0,2017-06-30,Sand/Ceramics Mix,Three Forks,Three Forks,SADDLE BUTTE 21-16 TFH-2SH,503711.72,High,368862.0
33-053-06801-0000,QEP ENERGY COMPANY,2016-03-01,2025-12-01,224306.45408,22630.0,118,49932.90887527,2016-07-01,Three Forks,8876.0,2016-03-13,Sand/Resin Mix,Three Forks,Three Forks,STATE 4-36-1T2H,143167.94,Medium,467851.0
33-053-06807-0000,XTO ENERGY INC,2016-01-01,2025-12-01,409992.6635,27230.0,119,52809.61379509999,2016-04-01,Three Forks,10256.0,2016-01-26,Frac Sand,Three Forks,Three Forks,JOHNSRUD FEDERAL 34X-14F,546092.94,High,135608.0
33-053-06815-0000,TRIANGLE USA PETROLEUM CORPORATION,2015-07-01,2025-12-01,249936.45516,17544.0,117,45018.08657799,2015-07-01,Bakken,9408.0,2015-07-05,Sand/Ceramics Mix,Bakken,Bakken,ECKERT FOUNDATION  152-102-22-15-2HX,343774.59,Medium,472486.0
33-053-06826-0000,BURLINGTON RESOURCES OIL & GAS COMPANY LP,2016-12-01,2025-12-01,446739.2811,26326.0,108,68088.90099800001,2017-03-01,Three Forks,9634.0,2016-12-06,Sand/Ceramics Mix,Three Forks,Three Forks,GUDMURI 1-1-26TFH-ULW,583612.19,High,240121.0
33-053-06859-0000,WHITING OIL AND GAS CORPORATION,2017-01-01,2025-12-01,238492.10694,28537.0,107,55494.59025549001,2017-04-01,Bakken,9102.0,2017-03-30,Sand/Ceramics Mix,Bakken,Bakken,SMOKEY 2-16-21-16H,288921.91,Medium,281939.0
33-053-06863-0000,OASIS PETROLEUM NORTH AMERICA LLC,2016-01-01,2025-12-01,179256.62999,18943.0,115,28383.3332848,2016-02-01,Three Forks,9734.0,2016-01-25,Sand/Ceramics Mix,Three Forks,Three Forks,ANDERSMADSON 5201 42-24 6T,219265.63,Medium,548890.0
33-053-06903-0000,XTO ENERGY INC,2016-03-01,2025-12-01,279462.59197,12354.0,110,60724.80522007,2017-09-01,Bakken,9444.0,2016-03-13,Sand/Resin Mix,Bakken,Bakken,RYAN 14X-9A,379051.59,Medium,304086.0
33-053-06905-0000,XTO ENERGY INC,2016-03-01,2025-12-01,283543.59080999997,20349.0,112,61193.9617317,2016-09-01,Bakken,9297.0,2016-03-15,Frac Sand,Bakken,Bakken,RYAN 14X-9B,391719.34,Medium,167495.0
33-053-06943-0000,TRIANGLE USA PETROLEUM CORPORATION,2015-11-01,2025-12-01,229148.56996,29270.0,120,48868.62682911,2015-12-01,Bakken,9386.0,2015-12-01,Sand/Ceramics Mix,Bakken,Bakken,SANDERS 150-100-9-10-4H,291608.22,Medium,208599.0
33-053-06985-0000,OASIS PETROLEUM NORTH AMERICA LLC,2016-07-01,2025-12-01,307293.11688,30126.0,114,138602.58036034,2016-08-01,Bakken,9448.0,2016-07-07,Sand/Resin Mix,Bakken,Bakken,JOHNSRUD  5198 14-18 12B,496217.03,Medium,418326.0
33-053-07015-0000,WHITING OIL AND GAS CORPORATION,2016-11-01,2025-12-01,445602.1392,34791.0,110,54330.80922291,2017-01-01,Three Forks,9197.0,2016-11-08,Sand/Ceramics Mix,Three Forks,Three Forks,KOALA 44-5TFHU,559502.0,High,404895.0
33-053-07036-0000,OASIS PETROLEUM NORTH AMERICA LLC,2016-08-01,2025-12-01,322215.93318,36407.0,110,84119.3092605,2016-09-01,Three Forks,9315.0,2016-08-22,Sand/Resin Mix,Three Forks,Three Forks,ROLFSON N  5198 12-17 5T,365132.44,Medium,395516.0
33-053-07079-0000,"HESS BAKKEN INVESTMENTS II, LLC",2016-02-01,2025-12-01,230108.71496,15771.0,118,55758.23949399,2016-06-01,Three Forks,9547.0,2016-02-28,Frac Sand,Three Forks,Three Forks,HA-CHAPIN- 152-95-2932H-6,198856.48,Medium,68051.0
33-053-07111-0000,OASIS PETROLEUM NORTH AMERICA LLC,2017-06-01,2025-12-01,325958.38802,47432.0,102,106384.3779695,2017-07-01,Bakken,9295.0,2017-06-16,Sand/Resin Mix,Bakken,Bakken,LAWLAR N 5199 42-23 4B,330448.84,Medium,486529.0
33-053-07123-0000,OASIS PETROLEUM NORTH AMERICA LLC,2017-08-01,2025-12-01,277288.89209,34830.0,95,127434.32442549999,2018-01-01,Three Forks,9459.0,2017-08-07,Sand/Resin Mix,Three Forks,Three Forks,LAWLAR N FEDERAL 5199 44-23 12TX,302517.84,Medium,439252.0
33-053-07124-0000,"HESS BAKKEN INVESTMENTS II, LLC",2015-12-01,2025-12-01,502158.68439999997,23175.0,120,168102.98779577,2016-01-01,Three Forks,9646.0,2015-12-15,Sand/Ceramics/Resin Proppant Mix,Three Forks,Three Forks,HA-SWENSON- 152-95-1819H-10,446934.25,Medium,76590.0
33-053-07130-0000,"HESS BAKKEN INVESTMENTS II, LLC",2016-05-01,2025-12-01,466617.0795,27661.0,116,105770.97336358,2016-05-01,Three Forks,8955.0,2016-05-14,Frac Sand,Three Forks,Three Forks,BB-BUDAHN- 150-95-0506H-7,561347.38,High,124976.0
33-053-07138-0000,"HESS BAKKEN INVESTMENTS II, LLC",2016-02-01,2025-12-01,225533.3951,20938.0,119,34347.292381629995,2016-03-01,Three Forks,10655.0,2016-02-27,Frac Sand,Three Forks,Three Forks,AN-EVENSON- 152-95-0310H-10,158682.56,Medium,83472.0
33-053-07188-0000,"WPX ENERGY WILLISTON, LLC",2017-06-01,2025-12-01,335060.19088999997,26410.0,100,82807.3833935,2017-11-01,Bakken,9809.0,2017-06-20,Frac Sand,Bakken,Bakken,LUCY EVANS  29-32HF,187012.27,Medium,169716.0
33-053-07191-0000,XTO ENERGY INC,2017-11-01,2025-12-01,365359.0981,31224.0,94,86183.50622829999,2017-12-01,Bakken,9488.0,2017-12-09,Frac Sand,Bakken,Bakken,LUND 21X-17A,392110.88,Medium,340528.0
33-053-07193-0000,XTO ENERGY INC,2017-12-01,2025-12-01,280139.51306,32351.0,94,67860.78500000002,2018-01-01,Bakken,9792.0,2017-12-15,Frac Sand,Bakken,Bakken,LUND 21X-17B,312420.22,Medium,373503.0
33-053-07201-0000,WHITING OIL AND GAS CORPORATION,2015-12-01,2025-12-01,179306.35197000002,19084.0,109,91564.9423892,2016-03-01,Three Forks,9444.0,2015-12-12,Sand/Ceramics Mix,Three Forks,Three Forks,CHAMELEON STATE 21-16-1TFH,204689.95,Medium,572531.0
33-053-07230-0000,NEWFIELD PRODUCTION COMPANY,2017-07-01,2025-12-01,520520.04929999996,38597.0,102,154269.53376144002,2017-08-01,Bakken,10169.0,2017-07-10,Frac Sand,Bakken,Bakken,MALM 149-98-14-23-4H,419864.25,Medium,344488.0
33-053-07252-0000,"HESS BAKKEN INVESTMENTS II, LLC",2016-07-01,2025-12-01,267642.29592,19044.0,114,55408.66717248,2016-09-01,Bakken,9673.0,2016-07-02,Frac Sand,Bakken,Bakken,HA-GRIMESTAD- 152-95-3031H-4,269017.09,Medium,61109.0
33-053-07299-0000,NEWFIELD PRODUCTION COMPANY,2017-08-01,2025-12-01,375539.35120000003,23964.0,100,65464.18708548,2017-10-01,Three Forks,10214.0,2017-08-30,Sand/Ceramics Mix,Three Forks,Three Forks,MOBERG FEDERAL 149-95-29-32-20H,260651.92,Medium,289346.0
33-053-07319-0000,ABRAXAS PETROLEUM CORP.,2017-06-01,2025-12-01,307490.53011,23623.0,102,138856.617875,2017-08-01,Bakken,9853.0,2017-06-16,Frac Sand,Bakken,Bakken,STENEHJEM 7H,377721.0,Medium,297946.0
33-053-07326-0000,QEP ENERGY COMPANY,2016-10-01,2025-12-01,289584.00811,33648.0,111,104077.8385492,2016-11-01,Bakken,9469.0,2016-10-07,Frac Sand,Bakken,Bakken,KDM 5-7-6BHD,340302.97,Medium,157783.0
33-053-07400-0000,OASIS PETROLEUM NORTH AMERICA LLC,2017-03-01,2025-12-01,520412.34436,39010.0,106,173473.5862048,2017-04-01,Bakken,9469.0,2017-03-28,Sand/Resin Mix,Bakken,Bakken,FORLAND 5198 44-33 12B,336031.38,Medium,293347.0
33-053-07478-0000,"HESS BAKKEN INVESTMENTS II, LLC",2017-02-01,2025-12-01,135965.363998,24834.0,106,18507.1665192,2017-03-01,Bakken,10038.0,2017-02-21,Frac Sand,Bakken,Bakken,BB-FEDERAL 151-95-1708H-9,137646.95,Medium,54919.0
33-053-07479-0000,"HESS BAKKEN INVESTMENTS II, LLC",2017-02-01,2025-12-01,352502.70005,27843.0,105,71740.316959,2017-05-01,Three Forks,9865.0,2017-02-25,Frac Sand,Three Forks,Three Forks,BB-FEDERAL 151-95-1708H-10,446808.13,Medium,114679.0
33-053-07486-0000,"HESS BAKKEN INVESTMENTS II, LLC",2017-04-01,2025-12-01,257581.57802000002,28695.0,102,53459.038279860004,2017-05-01,Three Forks,10047.0,2017-04-29,Frac Sand,Three Forks,Three Forks,BB-CHAPIN A- 151-95-0403H-3,326746.63,Medium,137432.0
33-053-07489-0000,"HESS BAKKEN INVESTMENTS II, LLC",2017-05-01,2025-12-01,427588.2734,30531.0,104,79033.47715605,2017-07-01,Bakken,9951.0,2017-05-12,Frac Sand,Bakken,Bakken,BB-CHAPIN A- 151-95-0403H-6,464589.97,Medium,124473.0
33-053-07543-0000,"CONTINENTAL RESOURCES, INC.",2017-09-01,2025-12-01,376330.35777,29269.0,98,75774.24188646002,2017-11-01,Three Forks,10129.0,2017-09-28,Frac Sand,Three Forks,Three Forks,TARENTAISE FEDERAL 2-19H1,437564.06,Medium,444790.0
33-053-07575-0000,OASIS PETROLEUM NORTH AMERICA LLC,2017-09-01,2025-12-01,496991.24201,34224.0,99,150687.82486566997,2017-10-01,Three Forks,9305.0,2017-09-23,Frac Sand,Three Forks,Three Forks,OYLOE 5199 14-26 12TX,444279.06,Medium,553693.0
33-053-07639-0000,"HESS BAKKEN INVESTMENTS II, LLC",2017-05-01,2025-12-01,367680.22622,23605.0,104,70021.69864791,2017-06-01,Three Forks,9727.0,2017-05-24,Frac Sand,Three Forks,Three Forks,HA-GRIMESTAD- 152-95-3031H-9,469000.38,Medium,284692.0
33-053-07669-0000,WHITING OIL AND GAS CORPORATION,2017-09-01,2025-12-01,311954.68090000004,37045.0,99,75815.19055379998,2017-11-01,Bakken,10676.0,2017-09-23,Frac Sand,Bakken,Bakken,FLATLAND 24-9-1XH,299895.69,Medium,411150.0
33-053-07670-0000,WHITING OIL AND GAS CORPORATION,2017-10-01,2025-12-01,346368.03917,33835.0,98,70194.02978334,2017-10-01,Bakken,10274.0,2017-10-04,Frac Sand,Bakken,Bakken,FLATLAND 24-9-2XH,287704.34,Medium,385000.0
33-053-07707-0000,BURLINGTON RESOURCES OIL & GAS COMPANY LP,2017-11-01,2025-12-01,703532.2906,31405.0,95,178293.31264450002,2018-01-01,Bakken,9950.0,2017-11-12,Unknown,Bakken,Bakken,LOVAAS  4-8-12 MBH,832221.13,High,201961.0
33-053-07797-0000,OASIS PETROLEUM NORTH AMERICA LLC,2017-12-01,2025-12-01,178693.47296,22433.0,88,68930.57849720001,2018-03-01,Three Forks,9905.0,2017-12-14,Sand/Resin Mix,Three Forks,Three Forks,PATSY 5198 12-17 7T,183877.03,Medium,312622.0
33-053-07803-0000,BURLINGTON RESOURCES OIL & GAS COMPANY LP,2017-08-01,2025-12-01,716493.1706000001,44280.0,95,67172.8740982,2017-11-01,Bakken,9946.0,2017-08-03,Sand/Ceramics Mix,Bakken,Bakken,VEEDER  4C MBH,844290.5,High,256250.0
33-053-07815-0000,OASIS PETROLEUM NORTH AMERICA LLC,2017-12-01,2025-12-01,395940.2607,30183.0,96,152693.66329999,2018-03-01,Bakken,10092.0,2017-12-03,Sand/Resin Mix,Bakken,Bakken,PATSY 5198 12-17 6B,653941.38,High,452424.0
33-053-04830-0000,"BRIGHAM OIL & GAS, L.P.",2014-06-01,2025-12-01,171441.06596,10635.0,128,26388.6731759,2014-07-01,Three Forks,10088.0,2014-06-07,Sand/Ceramics Mix,Three Forks,Three Forks,EDNA 11-2 4TFH,247473.47,Medium,465300.0
33-053-05187-0000,STATOIL OIL & GAS LP,2014-11-01,2025-12-01,353416.63472,19847.0,110,58746.12731370001,2016-03-01,Three Forks,11289.0,2014-11-17,Sand/Ceramics Mix,Three Forks,Three Forks,JOHNSTON 7-6 #3TFH,242426.73,Medium,269120.0
33-053-05202-0000,TRUE OIL LLC,2014-01-01,2025-12-01,105094.30801000001,6476.0,131,21680.22607,2014-02-01,Bakken,3859.0,2014-01-23,Ceramics,Bakken,Bakken,TRUE FEDERAL 33-35 2H MB1,144219.11,Medium,38557.0
33-053-05232-0000,"EMERALD OIL, INC",2014-05-01,2025-12-01,245413.66288999998,17165.0,140,25565.80198591,2014-05-01,Bakken,10230.0,2014-05-09,Ceramics,Bakken,Bakken,CAPER 2-15-22H,294540.56,Medium,428451.0
33-053-05287-0000,NEWFIELD PRODUCTION COMPANY,2014-05-01,2025-12-01,264809.0453,16762.0,137,65108.73243068,2014-05-01,Three Forks,10506.0,2014-04-30,Sand/Ceramics Mix,Three Forks,Three Forks,WAHUS STATE 152-97-12-1-11H,358036.59,Medium,120211.0
33-053-05522-0000,BURLINGTON RESOURCES OIL & GAS COMPANY LP,2014-07-01,2025-12-01,318177.1572,15519.0,133,31640.02285344,2015-03-01,Bakken,9887.0,2014-07-23,Sand/Ceramics Mix,Bakken,Bakken,DENALI 21-4MBH,442245.81,Medium,60514.0
33-053-05578-0000,"PETRO-HUNT, L.L.C.",2015-02-01,2025-12-01,340814.45204,17736.0,128,61739.8931475,2015-03-01,Three Forks,4998.0,2015-02-26,Sand/Ceramics Mix,Three Forks,Three Forks,SHERVEN TRUST 153-95-27D-6H,426994.09,Medium,56647.0
33-053-05623-0000,NEWFIELD PRODUCTION COMPANY,2014-06-01,2025-12-01,260787.35687000002,19731.0,139,53032.81720785001,2014-06-01,Bakken,9631.0,2014-06-03,Sand/Ceramics Mix,Bakken,Bakken,CRAIG SKAAR 150-99-15-22-4H,337427.22,Medium,128280.0
33-053-05633-0000,XTO ENERGY INC,2015-07-01,2025-12-01,163224.55805,8560.0,108,48323.05488928999,2015-07-01,Three Forks,9376.0,2015-07-23,Sand/Ceramics Mix,Three Forks,Three Forks,GUY FEDERAL 24X-35F2,222707.08,Medium,279145.0
33-053-05634-0000,WHITING OIL AND GAS CORPORATION,2014-10-01,2025-12-01,713671.54706,61727.0,132,278557.8362571,2014-10-01,Three Forks,10415.0,2014-09-04,Sand/Ceramics Mix,Three Forks,Three Forks,FLATLAND FEDERAL 11-4TFH,722384.81,High,119993.0
33-053-05660-0000,BURLINGTON RESOURCES OIL & GAS COMPANY LP,2015-01-01,2025-12-01,153465.60593999998,14198.0,107,18651.99300804,2015-01-01,Three Forks,9535.0,2015-01-09,Sand/Ceramics Mix,Three Forks,Three Forks,HAYMAKER 11-15TFH,83555.648,Low,121429.0
33-053-05693-0000,BURLINGTON RESOURCES OIL & GAS COMPANY LP,2014-12-01,2025-12-01,279627.71812,17166.0,125,47758.770442839996,2015-06-01,Bakken,9197.0,2014-11-08,Sand/Ceramics Mix,Bakken,Bakken,HAYMAKER 21-15MBH,205549.36,Medium,198406.0
33-053-05694-0000,QEP ENERGY COMPANY,2014-07-01,2025-12-01,388163.51406,25727.0,138,37763.748733340006,2014-10-01,Three Forks,9955.0,2014-07-09,Frac Sand,Three Forks,Three Forks,OTIS 28-29-32-33LL,153566.02,Medium,141378.0
33-053-05838-0000,"HESS BAKKEN INVESTMENTS II, LLC",2015-03-01,2025-12-01,283445.36991999997,31038.0,128,64347.990464381,2015-03-01,Bakken,9731.0,2015-03-07,Frac Sand,Bakken,Bakken,HA-ROLFSRUD- 152-96-1720H-3,347699.84,Medium,52384.0
33-053-05927-0000,BURLINGTON RESOURCES OIL & GAS COMPANY LP,2015-03-01,2025-12-01,498294.7485,27040.0,121,65494.391469500006,2015-07-01,Bakken,10172.0,2015-03-07,Sand/Ceramics Mix,Bakken,Bakken,LILLIBRIDGE 41-27MBH,241990.08,Medium,82481.0
33-053-06017-0000,QEP ENERGY COMPANY,2014-08-01,2025-12-01,342663.14502,27895.0,136,39937.47047480001,2014-09-01,Three Forks,4715.0,2014-08-27,Frac Sand,Three Forks,Three Forks,MOBERG 18-13LL,128149.64,Medium,83074.0
33-053-06258-0000,XTO ENERGY INC,2015-10-01,2025-12-01,501766.0361,28182.0,121,53470.17905689999,2016-02-01,Bakken,10078.0,2015-10-31,Frac Sand,Bakken,Bakken,JOHNSRUD FEDERAL 34X-14D,638337.69,High,99209.0
33-053-06274-0000,BURLINGTON RESOURCES OIL & GAS COMPANY LP,2015-07-01,2025-12-01,251124.84785,14632.0,119,39204.119323759995,2015-12-01,Bakken,9295.0,2015-07-30,Sand/Ceramics Mix,Bakken,Bakken,KINGS CANYON 4-8-34MBH,148498.61,Medium,88240.0
33-053-06296-0000,BURLINGTON RESOURCES OIL & GAS COMPANY LP,2015-07-01,2025-12-01,232370.47602,17209.0,121,25735.05710148,2015-11-01,Three Forks,11342.0,2015-07-15,Sand/Ceramics Mix,Three Forks,Three Forks,TETON 8-8-10TFSH,283891.59,Medium,146517.0
33-053-06425-0000,BURLINGTON RESOURCES OIL & GAS COMPANY LP,2015-11-01,2025-12-01,348370.78981,14866.0,118,36521.98556141001,2016-03-01,Three Forks,10095.0,2015-11-26,Sand/Ceramics Mix,Three Forks,Three Forks,MORGAN 41-28TFH ULW,99585.313,Low,108938.0
33-053-06505-0000,"HESS BAKKEN INVESTMENTS II, LLC",2015-08-01,2025-12-01,350304.46694,36467.0,125,50461.270873069996,2015-08-01,Bakken,9193.0,2015-08-07,Frac Sand,Bakken,Bakken,BB-OLE ANDERSON- 151-95-3130H-4,430239.78,Medium,42406.0
33-053-06571-0000,BURLINGTON RESOURCES OIL & GAS COMPANY LP,2017-01-01,2025-12-01,506967.5374,26729.0,107,91685.29024544,2017-08-01,Three Forks,10526.0,2017-01-21,Sand/Ceramics Mix,Three Forks,Three Forks,OLD HICKORY 42-32TFH,380185.0,Medium,175746.0
33-053-06577-0000,BURLINGTON RESOURCES OIL & GAS COMPANY LP,2015-11-01,2025-12-01,218563.69215000002,18643.0,100,90655.24741452,2016-01-01,Three Forks,10055.0,2015-11-24,Sand/Ceramics Mix,Three Forks,Three Forks,OLD HICKORY 43-32TFH,306972.56,Medium,85290.0
33-053-06788-0000,OASIS PETROLEUM NORTH AMERICA LLC,2016-03-01,2025-12-01,218991.67119,15504.0,116,42340.12578761,2016-06-01,Three Forks,10016.0,2016-03-29,Sand/Ceramics Mix,Three Forks,Three Forks,HYSTED 5201 14-25 5TX,192601.67,Medium,557202.0
33-053-06858-0000,WHITING OIL AND GAS CORPORATION,2017-03-01,2025-12-01,143773.02796,18257.0,100,23976.815599179998,2017-05-01,Three Forks,9276.0,2017-03-25,Sand/Ceramics Mix,Three Forks,Three Forks,SMOKEY 2-16-21-16H3,156049.89,Medium,252106.0
33-053-06883-0000,WHITING OIL AND GAS CORPORATION,2016-11-01,2025-12-01,349112.60375999997,29034.0,110,57008.65169181,2017-01-01,Bakken,9100.0,2016-11-04,Sand/Ceramics Mix,Bakken,Bakken,KOALA 44-5-3H,399351.59,Medium,327477.0
33-053-07158-0000,WHITING OIL AND GAS CORPORATION,2016-09-01,2025-12-01,403803.3049,45526.0,111,239995.22830033998,2016-10-01,Three Forks,9333.0,2016-09-29,Sand/Ceramics Mix,Three Forks,Three Forks,ROLLA FEDERAL 21-3-3TFH,509530.84,High,147734.0
33-053-07170-0000,"HESS BAKKEN INVESTMENTS II, LLC",2017-05-01,2025-12-01,329959.5671,23587.0,104,83787.90368167001,2017-05-01,Bakken,9601.0,2017-05-02,Frac Sand,Bakken,Bakken,HA-STATE- LW-152-95-1621H-1,515874.0,High,90860.0
33-053-07427-0000,"CONTINENTAL RESOURCES, INC.",2017-07-01,2025-12-01,391568.26333,26475.0,93,82165.9654557,2017-10-01,Bakken,15352.0,2017-07-17,Sand/Ceramics Mix,Bakken,Bakken,HEREFORD FEDERAL 5-20H,448910.16,Medium,348086.0
33-053-07503-0000,"EOG RESOURCES, INC.",2016-12-01,2025-12-01,829268.0334,57779.0,109,194716.63065724,2017-01-01,Bakken,9476.0,2016-12-03,Frac Sand,Bakken,Bakken,MANDAREE 31-0706H,1023501.0,High,639813.0
33-053-04924-0000,KODIAK OIL & GAS (USA) INC.,2015-05-01,2025-12-01,270343.02517000004,18248.0,120,59875.18414750001,2015-08-01,Bakken,8880.0,2015-05-25,Sand/Ceramics Mix,Bakken,Bakken,SMOKEY 4-15-22-14H,351744.53,Medium,180969.0
33-053-05036-0000,STATOIL OIL & GAS LP,2014-06-01,2025-12-01,252559.86299,10500.0,139,30050.27499581,2014-08-01,Three Forks,10066.0,2014-06-21,Sand/Ceramics Mix,Three Forks,Three Forks,MARGARET 5-8 #3TFH-R,360667.19,Medium,715584.0
33-053-05669-0000,BURLINGTON RESOURCES OIL & GAS COMPANY LP,2015-01-01,2025-12-01,212148.10382000002,13526.0,130,50109.733011000004,2015-02-01,Bakken,9722.0,2015-01-16,Sand/Ceramics Mix,Bakken,Bakken,BULLRUSH 34-10MBH-B,259998.73,Medium,116777.0
33-053-06733-0000,NEWFIELD PRODUCTION COMPANY,2015-10-01,2025-12-01,346785.88017,19709.0,119,56489.54249298001,2015-10-01,Three Forks,9981.0,2015-10-11,Frac Sand,Three Forks,Three Forks,SKAAR FEDERAL 153-96-28-21-11H,416250.63,Medium,149198.0
33-053-06917-0000,ABRAXAS PETROLEUM CORP.,2016-08-01,2025-12-01,273033.23615,19448.0,112,111224.769522,2016-09-01,Bakken,9444.0,2016-08-13,Sand/Ceramics Mix,Bakken,Bakken,STENEHJEM 15H,424252.81,Medium,237181.0
33-053-07142-0000,QEP ENERGY COMPANY,2016-03-01,2025-12-01,205032.9039,10402.0,117,37195.6924054,2016-08-01,Three Forks,9327.0,2016-03-25,Frac Sand,Three Forks,Three Forks,ERNIE 6-2-11THD,262090.86,Medium,233651.0
33-053-04726-0000,"CONTINENTAL RESOURCES, INC.",2014-02-01,2025-12-01,286185.30006,20216.0,140,50037.92703399001,2014-09-01,Three Forks,10002.0,2014-02-22,Sand/Ceramics Mix,Three Forks,Three Forks,ROLLEFSTAD FEDERAL 7-3H-1,366861.09,Medium,126994.0
33-053-05463-0000,KODIAK OIL & GAS (USA) INC.,2015-05-01,2025-12-01,248136.17406,22959.0,97,34807.08680869,2015-06-01,Bakken,9150.0,2015-05-25,Sand/Ceramics Mix,Bakken,Bakken,SMOKEY 4-15-22-14H3,137918.84,Medium,137749.0
33-053-06710-0000,"PETRO-HUNT, L.L.C.",2017-08-01,2025-12-01,647757.493,18351.0,93,107689.46095984,2018-12-01,Bakken,9657.0,2017-08-28,Sand/Ceramics Mix,Bakken,Bakken,USA 153-95-9C-4-3H,397936.19,Medium,146826.0
33-053-06890-0000,OASIS PETROLEUM NORTH AMERICA LLC,2016-04-01,2025-12-01,128122.71899,13081.0,117,40235.13745685999,2016-04-01,Three Forks,9266.0,2016-04-11,Sand/Resin Mix,Three Forks,Three Forks,LEFTY 5200 12-30 8T,157106.89,Medium,510593.0
33-053-03639-0000,ENERPLUS RESOURCES USA CORPORATION,2014-01-01,2025-12-01,408650.1038,29791.0,140,67741.75495286999,2014-02-01,Bakken,5265.0,2014-01-24,Frac Sand,Bakken,Bakken,HALL #5-11H,177590.52,Medium,157526.0
33-053-03850-0000,"PETRO-HUNT, L.L.C.",2014-05-01,2025-12-01,489203.56373,29564.0,129,43576.198711499994,2014-07-01,Bakken,9427.0,2014-05-16,Sand/Ceramics Mix,Bakken,Bakken,FORT BERTHOLD 152-93-9C-10-4H,593656.31,High,398947.0
33-053-04102-0000,"CONTINENTAL RESOURCES, INC.",2014-11-01,2025-12-01,856447.8718000001,35404.0,129,59418.08736170999,2015-05-01,Bakken,9360.0,2014-11-28,Sand/Ceramics Mix,Bakken,Bakken,ANTELOPE 2-23H,1021819.3,High,341864.0
33-053-04215-0000,SM ENERGY COMPANY,2014-04-01,2025-12-01,290167.06096000003,19444.0,134,46247.28818243,2014-05-01,Bakken,9992.0,2014-04-06,Frac Sand,Bakken,Bakken,DOROTHY 16-12H,340204.81,Medium,152324.0
33-053-04237-0000,"BRIGHAM OIL & GAS, L.P.",2014-10-01,2025-12-01,295295.55993,21116.0,134,43071.61910240999,2014-11-01,Bakken,9498.0,2014-10-29,Sand/Ceramics Mix,Bakken,Bakken,TIMBER CREEK 13-24 2H,362491.19,Medium,318369.0
33-053-04335-0000,TRIANGLE USA PETROLEUM CORPORATION,2014-09-01,2025-12-01,240959.5349,16043.0,125,49639.82889909999,2014-09-01,Bakken,9554.0,2014-09-06,Sand/Ceramics Mix,Bakken,Bakken,ROWE 150-101-1-12-4H,94822.375,Low,205156.0
33-053-04536-0000,"PETRO-HUNT, L.L.C.",2014-03-01,2025-12-01,426626.118,34169.0,132,50300.6418372,2014-04-01,Bakken,10801.0,2014-03-06,Sand/Ceramics Mix,Bakken,Bakken,FORT BERTHOLD 152-93-7D-6-3H,452540.16,Medium,330462.0
33-053-04621-0000,"CONTINENTAL RESOURCES, INC.",2014-02-01,2025-12-01,452821.51298,26814.0,139,134978.5606205,2014-03-01,Bakken,9414.0,2014-01-02,Sand/Ceramics Mix,Bakken,Bakken,DURHAM  4-2H,539760.0,High,271531.0
33-053-04633-0000,"CONTINENTAL RESOURCES, INC.",2014-06-01,2025-12-01,189110.867998,16486.0,128,57968.617733180006,2014-07-01,Three Forks,9494.0,2014-06-17,Frac Sand,Three Forks,Three Forks,NORFOLK 5-1H,198808.89,Medium,392148.0
33-053-04650-0000,"PETRO-HUNT, L.L.C.",2014-06-01,2025-12-01,185698.29708,21272.0,138,45586.960324499996,2014-07-01,Three Forks,3991.0,2014-06-28,Sand/Ceramics Mix,Three Forks,Three Forks,CLEAR CREEK 152-96-34B-6H,214732.91,Medium,54156.0
33-053-04699-0000,"ZAVANNA, LLC",2017-12-01,2025-12-01,416882.1151,30274.0,88,142078.14153726998,2018-03-01,Bakken,2538.0,2017-12-08,Frac Sand,Bakken,Bakken,USHER 28-21 1H,531854.56,High,461761.0
33-053-04730-0000,"CONTINENTAL RESOURCES, INC.",2014-02-01,2025-12-01,45762.26897,2783.0,79,14536.171126369998,2014-05-01,Three Forks,9443.0,2014-02-28,Frac Sand,Three Forks,Three Forks,WAHPETON 14-16H2,54190.324,Low,111918.0
33-053-04770-0000,"PETRO-HUNT, L.L.C.",2014-05-01,2025-12-01,349422.41807,20816.0,140,30217.794579099995,2014-06-01,Bakken,10423.0,2014-05-20,Sand/Ceramics Mix,Bakken,Bakken,ROEN FEDERAL 24-10H,398115.84,Medium,407475.0
33-053-04834-0000,"BRIGHAM OIL & GAS, L.P.",2014-05-01,2025-12-01,77765.94102,2911.0,110,20079.06428501,2018-02-01,Three Forks,9220.0,2014-05-14,Sand/Ceramics Mix,Three Forks,Three Forks,BILL 14-23 5TFH,110500.88,Medium,478096.0
33-053-04838-0000,"CONTINENTAL RESOURCES, INC.",2014-10-01,2025-12-01,342039.62685,17989.0,134,62250.164011669985,2014-12-01,Bakken,9578.0,2014-10-24,Sand/Ceramics Mix,Bakken,Bakken,BJARNE 3-29H,419245.5,Medium,269872.0
33-053-04860-0000,"WPX ENERGY WILLISTON, LLC",2014-09-01,2025-12-01,526565.4027,27711.0,136,57612.940057299995,2014-10-01,Three Forks,9414.0,2014-09-09,Sand/Ceramics Mix,Three Forks,Three Forks,MORSETTE 35-26HZ,657721.63,High,302937.0
33-053-04895-0000,XTO ENERGY INC,2014-03-01,2025-12-01,424452.28107,34284.0,141,54399.2723717,2014-05-01,Bakken,9380.0,2014-03-22,Sand/Ceramics Mix,Bakken,Bakken,BULLY FEDERAL 44X-20A,521714.31,High,132262.0
33-053-04911-0000,"PETRO-HUNT, L.L.C.",2014-04-01,2025-12-01,293668.7329,16206.0,140,30388.491211010005,2014-05-01,Bakken,9348.0,2014-04-17,Sand/Ceramics Mix,Bakken,Bakken,GLOVATSKY 145-98-24D-13-1H,316929.41,Medium,405287.0
33-053-05000-0000,STATOIL OIL & GAS LP,2014-05-01,2025-12-01,349088.88495,19722.0,139,43917.56641487,2014-07-01,Bakken,9479.0,2014-05-25,Sand/Ceramics Mix,Bakken,Bakken,BILL 14-23 6H,432124.22,Medium,548187.0
33-053-05016-0000,BURLINGTON RESOURCES OIL & GAS COMPANY LP,2014-01-01,2025-12-01,370383.6218,20238.0,132,38277.72530337,2014-07-01,Three Forks,10306.0,2014-01-17,Sand/Ceramics Mix,Three Forks,Three Forks,SUNLINE 31-1TFH-7SH,521103.16,High,112757.0
33-053-05020-0000,HESS CORPORATION,2014-06-01,2025-12-01,320958.1297,28262.0,137,32661.75125676,2014-07-01,Bakken,9307.0,2014-06-30,Frac Sand,Bakken,Bakken,BW-JOHNSON 149-99-1003H-3,459586.0,Medium,120910.0
33-053-05053-0000,KODIAK OIL & GAS (USA) INC.,2014-03-01,2025-12-01,278957.53602999996,15795.0,124,70039.26122654,2014-03-01,Bakken,8547.0,2014-03-05,Sand/Ceramics Mix,Bakken,Bakken,KOALA WOLD 153-97-1-5-29-2H,358535.5,Medium,324894.0
33-053-05070-0000,BURLINGTON RESOURCES OIL & GAS COMPANY LP,2014-05-01,2025-12-01,282433.34716,19761.0,123,44620.993927489995,2014-09-01,Three Forks,9577.0,2014-05-28,Sand/Ceramics Mix,Three Forks,Three Forks,RISING SUN 21-1TFH-4NH,381375.72,Medium,126067.0
33-053-05071-0000,BURLINGTON RESOURCES OIL & GAS COMPANY LP,2014-06-01,2025-12-01,340530.5883,19324.0,136,57471.10617207,2014-09-01,Three Forks,9332.0,2014-06-07,Sand/Ceramics Mix,Three Forks,Three Forks,SUNLINE 21-1TFH-4SH,469977.06,Medium,114287.0
33-053-05082-0000,STATOIL OIL & GAS LP,2016-03-01,2025-12-01,370164.012,26257.0,99,47237.52713395,2016-08-01,Bakken,10995.0,2016-03-09,Sand/Ceramics Mix,Bakken,Bakken,SKARSTON 1-12 #7H,523045.91,High,315184.0
33-053-05087-0000,QEP ENERGY COMPANY,2014-01-01,2025-12-01,400691.08900000004,17666.0,141,82960.9050849,2014-03-01,Bakken,9797.0,2014-01-12,Sand/Ceramics Mix,Bakken,Bakken,ZORRO 3-35-26BH,549859.13,High,91914.0
33-053-05114-0000,QEP ENERGY COMPANY,2014-04-01,2025-12-01,532454.9122,32584.0,140,78862.82206749999,2014-05-01,Bakken,9636.0,2014-04-28,Sand/Ceramics/Resin Proppant Mix,Bakken,Bakken,PONCHO 1-3-10BH,648177.75,High,338693.0
33-053-05127-0000,"ZENERGY, INC",2014-03-01,2025-12-01,181908.30359999998,10830.0,141,22178.16328372,2014-03-01,Three Forks,9310.0,2014-03-10,Frac Sand,Three Forks,Three Forks,KELTER FEDERAL 7-1HTF3,299651.59,Medium,210884.0
33-053-05136-0000,HESS CORPORATION,2014-04-01,2025-12-01,227394.00309,26913.0,141,56802.70519837,2014-05-01,Three Forks,9717.0,2014-04-28,Frac Sand,Three Forks,Three Forks,HA-CHAPIN 152-95-3229H-5,256927.42,Medium,66549.0
33-053-05184-0000,STATOIL OIL & GAS LP,2014-11-01,2025-12-01,486709.2899,22807.0,114,66760.24628934,2015-07-01,Bakken,10815.0,2014-11-27,Sand/Ceramics Mix,Bakken,Bakken,JOHNSTON 7-6 #6H,339357.63,Medium,249571.0
33-053-05186-0000,STATOIL OIL & GAS LP,2015-05-01,2025-12-01,521563.672,25718.0,112,86709.4076714,2015-07-01,Bakken,11195.0,2015-05-02,Sand/Ceramics Mix,Bakken,Bakken,JOHNSTON 7-6 #4H,651025.94,High,320114.0
33-053-05191-0000,BURLINGTON RESOURCES OIL & GAS COMPANY LP,2014-04-01,2025-12-01,417573.15502,24861.0,131,75600.54712948999,2014-07-01,Bakken,9455.0,2014-04-01,Sand/Ceramics Mix,Bakken,Bakken,CRATER LAKE 41-14MBH,499438.25,Medium,110220.0
33-053-05211-0000,BURLINGTON RESOURCES OIL & GAS COMPANY LP,2015-06-01,2025-12-01,471589.8824,20200.0,115,58088.702808500006,2016-01-01,Three Forks,8293.0,2015-06-15,Sand/Ceramics Mix,Three Forks,Three Forks,HARLEY 41-2TFH,258606.92,Medium,259766.0
33-053-05227-0000,WHITING OIL AND GAS CORPORATION,2014-05-01,2025-12-01,128768.80199,10329.0,140,16250.39158826,2014-06-01,Bakken,9984.0,2014-05-26,Frac Sand,Bakken,Bakken,SCHLOTHAUER 24-8-2H,147143.63,Medium,144641.0
33-053-05228-0000,NEWFIELD PRODUCTION COMPANY,2014-01-01,2025-12-01,274564.24283,14286.0,142,38964.67927947,2014-02-01,Bakken,10238.0,2014-01-13,Sand/Ceramics Mix,Bakken,Bakken,EIDE 150-99-7-6-3H,110813.01,Medium,103266.0
33-053-05231-0000,SM ENERGY COMPANY,2014-12-01,2025-12-01,205605.28100000002,11303.0,133,19828.168639469997,2014-12-01,Bakken,9796.0,2014-12-11,Frac Sand,Bakken,Bakken,OAKLAND FEDERAL 1-1H,241968.44,Medium,246695.0
33-053-05244-0000,QEP ENERGY COMPANY,2014-06-01,2025-12-01,331145.31192999997,23063.0,139,26604.8038396,2014-06-01,Bakken,9930.0,2014-06-03,Sand/Ceramics Mix,Bakken,Bakken,VEEDER 3-27-34BH,82707.758,Low,126278.0
33-053-05261-0000,WHITING OIL AND GAS CORPORATION,2014-01-01,2025-12-01,221325.02491,14483.0,139,35288.52632649,2014-02-01,Bakken,9499.0,2014-01-18,Sand/Ceramics Mix,Bakken,Bakken,NORGARD 21-13-2H,283057.78,Medium,203563.0
33-053-05273-0000,XTO ENERGY INC,2014-05-01,2025-12-01,361337.55999,12537.0,137,61858.483329999995,2015-03-01,Bakken,4998.0,2014-05-22,Sand/Ceramics Mix,Bakken,Bakken,BRODERSON 31X-27D,455317.69,Medium,164497.0
33-053-05277-0000,NEWFIELD PRODUCTION COMPANY,2014-02-01,2025-12-01,156919.33903,11202.0,123,32721.13810284,2014-03-01,Three Forks,8911.0,2014-02-18,Sand/Ceramics Mix,Three Forks,Three Forks,WISNESS STATE 152-96-21-16-10H,76281.406,Low,65610.0
33-053-05293-0000,QEP ENERGY COMPANY,2014-05-01,2025-12-01,300803.55913,28302.0,132,33519.7005046,2014-05-01,Three Forks,9752.0,2014-05-03,Sand/Ceramics Mix,Three Forks,Three Forks,TAT 2-33-28TH,347317.47,Medium,191065.0
33-053-05305-0000,"CONTINENTAL RESOURCES, INC.",2014-09-01,2025-12-01,333230.42427,23470.0,133,67087.74104936999,2014-11-01,Bakken,9627.0,2014-09-26,Frac Sand,Bakken,Bakken,JERRY 6-8H,378200.78,Medium,307941.0
33-053-05331-0000,NEWFIELD PRODUCTION COMPANY,2014-05-01,2025-12-01,258758.99891999998,19267.0,138,46411.373553859994,2014-06-01,Bakken,9948.0,2014-05-30,Sand/Ceramics Mix,Bakken,Bakken,HOFFMANN FEDERAL 149-98-11-2-3H,125513.51,Medium,140159.0
33-053-05332-0000,ENERPLUS RESOURCES USA CORPORATION,2014-06-01,2025-12-01,725983.9381500001,41464.0,139,101953.1159685,2014-06-01,Bakken,13868.0,2014-06-07,Sand/Ceramics Mix,Bakken,Bakken,COURAGE 150-94-06A-18H,303784.28,Medium,279303.0
33-053-05336-0000,NEWFIELD PRODUCTION COMPANY,2014-07-01,2025-12-01,294246.93796,21807.0,138,62743.94632426,2014-08-01,Bakken,9974.0,2014-07-28,Sand/Ceramics Mix,Bakken,Bakken,HOFFMAN 149-98-14-23-2H,385620.06,Medium,147339.0
33-053-05353-0000,XTO ENERGY INC,2014-10-01,2025-12-01,343864.85809,25954.0,134,70361.6661435,2014-12-01,Bakken,9829.0,2014-10-14,Sand/Ceramics Mix,Bakken,Bakken,JAN 14X-34A,406770.25,Medium,191591.0
33-053-05392-0000,"EOG RESOURCES, INC.",2014-09-01,2025-12-01,185578.39788,22035.0,118,31978.981406209998,2014-10-01,Three Forks,4891.0,2014-09-28,Frac Sand,Three Forks,Three Forks,MANDAREE 135-05H,144071.28,Medium,266642.0
33-053-05404-0000,"HRC OPERATING, LLC",2014-07-01,2025-12-01,414658.40925,39703.0,135,45631.1406602,2014-08-01,Three Forks,9754.0,2014-07-24,Sand/Resin Mix,Three Forks,Three Forks,FORT BERTHOLD 152-94-24D-13-6H,482182.06,Medium,336082.0
33-053-05411-0000,"SHD OIL & GAS, LLC",2014-11-01,2025-12-01,149994.430991,16444.0,123,21426.70092369,2015-05-01,Bakken,4292.0,2014-11-18,Ceramics,Bakken,Bakken,MARC 13-36H,158081.53,Medium,124907.0
33-053-05413-0000,SINCLAIR OIL & GAS COMPANY,2017-07-01,2025-12-01,180762.99404,19000.0,92,60553.8381251,2017-08-01,Bakken,8818.0,2017-07-11,Frac Sand,Bakken,Bakken,ERSA FEDERAL 2-4H,208801.36,Medium,258414.0
33-053-05421-0000,QEP ENERGY COMPANY,2014-07-01,2025-12-01,575445.87488,33176.0,138,73318.041702,2014-08-01,Bakken,10015.0,2014-07-02,Frac Sand,Bakken,Bakken,OTIS 3-28-33BH,647099.81,High,170796.0
33-053-05426-0000,SM ENERGY COMPANY,2014-06-01,2025-12-01,260449.08003,18043.0,137,54183.58872262,2014-07-01,Bakken,9993.0,2014-06-12,Frac Sand,Bakken,Bakken,BONNER 9-12H,305335.91,Medium,134414.0
33-053-05445-0000,TRIANGLE USA PETROLEUM CORPORATION,2014-05-01,2025-12-01,208170.95192,17015.0,132,50518.10712634,2014-06-01,Bakken,9508.0,2014-05-17,Sand/Ceramics Mix,Bakken,Bakken,HAGEN 149-100-9-4-5H,76657.563,Low,195735.0
33-053-05472-0000,HESS CORPORATION,2014-10-01,2025-12-01,210303.98697,18845.0,134,52328.54458234,2014-10-01,Three Forks,10231.0,2014-10-12,Sand/Ceramics/Resin Proppant Mix,Three Forks,Three Forks,HA-NELSON- 152-95-3328H-6,261271.23,Medium,69683.0
33-053-05505-0000,BURLINGTON RESOURCES OIL & GAS COMPANY LP,2014-09-01,2025-12-01,295144.9985,17078.0,120,37355.70709765,2014-11-01,Three Forks,9945.0,2014-09-04,Sand/Ceramics/Resin Proppant Mix,Three Forks,Three Forks,DENALI  11-4TFH,117505.02,Medium,83257.0
33-053-05569-0000,BURLINGTON RESOURCES OIL & GAS COMPANY LP,2016-05-01,2025-12-01,646905.1873,25557.0,110,162440.46405900997,2017-03-01,Three Forks,9483.0,2016-05-22,Sand/Ceramics Mix,Three Forks,Three Forks,STAFFORD 14-34TFH,1021516.7,High,167995.0
33-053-05571-0000,"EMERALD OIL, INC",2014-12-01,2025-12-01,209432.43180999998,10958.0,133,36675.78821404999,2015-01-01,Bakken,9513.0,2014-12-19,Ceramics,Bakken,Bakken,SLUGGER 7-16-21H,261824.55,Medium,397930.0
33-053-05576-0000,"PETRO-HUNT, L.L.C.",2014-10-01,2025-12-01,286901.35899,22729.0,134,86589.233841,2014-10-01,Bakken,9216.0,2014-10-12,Sand/Ceramics Mix,Bakken,Bakken,BRENNA 152-96-24C-13-1HS,234130.58,Medium,117250.0
33-053-05607-0000,WHITING OIL AND GAS CORPORATION,2014-09-01,2025-12-01,259972.80483,16679.0,136,49196.514351670005,2014-09-01,Bakken,9179.0,2014-09-21,Sand/Ceramics Mix,Bakken,Bakken,SOVIG 24-22H,317398.78,Medium,209089.0
33-053-05621-0000,"HESS BAKKEN INVESTMENTS II, LLC",2014-12-01,2025-12-01,353268.5366,26395.0,133,72145.86900308,2015-01-01,Three Forks,9808.0,2014-12-17,Frac Sand,Three Forks,Three Forks,BB-BUDAHN A- 150-95-0403H-7,499282.91,Medium,60735.0
33-053-05643-0000,"CONTINENTAL RESOURCES, INC.",2015-02-01,2025-12-01,340555.967986,19118.0,124,90244.57119100001,2016-03-01,Bakken,9059.0,2015-02-01,Sand/Ceramics Mix,Bakken,Bakken,LANSING 3-25AH,348214.47,Medium,356536.0
33-053-05657-0000,BURLINGTON RESOURCES OIL & GAS COMPANY LP,2014-09-01,2025-12-01,445388.0287,29828.0,125,64162.75239618,2015-03-01,Bakken,10773.0,2014-09-06,Sand/Ceramics Mix,Bakken,Bakken,SEQUOIA 31-4MBH,623698.31,High,92346.0
33-053-05670-0000,BURLINGTON RESOURCES OIL & GAS COMPANY LP,2015-01-01,2025-12-01,169933.95623,11285.0,125,38489.70823661,2015-02-01,Three Forks,9706.0,2015-01-23,Sand/Ceramics Mix,Three Forks,Three Forks,BULLRUSH 34-10TFH-B,233118.7,Medium,204084.0
33-053-05671-0000,BURLINGTON RESOURCES OIL & GAS COMPANY LP,2015-01-01,2025-12-01,255035.71576,14259.0,118,90227.35939842,2015-10-01,Bakken,9951.0,2015-01-29,Sand/Ceramics Mix,Bakken,Bakken,BULLRUSH 44-10MBH,305280.47,Medium,107170.0
33-053-05675-0000,"EMERALD OIL, INC",2014-07-01,2025-12-01,175379.25897,13302.0,135,24036.06736946,2014-07-01,Bakken,8774.0,2014-07-06,Ceramics,Bakken,Bakken,BILLY RAY VALENTINE 3-8-5H,216415.95,Medium,334746.0
33-053-05678-0000,QEP ENERGY COMPANY,2014-07-01,2025-12-01,508750.74919999996,33491.0,138,73416.57873739999,2014-08-01,Three Forks,10075.0,2014-07-22,Sand/Resin Mix,Three Forks,Three Forks,MOBERG 2-17-16TH,653490.5,High,179606.0
33-053-05685-0000,"HESS BAKKEN INVESTMENTS II, LLC",2014-06-01,2025-12-01,413580.0439,21205.0,136,84909.49931648,2014-06-01,Three Forks,9133.0,2014-06-11,Sand/Ceramics Mix,Three Forks,Three Forks,HA-SWENSON- 152-95-1819H-6,237560.97,Medium,51130.0
33-053-05698-0000,BURLINGTON RESOURCES OIL & GAS COMPANY LP,2014-12-01,2025-12-01,269725.69209,20070.0,122,64213.02145706001,2015-06-01,Bakken,9596.0,2014-12-16,Sand/Ceramics Mix,Bakken,Bakken,HAYMAKER 44-22MBH-B,350729.06,Medium,125985.0
33-053-05705-0000,NEWFIELD PRODUCTION COMPANY,2014-08-01,2025-12-01,275712.42978,16762.0,137,44768.64562543001,2014-08-01,Bakken,10074.0,2014-08-05,Frac Sand,Bakken,Bakken,FLECK 150-100-12-1-2H,130850.47,Medium,141276.0
33-053-05719-0000,"HESS BAKKEN INVESTMENTS II, LLC",2014-12-01,2025-12-01,204768.49015,20812.0,131,33397.42521,2014-12-01,Three Forks,10802.0,2014-12-08,Frac Sand,Three Forks,Three Forks,AN-EVENSON- 152-95-1003H-6,258128.58,Medium,54296.0
33-053-05734-0000,BURLINGTON RESOURCES OIL & GAS COMPANY LP,2014-10-01,2025-12-01,308139.28602999996,18580.0,128,60879.379872740006,2015-02-01,Bakken,9523.0,2014-10-01,Sand/Ceramics Mix,Bakken,Bakken,ROLFSRUD BULL 44-10MBH ULW,417053.03,Medium,128990.0
33-053-05759-0000,TRIANGLE USA PETROLEUM CORPORATION,2014-07-01,2025-12-01,137199.49396,10775.0,130,21722.09816168,2014-09-01,Three Forks,9506.0,2014-07-27,Sand/Ceramics Mix,Three Forks,Three Forks,ECKERT FOUNDATION 152-102-22-15-9TFH,156655.86,Medium,517980.0
33-053-05773-0000,OASIS PETROLEUM NORTH AMERICA LLC,2014-09-01,2025-12-01,328190.11196,31011.0,131,132010.5631964,2014-10-01,Three Forks,9546.0,2014-09-29,Sand/Ceramics Mix,Three Forks,Three Forks,WHITE 5198 13-6 14T,377670.47,Medium,804742.0
33-053-05782-0000,"PETRO-HUNT, L.L.C.",2016-09-01,2025-12-01,748415.7006,23678.0,107,180480.83367264,2018-07-01,Three Forks,9438.0,2016-09-29,Sand/Ceramics Mix,Three Forks,Three Forks,USA 153-95-23C-14-2HS,940899.31,High,247695.0
33-053-05788-0000,QEP ENERGY COMPANY,2014-11-01,2025-12-01,516458.9469,41952.0,134,81627.80029048,2014-12-01,Bakken,9630.0,2014-11-26,Frac Sand,Bakken,Bakken,MOBERG 3-20-21BH,629638.31,High,230287.0
33-053-05814-0000,"HESS BAKKEN INVESTMENTS II, LLC",2015-02-01,2025-12-01,379062.0117,31712.0,130,53670.333770269994,2015-02-01,Bakken,9955.0,2015-02-01,Sand/Ceramics Mix,Bakken,Bakken,HA-SWENSON- 152-95-1819H-8,574191.56,High,52723.0
33-053-05825-0000,QEP ENERGY COMPANY,2014-10-01,2025-12-01,460441.80788,29081.0,128,117231.95779599999,2015-09-01,Bakken,9599.0,2014-10-25,Sand/Resin Mix,Bakken,Bakken,STATE 1-16-21BH,482230.91,Medium,184136.0
33-053-05829-0000,"EMERALD OIL, INC",2014-09-01,2025-12-01,203384.61995,14136.0,136,34218.6292888,2014-10-01,Bakken,8146.0,2014-09-25,Ceramics,Bakken,Bakken,D ANNUNZIO 5-7-6H,269945.75,Medium,392842.0
33-053-05833-0000,TRIANGLE USA PETROLEUM CORPORATION,2014-09-01,2025-12-01,229296.43114,14664.0,133,38553.410739169994,2014-12-01,Bakken,10128.0,2014-09-17,Sand/Ceramics Mix,Bakken,Bakken,WAHLSTROM 152-102-34-27-3H,271482.06,Medium,452185.0
33-053-05839-0000,"HESS BAKKEN INVESTMENTS II, LLC",2015-03-01,2025-12-01,206611.87204,22088.0,130,37160.841744920006,2015-03-01,Three Forks,9565.0,2015-03-14,Frac Sand,Three Forks,Three Forks,HA-ROLFSRUD- 152-96-1720H-4,266039.0,Medium,68083.0
33-053-05844-0000,XTO ENERGY INC,2015-11-01,2025-12-01,477566.8193,28364.0,112,49605.30623884001,2016-01-01,Three Forks,10347.0,2015-11-26,Frac Sand,Three Forks,Three Forks,NELSON FEDERAL 21X-5E,683751.19,High,164734.0
33-053-05861-0000,TRIANGLE USA PETROLEUM CORPORATION,2014-08-01,2025-12-01,205243.04308,9252.0,133,41375.95832516,2014-09-01,Bakken,9665.0,2014-08-13,Sand/Ceramics Mix,Bakken,Bakken,NYGAARD  150-101-28-33-2H,252792.5,Medium,289853.0
33-053-05899-0000,"HRC OPERATING, LLC",2015-08-01,2025-12-01,351202.9469,37768.0,118,41303.31223164,2015-08-01,Bakken,9829.0,2015-08-02,Sand/Ceramics Mix,Bakken,Bakken,FORT BERTHOLD 152-93-19D-18-10H,464220.44,Medium,237924.0
33-053-05925-0000,BURLINGTON RESOURCES OIL & GAS COMPANY LP,2015-03-01,2025-12-01,667280.8629000001,26411.0,129,88231.98069129999,2015-10-01,Bakken,9481.0,2015-03-21,Sand/Ceramics Mix,Bakken,Bakken,COPPER DRAW 41-27MBH-ULW,800966.75,High,165853.0
33-053-05931-0000,"HESS BAKKEN INVESTMENTS II, LLC",2015-02-01,2025-12-01,350669.8922,25855.0,129,54789.69550546,2015-03-01,Bakken,10316.0,2015-02-21,Frac Sand,Bakken,Bakken,AN-BRENNA- 153-94-3130H-7,502498.0,High,31476.0
33-053-05934-0000,"HESS BAKKEN INVESTMENTS II, LLC",2015-04-01,2025-12-01,280218.29818,23124.0,129,45801.47518757,2015-05-01,Three Forks,7245.0,2015-04-25,Sand/Ceramics Mix,Three Forks,Three Forks,AN-BRENNA- LE-153-94-3129H-2,372478.84,Medium,73195.0
33-053-05945-0000,WHITING OIL AND GAS CORPORATION,2014-08-01,2025-12-01,302270.05108,17180.0,137,43515.3432533,2014-09-01,Bakken,9280.0,2014-08-22,Sand/Ceramics Mix,Bakken,Bakken,GUNDER T. 21-30H,368450.72,Medium,374854.0
33-053-05961-0000,"PETRO-HUNT, L.L.C.",2017-10-01,2025-12-01,355735.67466,17825.0,96,89521.014973,2017-11-01,Three Forks,9494.0,2017-10-16,Sand/Ceramics Mix,Three Forks,Three Forks,USA 153-96-24C-13-5H,461688.16,Medium,105581.0
33-053-05973-0000,QEP ENERGY COMPANY,2014-09-01,2025-12-01,705618.4673,42070.0,134,142913.9309131,2014-10-01,Three Forks,9799.0,2014-09-20,Sand/Ceramics Mix,Three Forks,Three Forks,SEVERIN 9-8-16-17LL,967987.63,High,384417.0
33-053-05980-0000,WHITING OIL AND GAS CORPORATION,2015-01-01,2025-12-01,244200.30992,20091.0,115,46501.0328665,2015-04-01,Three Forks,9599.0,2015-01-26,Sand/Ceramics Mix,Three Forks,Three Forks,TARPON FEDERAL 24-20-3RTF,303062.91,Medium,181030.0
33-053-05991-0000,"HESS BAKKEN INVESTMENTS II, LLC",2015-10-01,2025-12-01,237418.21714,29471.0,114,30202.83351293,2015-11-01,Bakken,9395.0,2015-10-15,Sand/Resin Mix,Bakken,Bakken,HA-SANFORD- LE-152-96-1819H-1,268032.53,Medium,112177.0
33-053-05995-0000,OASIS PETROLEUM NORTH AMERICA LLC,2015-05-01,2025-12-01,225065.13496,23757.0,126,29629.827340369993,2015-07-01,Bakken,9561.0,2015-05-26,Sand/Resin Mix,Bakken,Bakken,WADE FEDERAL 5300 31-30 2B,250007.03,Medium,399622.0
33-053-06009-0000,XTO ENERGY INC,2015-01-01,2025-12-01,240837.91688,10374.0,131,35408.67095769,2015-05-01,Three Forks,10327.0,2015-01-22,Sand/Ceramics Mix,Three Forks,Three Forks,RIECKHOFF 21X-3E,126329.02,Medium,157196.0
33-053-06022-0000,OASIS PETROLEUM NORTH AMERICA LLC,2015-05-01,2025-12-01,195766.55204,15984.0,125,35813.30362681,2015-05-01,Three Forks,9440.0,2015-05-16,Sand/Ceramics Mix,Three Forks,Three Forks,CHALMERS 5300 21-19 10T,221668.78,Medium,406833.0
33-053-06042-0000,BURLINGTON RESOURCES OIL & GAS COMPANY LP,2015-06-01,2025-12-01,426715.49887999997,22769.0,120,86311.2490616,2016-01-01,Three Forks,8247.0,2015-06-24,Sand/Ceramics Mix,Three Forks,Three Forks,HARLEY 11-2TFH-R,524573.5,High,243288.0
33-053-06048-0000,XTO ENERGY INC,2015-03-01,2025-12-01,266366.71690999996,16088.0,128,55776.5297928,2015-05-01,Bakken,9518.0,2015-03-16,Sand/Ceramics Mix,Bakken,Bakken,JOHNSON 24X-31A,351014.25,Medium,127376.0
33-053-06050-0000,XTO ENERGY INC,2015-03-01,2025-12-01,354179.96219999995,14009.0,125,65646.1434987,2015-05-01,Three Forks,9392.0,2015-03-27,Sand/Ceramics Mix,Three Forks,Three Forks,JOHNSON FEDERAL 24X-31F,592453.0,High,224243.0
33-053-06058-0000,"HESS BAKKEN INVESTMENTS II, LLC",2015-05-01,2025-12-01,374530.81549,30294.0,128,58439.743488500004,2015-06-01,Bakken,10025.0,2015-05-28,Frac Sand,Bakken,Bakken,HA-THOMPSON- 152-95-1720H-7,468021.94,Medium,95987.0
33-053-06073-0000,BURLINGTON RESOURCES OIL & GAS COMPANY LP,2015-05-01,2025-12-01,319997.12817000004,20517.0,117,69262.6835791,2015-10-01,Bakken,9437.0,2015-05-27,Sand/Ceramics/Resin Proppant Mix,Bakken,Bakken,HAMMERHEAD 21-26MBH,410981.25,Medium,216596.0
33-053-06081-0000,ABRAXAS PETROLEUM CORP.,2015-06-01,2025-12-01,334926.02194,15081.0,120,65268.83587435,2015-07-01,Bakken,9973.0,2015-06-06,Sand/Ceramics Mix,Bakken,Bakken,JORE FEDERAL 2-11-5H,188972.55,Medium,182807.0
33-053-06102-0000,"EMERALD OIL, INC",2015-07-01,2025-12-01,125745.97404,7704.0,124,11203.003530999998,2015-07-01,Bakken,9366.0,2015-07-06,Ceramics,Bakken,Bakken,ERIC STRATTON FEDERAL 5-36-25H,146705.91,Medium,358892.0
33-053-06122-0000,QEP ENERGY COMPANY,2015-04-01,2025-12-01,374537.28495999996,30044.0,129,63049.1851074,2015-05-01,Bakken,9613.0,2015-04-30,Frac Sand,Bakken,Bakken,FOREMAN 1-2-1BH,407490.97,Medium,270447.0
33-053-06172-0000,NEWFIELD PRODUCTION COMPANY,2014-12-01,2025-12-01,277889.45386999997,18749.0,121,37405.88412082001,2015-01-01,Three Forks,9807.0,2014-12-16,Sand/Ceramics Mix,Three Forks,Three Forks,HELSINGBORG FEDERAL 153-96-22-27-10H,386550.47,Medium,78732.0
33-053-06185-0000,"HESS BAKKEN INVESTMENTS II, LLC",2014-12-01,2025-12-01,208061.14403,20369.0,133,21131.50112361,2015-01-01,Bakken,9547.0,2014-12-30,Frac Sand,Bakken,Bakken,BW-STOVELAND- 149-100-1003H-2,89205.742,Low,78611.0
33-053-06188-0000,TRIANGLE USA PETROLEUM CORPORATION,2016-09-01,2025-12-01,188136.62617,14958.0,112,35340.87303515,2016-10-01,Bakken,8922.0,2016-09-10,Sand/Ceramics Mix,Bakken,Bakken,J GARVIN JACOBSON 150-101-8-5-8H,240416.06,Medium,265978.0
33-053-06193-0000,NEWFIELD PRODUCTION COMPANY,2014-11-01,2025-12-01,307236.2207,19020.0,133,53655.83029779,2014-11-01,Three Forks,9850.0,2014-11-05,Sand/Ceramics Mix,Three Forks,Three Forks,ROLFSRUD STATE  152-96-29-32-13HLW,427376.5,Medium,85264.0
33-053-06203-0000,"CONTINENTAL RESOURCES, INC.",2015-06-01,2025-12-01,494134.8838,22110.0,121,179524.69359636,2015-12-01,Bakken,8875.0,2015-06-25,Sand/Ceramics Mix,Bakken,Bakken,NORDENG 3-5H,584711.75,High,257093.0
33-053-06204-0000,XTO ENERGY INC,2015-06-01,2025-12-01,244605.2137,12208.0,119,28381.44066801,2015-08-01,Bakken,9415.0,2015-06-30,Frac Sand,Bakken,Bakken,GRANLI 34X-20BXC,356618.47,Medium,203621.0
33-053-06227-0000,NEWFIELD PRODUCTION COMPANY,2015-05-01,2025-12-01,104268.02592,8365.0,101,29088.10154534,2015-05-01,Three Forks,4813.0,2015-05-03,Frac Sand,Three Forks,Three Forks,ROLLA FEDERAL 153-96-29-12H,156850.16,Medium,107974.0
33-053-06232-0000,OASIS PETROLEUM NORTH AMERICA LLC,2015-07-01,2025-12-01,154905.71512,17554.0,122,30282.973887800003,2015-07-01,Three Forks,9317.0,2015-07-05,Sand/Resin Mix,Three Forks,Three Forks,GRAMMA FEDERAL 5300 41-31 13T,223156.97,Medium,458109.0
33-053-06240-0000,TRIANGLE USA PETROLEUM CORPORATION,2015-04-01,2025-12-01,165598.26395,15639.0,119,48892.01238714,2015-05-01,Bakken,9202.0,2015-05-05,Sand/Ceramics Mix,Bakken,Bakken,WISNESS 150-100-23-14-7H,192530.3,Medium,392286.0
33-053-06242-0000,TRIANGLE USA PETROLEUM CORPORATION,2015-04-01,2025-12-01,279107.1433,21989.0,111,57411.991788340005,2015-05-01,Bakken,8625.0,2015-04-12,Sand/Ceramics Mix,Bakken,Bakken,WISNESS 150-100-23-14-8H,430820.06,Medium,257439.0
33-053-06256-0000,XTO ENERGY INC,2015-10-01,2025-12-01,524272.08550000004,21658.0,121,71113.03080064,2016-02-01,Bakken,9948.0,2015-10-27,Frac Sand,Bakken,Bakken,JOHNSRUD FEDERAL 34X-14C,663095.44,High,117127.0
33-053-06299-0000,BURLINGTON RESOURCES OIL & GAS COMPANY LP,2015-07-01,2025-12-01,248818.08007,14281.0,123,34695.32246921,2015-12-01,Three Forks,11328.0,2015-07-22,Sand/Ceramics Mix,Three Forks,Three Forks,TETON 7-1-3TFSH,312328.81,Medium,113859.0
33-053-06301-0000,BURLINGTON RESOURCES OIL & GAS COMPANY LP,2015-07-01,2025-12-01,270795.69305,14647.0,115,46552.15236765,2015-12-01,Three Forks,7840.0,2015-07-31,Sand/Ceramics Mix,Three Forks,Three Forks,KINGS CANYON 6-8-34UTFH,373797.06,Medium,119230.0
33-053-06323-0000,ENERPLUS RESOURCES USA CORPORATION,2016-08-01,2025-12-01,332676.2486,21419.0,112,29024.276390470004,2016-09-01,Three Forks,10095.0,2016-08-13,Frac Sand,Three Forks,Three Forks,BADGER 150-94-04B-09H TF,438401.41,Medium,229314.0
33-053-06324-0000,ENERPLUS RESOURCES USA CORPORATION,2016-04-01,2025-12-01,599258.408,44802.0,117,77518.403242,2016-04-01,Bakken,9756.0,2016-04-01,Frac Sand,Bakken,Bakken,RACCOON 150-94-04B-09H,760388.25,High,256516.0
33-053-06334-0000,XTO ENERGY INC,2015-08-01,2025-12-01,330409.2561,15382.0,116,64704.6271144,2016-03-01,Three Forks,9800.0,2015-08-16,Sand/Ceramics/Resin Proppant Mix,Three Forks,Three Forks,SATTER 31X-1H,612698.31,High,165741.0
33-053-06337-0000,XTO ENERGY INC,2015-08-01,2025-12-01,194085.22208,12807.0,109,60864.424233699996,2016-03-01,Bakken,9514.0,2015-08-30,Frac Sand,Bakken,Bakken,SATTER 31X-1CXD,197574.13,Medium,110293.0
33-053-06356-0000,NEWFIELD PRODUCTION COMPANY,2015-05-01,2025-12-01,214528.26625,12050.0,112,26899.04600465,2015-06-01,Three Forks,10023.0,2015-05-17,Frac Sand,Three Forks,Three Forks,OLSON 152-96-30-31-12H,136081.42,Medium,226822.0
33-053-06385-0000,WHITING OIL AND GAS CORPORATION,2015-02-01,2025-12-01,205048.52201000002,17292.0,131,31586.78143659,2015-04-01,Bakken,9521.0,2015-02-18,Sand/Ceramics Mix,Bakken,Bakken,EIDE 41-13-4H,241053.8,Medium,187055.0
33-053-06392-0000,"SHD OIL & GAS, LLC",2015-12-01,2025-12-01,27316.415989,2794.0,85,9896.8207961,2015-12-01,Three Forks,4034.0,2015-12-19,Frac Sand,Three Forks,Three Forks,AVALANCHE 36-17-TF2,30124.086,Low,76829.0
33-053-06416-0000,QEP ENERGY COMPANY,2015-04-01,2025-12-01,279824.15397,18885.0,127,162463.5137401,2015-08-01,Bakken,9296.0,2015-04-09,Frac Sand,Bakken,Bakken,THOMPSON 5-29-32BHD,371651.25,Medium,176891.0
33-053-06422-0000,BURLINGTON RESOURCES OIL & GAS COMPANY LP,2015-11-01,2025-12-01,299325.998,14427.0,121,27985.3971649,2015-11-01,Three Forks,9632.0,2015-11-20,Sand/Ceramics Mix,Three Forks,Three Forks,KIRKLAND 41-28TFH,396847.34,Medium,156452.0
33-053-06429-0000,"WPX ENERGY WILLISTON, LLC",2017-05-01,2025-12-01,463920.55830000003,51342.0,99,60626.88352335999,2017-06-01,Bakken,9817.0,2017-05-28,Frac Sand,Bakken,Bakken,ETSTATIS 32-29HA,575178.75,High,226818.0
33-053-06439-0000,STATOIL OIL & GAS LP,2017-01-01,2025-12-01,218160.40509999997,9453.0,106,18737.682385699998,2017-08-01,Three Forks,9370.0,2017-01-26,Sand/Ceramics Mix,Three Forks,Three Forks,PAULSON 36-1  #7TFH,339885.03,Medium,483291.0
33-053-06444-0000,"HESS BAKKEN INVESTMENTS II, LLC",2017-11-01,2025-12-01,320785.88467,33151.0,98,60174.707638030006,2018-01-01,Bakken,9133.0,2017-11-30,Frac Sand,Bakken,Bakken,AN-LONE TREE- 152-95-1207H-1,404033.09,Medium,52643.0
33-053-06447-0000,"CONTINENTAL RESOURCES, INC.",2017-04-01,2025-12-01,412089.95357,24376.0,101,63763.31135219001,2017-06-01,Three Forks,11974.0,2017-04-30,Frac Sand,Three Forks,Three Forks,HOLSTEIN FEDERAL 5-25H1,470184.19,Medium,593917.0
33-053-06449-0000,"CONTINENTAL RESOURCES, INC.",2017-04-01,2025-12-01,597193.5051,32255.0,99,49184.333044859995,2017-08-01,Three Forks,12127.0,2017-04-28,Frac Sand,Three Forks,Three Forks,HOLSTEIN FEDERAL 3-25H2,767141.25,High,446684.0
33-053-06451-0000,"CONTINENTAL RESOURCES, INC.",2017-01-01,2025-12-01,315091.83616,31762.0,106,58723.38136123,2017-04-01,Bakken,6804.0,2017-01-11,Frac Sand,Bakken,Bakken,HENDRICKSON 10-36H,351306.75,Medium,234934.0
33-053-06452-0000,"CONTINENTAL RESOURCES, INC.",2017-01-01,2025-12-01,278343.91699,29787.0,104,42514.476234689995,2017-03-01,Three Forks,6812.0,2017-01-16,Frac Sand,Three Forks,Three Forks,HENDRICKSON 9-36H1,168972.34,Medium,283402.0
33-053-06463-0000,"SHD OIL & GAS, LLC",2015-10-01,2025-12-01,79258.84898000001,5766.0,100,85404.46448890002,2015-12-01,Three Forks,4008.0,2015-10-30,Frac Sand,Three Forks,Three Forks,MAGNUM 36-13-TF2,96221.141,Low,108807.0
33-053-06501-0000,TRIANGLE USA PETROLEUM CORPORATION,2015-12-01,2025-12-01,290008.8071,21558.0,113,42541.417649890005,2015-12-01,Bakken,9552.0,2015-12-13,Sand/Ceramics Mix,Bakken,Bakken,ARNEGARD 150-100-23-14-4H,126297.34,Medium,275346.0
33-053-06539-0000,XTO ENERGY INC,2017-07-01,2025-12-01,194986.79982000001,14909.0,95,55391.807108400004,2017-09-01,Bakken,9504.0,2017-07-19,Frac Sand,Bakken,Bakken,STENEHJEM  31X-28C,212126.06,Medium,218134.0
33-053-06540-0000,XTO ENERGY INC,2017-03-01,2025-12-01,91993.05001,6597.0,97,25309.757069759995,2018-08-01,Three Forks,9721.0,2017-03-30,Frac Sand,Three Forks,Three Forks,STENEHJEM 31X-28G,101589.2,Medium,190699.0
33-053-06545-0000,"PETRO-HUNT, L.L.C.",2016-09-01,2025-12-01,324772.8541,17389.0,109,63382.03604808,2016-10-01,Bakken,4269.0,2016-09-27,Sand/Ceramics Mix,Bakken,Bakken,SHERVEN TRUST 153-95-27A-7HS,461463.81,Medium,35666.0
33-053-06555-0000,"CONTINENTAL RESOURCES, INC.",2015-05-01,2025-12-01,331568.35699999996,15342.0,122,61110.196436,2015-07-01,Three Forks,10225.0,2015-05-31,Sand/Ceramics Mix,Three Forks,Three Forks,BOULDER 3-4H1,171985.7,Medium,315302.0
33-053-06556-0000,"EMERALD OIL, INC",2015-07-01,2025-12-01,184293.86711,9186.0,110,27302.339664429994,2015-08-01,Bakken,9192.0,2015-07-25,Ceramics,Bakken,Bakken,NOONAN FEDERAL 3-18-19H,258778.31,Medium,372488.0
33-053-06580-0000,"HRC OPERATING, LLC",2016-11-01,2025-12-01,456591.67261,21011.0,108,49780.763045100015,2017-02-01,Three Forks,10342.0,2016-11-28,Frac Sand,Three Forks,Three Forks,FORT BERTHOLD 152-93-7C-6-12H,545892.38,High,338248.0
33-053-06581-0000,"HRC OPERATING, LLC",2016-11-01,2025-12-01,264291.9359,32260.0,109,38463.66436743,2016-12-01,Bakken,10554.0,2016-11-05,Frac Sand,Bakken,Bakken,FORT BERTHOLD 152-93-7C-6-11H,306423.13,Medium,239682.0
33-053-06585-0000,"HRC OPERATING, LLC",2016-11-01,2025-12-01,255763.21004,23571.0,107,47984.03848124,2016-11-01,Bakken,10630.0,2016-11-03,Frac Sand,Bakken,Bakken,FORT BERTHOLD 152-93-7C-6-7H,298395.19,Medium,182907.0
33-053-06608-0000,QEP ENERGY COMPANY,2015-07-01,2025-12-01,356915.4814,31870.0,123,84350.70417868998,2015-08-01,Bakken,4548.0,2015-07-27,Frac Sand,Bakken,Bakken,DAILEY 12-11LL,523761.88,High,132220.0
33-053-06613-0000,BURLINGTON RESOURCES OIL & GAS COMPANY LP,2016-12-01,2025-12-01,446161.33999999997,22707.0,71,63769.20206349999,2017-04-01,Three Forks,10256.0,2016-12-10,Sand/Ceramics Mix,Three Forks,Three Forks,SUN NOTCH 41-32TFH,729329.75,High,135297.0
33-053-06614-0000,BURLINGTON RESOURCES OIL & GAS COMPANY LP,2017-02-01,2025-12-01,542615.5645999999,31808.0,107,104112.28122521,2017-07-01,Three Forks,10048.0,2017-02-27,Sand/Ceramics Mix,Three Forks,Three Forks,OLD HICKORY 41-32TFH,661244.75,High,183130.0
33-053-06619-0000,XTO ENERGY INC,2015-07-01,2025-12-01,198196.56302,8994.0,112,42063.26196547,2015-12-01,Three Forks,9792.0,2015-07-29,Frac Sand,Three Forks,Three Forks,LUNDIN 14X-33F,265017.28,Medium,186935.0
33-053-06624-0000,"CONTINENTAL RESOURCES, INC.",2017-04-01,2025-12-01,493528.2446,38769.0,102,101860.59558991001,2017-07-01,Bakken,12724.0,2017-04-28,Frac Sand,Bakken,Bakken,HOLSTEIN FEDERAL 10-25H,545547.69,High,383922.0
33-053-06640-0000,"HESS BAKKEN INVESTMENTS II, LLC",2016-07-01,2025-12-01,251190.63099,20775.0,114,63629.69512184,2016-08-01,Three Forks,9636.0,2016-07-17,Frac Sand,Three Forks,Three Forks,HA-SANFORD- 152-96-1819H-6,297218.31,Medium,180875.0
33-053-06643-0000,"HESS BAKKEN INVESTMENTS II, LLC",2016-07-01,2025-12-01,192792.47006999998,24491.0,113,81594.4641282,2016-08-01,Bakken,9711.0,2016-07-30,Frac Sand,Bakken,Bakken,HA-SANFORD- 152-96-1819H-9,328804.72,Medium,75503.0
33-053-06646-0000,"HESS BAKKEN INVESTMENTS II, LLC",2017-12-01,2025-12-01,326233.3331,23711.0,96,47083.400307690004,2018-01-01,Bakken,9911.0,2017-12-25,Frac Sand,Bakken,Bakken,BW-HEDSTROM- LW-149-100-1201H-1,460601.91,Medium,338273.0
33-053-06648-0000,WHITING OIL AND GAS CORPORATION,2015-04-01,2025-12-01,212179.87807,20571.0,129,37975.038161699995,2015-04-01,Bakken,9333.0,2015-04-12,Sand/Ceramics Mix,Bakken,Bakken,CHERRY STATE 31-16-3H,128610.1,Medium,198028.0
33-053-06660-0000,"HESS BAKKEN INVESTMENTS II, LLC",2016-12-01,2025-12-01,398106.37215,29236.0,109,115650.721734,2017-03-01,Bakken,9603.0,2016-12-21,Frac Sand,Bakken,Bakken,BB-EIDE- 151-95-3328H-4,565122.44,High,75906.0
33-053-06716-0000,QEP ENERGY COMPANY,2016-03-01,2025-12-01,199593.08696,24039.0,116,36499.20366476999,2016-07-01,Three Forks,10179.0,2016-03-19,Frac Sand,Three Forks,Three Forks,STATE 4-25-24TH,241131.09,Medium,294981.0
33-053-06718-0000,QEP ENERGY COMPANY,2016-02-01,2025-12-01,112068.44201,13060.0,118,26355.816022159997,2016-08-01,Three Forks,10058.0,2016-02-29,Sand/Resin Mix,Three Forks,Three Forks,STATE 4-25-24T2H,129255.21,Medium,277475.0
33-053-06721-0000,XTO ENERGY INC,2016-02-01,2025-12-01,287533.51073,14667.0,112,52578.717173,2016-03-01,Bakken,4673.0,2016-02-02,Sand/Resin Mix,Bakken,Bakken,STATE 11X-16MB5,392295.22,Medium,60593.0
33-053-06722-0000,XTO ENERGY INC,2016-02-01,2025-12-01,260115.87508,21185.0,117,50425.28437459999,2016-03-01,Three Forks,4247.0,2016-02-20,Sand/Resin Mix,Three Forks,Three Forks,STATE 11X-16TF4,325564.47,Medium,90229.0
33-053-06728-0000,XTO ENERGY INC,2017-05-01,2025-12-01,337587.6081,20459.0,103,74923.98859650001,2017-10-01,Bakken,9615.0,2017-05-21,Frac Sand,Bakken,Bakken,TOBACCO GARDEN 24X-32B,194401.56,Medium,297459.0
33-053-06754-0000,XTO ENERGY INC,2016-01-01,2025-12-01,351380.9978,17681.0,111,91600.09547824,2016-02-01,Bakken,9947.0,2016-01-14,Frac Sand,Bakken,Bakken,RITA 44X-34D,476187.47,Medium,269270.0
33-053-06783-0000,BURLINGTON RESOURCES OIL & GAS COMPANY LP,2017-06-01,2025-12-01,750082.4443,37504.0,86,132198.3691,2018-05-01,Three Forks,8604.0,2017-06-27,Sand/Ceramics Mix,Three Forks,Three Forks,CURTIS 21-16 TFH-3NH,551713.75,High,534271.0
33-053-06803-0000,QEP ENERGY COMPANY,2016-03-01,2025-12-01,179409.75696,26110.0,108,22847.833449309997,2016-07-01,Three Forks,9552.0,2016-03-17,Frac Sand,Three Forks,Three Forks,STATE 4-36-1TH,54699.832,Low,228510.0
33-053-06817-0000,STATOIL OIL & GAS LP,2016-09-01,2025-12-01,362461.52387000003,17688.0,104,130850.32143560002,2017-01-01,Three Forks,10846.0,2016-09-04,Sand/Ceramics Mix,Three Forks,Three Forks,RICHARD 8-5 #6TFH,471882.78,Medium,447263.0
33-053-06818-0000,STATOIL OIL & GAS LP,2016-08-01,2025-12-01,661478.4512,31324.0,107,260400.12952810002,2016-10-01,Bakken,10282.0,2016-08-26,Sand/Ceramics Mix,Bakken,Bakken,RICHARD 8-5 XE #1H,1066960.9,High,646599.0
33-053-06876-0000,XTO ENERGY INC,2017-04-01,2025-12-01,241265.70007999998,16743.0,103,83784.234582,2017-06-01,Bakken,10102.0,2017-04-15,Frac Sand,Bakken,Bakken,NORDENG 34X-23AXB,331526.75,Medium,302004.0
33-053-06896-0000,OASIS PETROLEUM NORTH AMERICA LLC,2016-03-01,2025-12-01,300377.00403,36697.0,118,65927.3341977,2016-04-01,Bakken,9816.0,2016-03-18,Sand/Ceramics/Resin Proppant Mix,Bakken,Bakken,HYSTED 5200 11-30 8B,334222.03,Medium,323778.0
33-053-06912-0000,ABRAXAS PETROLEUM CORP.,2016-08-01,2025-12-01,197050.44585000002,21460.0,92,51460.62941947,2016-10-01,Three Forks,9947.0,2016-08-25,Sand/Ceramics Mix,Three Forks,Three Forks,STENEHJEM 10H,239212.06,Medium,215125.0
33-053-07119-0000,OASIS PETROLEUM NORTH AMERICA LLC,2017-07-01,2025-12-01,392477.67082999996,39998.0,91,124833.7799698,2018-01-01,Three Forks,9332.0,2017-07-27,Sand/Resin Mix,Three Forks,Three Forks,LAWLAR N 5199 43-23 8T,401261.72,Medium,548510.0
33-053-07135-0000,"HESS BAKKEN INVESTMENTS II, LLC",2016-02-01,2025-12-01,227230.09795999998,33696.0,116,53876.34214858,2016-03-01,Bakken,10370.0,2016-02-09,Frac Sand,Bakken,Bakken,AN-EVENSON- 152-95-0310H-13,265142.06,Medium,50073.0
33-053-07139-0000,QEP ENERGY COMPANY,2017-02-01,2025-12-01,369539.982,20289.0,107,38761.48378649999,2017-04-01,Bakken,9330.0,2017-02-24,Sand/Resin Mix,Bakken,Bakken,FOREMAN 12-11-1-2BH,142235.92,Medium,148535.0
33-053-07270-0000,OASIS PETROLEUM NORTH AMERICA LLC,2016-11-01,2025-12-01,345719.14691999997,46994.0,110,124596.69277200001,2016-12-01,Bakken,9497.0,2016-11-02,Frac Sand,Bakken,Bakken,ROLFSON S 5198 12-29 5B,560631.0,High,357927.0
33-053-07273-0000,OASIS PETROLEUM NORTH AMERICA LLC,2016-11-01,2025-12-01,298004.04533,31114.0,99,61202.66587216999,2017-01-01,Three Forks,10153.0,2016-11-09,Frac Sand,Three Forks,Three Forks,ROLFSON S 5198 12-29 8T,365832.41,Medium,398123.0
33-053-07293-0000,WHITING OIL AND GAS CORPORATION,2016-02-01,2025-12-01,323088.63405,25013.0,117,21825.42762281,2016-03-01,Bakken,9091.0,2016-02-22,Sand/Ceramics Mix,Bakken,Bakken,GULLIKSON 44-34H,381457.38,Medium,701079.0
33-053-07356-0000,XTO ENERGY INC,2016-07-01,2025-12-01,371752.89775999996,18535.0,108,111986.57542324,2017-03-01,Bakken,9328.0,2016-07-30,Frac Sand,Bakken,Bakken,TOBACCO GARDEN 31X-29CXD,534255.44,High,401788.0
33-053-07377-0000,"HESS BAKKEN INVESTMENTS II, LLC",2016-05-01,2025-12-01,491552.7648,30580.0,112,63288.55308171,2016-08-01,Bakken,9248.0,2016-05-19,Frac Sand,Bakken,Bakken,BB-BUDAHN- LS-150-95-0506H-1,688057.44,High,84009.0
33-053-07422-0000,QEP ENERGY COMPANY,2016-10-01,2025-12-01,176148.61896,22707.0,108,83891.4457956,2016-12-01,Three Forks,9661.0,2016-10-13,Frac Sand,Three Forks,Three Forks,KDM 1-7-6T3HD,242721.08,Medium,276235.0
33-053-07473-0000,MARATHON OIL COMPANY,2017-07-01,2025-12-01,411891.03260000004,48474.0,90,64831.867936999995,2017-09-01,Three Forks,9456.0,2017-07-21,Frac Sand,Three Forks,Three Forks,MARCELLA USA 21-4TFH,252249.31,Medium,272574.0
33-053-07527-0000,OASIS PETROLEUM NORTH AMERICA LLC,2017-08-01,2025-12-01,529667.96473,38712.0,101,114924.7865885,2017-10-01,Bakken,9980.0,2017-08-13,Sand/Resin Mix,Bakken,Bakken,OYLOE 5199 43-23 9B,548362.31,High,660195.0
33-053-07544-0000,"CONTINENTAL RESOURCES, INC.",2017-09-01,2025-12-01,349524.41506,40751.0,98,76516.6954775,2017-11-01,Bakken,10091.0,2017-09-28,Frac Sand,Bakken,Bakken,TARENTAISE FEDERAL 3-19H,381755.97,Medium,234919.0
33-053-07579-0000,BURLINGTON RESOURCES OIL & GAS COMPANY LP,2017-05-01,2025-12-01,358684.94786,34710.0,89,32624.816477200002,2017-07-01,Bakken,9780.0,2017-05-26,Sand/Ceramics Mix,Bakken,Bakken,ANDERSON RANCH 3C-MBH,436274.69,Medium,256414.0
33-053-07618-0000,"WPX ENERGY WILLISTON, LLC",2017-03-01,2025-12-01,599398.52691,36989.0,105,43084.16664720001,2017-04-01,Bakken,9842.0,2017-03-17,Frac Sand,Bakken,Bakken,GRIZZLY 24-13HG,116879.84,Medium,174356.0
33-053-07673-0000,"HESS BAKKEN INVESTMENTS II, LLC",2017-11-01,2025-12-01,509372.13659999997,34869.0,98,83661.51812717001,2018-01-01,Bakken,9694.0,2017-11-12,Frac Sand,Bakken,Bakken,BB-LARS ROTHIE- 151-95-3229H-6,433049.94,Medium,100709.0
33-053-07677-0000,ENERPLUS RESOURCES USA CORPORATION,2017-09-01,2025-12-01,619504.63693,72887.0,96,108642.05143667001,2017-10-01,Bakken,9027.0,2017-09-11,Frac Sand,Bakken,Bakken,SMOOTH GREEN 152-94-18A-19H,360035.03,Medium,441228.0
33-053-07692-0000,"HESS BAKKEN INVESTMENTS II, LLC",2017-10-01,2025-12-01,487509.60589999997,28894.0,95,98265.33392904002,2017-11-01,Bakken,9714.0,2017-10-13,Frac Sand,Bakken,Bakken,AN-DINWOODIE- LE-153-94-2833H-1,414225.59,Medium,120089.0
33-053-07695-0000,NEWFIELD PRODUCTION COMPANY,2016-12-01,2025-12-01,525038.2672,26963.0,108,87716.701809,2017-03-01,Three Forks,9802.0,2016-12-22,Frac Sand,Three Forks,Three Forks,HELSINGBORG FEDERAL 153-96-27-22-13H,347748.13,Medium,135318.0
33-053-07701-0000,ENERPLUS RESOURCES USA CORPORATION,2017-07-01,2025-12-01,329172.34793,26648.0,99,33427.94337759999,2018-01-01,Three Forks,9022.0,2017-07-23,Frac Sand,Three Forks,Three Forks,LADYBUG 150-94-11C-12H-TF,86673.617,Low,393734.0
33-053-07704-0000,MARATHON OIL COMPANY,2017-11-01,2025-12-01,518578.90524,46041.0,98,52778.7138197,2018-01-01,Three Forks,9488.0,2017-11-29,Frac Sand,Three Forks,Three Forks,LOCKWOOD USA 44-22TFH,597077.94,High,440231.0
33-053-07713-0000,BURLINGTON RESOURCES OIL & GAS COMPANY LP,2017-08-01,2025-12-01,650789.8153,28076.0,97,34535.499619689996,2018-03-01,Three Forks,9769.0,2017-08-31,Sand/Ceramics Mix,Three Forks,Three Forks,LILLIBRIDGE 3D UTFH,1010964.6,High,189694.0
33-053-07733-0000,OASIS PETROLEUM NORTH AMERICA LLC,2017-12-01,2025-12-01,384459.46606,34056.0,96,118399.08619217,2018-04-01,Bakken,9433.0,2017-12-01,Sand/Resin Mix,Bakken,Bakken,PATSY 5198 11-5 2BX,432748.41,Medium,344631.0
33-053-07737-0000,"HESS BAKKEN INVESTMENTS II, LLC",2017-07-01,2025-12-01,540363.0355,36949.0,102,82693.61026105,2017-09-01,Three Forks,9988.0,2017-07-02,Frac Sand,Three Forks,Three Forks,BB-LARS ROTHIE- 151-95-2932H-2,702224.19,High,132482.0
33-053-07738-0000,"HESS BAKKEN INVESTMENTS II, LLC",2017-07-01,2025-12-01,470161.0527,30644.0,102,87257.87584590001,2017-07-01,Bakken,9999.0,2017-07-06,Frac Sand,Bakken,Bakken,BB-LARS ROTHIE- 151-95-2932H-3,588443.0,High,88444.0
33-053-07739-0000,"HESS BAKKEN INVESTMENTS II, LLC",2017-07-01,2025-12-01,536775.9938,32118.0,101,76796.08087211,2017-08-01,Three Forks,9936.0,2017-07-11,Frac Sand,Three Forks,Three Forks,BB-LARS ROTHIE- 151-95-2932H-4,757416.63,High,188111.0
33-053-07762-0000,WHITING OIL AND GAS CORPORATION,2017-10-01,2025-12-01,213236.15005,25589.0,98,61979.0102243,2017-11-01,Three Forks,9331.0,2017-10-13,Frac Sand,Three Forks,Three Forks,FRICK 24-8-1TFH,227834.89,Medium,360747.0
33-053-07845-0000,"HESS BAKKEN INVESTMENTS II, LLC",2017-10-01,2025-12-01,487071.75659999996,43019.0,98,115205.06911844002,2017-11-01,Bakken,9675.0,2017-10-24,Frac Sand,Bakken,Bakken,SC-1WX -152-99-0809H-7,450004.06,Medium,259054.0
33-053-07885-0000,"CONTINENTAL RESOURCES, INC.",2017-11-01,2025-12-01,338041.20506,45515.0,79,64622.13010065001,2018-03-01,Bakken,10096.0,2018-02-10,Frac Sand,Bakken,Bakken,VARDON 2-14H,201278.08,Medium,273771.0
33-053-07895-0000,"HESS BAKKEN INVESTMENTS II, LLC",2017-10-01,2025-12-01,623792.9726,38856.0,97,76524.38516259001,2017-10-01,Three Forks,9941.0,2017-10-04,Frac Sand,Three Forks,Three Forks,AN-GUDBRANSON- LW-153-94-2215H-1,876441.38,High,262496.0
33-053-07945-0000,QEP ENERGY COMPANY,2017-06-01,2025-12-01,217268.39887,18642.0,103,80034.1335077,2017-08-01,Three Forks,10042.0,2017-06-19,Sand/Resin Mix,Three Forks,Three Forks,ND LEVANG 2-16-21T2HD,289117.25,Medium,183826.0
33-053-07960-0000,NEWFIELD PRODUCTION COMPANY,2017-07-01,2025-12-01,476139.75121,31136.0,102,125475.23981884001,2017-08-01,Bakken,10158.0,2017-07-13,Frac Sand,Bakken,Bakken,MALM 149-98-14-23-5H,362275.5,Medium,468422.0
33-053-07978-0000,QEP ENERGY COMPANY,2017-09-01,2025-12-01,392136.05117,44951.0,100,89865.94365269999,2017-10-01,Bakken,10274.0,2017-09-23,Frac Sand,Bakken,Bakken,OTIS 5-28-33BHD,496071.38,Medium,154860.0
33-053-07979-0000,QEP ENERGY COMPANY,2017-09-01,2025-12-01,169960.73200000002,27343.0,100,32661.626086699995,2017-10-01,Three Forks,10283.0,2017-09-21,Frac Sand,Three Forks,Three Forks,OTIS 2-28-33T2HD,100641.58,Medium,179677.0
33-053-08072-0000,NEWFIELD PRODUCTION COMPANY,2017-11-01,2025-12-01,452721.9084,30106.0,96,210860.35312699,2018-01-01,Three Forks,11195.0,2017-11-20,Frac Sand,Three Forks,Three Forks,ANDERSON FEDERAL 152-96-9-4-20H,820297.5,High,161904.0
33-053-05001-0000,STATOIL OIL & GAS LP,2014-05-01,2025-12-01,133837.07286000001,7690.0,117,17423.61153797,2014-07-01,Three Forks,9153.0,2014-05-22,Sand/Ceramics Mix,Three Forks,Three Forks,BILL 14-23 4TFH,175415.42,Medium,607830.0
33-053-05051-0000,KODIAK OIL & GAS (USA) INC.,2014-02-01,2025-12-01,159798.49501,14620.0,122,43063.49315011,2014-03-01,Three Forks,8964.0,2014-02-28,Sand/Ceramics Mix,Three Forks,Three Forks,KOALA WOLD 153-97-1-5-8-15H3,183079.48,Medium,236893.0
33-053-05156-0000,QEP ENERGY COMPANY,2014-01-01,2025-12-01,285824.6989,18032.0,125,49812.60579291001,2014-01-01,Three Forks,9814.0,2014-01-08,Sand/Ceramics Mix,Three Forks,Three Forks,ZORRO 27-34-26-35LL,424598.78,Medium,94778.0
33-053-05218-0000,TRIANGLE USA PETROLEUM CORPORATION,2014-02-01,2025-12-01,246755.16027,10561.0,138,38675.06275428,2014-03-01,Bakken,9954.0,2014-02-13,Sand/Ceramics Mix,Bakken,Bakken,DWYER 150-101-35-26-3H,339953.91,Medium,272737.0
33-053-05283-0000,"CONTINENTAL RESOURCES, INC.",2014-10-01,2025-12-01,352164.11303,22723.0,131,63283.21385237,2014-11-01,Three Forks,9435.0,2014-10-27,Sand/Ceramics Mix,Three Forks,Three Forks,ROCHESTER FEDERAL 7-24H1,434926.22,Medium,346647.0
33-053-05296-0000,HUNT OIL COMPANY,2014-03-01,2025-12-01,238717.09613000002,9639.0,142,21279.784640900005,2014-04-01,Bakken,10002.0,2014-03-12,Frac Sand,Bakken,Bakken,ANTELOPE  1-31-30H,68252.156,Low,271849.0
33-053-05457-0000,BURLINGTON RESOURCES OIL & GAS COMPANY LP,2014-03-01,2025-12-01,289418.1481,14238.0,131,51032.15734547,2014-12-01,Three Forks,9736.0,2014-03-28,Sand/Ceramics Mix,Three Forks,Three Forks,CRATERLANDS 11-14TFH-R,400225.94,Medium,101566.0
33-053-05500-0000,BURLINGTON RESOURCES OIL & GAS COMPANY LP,2014-08-01,2025-12-01,448473.4622,16637.0,124,46910.42009498,2015-05-01,Three Forks,9632.0,2014-08-25,Sand/Ceramics Mix,Three Forks,Three Forks,NORMAN 21-4TFH 3SH,590675.75,High,181500.0
33-053-05502-0000,"WPX ENERGY WILLISTON, LLC",2014-11-01,2025-12-01,580212.7461999999,16306.0,123,33953.999966,2015-05-01,Three Forks,9773.0,2014-11-14,Sand/Ceramics Mix,Three Forks,Three Forks,GOOD VOICE 34-27HZ,871168.81,High,268170.0
33-053-05560-0000,BURLINGTON RESOURCES OIL & GAS COMPANY LP,2014-09-01,2025-12-01,303146.42811,19718.0,134,27647.68104202,2016-01-01,Three Forks,9981.0,2014-09-27,Sand/Ceramics Mix,Three Forks,Three Forks,LILLIBRIDGE 21-27TFH,351470.44,Medium,101994.0
33-053-05626-0000,NEWFIELD PRODUCTION COMPANY,2014-09-01,2025-12-01,241980.10791,17110.0,135,37612.89092838,2014-10-01,Bakken,9539.0,2014-09-28,Sand/Ceramics Mix,Bakken,Bakken,SYVERSON 150-99-36-25-3H,153010.52,Medium,131599.0
33-053-05628-0000,XTO ENERGY INC,2014-07-01,2025-12-01,227455.89497,10573.0,127,55339.41240337,2014-09-01,Three Forks,9629.0,2014-07-11,Sand/Ceramics Mix,Three Forks,Three Forks,SERRAHN 41X-6H,206523.95,Medium,199888.0
33-053-05743-0000,"PETRO-HUNT, L.L.C.",2014-11-01,2025-12-01,161781.80294,18999.0,133,56207.548635,2014-11-01,Three Forks,3907.0,2014-11-08,Sand/Ceramics Mix,Three Forks,Three Forks,WOLLAN 152-96-27A-5H,197989.06,Medium,69550.0
33-053-05746-0000,"HESS BAKKEN INVESTMENTS II, LLC",2015-01-01,2025-12-01,95051.30201,3969.0,117,13346.584320439999,2016-09-01,Bakken,9414.0,2015-01-28,Frac Sand,Bakken,Bakken,BW-KRAETSCH- 149-99-1423H-4,128312.07,Medium,46471.0
33-053-05781-0000,QEP ENERGY COMPANY,2014-08-01,2025-12-01,490560.31866,37232.0,136,81081.30642950001,2014-09-01,Three Forks,9427.0,2014-08-07,Sand/Ceramics/Resin Proppant Mix,Three Forks,Three Forks,MOBERG 17-16-20-21LL,585181.06,High,211056.0
33-053-05856-0000,"CONTINENTAL RESOURCES, INC.",2014-12-01,2025-12-01,459182.57087,21743.0,130,79104.28076600001,2015-04-01,Bakken,9973.0,2014-12-12,Ceramics,Bakken,Bakken,JAMESTOWN FEDERAL 2-17H,546757.56,High,283191.0
33-053-05867-0000,TRIANGLE USA PETROLEUM CORPORATION,2014-11-01,2025-12-01,234623.64205999998,18937.0,127,38920.452407000004,2014-12-01,Bakken,9647.0,2014-11-28,Sand/Ceramics Mix,Bakken,Bakken,PAULSON 150-101-23-14-2H,320251.19,Medium,269414.0
33-053-05879-0000,XTO ENERGY INC,2015-10-01,2025-12-01,406102.752,14437.0,114,34748.305316540005,2016-02-01,Three Forks,10199.0,2015-10-26,Frac Sand,Three Forks,Three Forks,NELSON FEDERAL 41X-5H,617151.38,High,177079.0
33-053-05975-0000,QEP ENERGY COMPANY,2014-09-01,2025-12-01,670318.0239,38769.0,134,229471.7409766,2014-10-01,Bakken,10054.0,2014-09-26,Sand/Ceramics Mix,Bakken,Bakken,SEVERIN 2-16-17BH,915302.63,High,288173.0
33-053-05984-0000,TRIANGLE USA PETROLEUM CORPORATION,2014-11-01,2025-12-01,263363.90321,20159.0,134,36536.60198597,2015-03-01,Bakken,9575.0,2014-11-11,Sand/Ceramics Mix,Bakken,Bakken,BRITT 151-102-4-9-4H,326096.75,Medium,476147.0
33-053-06025-0000,OASIS PETROLEUM NORTH AMERICA LLC,2015-09-01,2025-12-01,189698.20599,10969.0,121,30289.2527673,2015-10-01,Three Forks,9587.0,2015-09-09,Sand/Resin Mix,Three Forks,Three Forks,KLINE FEDERAL 5300 41-18 9T,232347.11,Medium,396038.0
33-053-06184-0000,"HESS BAKKEN INVESTMENTS II, LLC",2015-01-01,2025-12-01,221650.57799000002,24342.0,131,28201.125530380003,2015-01-01,Bakken,9497.0,2015-01-04,Frac Sand,Bakken,Bakken,BW-STOVELAND- 149-100-1003H-3,99183.18,Low,94076.0
33-053-06226-0000,NEWFIELD PRODUCTION COMPANY,2015-05-01,2025-12-01,154501.2392,17021.0,116,44712.767931170005,2015-05-01,Bakken,4707.0,2015-05-04,Frac Sand,Bakken,Bakken,ROLLA FEDERAL  153-96-29-4H,218260.2,Medium,51496.0
33-053-06239-0000,TRIANGLE USA PETROLEUM CORPORATION,2015-04-01,2025-12-01,147620.98618,12420.0,107,23194.204948839997,2015-07-01,Three Forks,9806.0,2015-04-29,Sand/Ceramics Mix,Three Forks,Three Forks,WISNESS 150-100-23-14-11TFH,192291.45,Medium,457892.0
33-053-06574-0000,TRIANGLE USA PETROLEUM CORPORATION,2017-12-01,2025-12-01,245628.08908,19221.0,95,51799.04302668,2018-03-01,Bakken,9542.0,2017-12-28,Unknown,Bakken,Bakken,SIMPSON 151-102-5-8-4H,77497.961,Low,631432.0
33-053-06576-0000,BURLINGTON RESOURCES OIL & GAS COMPANY LP,2015-11-01,2025-12-01,460209.81403999997,27301.0,113,99360.00384838,2016-03-01,Bakken,10058.0,2015-11-02,Sand/Ceramics Mix,Bakken,Bakken,SUN NOTCH 43-32MBH,561965.19,High,163736.0
33-053-06595-0000,SM ENERGY COMPANY,2016-06-01,2025-12-01,279808.1752,25692.0,115,58061.388761899994,2016-10-01,Bakken,9444.0,2016-06-22,Frac Sand,Bakken,Bakken,STENEHJEM  14-9H,336135.63,Medium,338985.0
33-053-06628-0000,"PETRO-HUNT, L.L.C.",2017-09-01,2025-12-01,726428.2779999999,23307.0,92,88001.08310481001,2017-10-01,Bakken,13132.0,2017-09-10,Sand/Ceramics Mix,Bakken,Bakken,THOMPSON 153-95-8D-6-2H,360130.47,Medium,194219.0
33-053-06679-0000,XTO ENERGY INC,2017-05-01,2025-12-01,369000.1461,28065.0,96,68956.10073220001,2017-07-01,Three Forks,9441.0,2017-05-30,Frac Sand,Three Forks,Three Forks,RINK 12X-4H,557960.31,High,394352.0
33-053-06785-0000,"MISSOURI RIVER RESOURCES ND, LLC",2015-07-01,2025-12-01,214621.76618,24585.0,125,42585.49568674,2015-07-01,Bakken,4254.0,2015-07-03,Sand/Ceramics Mix,Bakken,Bakken,ARIKARA 3W-3H-BK,259131.94,Medium,89114.0
33-053-06860-0000,OASIS PETROLEUM NORTH AMERICA LLC,2016-01-01,2025-12-01,265126.06692,16908.0,119,63852.54728211001,2016-04-01,Bakken,9467.0,2016-01-08,Sand/Ceramics Mix,Bakken,Bakken,ANDERSMADSON 5201 42-24 3B,307455.94,Medium,534275.0
33-053-06878-0000,XTO ENERGY INC,2017-01-01,2025-12-01,286603.78587,17981.0,103,112417.86649569999,2018-03-01,Bakken,9580.0,2017-01-15,Frac Sand,Bakken,Bakken,NORDENG 34X-23B,323193.97,Medium,307895.0
33-053-07279-0000,OASIS PETROLEUM NORTH AMERICA LLC,2016-12-01,2025-12-01,279797.948006,39850.0,95,55452.339206599994,2017-01-01,Three Forks,9511.0,2016-12-21,Sand/Resin Mix,Three Forks,Three Forks,ROLFSON S 5198 14-29 11T,280939.44,Medium,462383.0
33-053-07281-0000,OASIS PETROLEUM NORTH AMERICA LLC,2017-01-01,2025-12-01,246393.41701,30720.0,101,67211.26413369001,2017-03-01,Three Forks,9637.0,2017-01-14,Sand/Resin Mix,Three Forks,Three Forks,ROLFSON S 5198 14-29 13T,236761.86,Medium,501542.0
33-053-07425-0000,"CONTINENTAL RESOURCES, INC.",2017-07-01,2025-12-01,650052.6492999999,34270.0,94,129997.62250700001,2017-12-01,Bakken,15387.0,2017-07-23,Sand/Ceramics Mix,Bakken,Bakken,HEREFORD FEDERAL 9-20H,788857.69,High,563973.0
33-053-07514-0000,BURLINGTON RESOURCES OIL & GAS COMPANY LP,2017-08-01,2025-12-01,532635.1735,25902.0,98,114991.30026121,2017-10-01,Three Forks,9664.0,2017-08-14,Unknown,Three Forks,Three Forks,LASSEN 1-1-26UTFH,657927.56,High,192600.0
33-053-07644-0000,OASIS PETROLEUM NORTH AMERICA LLC,2017-09-01,2025-12-01,350930.15118,30288.0,100,118312.20920960001,2017-10-01,Three Forks,9947.0,2017-09-21,Sand/Resin Mix,Three Forks,Three Forks,WHITE 5198 11-18 8TX,362975.94,Medium,411135.0
33-053-07706-0000,MARATHON OIL COMPANY,2017-12-01,2025-12-01,409564.03602999996,56360.0,96,68034.86631770001,2018-01-01,Bakken,9550.0,2017-12-09,Frac Sand,Bakken,Bakken,BEGOLA USA 34-22H,443438.53,Medium,286209.0
33-053-07855-0000,BURLINGTON RESOURCES OIL & GAS COMPANY LP,2017-10-01,2025-12-01,541800.1777,27341.0,84,62738.000026,2018-03-01,Bakken,10235.0,2017-10-27,Sand/Ceramics Mix,Bakken,Bakken,CROFF 22C MBH,648320.69,High,201755.0
33-053-04656-0000,"BRIGHAM OIL & GAS, L.P.",2014-01-01,2025-12-01,253793.2346,11425.0,140,26272.650462240006,2014-01-01,Three Forks,9619.0,2014-01-08,Sand/Ceramics Mix,Three Forks,Three Forks,GREENSTEIN 30-31 3TFH,371011.03,Medium,635821.0
33-053-06450-0000,"CONTINENTAL RESOURCES, INC.",2017-01-01,2025-12-01,355267.05013,27548.0,104,31983.124296560003,2017-06-01,Three Forks,6980.0,2017-01-28,Frac Sand,Three Forks,Three Forks,HENDRICKSON  11-36H2,422531.53,Medium,316925.0
33-053-06919-0000,"WPX ENERGY WILLISTON, LLC",2017-05-01,2025-12-01,520879.268,35594.0,99,79641.45745449999,2017-08-01,Three Forks,9794.0,2017-05-19,Frac Sand,Three Forks,Three Forks,POPLAR 32-29HE,282640.91,Medium,328954.0
33-053-07475-0000,MARATHON OIL COMPANY,2017-07-01,2025-12-01,629967.0225,68965.0,89,70950.65780899998,2017-08-01,Bakken,9655.0,2017-07-25,Frac Sand,Bakken,Bakken,CUNNINGHAM USA 31-4H,783183.56,High,184631.0
33-053-07843-0000,"NORTH RANGE RESOURCES, LLC",2017-01-01,2025-12-01,115199.32105,2591.0,108,17533.99987,2018-05-01,Duperow,,2017-01-22,Unknown,Duperow,Duperow,SHEEP CREEK STORM 1-1V,18622.334,Low,4860.0
33-053-07082-0000,"HESS BAKKEN INVESTMENTS II, LLC",2016-03-01,2025-12-01,268427.5068,10985.0,117,96771.8754902,2016-10-01,Bakken,9860.0,2016-03-20,Frac Sand,Bakken,Bakken,HA-CHAPIN- 152-95-2932H-9,397388.91,Medium,72497.0
33-053-03729-0000,"SLAWSON EXPLORATION COMPANY, INC.",2015-04-01,2025-12-01,231704.83203,20621.0,113,23734.14652045,2015-06-01,Three Forks,4756.0,2015-04-22,Frac Sand,Three Forks,Three Forks,PANZER 1-20MLH,299019.78,Medium,102951.0
33-053-03730-0000,"SLAWSON EXPLORATION COMPANY, INC.",2015-04-01,2025-12-01,412658.4522,20321.0,110,60629.628275669995,2015-06-01,Middle Bakken / Three Forks Shale,4851.0,2015-04-03,Frac Sand,Middle Bakken / Three Forks Shale,Middle Bakken / Three Forks Shale,PANZER 2-20MLH,594070.19,High,196411.0
33-053-03967-0000,"HELIS OIL & GAS COMPANY, L.L.C.",2014-10-01,2025-12-01,311346.4169,27086.0,135,32388.09913225,2014-10-01,Three Forks,9932.0,2014-10-09,Sand/Resin Mix,Three Forks,Three Forks,KIRKLAND 15E-23/14H,375018.88,Medium,223076.0
33-053-04229-0000,"HELIS OIL & GAS COMPANY, L.L.C.",2014-01-01,2025-12-01,394815.70405,14041.0,141,91627.9787876,2014-02-01,Three Forks,9674.0,2014-01-11,Sand/Ceramics/Resin Proppant Mix,Three Forks,Three Forks,PAUL 1-26/35H,484751.31,Medium,415050.0
33-053-04311-0000,ENERPLUS RESOURCES USA CORPORATION,2014-06-01,2025-12-01,815113.5031999999,38361.0,136,95384.40006697,2014-07-01,Three Forks,14105.0,2014-06-07,Sand/Ceramics Mix,Three Forks,Three Forks,HONOR 150-94-06B-18H TF,949945.13,High,420008.0
33-053-04401-0000,TRIANGLE USA PETROLEUM CORPORATION,2014-01-01,2025-12-01,207885.29199,9493.0,128,46438.93854084,2014-02-01,Bakken,9572.0,2014-01-19,Sand/Ceramics Mix,Bakken,Bakken,STEEN 149-101-13-24-4H,281477.84,Medium,257891.0
33-053-04548-0000,TRIANGLE USA PETROLEUM CORPORATION,2015-08-01,2025-12-01,283226.33215000003,20770.0,119,44116.95498417,2015-09-01,Bakken,9573.0,2015-08-26,Sand/Ceramics Mix,Bakken,Bakken,TRIANGLE 150-101-36-25-8H,378061.41,Medium,304885.0
33-053-04601-0000,"BRIGHAM OIL & GAS, L.P.",2014-02-01,2025-12-01,258983.96603,8225.0,136,85190.99562376,2014-05-01,Three Forks,10094.0,2014-02-07,Sand/Ceramics Mix,Three Forks,Three Forks,BRODERSON  30-31 4TFH,298341.41,Medium,428055.0
33-053-04651-0000,"PETRO-HUNT, L.L.C.",2014-07-01,2025-12-01,226890.08291,25670.0,137,47762.96492150001,2014-07-01,Bakken,3997.0,2014-07-05,Sand/Ceramics Mix,Bakken,Bakken,CLEAR CREEK 152-96-34B-5H,250024.55,Medium,70102.0
33-053-04727-0000,"CONTINENTAL RESOURCES, INC.",2014-02-01,2025-12-01,202909.89796,8794.0,140,29742.37647191,2014-09-01,Three Forks,9830.0,2014-02-18,Sand/Ceramics Mix,Three Forks,Three Forks,ROLLEFSTAD FEDERAL 8-3H-3,234932.94,Medium,344916.0
33-053-04748-0000,"CONTINENTAL RESOURCES, INC.",2014-05-01,2025-12-01,213520.40097000002,15930.0,138,59018.09049063,2014-07-01,Bakken,9415.0,2014-05-24,Frac Sand,Bakken,Bakken,WAHPETON 6-16H,246395.67,Medium,153949.0
33-053-04824-0000,NEWFIELD PRODUCTION COMPANY,2015-01-01,2025-12-01,213988.49005999998,21712.0,127,67363.66900177,2015-01-01,Bakken,4659.0,2015-01-11,Sand/Ceramics Mix,Bakken,Bakken,SAND CREEK STATE 153-96-16-3H,262240.22,Medium,37964.0
33-053-04833-0000,"BRIGHAM OIL & GAS, L.P.",2014-05-01,2025-12-01,282649.52601000003,19852.0,130,41072.43692140999,2014-12-01,Bakken,9167.0,2014-05-18,Sand/Ceramics Mix,Bakken,Bakken,BILL 14-23 3H,358184.41,Medium,484817.0
33-053-04855-0000,"CONTINENTAL RESOURCES, INC.",2014-04-01,2025-12-01,242061.6148,6692.0,138,19522.31740862,2014-10-01,Three Forks,12625.0,2014-04-25,Sand/Ceramics Mix,Three Forks,Three Forks,COLUMBUS FEDERAL 2-16H,386184.56,Medium,347418.0
33-053-04862-0000,"WPX ENERGY WILLISTON, LLC",2014-09-01,2025-12-01,438787.0149,20649.0,133,40161.18477806999,2014-11-01,Three Forks,9585.0,2014-09-07,Sand/Ceramics Mix,Three Forks,Three Forks,MORSETTE 35-26HX,599591.0,High,208498.0
33-053-04870-0000,BURLINGTON RESOURCES OIL & GAS COMPANY LP,2016-08-01,2025-12-01,791160.3025,25831.0,104,131774.11124079002,2017-03-01,Bakken,10530.0,2016-08-05,Sand/Ceramics Mix,Bakken,Bakken,MERTON 21-15MBH 2NH,1043042.4,High,246207.0
33-053-04926-0000,KODIAK OIL & GAS (USA) INC.,2015-05-01,2025-12-01,260702.25194,17022.0,126,43949.9756319,2015-06-01,Bakken,8751.0,2015-05-29,Sand/Ceramics Mix,Bakken,Bakken,SMOKEY 4-15-22-13H,150392.77,Medium,190453.0
33-053-04927-0000,"G3 OPERATING, LLC",2017-09-01,2025-12-01,341644.83494,32156.0,95,41321.81301136,2017-11-01,Bakken,9908.0,2017-09-27,Sand/Ceramics Mix,Bakken,Bakken,FORT BERTHOLD 152-94-13B-24-2H,352772.84,Medium,311344.0
33-053-04982-0000,OASIS PETROLEUM NORTH AMERICA LLC,2014-01-01,2025-12-01,281942.17702,22825.0,142,55703.606839700005,2014-01-01,Bakken,9413.0,2014-01-13,Sand/Ceramics Mix,Bakken,Bakken,IDA 5200 21-28B,322843.88,Medium,189864.0
33-053-05013-0000,BURLINGTON RESOURCES OIL & GAS COMPANY LP,2014-01-01,2025-12-01,577897.746,23596.0,134,73061.04601028,2014-12-01,Three Forks,9259.0,2014-01-22,Sand/Ceramics Mix,Three Forks,Three Forks,WASHBURN 41-36TFH,741168.31,High,138471.0
33-053-05069-0000,BURLINGTON RESOURCES OIL & GAS COMPANY LP,2014-05-01,2025-12-01,326324.56079,19780.0,131,42806.42604178999,2014-09-01,Bakken,9083.0,2014-05-09,Sand/Ceramics Mix,Bakken,Bakken,SUNLINE 21-1MBH-5SH,433579.22,Medium,85964.0
33-053-05073-0000,XTO ENERGY INC,2014-03-01,2025-12-01,329970.219,20272.0,141,65175.89446400001,2014-05-01,Bakken,9305.0,2014-02-27,Sand/Ceramics Mix,Bakken,Bakken,DUKE 34X-31B,395641.66,Medium,196853.0
33-053-05074-0000,XTO ENERGY INC,2014-03-01,2025-12-01,215598.52492,13540.0,142,37742.8882435,2014-05-01,Three Forks,9737.0,2014-03-24,Sand/Ceramics Mix,Three Forks,Three Forks,DUKE 34X-31E,264111.09,Medium,190478.0
33-053-05078-0000,OASIS PETROLEUM NORTH AMERICA LLC,2014-01-01,2025-12-01,251066.40601,32399.0,142,57575.567259339994,2014-01-01,Bakken,9671.0,2013-12-18,Sand/Ceramics Mix,Bakken,Bakken,CEYNAR 5200 11-28B,295563.09,Medium,143868.0
33-053-05086-0000,QEP ENERGY COMPANY,2014-01-01,2025-12-01,407692.3139,21424.0,143,67780.7062755,2014-01-01,Bakken,9891.0,2014-01-10,Sand/Ceramics Mix,Bakken,Bakken,ZORRO 4-35-26BH,555171.25,High,87498.0
33-053-05105-0000,BURLINGTON RESOURCES OIL & GAS COMPANY LP,2014-01-01,2025-12-01,504484.6402,21687.0,141,100656.36409388,2014-08-01,Bakken,9478.0,2014-01-30,Sand/Ceramics Mix,Bakken,Bakken,BLUE RIDGE 44-31MBH,298069.03,Medium,72061.0
33-053-05117-0000,QEP ENERGY COMPANY,2014-04-01,2025-12-01,434017.5917,15942.0,140,55488.349997699996,2014-05-01,Three Forks,9972.0,2014-04-22,Sand/Ceramics/Resin Proppant Mix,Three Forks,Three Forks,PONCHO 2-3-10TH,631229.38,High,336785.0
33-053-05128-0000,"ZENERGY, INC",2014-03-01,2025-12-01,248362.42599000002,7849.0,142,21504.677203,2014-08-01,Bakken,10328.0,2014-03-13,Frac Sand,Bakken,Bakken,KELTER FEDERAL 7-1H2,312540.88,Medium,250756.0
33-053-05150-0000,BURLINGTON RESOURCES OIL & GAS COMPANY LP,2014-05-01,2025-12-01,294555.93194000004,19126.0,135,42014.806441910005,2014-08-01,Three Forks,10488.0,2014-05-21,Sand/Ceramics Mix,Three Forks,Three Forks,CAPITOL 14-7TFH,394283.41,Medium,118397.0
33-053-05158-0000,BURLINGTON RESOURCES OIL & GAS COMPANY LP,2014-05-01,2025-12-01,447254.1736,22320.0,129,67678.49966869,2014-10-01,Bakken,9518.0,2014-05-23,Sand/Ceramics Mix,Bakken,Bakken,BIG SUN 41-2MBH-ULW,712392.5,High,84143.0
33-053-05172-0000,XTO ENERGY INC,2014-08-01,2025-12-01,235139.27794,9833.0,133,31611.008852490002,2014-10-01,Three Forks,10091.0,2014-08-21,Sand/Ceramics Mix,Three Forks,Three Forks,LOOMER 24X-34E,126788.38,Medium,215650.0
33-053-05193-0000,HESS CORPORATION,2014-05-01,2025-12-01,145437.997,11933.0,136,15436.25605419,2014-05-01,Three Forks,10093.0,2014-05-13,Frac Sand,Three Forks,Three Forks,SC-4WX- 153-98-3130H-2,184457.33,Medium,111616.0
33-053-05208-0000,"PETRO-HUNT, L.L.C.",2014-01-01,2025-12-01,798145.595,19365.0,141,126682.00971360001,2016-10-01,Three Forks,9645.0,2014-01-16,Sand/Ceramics Mix,Three Forks,Three Forks,USA 153-95-22C-15-3H,1056874.1,High,133807.0
33-053-05209-0000,"EMERALD OIL, INC",2014-04-01,2025-12-01,192262.51308,15798.0,140,29271.67208519,2014-04-01,Three Forks,9529.0,2014-04-08,Ceramics,Three Forks,Three Forks,EXCALIBUR 2-25-36H,224678.05,Medium,363025.0
33-053-05222-0000,KODIAK OIL & GAS (USA) INC.,2014-06-01,2025-12-01,220648.33627,13343.0,139,23518.40067404,2014-07-01,Three Forks,9205.0,2014-06-09,Sand/Ceramics Mix,Three Forks,Three Forks,KOALA 16-32-29-2H3,272339.59,Medium,265285.0
33-053-05234-0000,"EMERALD OIL, INC",2014-03-01,2025-12-01,211389.26296,17222.0,141,31203.77646824,2014-03-01,Bakken,10123.0,2014-03-03,Sand/Ceramics Mix,Bakken,Bakken,CAPER 4-15-22H,263280.41,Medium,456651.0
33-053-05237-0000,"PETRO-HUNT, L.L.C.",2014-09-01,2025-12-01,584472.4549,28801.0,133,109069.64162829999,2014-10-01,Three Forks,9305.0,2014-09-20,Sand/Ceramics Mix,Three Forks,Three Forks,VAN HISE TRUST  153-95-28D-21-6H,728443.25,High,117932.0
33-053-05254-0000,XTO ENERGY INC,2014-04-01,2025-12-01,231141.15801,13863.0,125,62008.32813917001,2014-07-01,Three Forks,9594.0,2014-04-25,Sand/Ceramics Mix,Three Forks,Three Forks,RINK 13X-4F,289127.53,Medium,184095.0
33-053-05278-0000,NEWFIELD PRODUCTION COMPANY,2014-02-01,2025-12-01,241197.87321,16992.0,133,39380.49999761,2014-03-01,Bakken,5605.0,2014-02-19,Sand/Ceramics Mix,Bakken,Bakken,WISNESS STATE 152-96-21-16-1HX,94712.5,Low,48410.0
33-053-05301-0000,NEWFIELD PRODUCTION COMPANY,2014-11-01,2025-12-01,282646.50381,21914.0,130,71436.8577144,2014-11-01,Bakken,8989.0,2014-11-06,Sand/Ceramics Mix,Bakken,Bakken,ROLFSRUD STATE 152-96-29-32-1H,366828.88,Medium,66353.0
33-053-05304-0000,"CONTINENTAL RESOURCES, INC.",2014-09-01,2025-12-01,264827.13801,13525.0,134,55009.90932481001,2014-11-01,Three Forks,9658.0,2014-09-28,Frac Sand,Three Forks,Three Forks,JERRY 7-8H,304205.28,Medium,350807.0
33-053-05341-0000,"PETRO-HUNT, L.L.C.",2015-06-01,2025-12-01,233982.34405,11260.0,127,30855.918943000004,2015-07-01,Bakken,9246.0,2015-06-11,Sand/Ceramics Mix,Bakken,Bakken,GLOVATSKY 145-98-24D-13-2H,299815.72,Medium,350755.0
33-053-05345-0000,"CONTINENTAL RESOURCES, INC.",2014-08-01,2025-12-01,43621.706,3349.0,107,11265.239840549999,2014-10-01,Three Forks,5031.0,2014-08-23,Sand/Ceramics Mix,Three Forks,Three Forks,MACK 10-2H3,51241.488,Low,120459.0
33-053-05356-0000,SM ENERGY COMPANY,2014-06-01,2025-12-01,217683.34898,16349.0,139,43812.45201369999,2014-07-01,Three Forks,9863.0,2014-06-20,Frac Sand,Three Forks,Three Forks,HANK 13X-7H,267662.19,Medium,150394.0
33-053-05373-0000,HUNT OIL COMPANY,2014-05-01,2025-12-01,327612.4499,11271.0,137,26118.6911578,2014-06-01,Bakken,9833.0,2014-05-15,Frac Sand,Bakken,Bakken,ANTELOPE  1-32-29H,566334.44,High,385835.0
33-053-05376-0000,HESS CORPORATION,2014-07-01,2025-12-01,273674.70993,25047.0,137,38081.04027504999,2014-07-01,Bakken,9514.0,2014-07-10,Frac Sand,Bakken,Bakken,BW-ARNEGARD STATE- 151-100-3625H-3,344833.97,Medium,97588.0
33-053-05377-0000,HESS CORPORATION,2014-07-01,2025-12-01,207574.60819,21443.0,138,26947.971552460003,2014-07-01,Bakken,9818.0,2014-07-02,Frac Sand,Bakken,Bakken,BW-ARNEGARD STATE- 151-100-3625H-2,259010.16,Medium,70667.0
33-053-05381-0000,TRIANGLE USA PETROLEUM CORPORATION,2014-03-01,2025-12-01,243653.57204,19287.0,126,43096.141270390006,2014-04-01,Bakken,9463.0,2014-03-29,Sand/Ceramics Mix,Bakken,Bakken,STATE 152-102-36-25-6H,117068.41,Medium,398281.0
33-053-05386-0000,ENERPLUS RESOURCES USA CORPORATION,2014-04-01,2025-12-01,694040.1370999999,56416.0,132,162801.40484584,2014-04-01,Bakken,10087.0,2014-04-08,Frac Sand,Bakken,Bakken,RIBBON 152-94-18B-19H,712569.88,High,231364.0
33-053-05400-0000,HESS CORPORATION,2014-08-01,2025-12-01,276104.63885,18867.0,130,40355.14906883,2014-09-01,Three Forks,9470.0,2014-08-19,Sand/Ceramics Mix,Three Forks,Three Forks,BB-BELQUIST- 150-95-1110H-5,346940.19,Medium,99561.0
33-053-05403-0000,"HRC OPERATING, LLC",2014-07-01,2025-12-01,414052.2659,34552.0,132,51535.503726799994,2014-08-01,Bakken,9582.0,2014-07-24,Sand/Resin Mix,Bakken,Bakken,FORT BERTHOLD 152-94-24D-13-7H,501144.44,High,349903.0
33-053-05416-0000,XTO ENERGY INC,2014-11-01,2025-12-01,280542.94909,23555.0,131,59231.04299839999,2015-01-01,Three Forks,9501.0,2014-11-30,Sand/Ceramics Mix,Three Forks,Three Forks,ROLFSON 14X-34E,349593.97,Medium,134678.0
33-053-05424-0000,QEP ENERGY COMPANY,2014-07-01,2025-12-01,527742.2769599999,33437.0,138,89925.90857459999,2014-08-01,Bakken,9960.0,2014-07-06,Frac Sand,Bakken,Bakken,OTIS 4-28-33BHR,593202.13,High,153206.0
33-053-05427-0000,SM ENERGY COMPANY,2014-06-01,2025-12-01,199338.47879000002,9185.0,136,53202.80584892,2014-07-01,Three Forks,10003.0,2014-06-14,Frac Sand,Three Forks,Three Forks,BONNER 9X-12HB,298295.09,Medium,218976.0
33-053-05430-0000,XTO ENERGY INC,2014-08-01,2025-12-01,313382.18697000004,26200.0,134,79668.222582,2014-10-01,Three Forks,9669.0,2014-08-26,Sand/Ceramics Mix,Three Forks,Three Forks,RUBY STATE FEDERAL 34X-36F,340358.88,Medium,203921.0
33-053-05437-0000,ABRAXAS PETROLEUM CORP.,2014-08-01,2025-12-01,367002.65495,21783.0,131,83878.32494769999,2014-11-01,Bakken,9330.0,2014-10-18,Sand/Ceramics Mix,Bakken,Bakken,RAVIN 26-35-4H,395052.03,Medium,173092.0
33-053-05452-0000,HESS CORPORATION,2017-09-01,2025-12-01,182460.30609,23430.0,97,41319.55817895,2017-11-01,Three Forks,9652.0,2017-09-20,Frac Sand,Three Forks,Three Forks,AN-GUDBRANSON- 153-94-2215H-4,279786.38,Medium,274508.0
33-053-05453-0000,HESS CORPORATION,2017-09-01,2025-12-01,503680.478,28543.0,100,89660.69020905999,2018-01-01,Bakken,9816.0,2017-09-13,Frac Sand,Bakken,Bakken,AN-GUDBRANSON- 153-94-2215H-5,410842.59,Medium,184289.0
33-053-05475-0000,ENERPLUS RESOURCES USA CORPORATION,2014-04-01,2025-12-01,651348.81767,53840.0,139,137003.7894968,2014-05-01,Three Forks,9704.0,2014-04-09,Frac Sand,Three Forks,Three Forks,HOGNOSE 152-94-18B-19H-TF,742867.88,High,258056.0
33-053-05481-0000,WHITING OIL AND GAS CORPORATION,2014-04-01,2025-12-01,207764.28397,16571.0,140,25687.8242115,2014-05-01,Bakken,9532.0,2014-04-19,Sand/Ceramics Mix,Bakken,Bakken,GAJEWSKI  31-18-2H,244717.53,Medium,275474.0
33-053-05493-0000,"SHD OIL & GAS, LLC",2014-06-01,2025-12-01,237045.39096,27048.0,128,59278.2214549,2014-07-01,Bakken,4405.0,2014-06-25,Ceramics,Bakken,Bakken,BULLET 12-36H,251254.92,Medium,174981.0
33-053-05501-0000,"WPX ENERGY WILLISTON, LLC",2014-11-01,2025-12-01,645653.6405,28601.0,130,107238.36735999999,2015-01-01,Bakken,8137.0,2014-11-10,Sand/Ceramics Mix,Bakken,Bakken,GOOD VOICE 34-27HD,843028.31,High,147582.0
33-053-05506-0000,WHITING OIL AND GAS CORPORATION,2014-02-01,2025-12-01,238482.69303,17090.0,142,37018.763644299994,2014-02-01,Bakken,9554.0,2014-02-14,Sand/Ceramics Mix,Bakken,Bakken,JOHNSON 34-8-2H,305259.06,Medium,219316.0
33-053-05515-0000,OASIS PETROLEUM NORTH AMERICA LLC,2014-07-01,2025-12-01,220576.3449,42099.0,134,55676.224944769994,2014-08-01,Three Forks,9561.0,2014-07-18,Frac Sand,Three Forks,Three Forks,HAGEN BANKS 5298 #42-31 4T2,294844.16,Medium,273531.0
33-053-05536-0000,WHITING OIL AND GAS CORPORATION,2014-05-01,2025-12-01,150395.57391,11235.0,140,8218.87536026,2014-05-01,Bakken,9964.0,2014-05-06,Sand/Ceramics Mix,Bakken,Bakken,ASBECK 44-7HU,179201.59,Medium,163741.0
33-053-05538-0000,XTO ENERGY INC,2014-06-01,2025-12-01,397464.3081,20611.0,134,81066.09088369999,2014-07-01,Bakken,9311.0,2014-06-07,Sand/Ceramics Mix,Bakken,Bakken,MCCOY 44X-36C,506372.34,High,100647.0
33-053-05539-0000,"PETRO-HUNT, L.L.C.",2014-12-01,2025-12-01,705502.7929700001,41194.0,130,84362.61021631,2014-12-01,Bakken,9168.0,2014-12-02,Sand/Ceramics Mix,Bakken,Bakken,USA 153-95-4B-8-2HS,747337.63,High,151411.0
33-053-05555-0000,"EMERALD OIL, INC",2014-09-01,2025-12-01,243902.83481,12135.0,136,44891.954492150006,2014-09-01,Bakken,9525.0,2014-09-09,Ceramics,Bakken,Bakken,TALON 3-9-4H,290161.66,Medium,455969.0
33-053-05566-0000,"CONTINENTAL RESOURCES, INC.",2015-03-01,2025-12-01,288169.82996999996,14572.0,115,65402.113404179996,2015-05-01,Three Forks,9578.0,2015-03-27,Sand/Ceramics Mix,Three Forks,Three Forks,POLK FEDERAL 3-33H1,331219.63,Medium,326563.0
33-053-05577-0000,"PETRO-HUNT, L.L.C.",2015-02-01,2025-12-01,170802.77396,20488.0,128,35818.806234300006,2015-03-01,Bakken,4933.0,2015-02-07,Sand/Ceramics Mix,Bakken,Bakken,SHERVEN TRUST 153-95-27D-5H,100278.94,Medium,35938.0
33-053-05589-0000,KODIAK OIL & GAS (USA) INC.,2014-08-01,2025-12-01,275862.59494,25707.0,137,63468.15472567001,2014-09-01,Bakken,8767.0,2014-08-29,Sand/Ceramics Mix,Bakken,Bakken,KOALA 4-4-6-4H,326877.97,Medium,176664.0
33-053-05609-0000,"WPX ENERGY WILLISTON, LLC",2015-01-01,2025-12-01,322804.2129,15848.0,130,26888.281150000003,2015-02-01,Three Forks,9874.0,2015-01-26,Sand/Ceramics Mix,Three Forks,Three Forks,KALE BAD BRAVE 19-18HW,464162.59,Medium,180337.0
33-053-05638-0000,NEWFIELD PRODUCTION COMPANY,2015-01-01,2025-12-01,200589.92689,16512.0,129,50529.843016000006,2015-01-01,Bakken,4496.0,2015-01-15,Sand/Ceramics Mix,Bakken,Bakken,SAND CREEK STATE  153-96-16-4H,188672.08,Medium,48973.0
33-053-05650-0000,"CONTINENTAL RESOURCES, INC.",2014-07-01,2025-12-01,196570.09902999998,14947.0,134,72541.2814442,2014-10-01,Three Forks,9309.0,2014-07-16,Sand/Ceramics Mix,Three Forks,Three Forks,ROLFSRUD 3-11H1,235235.72,Medium,139883.0
33-053-05654-0000,TRIANGLE USA PETROLEUM CORPORATION,2014-06-01,2025-12-01,214643.79505000002,11791.0,124,61610.49768771001,2014-07-01,Bakken,9514.0,2014-06-16,Sand/Ceramics Mix,Bakken,Bakken,MCCABE  150-101-24-13-3H,294600.72,Medium,212483.0
33-053-05662-0000,ENERPLUS RESOURCES USA CORPORATION,2014-11-01,2025-12-01,685320.321,41810.0,129,177666.74705834003,2014-11-01,Bakken,9020.0,2014-11-07,Frac Sand,Bakken,Bakken,SNAPPER 152-94-33C-28H,484081.5,Medium,137544.0
33-053-05664-0000,ENERPLUS RESOURCES USA CORPORATION,2014-11-01,2025-12-01,626007.48783,50146.0,133,110778.50835359999,2014-12-01,Three Forks,8977.0,2014-11-25,Sand/Ceramics Mix,Three Forks,Three Forks,VICEROY  152-94-32D-29H TF,711761.81,High,147499.0
33-053-05683-0000,XTO ENERGY INC,2014-12-01,2025-12-01,429898.15390000003,16651.0,131,64661.6605055,2014-12-01,Three Forks,5444.0,2014-12-11,Sand/Ceramics Mix,Three Forks,Three Forks,THOMPSON FEDERAL 41X-17-TF2,197478.97,Medium,50651.0
33-053-05703-0000,NEWFIELD PRODUCTION COMPANY,2014-08-01,2025-12-01,234253.56,15315.0,136,81143.18837937001,2014-08-01,Bakken,10244.0,2014-08-09,Frac Sand,Bakken,Bakken,FLECK 150-100-12-1-4H,255775.13,Medium,132068.0
33-053-05704-0000,NEWFIELD PRODUCTION COMPANY,2014-08-01,2025-12-01,283766.04848,16414.0,130,39867.93368986,2014-08-01,Bakken,9353.0,2014-08-08,Frac Sand,Bakken,Bakken,FLECK 150-100-12-1-3H,100730.81,Medium,146423.0
33-053-05713-0000,SM ENERGY COMPANY,2014-09-01,2025-12-01,273456.89113,18051.0,131,19723.499912969997,2014-10-01,Bakken,9996.0,2014-09-11,Frac Sand,Bakken,Bakken,TRACY 13-35H,340236.63,Medium,188489.0
33-053-05717-0000,QEP ENERGY COMPANY,2014-08-01,2025-12-01,454846.54390000005,24476.0,137,64098.145695,2014-09-01,Bakken,10077.0,2014-08-14,Sand/Ceramics/Resin Proppant Mix,Bakken,Bakken,TAT 1-33-28BH,561091.13,High,187863.0
33-053-05725-0000,"HESS BAKKEN INVESTMENTS II, LLC",2014-10-01,2025-12-01,241067.14588999999,24682.0,135,37841.18214461,2014-11-01,Three Forks,10810.0,2014-10-25,Frac Sand,Three Forks,Three Forks,HA-MOGEN- 152-95-0805H-9,296159.91,Medium,63288.0
33-053-05733-0000,QEP ENERGY COMPANY,2014-08-01,2025-12-01,359126.89639999997,27693.0,137,63858.92757760001,2014-09-01,Three Forks,10178.0,2014-08-17,Frac Sand,Three Forks,Three Forks,TAT 33-28-34-27LL,469689.34,Medium,218688.0
33-053-05735-0000,STATOIL OIL & GAS LP,2015-04-01,2025-12-01,367054.52419,20185.0,115,64796.25505769001,2015-06-01,Three Forks,9981.0,2015-04-27,Sand/Ceramics Mix,Three Forks,Three Forks,MASTON 34-27 #7TFH,465987.19,Medium,252911.0
33-053-05740-0000,NEWFIELD PRODUCTION COMPANY,2014-07-01,2025-12-01,305690.005,20649.0,138,52148.190000430004,2014-07-01,Bakken,9476.0,2014-07-04,Sand/Ceramics Mix,Bakken,Bakken,BLUE ANGEL 150-99-5-8-5HLW,395696.63,Medium,119628.0
33-053-05742-0000,WHITING OIL AND GAS CORPORATION,2014-09-01,2025-12-01,120190.05498,7937.0,133,18119.30483826,2014-10-01,Bakken,9617.0,2014-09-23,Frac Sand,Bakken,Bakken,LANGWALD 24-9HU,42801.289,Low,170960.0
33-053-05777-0000,STATOIL OIL & GAS LP,2014-10-01,2025-12-01,166584.53303,6598.0,126,27131.063077029998,2014-11-01,Three Forks,9415.0,2014-10-18,Sand/Ceramics Mix,Three Forks,Three Forks,PAULSON 36-1 3TFH,262957.47,Medium,549959.0
33-053-05785-0000,"PETRO-HUNT, L.L.C.",2016-10-01,2025-12-01,817936.9106,22565.0,107,136008.33503540003,2016-11-01,Bakken,9211.0,2016-10-10,Sand/Ceramics Mix,Bakken,Bakken,USA 153-95-22D-15-4H,503958.94,High,98385.0
33-053-05794-0000,"PETRO-HUNT, L.L.C.",2014-10-01,2025-12-01,417473.17504999996,27219.0,134,102654.17516800002,2014-10-01,Three Forks,9106.0,2014-10-07,Sand/Ceramics Mix,Three Forks,Three Forks,SORENSON 152-96-24C-13-2HR,497592.63,Medium,155354.0
33-053-05811-0000,QEP ENERGY COMPANY,2014-08-01,2025-12-01,309773.60508,25606.0,137,45848.02196439,2014-09-01,Three Forks,4722.0,2014-08-23,Frac Sand,Three Forks,Three Forks,MOBERG 3-18TH,355433.75,Medium,67250.0
33-053-05813-0000,"HESS BAKKEN INVESTMENTS II, LLC",2015-02-01,2025-12-01,362378.4029,29047.0,130,37571.33327237,2015-02-01,Bakken,9472.0,2015-02-06,Frac Sand,Bakken,Bakken,HA-SWENSON- LW-152-95-1819H-1,529546.94,High,47758.0
33-053-05815-0000,"HESS BAKKEN INVESTMENTS II, LLC",2015-01-01,2025-12-01,352085.74511,23886.0,132,69478.48553502999,2015-02-01,Three Forks,9926.0,2015-01-27,Sand/Ceramics Mix,Three Forks,Three Forks,HA-SWENSON- 152-95-1819H-7,459729.78,Medium,84938.0
33-053-05869-0000,TRIANGLE USA PETROLEUM CORPORATION,2014-12-01,2025-12-01,285928.31510999997,16957.0,126,54163.69085017,2015-01-01,Bakken,9682.0,2014-12-16,Sand/Ceramics Mix,Bakken,Bakken,PAULSON  150-101-23-14-4H,385033.47,Medium,303333.0
33-053-05886-0000,WHITING OIL AND GAS CORPORATION,2014-08-01,2025-12-01,249420.30212,21458.0,137,30157.582092369998,2014-09-01,Bakken,9151.0,2014-08-12,Sand/Ceramics Mix,Bakken,Bakken,GUNDER T. 31-30-2H,299166.44,Medium,327177.0
33-053-05896-0000,BURLINGTON RESOURCES OIL & GAS COMPANY LP,2015-04-01,2025-12-01,236629.93904,19575.0,122,65169.486189400006,2015-06-01,Three Forks,9436.0,2015-04-12,Sand/Ceramics Mix,Three Forks,Three Forks,SHENANDOAH 24-36TFH,303888.97,Medium,93195.0
33-053-05903-0000,XTO ENERGY INC,2015-02-01,2025-12-01,367843.2641,23143.0,124,88091.194414,2015-03-01,Bakken,9390.0,2015-02-05,Sand/Ceramics Mix,Bakken,Bakken,OMLID 41X-13D,534599.38,High,163160.0
33-053-05904-0000,XTO ENERGY INC,2015-01-01,2025-12-01,207609.15795,17303.0,111,48510.873176999994,2015-03-01,Three Forks,9832.0,2015-01-23,Sand/Ceramics Mix,Three Forks,Three Forks,OMLID 41X-13G,254717.53,Medium,157777.0
33-053-05916-0000,ABRAXAS PETROLEUM CORP.,2014-12-01,2025-12-01,244531.413,19907.0,125,31859.668457489995,2015-01-01,Three Forks,9258.0,2014-12-08,Sand/Ceramics Mix,Three Forks,Three Forks,STENEHJEM 27-34-4H,163031.5,Medium,266435.0
33-053-05919-0000,"CONTINENTAL RESOURCES, INC.",2015-07-01,2025-12-01,702628.7486,26693.0,122,51474.6207442,2016-03-01,Three Forks,9829.0,2015-07-29,Sand/Ceramics Mix,Three Forks,Three Forks,SALERS FEDERAL  4-27H1,748793.44,High,167797.0
33-053-05921-0000,"CONTINENTAL RESOURCES, INC.",2015-07-01,2025-12-01,917780.6597,29178.0,121,133409.78647869997,2015-11-01,Three Forks,9498.0,2015-07-30,Sand/Ceramics Mix,Three Forks,Three Forks,SALERS FEDERAL  6-27H1,1128945.0,High,166375.0
33-053-05942-0000,XTO ENERGY INC,2015-04-01,2025-12-01,266619.59999,8671.0,115,51422.58004886,2015-10-01,Three Forks,9490.0,2015-04-27,Frac Sand,Three Forks,Three Forks,LUNDIN FEDERAL 31X-9G,378388.88,Medium,218557.0
33-053-05962-0000,"PETRO-HUNT, L.L.C.",2017-10-01,2025-12-01,454837.5212,17529.0,96,109900.19192479999,2017-10-01,Bakken,9643.0,2017-10-07,Sand/Ceramics Mix,Bakken,Bakken,USA 153-96-24D-13-6H,650761.63,High,137901.0
33-053-05963-0000,TRIANGLE USA PETROLEUM CORPORATION,2014-10-01,2025-12-01,237135.22406,20494.0,131,24734.18199203,2014-11-01,Bakken,9398.0,2014-10-31,Sand/Ceramics Mix,Bakken,Bakken,STATE 152-102-36-25-8H,283769.28,Medium,346809.0
33-053-05964-0000,TRIANGLE USA PETROLEUM CORPORATION,2014-10-01,2025-12-01,218757.37188,21688.0,132,37326.56217994,2014-11-01,Bakken,9488.0,2014-10-30,Frac Sand,Bakken,Bakken,STATE 152-102-36-25-7H,258070.31,Medium,358796.0
33-053-05978-0000,WHITING OIL AND GAS CORPORATION,2014-12-01,2025-12-01,184642.26995,31997.0,114,62756.10955031,2014-12-01,Three Forks,9516.0,2014-12-17,Sand/Ceramics Mix,Three Forks,Three Forks,TARPON FEDERAL 24-20-2RTF,226483.81,Medium,143934.0
33-053-05981-0000,TRIANGLE USA PETROLEUM CORPORATION,2014-10-01,2025-12-01,293935.57032,12423.0,133,61049.99159071001,2015-05-01,Bakken,9607.0,2014-10-22,Sand/Ceramics Mix,Bakken,Bakken,BRITT 151-102-4-9-1H,399865.63,Medium,482195.0
33-053-05993-0000,"HESS BAKKEN INVESTMENTS II, LLC",2014-11-01,2025-12-01,257268.77314,24019.0,134,25425.737713529998,2014-11-01,Bakken,10344.0,2014-11-05,Frac Sand,Bakken,Bakken,BW-NORGARD- 149-100-1102H-3,336694.41,Medium,111961.0
33-053-05994-0000,"HESS BAKKEN INVESTMENTS II, LLC",2015-04-01,2025-12-01,289486.90294,24882.0,129,66440.81748049002,2015-05-01,Bakken,9924.0,2015-04-22,Frac Sand,Bakken,Bakken,BW-ARNEGARD STATE- 151-100-3625H-6,362369.34,Medium,130761.0
33-053-06016-0000,NEWFIELD PRODUCTION COMPANY,2014-09-01,2025-12-01,164855.82908,12029.0,125,33328.73834918,2014-11-01,Three Forks,9487.0,2014-09-29,Frac Sand,Three Forks,Three Forks,SYVERSON 150-99-36-25-10H,213219.41,Medium,187686.0
33-053-06035-0000,QEP ENERGY COMPANY,2015-03-01,2025-12-01,383281.63306,35944.0,123,52377.96126634,2015-04-01,Three Forks,9800.0,2015-03-06,Frac Sand,Three Forks,Three Forks,STATE 3-16-21TH,388734.0,Medium,123923.0
33-053-06036-0000,QEP ENERGY COMPANY,2015-03-01,2025-12-01,515950.0849,40052.0,127,60280.06442057,2015-03-01,Bakken,9700.0,2015-03-08,Frac Sand,Bakken,Bakken,STATE 16-21-17-20LL,627315.0,High,105721.0
33-053-06043-0000,BURLINGTON RESOURCES OIL & GAS COMPANY LP,2015-06-01,2025-12-01,433007.61118,22291.0,115,87462.59713140299,2016-01-01,Bakken,8514.0,2015-06-27,Sand/Ceramics Mix,Bakken,Bakken,HARLEY 11-2MBH-R,537243.19,High,242156.0
33-053-06046-0000,"CONTINENTAL RESOURCES, INC.",2015-03-01,2025-12-01,298079.95407,13357.0,127,107145.09052,2015-06-01,Three Forks,9581.0,2015-03-31,Sand/Ceramics Mix,Three Forks,Three Forks,DURHAM 6-2H1,370684.41,Medium,291318.0
33-053-06047-0000,"CONTINENTAL RESOURCES, INC.",2014-12-01,2025-12-01,580647.38105,22678.0,128,121744.940173,2015-04-01,Bakken,10438.0,2014-12-25,Sand/Ceramics Mix,Bakken,Bakken,UHLMAN 1-7H,633423.31,High,477345.0
33-053-06055-0000,OASIS PETROLEUM NORTH AMERICA LLC,2015-09-01,2025-12-01,190784.14497999998,17032.0,118,42157.090987400006,2015-12-01,Bakken,9348.0,2015-09-20,Sand/Ceramics Mix,Bakken,Bakken,KLINE FEDERAL  5300 31-18 8B,203566.13,Medium,313915.0
33-053-06066-0000,XTO ENERGY INC,2015-05-01,2025-12-01,340317.08087,14510.0,122,54964.353921309994,2015-11-01,Bakken,9340.0,2015-05-24,Sand/Ceramics Mix,Bakken,Bakken,RANGER 21X-18A,441417.25,Medium,163134.0
33-053-06085-0000,"CONTINENTAL RESOURCES, INC.",2017-03-01,2025-12-01,593047.5042,41973.0,102,98249.40643530001,2017-04-01,Three Forks,14300.0,2017-02-28,Frac Sand,Three Forks,Three Forks,FLORIDA FEDERAL 4-11H1,249951.61,Medium,683778.0
33-053-06099-0000,TRIANGLE USA PETROLEUM CORPORATION,2015-01-01,2025-12-01,250087.30312,13955.0,129,45240.61583271,2015-03-01,Bakken,9390.0,2015-01-19,Sand/Ceramics Mix,Bakken,Bakken,SIMPSON 151-102-5-8-2H,289312.44,Medium,495126.0
33-053-06105-0000,WHITING OIL AND GAS CORPORATION,2015-01-01,2025-12-01,242612.45922000002,21641.0,132,26175.024303349997,2015-01-01,Bakken,9288.0,2015-01-02,Sand/Ceramics Mix,Bakken,Bakken,SKEDSVOLD 21-4H,316972.09,Medium,247706.0
33-053-06120-0000,"HESS BAKKEN INVESTMENTS II, LLC",2015-03-01,2025-12-01,640001.7216,41668.0,126,119306.01164134999,2015-04-01,Bakken,10491.0,2015-04-01,Frac Sand,Bakken,Bakken,BB-BELQUIST- 150-95-1110H-10,1231667.4,High,112099.0
33-053-06142-0000,XTO ENERGY INC,2015-05-01,2025-12-01,370083.95402,13836.0,124,70251.37663089999,2017-05-01,Bakken,9037.0,2015-05-09,Sand/Ceramics Mix,Bakken,Bakken,JOHNSON FEDERAL 11X-5A,443516.25,Medium,254848.0
33-053-06146-0000,WHITING OIL AND GAS CORPORATION,2014-12-01,2025-12-01,235051.87496,12631.0,126,14173.0681804,2014-12-01,Bakken,8895.0,2014-12-21,Sand/Ceramics Mix,Bakken,Bakken,MRACHEK 21-26-3HR,297080.94,Medium,270503.0
33-053-06162-0000,"HESS BAKKEN INVESTMENTS II, LLC",2015-01-01,2025-12-01,194232.20216,19338.0,132,22803.968465859998,2015-01-01,Bakken,10133.0,2015-01-09,Frac Sand,Bakken,Bakken,BW-HEIDI HO- 149-99-3526H-4,247526.75,Medium,430985.0
33-053-06164-0000,XTO ENERGY INC,2015-07-01,2025-12-01,323188.00936,17799.0,121,74722.89398668999,2016-03-01,Bakken,10477.0,2015-07-05,Frac Sand,Bakken,Bakken,AMUNDSON 34X-22A,424248.09,Medium,122027.0
33-053-06175-0000,"CONTINENTAL RESOURCES, INC.",2015-03-01,2025-12-01,361932.16787999996,20977.0,107,82097.2079803,2015-11-01,Bakken,9548.0,2015-03-05,Sand/Ceramics Mix,Bakken,Bakken,MILES 3-6H,413280.53,Medium,216324.0
33-053-06183-0000,"HESS BAKKEN INVESTMENTS II, LLC",2016-04-01,2025-12-01,256664.42617,20758.0,112,47594.66993091,2016-05-01,Bakken,9923.0,2016-04-29,Frac Sand,Bakken,Bakken,BW-ERLER- LE-149-99-1522H-1,333754.91,Medium,210070.0
33-053-06191-0000,TRIANGLE USA PETROLEUM CORPORATION,2016-04-01,2025-12-01,165422.91009999998,16133.0,112,53304.37740691,2016-05-01,Bakken,8938.0,2016-04-28,Frac Sand,Bakken,Bakken,J GARVIN JACOBSON 150-101-8-5-5H,196381.48,Medium,267819.0
33-053-06210-0000,BURLINGTON RESOURCES OIL & GAS COMPANY LP,2014-12-01,2025-12-01,336546.5686,22120.0,129,35965.66212887,2015-03-01,Bakken,9998.0,2014-12-15,Sand/Ceramics Mix,Bakken,Bakken,ORA 32-24MBH,497388.47,Medium,103073.0
33-053-06218-0000,MARATHON OIL COMPANY,2015-06-01,2025-12-01,502177.369,33256.0,116,49591.949791499996,2015-06-01,Three Forks,12543.0,2015-06-08,Sand/Ceramics Mix,Three Forks,Three Forks,ERNESTINE USA 11-14TFH-2B,609133.38,High,301345.0
33-053-06238-0000,QEP ENERGY COMPANY,2015-09-01,2025-12-01,641583.18827,43289.0,124,94824.9964781,2015-11-01,Three Forks,9822.0,2015-09-19,Sand/Resin Mix,Three Forks,Three Forks,JONES 15-22-16-21LL,739866.75,High,123544.0
33-053-06293-0000,QEP ENERGY COMPANY,2015-03-01,2025-12-01,637645.8104000001,24472.0,104,72969.87210298,2016-01-01,Three Forks,9580.0,2015-03-18,Frac Sand,Three Forks,Three Forks,MOBERG 20-17-19-18LL,894146.5,High,144131.0
33-053-06295-0000,BURLINGTON RESOURCES OIL & GAS COMPANY LP,2015-07-01,2025-12-01,423771.9235,19697.0,122,46110.659593799995,2016-02-01,Bakken,9551.0,2015-07-07,Sand/Ceramics Mix,Bakken,Bakken,REMINGTETON 8-8-10MBH ULW,581809.31,High,208048.0
33-053-06298-0000,BURLINGTON RESOURCES OIL & GAS COMPANY LP,2015-07-01,2025-12-01,307251.45797,17756.0,122,66305.85328097,2016-02-01,Bakken,11215.0,2015-07-01,Sand/Ceramics Mix,Bakken,Bakken,TETON 6-8-10MBH,334403.69,Medium,108779.0
33-053-06302-0000,XTO ENERGY INC,2015-12-01,2025-12-01,274852.82180000003,14700.0,121,46416.0585973,2016-07-01,Bakken,9448.0,2015-12-22,Frac Sand,Bakken,Bakken,RITA 44X-34C,348526.13,Medium,140785.0
33-053-06304-0000,XTO ENERGY INC,2016-01-01,2025-12-01,253281.438,18453.0,119,41699.479002659995,2016-05-01,Bakken,10007.0,2016-01-02,Frac Sand,Bakken,Bakken,RITA 44X-34BXC,301335.25,Medium,200363.0
33-053-06338-0000,BURLINGTON RESOURCES OIL & GAS COMPANY LP,2015-03-01,2025-12-01,584976.5437,21749.0,123,43860.3330619,2015-07-01,Three Forks,9450.0,2015-03-28,Sand/Ceramics Mix,Three Forks,Three Forks,AIDEN 3-3-13UTFH,95762.164,Low,221171.0
33-053-06348-0000,STATOIL OIL & GAS LP,2016-06-01,2025-12-01,421566.3479,22886.0,105,92241.28456477,2017-02-01,Three Forks,10016.0,2016-06-01,Frac Sand,Three Forks,Three Forks,CHERYL 17-20 #8TFH,351780.19,Medium,299863.0
33-053-06355-0000,NEWFIELD PRODUCTION COMPANY,2015-05-01,2025-12-01,315065.25724,17657.0,126,93505.17180043,2015-06-01,Bakken,9838.0,2015-05-19,Frac Sand,Bakken,Bakken,OLSON 152-96-30-31-3H,420221.69,Medium,117064.0
33-053-06358-0000,NEWFIELD PRODUCTION COMPANY,2015-03-01,2025-12-01,290151.89807,16893.0,125,38147.2156106,2015-03-01,Three Forks,9785.0,2015-03-15,Frac Sand,Three Forks,Three Forks,MOBERG FEDERAL  149-95-29-32-13HLW,348810.75,Medium,170112.0
33-053-06400-0000,ABRAXAS PETROLEUM CORP.,2015-11-01,2025-12-01,295242.1582,17091.0,120,89682.67250597,2015-12-01,Three Forks,9134.0,2015-11-10,Sand/Ceramics Mix,Three Forks,Three Forks,STEN-RAV 1H,409637.84,Medium,201183.0
33-053-06407-0000,BURLINGTON RESOURCES OIL & GAS COMPANY LP,2015-10-01,2025-12-01,328127.83389,24273.0,120,37260.82384083,2016-01-01,Bakken,9298.0,2015-10-31,Sand/Ceramics Mix,Bakken,Bakken,MORGAN 14-21MBH,372794.19,Medium,93216.0
33-053-06419-0000,XTO ENERGY INC,2016-01-01,2025-12-01,482325.6743,27708.0,115,55877.650487089995,2016-03-01,Bakken,10331.0,2016-01-23,Frac Sand,Bakken,Bakken,JOHNSRUD FEDERAL 34X-14A,622322.0,High,176516.0
33-053-06442-0000,STATOIL OIL & GAS LP,2017-01-01,2025-12-01,200673.61430000002,12052.0,87,23357.249179470004,2018-10-01,Bakken,9538.0,2017-01-26,Sand/Ceramics Mix,Bakken,Bakken,PAULSON 36-1  #4H,320705.38,Medium,342592.0
33-053-06445-0000,"CONTINENTAL RESOURCES, INC.",2017-05-01,2025-12-01,518572.51506,38039.0,102,50792.785329720005,2017-06-01,Three Forks,11944.0,2017-05-27,Frac Sand,Three Forks,Three Forks,HOLSTEIN FEDERAL 7-25H2,578916.56,High,375922.0
33-053-06515-0000,WHITING OIL AND GAS CORPORATION,2015-03-01,2025-12-01,207563.1139,22896.0,130,33949.63225025,2015-03-01,Bakken,9170.0,2015-03-08,Sand/Ceramics Mix,Bakken,Bakken,SHIRLEY MOEN 44-34-3H,121241.5,Medium,182274.0
33-053-06520-0000,MARATHON OIL COMPANY,2017-12-01,2025-12-01,431124.1929,50049.0,95,102047.22409500001,2017-12-01,Three Forks,9494.0,2017-12-15,Sand/Ceramics Mix,Three Forks,Three Forks,VERONICA USA 14-22TFH,549617.56,High,298831.0
33-053-06528-0000,"CONTINENTAL RESOURCES, INC.",2017-12-01,2025-12-01,450313.63896,46056.0,96,113778.260914,2018-02-01,Bakken,10120.0,2017-12-10,Frac Sand,Bakken,Bakken,SYRACUSE 5-23H,339616.59,Medium,472281.0
33-053-06534-0000,"HESS BAKKEN INVESTMENTS II, LLC",2015-11-01,2025-12-01,237859.88595999999,23564.0,122,70527.73676776,2015-12-01,Three Forks,10729.0,2015-11-27,Frac Sand,Three Forks,Three Forks,AN-PROSSER- 152-95-1102H-7,323286.25,Medium,128655.0
33-053-06579-0000,"HRC OPERATING, LLC",2016-11-01,2025-12-01,549701.9861999999,37214.0,110,91958.0603638,2017-01-01,Bakken,10267.0,2016-11-08,Frac Sand,Bakken,Bakken,FORT BERTHOLD 152-93-7C-6-13H,778122.69,High,276807.0
33-053-06586-0000,"HRC OPERATING, LLC",2016-10-01,2025-12-01,342745.75093,29587.0,109,40286.273403010004,2016-11-01,Three Forks,10459.0,2016-10-31,Frac Sand,Three Forks,Three Forks,FORT BERTHOLD 152-93-7C-6-6H,374406.78,Medium,396135.0
33-053-06592-0000,XTO ENERGY INC,2016-02-01,2025-12-01,204363.69114,15985.0,110,31984.58286419,2016-03-01,Three Forks,9427.0,2016-02-24,Frac Sand,Three Forks,Three Forks,TOBACCO GARDEN 11X-17E,247737.16,Medium,174353.0
33-053-06596-0000,SM ENERGY COMPANY,2016-06-01,2025-12-01,180120.7419,11989.0,114,32893.670895899995,2016-07-01,Three Forks,9529.0,2016-06-27,Frac Sand,Three Forks,Three Forks,STENEHJEM  14X-9HB,232752.73,Medium,323716.0
33-053-06606-0000,QEP ENERGY COMPANY,2015-07-01,2025-12-01,282835.76300000004,26096.0,126,48668.957649,2015-08-01,Bakken,9864.0,2015-07-20,Frac Sand,Bakken,Bakken,DAILEY 7-12-13BH,314648.94,Medium,241427.0
33-053-06629-0000,"PETRO-HUNT, L.L.C.",2017-09-01,2025-12-01,854086.7023,24961.0,92,128984.28982749999,2017-09-01,Three Forks,11302.0,2017-09-04,Sand/Ceramics Mix,Three Forks,Three Forks,THOMPSON 153-95-8D-6-3H,489376.78,Medium,170178.0
33-053-06636-0000,NEWFIELD PRODUCTION COMPANY,2015-09-01,2025-12-01,375636.9421,25341.0,121,49865.93810560999,2015-10-01,Bakken,9792.0,2015-09-22,Frac Sand,Bakken,Bakken,JOHNSRUD 151-98-30-31-4H,527379.75,High,166549.0
33-053-06638-0000,QEP ENERGY COMPANY,2015-07-01,2025-12-01,391292.70707999996,50910.0,126,76911.49499569999,2015-08-01,Bakken,9773.0,2015-07-25,Frac Sand,Bakken,Bakken,KIRKLAND 6-7-1-12BHD,463452.84,Medium,135594.0
33-053-06663-0000,"HESS BAKKEN INVESTMENTS II, LLC",2017-01-01,2025-12-01,275785.51307,29217.0,108,90084.78277149999,2017-01-01,Three Forks,9716.0,2017-01-05,Frac Sand,Three Forks,Three Forks,BB-EIDE- 151-95-3328H-7,403981.06,Medium,121953.0
33-053-06665-0000,WHITING OIL AND GAS CORPORATION,2015-04-01,2025-12-01,233132.72414,18978.0,129,35379.81659115999,2015-04-01,Bakken,9714.0,2015-04-12,Sand/Ceramics Mix,Bakken,Bakken,CHERRY STATE 31-16HU,293903.66,Medium,184222.0
33-053-06667-0000,"MISSOURI RIVER RESOURCES ND, LLC",2015-06-01,2025-12-01,160032.88102,15458.0,126,32558.632757000003,2015-07-01,Three Forks,4156.0,2015-06-30,Sand/Ceramics Mix,Three Forks,Three Forks,HIDATSA 3W-2H-TF,194071.72,Medium,126267.0
33-053-06709-0000,"WPX ENERGY WILLISTON, LLC",2016-03-01,2025-12-01,707352.9062,46114.0,118,94093.15923050002,2016-03-01,Bakken,9835.0,2016-03-10,Frac Sand,Bakken,Bakken,EMMA OWNER 23-14HA,315287.13,Medium,289338.0
33-053-06725-0000,XTO ENERGY INC,2017-07-01,2025-12-01,195967.15115,16103.0,100,63335.7821599,2017-10-01,Three Forks,9767.0,2017-07-28,Frac Sand,Three Forks,Three Forks,TOBACCO GARDEN 24X-32E,257744.83,Medium,445273.0
33-053-06735-0000,NEWFIELD PRODUCTION COMPANY,2015-10-01,2025-12-01,269162.80197000003,15884.0,120,102883.71557101,2015-11-01,Three Forks,10187.0,2015-10-11,Frac Sand,Three Forks,Three Forks,SKAAR FEDERAL 153-96-28-21-12H,376197.53,Medium,157237.0
33-053-06765-0000,OASIS PETROLEUM NORTH AMERICA LLC,2016-03-01,2025-12-01,250404.29002000001,29062.0,116,58149.188352756,2016-04-01,Bakken,9531.0,2016-03-26,Sand/Ceramics Mix,Bakken,Bakken,ANDERSMADSON 5201 14-25 13BX,287162.72,Medium,408566.0
33-053-06796-0000,OASIS PETROLEUM NORTH AMERICA LLC,2016-02-01,2025-12-01,135613.149,12299.0,113,33979.07726167,2016-03-01,Three Forks,9370.0,2016-02-26,Sand/Ceramics Mix,Three Forks,Three Forks,ANDERSMADSON 5201 43-24 8T,147572.17,Medium,504327.0
33-053-06798-0000,OASIS PETROLEUM NORTH AMERICA LLC,2016-03-01,2025-12-01,114795.53995,13000.0,113,33667.07719267,2016-03-01,Three Forks,9532.0,2016-03-08,Sand/Ceramics Mix,Three Forks,Three Forks,ANDERSMADSON 5201 43-24 10T,137751.95,Medium,517762.0
33-053-06824-0000,BURLINGTON RESOURCES OIL & GAS COMPANY LP,2016-12-01,2025-12-01,524235.8064,33324.0,103,101715.3560979,2017-06-01,Bakken,9630.0,2016-12-22,Sand/Ceramics Mix,Bakken,Bakken,GUDMUNSON 3-1-26MBH,712792.88,High,250211.0
33-053-06861-0000,OASIS PETROLEUM NORTH AMERICA LLC,2016-01-01,2025-12-01,147166.92606,16104.0,116,29863.02154517,2016-01-01,Three Forks,9500.0,2016-01-12,Sand/Ceramics Mix,Three Forks,Three Forks,ANDERSMADSON 5201 42-24 4T,165321.77,Medium,470588.0
33-053-06862-0000,OASIS PETROLEUM NORTH AMERICA LLC,2016-01-01,2025-12-01,228011.27904,30866.0,116,30791.40939774,2016-02-01,Bakken,9592.0,2016-01-21,Sand/Ceramics Mix,Bakken,Bakken,ANDERSMADSON 5201 42-24 5B,246608.17,Medium,347568.0
33-053-06874-0000,ENERPLUS RESOURCES USA CORPORATION,2016-10-01,2025-12-01,507536.77300000004,28338.0,111,69790.77679750002,2016-11-01,Three Forks,9581.0,2016-10-18,Frac Sand,Three Forks,Three Forks,TACKLE  149-95-36C-25H TF,675266.25,High,264410.0
33-053-06877-0000,XTO ENERGY INC,2017-04-01,2025-12-01,53583.00506,13757.0,78,7693.03830613,2017-06-01,Three Forks,9716.0,2017-04-27,Frac Sand,Three Forks,Three Forks,NORDENG 34X-23EXF,37819.426,Low,170262.0
33-053-06893-0000,OASIS PETROLEUM NORTH AMERICA LLC,2016-04-01,2025-12-01,239769.10389,24785.0,117,58656.236182090004,2016-05-01,Bakken,10160.0,2016-04-21,Sand/Resin Mix,Bakken,Bakken,LEFTY 5200 12-30 9B,266469.38,Medium,371929.0
33-053-07069-0000,QEP ENERGY COMPANY,2017-02-01,2025-12-01,148629.51696,29686.0,98,27247.70126477,2017-03-01,Three Forks,3693.0,2017-02-21,Sand/Resin Mix,Three Forks,Three Forks,FOREMAN 12-11-1-2T2H,182703.52,Medium,118363.0
33-053-07072-0000,QEP ENERGY COMPANY,2017-02-01,2025-12-01,109979.76188,15085.0,99,10600.9642865,2017-04-01,Three Forks,3522.0,2017-02-19,Sand/Resin Mix,Three Forks,Three Forks,FOREMAN 1-2-1T3H,136769.8,Medium,72047.0
33-053-07088-0000,QEP ENERGY COMPANY,2016-11-01,2025-12-01,196537.48586000002,25911.0,109,37025.8498837,2016-12-01,Three Forks,9744.0,2016-11-25,Sand/Resin Mix,Three Forks,Three Forks,TAT 5-33-28T2HD,225442.83,Medium,290602.0
33-053-07125-0000,"HESS BAKKEN INVESTMENTS II, LLC",2015-12-01,2025-12-01,328641.57330000005,20094.0,121,133998.12829070998,2015-12-01,Three Forks,9699.0,2015-12-07,Frac Sand,Three Forks,Three Forks,HA-SWENSON- 152-95-1819H-9,263956.94,Medium,72422.0
33-053-07144-0000,QEP ENERGY COMPANY,2016-03-01,2025-12-01,248344.40599,21994.0,117,80532.8551063,2016-05-01,Bakken,9405.0,2016-03-30,Sand/Resin Mix,Bakken,Bakken,ERNIE 8-2-11BHD,285158.38,Medium,207359.0
33-053-07148-0000,WHITING OIL AND GAS CORPORATION,2016-09-01,2025-12-01,339996.16221,46915.0,111,122682.65171468,2016-10-01,Three Forks,9471.0,2016-09-23,Sand/Ceramics Mix,Three Forks,Three Forks,ROLLA FEDERAL 31-3-1TFH,426851.91,Medium,140753.0
33-053-07231-0000,"HRC OPERATING, LLC",2016-12-01,2025-12-01,476822.64213,36318.0,98,54073.20663899999,2017-01-01,Three Forks,9843.0,2016-12-14,Frac Sand,Three Forks,Three Forks,FORT BERTHOLD 152-94-22D-15-10H,561074.25,High,397650.0
33-053-07232-0000,"HRC OPERATING, LLC",2016-12-01,2025-12-01,445856.71530000004,33222.0,104,51273.06394300001,2017-01-01,Bakken,9858.0,2016-12-12,Frac Sand,Bakken,Bakken,FORT BERTHOLD 152-94-22D-15-11H,552334.63,High,265492.0
33-053-07254-0000,"HESS BAKKEN INVESTMENTS II, LLC",2016-06-01,2025-12-01,205240.69005,30045.0,113,80465.39508764,2016-07-01,Bakken,9710.0,2016-06-29,Frac Sand,Bakken,Bakken,HA-GRIMESTAD- 152-95-3031H-6,244480.5,Medium,53856.0
33-053-07258-0000,"WPX ENERGY WILLISTON, LLC",2017-07-01,2025-12-01,385543.6667,30963.0,98,50793.42920087,2017-08-01,Three Forks,9575.0,2017-07-26,Frac Sand,Three Forks,Three Forks,RACHEL WOLF  27-34HY,508887.94,High,393420.0
33-053-07260-0000,"WPX ENERGY WILLISTON, LLC",2017-07-01,2025-12-01,349446.51257,27605.0,96,52227.357537669996,2018-01-01,Three Forks,9814.0,2017-07-26,Frac Sand,Three Forks,Three Forks,RACHEL WOLF  27-34HS,400549.38,Medium,486221.0
33-053-07284-0000,"CONTINENTAL RESOURCES, INC.",2016-10-01,2025-12-01,183738.22792,21390.0,107,150597.3582677,2017-01-01,Bakken,9140.0,2016-10-12,Sand/Ceramics Mix,Bakken,Bakken,NORFOLK 9-1H,212159.53,Medium,400078.0
33-053-07288-0000,NEWFIELD PRODUCTION COMPANY,2016-02-01,2025-12-01,265045.85604,28350.0,119,54127.5415902,2016-03-01,Bakken,4790.0,2016-02-15,Frac Sand,Bakken,Bakken,SKAAR FEDERAL 153-96-30-2H,186169.48,Medium,66051.0
33-053-07317-0000,QEP ENERGY COMPANY,2016-09-01,2025-12-01,280483.08881,34854.0,111,64512.25895330001,2016-10-01,Bakken,9667.0,2016-09-25,Frac Sand,Bakken,Bakken,KDM 6-7-6BHD,387070.06,Medium,104819.0
33-053-07357-0000,XTO ENERGY INC,2016-08-01,2025-12-01,460359.50289999996,21546.0,111,108146.47353580002,2017-03-01,Bakken,10199.0,2016-08-08,Frac Sand,Bakken,Bakken,TOBACCO GARDEN 31X-29D,408246.16,Medium,328431.0
33-053-07392-0000,OASIS PETROLEUM NORTH AMERICA LLC,2017-02-01,2025-12-01,278807.67906,42151.0,99,90080.75289799999,2017-04-01,Three Forks,9460.0,2017-02-25,Sand/Resin Mix,Three Forks,Three Forks,FORLAND  5198 41-33 4T,265177.97,Medium,490819.0
33-053-07393-0000,OASIS PETROLEUM NORTH AMERICA LLC,2017-03-01,2025-12-01,290858.22093,34110.0,105,141806.62340339998,2017-07-01,Bakken,9399.0,2017-03-25,Sand/Resin Mix,Bakken,Bakken,FORLAND  5198 41-33 5B,572525.63,High,387296.0
33-053-07424-0000,QEP ENERGY COMPANY,2016-09-01,2025-12-01,235958.57595,27108.0,110,62375.65138622999,2016-12-01,Three Forks,9836.0,2016-09-30,Frac Sand,Three Forks,Three Forks,KDM 3-7-6T3HD,309317.28,Medium,306252.0
33-053-07476-0000,"HESS BAKKEN INVESTMENTS II, LLC",2017-02-01,2025-12-01,523586.327,37129.0,105,98088.90681834001,2017-03-01,Bakken,10094.0,2017-02-13,Frac Sand,Bakken,Bakken,BB-FEDERAL 151-95-1708H-7,651199.31,High,78237.0
33-053-07480-0000,"HESS BAKKEN INVESTMENTS II, LLC",2017-03-01,2025-12-01,500833.9719,35947.0,103,101963.00074791,2017-03-01,Bakken,10006.0,2017-03-01,Frac Sand,Bakken,Bakken,BB-FEDERAL 151-95-1708H-11,656229.31,High,120323.0
33-053-07508-0000,MARATHON OIL COMPANY,2017-07-01,2025-12-01,415035.91000000003,40465.0,101,87471.67458590999,2017-08-01,Three Forks,9320.0,2017-07-11,Sand/Ceramics Mix,Three Forks,Three Forks,ARDEN USA 14-9TFH,524793.13,High,285744.0
33-053-07517-0000,WHITING OIL AND GAS CORPORATION,2017-08-01,2025-12-01,238818.03889,18268.0,101,36064.907107909996,2017-10-01,Three Forks,9488.0,2017-08-17,Frac Sand,Three Forks,Three Forks,KOALA FEDERAL 31-25TFH,306000.75,Medium,266791.0
33-053-07520-0000,WHITING OIL AND GAS CORPORATION,2017-08-01,2025-12-01,323904.65497000003,26964.0,101,63177.82473383999,2017-10-01,Bakken,8630.0,2017-08-03,Frac Sand,Bakken,Bakken,KOALA 31-25-2H,387856.72,Medium,286379.0
33-053-07546-0000,"CONTINENTAL RESOURCES, INC.",2017-07-01,2025-12-01,384250.65178,46955.0,97,100907.00214681,2017-11-01,Bakken,10148.0,2017-07-31,Frac Sand,Bakken,Bakken,TARENTAISE FEDERAL 5-19H,433688.94,Medium,238323.0
33-053-07548-0000,"HRC OPERATING, LLC",2016-10-01,2025-12-01,267763.67997,37719.0,111,38437.474069150005,2016-11-01,Bakken,10694.0,2016-11-01,Frac Sand,Bakken,Bakken,FORT BERTHOLD 152-93-7C-6-5H,298834.78,Medium,366684.0
33-053-07549-0000,"HRC OPERATING, LLC",2016-10-01,2025-12-01,278408.91207,16076.0,111,37131.28845904,2017-03-01,Three Forks,10268.0,2016-10-29,Frac Sand,Three Forks,Three Forks,FORT BERTHOLD 152-93-7C-6-14H,301055.34,Medium,341702.0
33-053-07567-0000,"WPX ENERGY WILLISTON, LLC",2017-09-01,2025-12-01,396565.43483,37333.0,96,79674.381241,2017-10-01,Bakken,9503.0,2017-09-06,Frac Sand,Bakken,Bakken,RUBY PARSHALL 31-30HC,473437.66,Medium,648119.0
33-053-07574-0000,OASIS PETROLEUM NORTH AMERICA LLC,2017-09-01,2025-12-01,588382.63553,41925.0,98,211491.25428440003,2017-12-01,Bakken,9051.0,2017-09-21,Sand/Resin Mix,Bakken,Bakken,OYLOE 5199 14-26 11B,774491.06,High,874330.0
33-053-07615-0000,"HESS BAKKEN INVESTMENTS II, LLC",2016-11-01,2025-12-01,184170.75704,19276.0,110,28438.925899,2017-01-01,Three Forks,9012.0,2016-11-28,Frac Sand,Three Forks,Three Forks,HA-LINK- 152-95-3526H-7,119318.96,Medium,44939.0
33-053-07617-0000,"WPX ENERGY WILLISTON, LLC",2017-03-01,2025-12-01,641970.2616000001,39302.0,106,114209.05690099999,2017-05-01,Bakken,9575.0,2017-03-20,Frac Sand,Bakken,Bakken,GRIZZLY 24-13HA,802338.25,High,169593.0
33-053-07630-0000,STATOIL OIL & GAS LP,2017-12-01,2025-12-01,220865.18708,21439.0,86,41599.68725974,2018-05-01,Bakken,9790.0,2017-12-20,Frac Sand,Bakken,Bakken,HEINZ 18-19 #3H,296157.5,Medium,346223.0
33-053-07643-0000,BURLINGTON RESOURCES OIL & GAS COMPANY LP,2017-08-01,2025-12-01,577416.6457,26688.0,100,144649.4477231,2018-03-01,Three Forks,9725.0,2017-08-11,Unknown,Three Forks,Three Forks,LASSEN  5-1-26UTFH,578684.56,High,217163.0
33-053-07649-0000,WHITING OIL AND GAS CORPORATION,2016-10-01,2025-12-01,273232.5291,27041.0,103,87697.48623791002,2016-11-01,Bakken,9146.0,2016-10-10,Sand/Ceramics Mix,Bakken,Bakken,CHAMELEON STATE 31-16HU,306063.16,Medium,306874.0
33-053-07653-0000,OASIS PETROLEUM NORTH AMERICA LLC,2017-07-01,2025-12-01,358461.38418,32421.0,96,104722.01764448,2017-10-01,Bakken,9995.0,2017-07-19,Sand/Resin Mix,Bakken,Bakken,OYLOE 5199 42-23 4B,293012.94,Medium,511748.0
33-053-07655-0000,OASIS PETROLEUM NORTH AMERICA LLC,2017-07-01,2025-12-01,408938.63119999995,42930.0,89,125490.718916,2017-08-01,Bakken,10016.0,2017-07-16,Sand/Resin Mix,Bakken,Bakken,OYLOE 5199 42-23 6B,325812.22,Medium,426981.0
33-053-07698-0000,NEWFIELD PRODUCTION COMPANY,2016-12-01,2025-12-01,491898.55179999996,27266.0,109,91287.45328500001,2017-01-01,Three Forks,10127.0,2016-12-23,Frac Sand,Three Forks,Three Forks,HELSINGBORG FEDERAL 153-96-27-22-11H,733494.81,High,184500.0
33-053-07708-0000,BURLINGTON RESOURCES OIL & GAS COMPANY LP,2017-11-01,2025-12-01,504843.3748,25465.0,95,162427.2195236,2018-02-01,Three Forks,9681.0,2017-11-30,Unknown,Three Forks,Three Forks,LOVAAS  5-8-12 UTFH,368979.44,Medium,221968.0
33-053-07709-0000,BURLINGTON RESOURCES OIL & GAS COMPANY LP,2017-11-01,2025-12-01,749858.1566999999,29018.0,95,290096.51930297,2018-06-01,Bakken,9768.0,2017-11-17,Unknown,Bakken,Bakken,LOVAAS  6-8-12 MBH,986633.94,High,180561.0
33-053-07712-0000,BURLINGTON RESOURCES OIL & GAS COMPANY LP,2017-09-01,2025-12-01,908374.0882,47829.0,98,99367.7348441,2018-01-01,Bakken,9581.0,2017-09-02,Sand/Ceramics Mix,Bakken,Bakken,LILLIBRIDGE 3C MBH,1389668.5,High,211126.0
33-053-07846-0000,"HESS BAKKEN INVESTMENTS II, LLC",2017-11-01,2025-12-01,411918.3652,28978.0,98,47809.395767199996,2017-12-01,Bakken,9654.0,2017-11-25,Frac Sand,Bakken,Bakken,SC-1WX -152-99-0809H-8,162713.53,Medium,215303.0
33-053-07853-0000,BURLINGTON RESOURCES OIL & GAS COMPANY LP,2017-10-01,2025-12-01,851627.0332000001,25329.0,91,136215.262949,2018-01-01,Three Forks,10144.0,2017-10-23,Sand/Ceramics Mix,Three Forks,Three Forks,CROFF 22B UTFH,543473.81,High,292785.0
33-053-07854-0000,BURLINGTON RESOURCES OIL & GAS COMPANY LP,2017-10-01,2025-12-01,812198.6448,37689.0,94,174184.936933,2019-05-01,Three Forks,10408.0,2017-10-27,Sand/Ceramics/Resin Proppant Mix,Three Forks,Three Forks,MATHISTAD  22B UTFH,1051437.4,High,310958.0
33-053-07913-0000,QEP ENERGY COMPANY,2017-05-01,2025-12-01,333873.15787999996,23616.0,104,124575.3382955,2017-09-01,Bakken,9579.0,2017-05-05,Sand/Resin Mix,Bakken,Bakken,ND LEVANG 8-16-21BHD,411522.63,Medium,144949.0
33-053-07963-0000,ENERPLUS RESOURCES USA CORPORATION,2017-11-01,2025-12-01,408493.45579,37522.0,98,66628.53653,2018-05-01,Three Forks,9104.0,2017-11-06,Sand/Ceramics Mix,Three Forks,Three Forks,GULLY 152-94-16A-21H-TF1,478401.0,Medium,179300.0
33-053-07977-0000,QEP ENERGY COMPANY,2017-09-01,2025-12-01,221751.90512,22888.0,100,33724.32889099,2017-11-01,Three Forks,10078.0,2017-09-27,Frac Sand,Three Forks,Three Forks,OTIS 1-28-33T2HD,259456.61,Medium,173069.0
33-053-04054-0000,TRIANGLE USA PETROLEUM CORPORATION,2014-10-01,2025-12-01,188811.87789,16257.0,130,44694.79951340001,2015-01-01,Bakken,10024.0,2014-10-08,Sand/Ceramics Mix,Bakken,Bakken,TRIANGLE 149-101-1-12-4H,235719.86,Medium,294423.0
33-053-04065-0000,"PETRO-HUNT, L.L.C.",2014-05-01,2025-12-01,663834.7235,36415.0,123,113492.6247324,2014-05-01,Bakken,9615.0,2014-04-29,Sand/Resin Mix,Bakken,Bakken,FORT BERTHOLD 151-94-26B-35-3H,774026.5,High,407117.0
33-053-04969-0000,"G3 OPERATING, LLC",2014-03-01,2025-12-01,568402.23399,47155.0,135,98611.40004100002,2014-04-01,Bakken,10312.0,2014-03-06,Sand/Resin Mix,Bakken,Bakken,FORT BERTHOLD 152-94-11B-14-5H,365330.0,Medium,311434.0
33-053-05153-0000,BURLINGTON RESOURCES OIL & GAS COMPANY LP,2014-04-01,2025-12-01,314578.17585,21986.0,133,107662.42074316999,2014-07-01,Bakken,10415.0,2014-04-26,Sand/Ceramics Mix,Bakken,Bakken,CAPITOL 24-7MBH,354198.09,Medium,71681.0
33-053-05200-0000,"CONTINENTAL RESOURCES, INC.",2014-05-01,2025-12-01,210494.86209,13111.0,138,29693.4577191,2014-07-01,Three Forks,9235.0,2014-05-25,Sand/Ceramics Mix,Three Forks,Three Forks,MONTPELIER 3-14H1,249243.58,Medium,355095.0
33-053-05297-0000,WHITING OIL AND GAS CORPORATION,2014-03-01,2025-12-01,184695.67003,13807.0,141,30271.602805380004,2014-03-01,Bakken,9758.0,2014-03-04,Sand/Ceramics Mix,Bakken,Bakken,WISNESS 14-34-2H,107243.26,Medium,227498.0
33-053-05460-0000,"CONTINENTAL RESOURCES, INC.",2015-10-01,2025-12-01,322794.83903000003,18194.0,120,75746.18444931,2016-03-01,Three Forks,8906.0,2015-10-22,Sand/Ceramics Mix,Three Forks,Three Forks,PATTERSON FEDERAL 7-13H,273083.0,Medium,318970.0
33-053-05525-0000,QEP ENERGY COMPANY,2014-07-01,2025-12-01,578253.4748,25748.0,136,103896.01028676998,2018-07-01,Bakken,9016.0,2014-07-11,Sand/Resin Mix,Bakken,Bakken,MOBERG 1-22-15BH,761670.81,High,311037.0
33-053-05544-0000,HESS CORPORATION,2014-10-01,2025-12-01,224457.04494,23242.0,134,29435.8719205,2014-10-01,Bakken,9348.0,2014-10-04,Frac Sand,Bakken,Bakken,BW-KRAETSCH- 149-99-1423H-3,295079.97,Medium,149822.0
33-053-05559-0000,WHITING OIL AND GAS CORPORATION,2014-06-01,2025-12-01,580132.3967500001,63815.0,135,115679.3251895,2014-06-01,Three Forks,10413.0,2014-06-07,Sand/Ceramics Mix,Three Forks,Three Forks,SKAAR FEDERAL 41-3TFH,654358.63,High,134710.0
33-053-05680-0000,"PETRO-HUNT, L.L.C.",2014-12-01,2025-12-01,360353.42693,17847.0,131,77404.08753720002,2015-01-01,Bakken,9028.0,2014-12-29,Sand/Ceramics Mix,Bakken,Bakken,JONSRUD 151-96-4A-10-1HS,426247.13,Medium,106963.0
33-053-05696-0000,BURLINGTON RESOURCES OIL & GAS COMPANY LP,2014-12-01,2025-12-01,171194.87608000002,14750.0,119,44863.552939819994,2014-12-01,Bakken,9493.0,2014-12-12,Sand/Ceramics Mix,Bakken,Bakken,HAYMAKER 44-22MBH-A,218098.72,Medium,104389.0
33-053-05789-0000,QEP ENERGY COMPANY,2014-11-01,2025-12-01,502117.75529999996,44475.0,133,88881.8848939,2014-12-01,Three Forks,9999.0,2014-11-24,Frac Sand,Three Forks,Three Forks,MOBERG 2-20-21TH,641321.69,High,206549.0
33-053-05842-0000,XTO ENERGY INC,2015-11-01,2025-12-01,469381.79615,31693.0,114,65964.41893631,2016-01-01,Bakken,10326.0,2015-11-20,Frac Sand,Bakken,Bakken,NELSON FEDERAL 21X-5B,570495.0,High,126502.0
33-053-05852-0000,SM ENERGY COMPANY,2015-07-01,2025-12-01,343184.03317,23905.0,124,54047.80519299999,2015-08-01,Bakken,9648.0,2015-07-09,Frac Sand,Bakken,Bakken,LUKE 14-12H,421198.88,Medium,167398.0
33-053-05860-0000,TRIANGLE USA PETROLEUM CORPORATION,2014-08-01,2025-12-01,190745.31899,9671.0,130,33618.704749360004,2014-08-01,Bakken,10346.0,2014-08-14,Sand/Ceramics Mix,Bakken,Bakken,NYGAARD 150-101-28-33-3H,235383.42,Medium,306110.0
33-053-05958-0000,"PETRO-HUNT, L.L.C.",2017-10-01,2025-12-01,465504.8909,22261.0,96,143762.66194449997,2017-11-01,Three Forks,9592.0,2017-10-30,Sand/Ceramics Mix,Three Forks,Three Forks,USA 153-96-24C-13-2H,678536.5,High,193218.0
33-053-05992-0000,"HESS BAKKEN INVESTMENTS II, LLC",2015-03-01,2025-12-01,170520.46602,13696.0,130,19732.80792827,2015-04-01,Bakken,9492.0,2015-03-22,Frac Sand,Bakken,Bakken,BW-NORGARD- 149-100-1102H-2,207502.14,Medium,82080.0
33-053-06067-0000,XTO ENERGY INC,2015-06-01,2025-12-01,289160.19997,16117.0,126,68622.73810289,2015-07-01,Bakken,9304.0,2015-06-04,Sand/Ceramics Mix,Bakken,Bakken,RANGER 21X-18B,345934.03,Medium,163017.0
33-053-06330-0000,STATOIL OIL & GAS LP,2017-12-01,2025-12-01,234996.53997,20688.0,94,65707.32212421,2018-11-01,Bakken,9685.0,2017-12-22,Frac Sand,Bakken,Bakken,HEINZ 18-19 4H,259070.86,Medium,444158.0
33-053-06339-0000,XTO ENERGY INC,2015-08-01,2025-12-01,266814.63983,16625.0,118,76791.94128348,2016-01-01,Bakken,9394.0,2015-08-06,Frac Sand,Bakken,Bakken,SATTER 21X-1C,261628.59,Medium,121430.0
33-053-06374-0000,STATOIL OIL & GAS LP,2016-07-01,2025-12-01,382134.28024,17832.0,103,78374.95189278999,2017-03-01,Three Forks,10031.0,2016-07-01,Frac Sand,Three Forks,Three Forks,CHERYL 17-20 XW #1TFH,480964.06,Medium,356024.0
33-053-06553-0000,BURLINGTON RESOURCES OIL & GAS COMPANY LP,2016-01-01,2025-12-01,750239.8962000001,28108.0,111,91567.62287857,2016-08-01,Bakken,9705.0,2016-01-10,Frac Sand,Bakken,Bakken,LOVAAS 8-1-1MBH,271892.66,Medium,145107.0
33-053-06726-0000,XTO ENERGY INC,2017-05-01,2025-12-01,302660.85812,18728.0,103,54066.826799,2017-11-01,Bakken,9679.0,2017-05-24,Frac Sand,Bakken,Bakken,TOBACCO GARDEN 24X-32AXB,349688.81,Medium,257523.0
33-053-06746-0000,XTO ENERGY INC,2016-01-01,2025-12-01,177663.22676,7390.0,114,24088.782504180002,2016-05-01,Bakken,9832.0,2016-01-21,Sand/Ceramics Mix,Bakken,Bakken,ROEN 24X-23A,102605.26,Medium,298146.0
33-053-06752-0000,"HRC OPERATING, LLC",2016-01-01,2025-12-01,302798.4371,29438.0,107,27498.774468429998,2016-02-01,Bakken,9725.0,2016-01-17,Sand/Ceramics Mix,Bakken,Bakken,FORT BERTHOLD 152-93-19D-18-9H,90974.797,Low,282646.0
33-053-06756-0000,SM ENERGY COMPANY,2016-05-01,2025-12-01,389339.71640000003,21804.0,115,50292.5832179,2016-06-01,Bakken,9393.0,2016-05-08,Frac Sand,Bakken,Bakken,STACEY 13-9H,469199.31,Medium,326574.0
33-053-06900-0000,STATOIL OIL & GAS LP,2016-08-01,2025-12-01,543589.59301,26710.0,104,105410.97604943998,2016-08-01,Bakken,10032.0,2016-08-17,Sand/Ceramics Mix,Bakken,Bakken,CHERYL 17-20 XE #1H,506199.88,High,356158.0
33-053-06914-0000,ABRAXAS PETROLEUM CORP.,2016-08-01,2025-12-01,186244.92495000002,18059.0,111,48970.81465913999,2016-09-01,Three Forks,10010.0,2016-08-22,Sand/Ceramics Mix,Three Forks,Three Forks,STENEHJEM 12H,173192.83,Medium,441285.0
33-053-07430-0000,"CONTINENTAL RESOURCES, INC.",2019-08-01,2025-12-01,49366.65295,3559.0,72,8337.30047531,2019-08-01,Three Forks,15390.0,2017-05-31,Sand/Ceramics Mix,Three Forks,Three Forks,HEREFORD FEDERAL 8-20H2,27992.568,Low,58642.0
33-053-07485-0000,"HESS BAKKEN INVESTMENTS II, LLC",2017-04-01,2025-12-01,394325.1934,28273.0,105,90421.49177604,2017-05-01,Bakken,10045.0,2017-04-23,Frac Sand,Bakken,Bakken,BB-CHAPIN A- 151-95-0403H-2,601571.81,High,98868.0
33-053-07921-0000,MARATHON OIL COMPANY,2017-07-01,2025-12-01,627159.8074,74457.0,102,92687.47638639,2017-08-01,Bakken,9609.0,2017-07-19,Sand/Ceramics Mix,Bakken,Bakken,IRON WOMAN USA 14-9H,336951.84,Medium,194872.0
33-053-05315-0000,WHITING OIL AND GAS CORPORATION,2014-02-01,2025-12-01,175297.88197,17747.0,143,37494.65471617,2014-02-01,Bakken,9516.0,2014-02-04,Sand/Ceramics Mix,Bakken,Bakken,CHERRY STATE 21-16-2H,103771.21,Medium,180244.0
33-053-05318-0000,MARATHON OIL COMPANY,2014-04-01,2025-12-01,418065.94992,25091.0,137,36158.9847265,2014-08-01,Three Forks,10118.0,2014-04-15,Frac Sand,Three Forks,Three Forks,FLICKA USA 13-16TFH,135755.0,Medium,255136.0
33-053-05444-0000,"HRC OPERATING, LLC",2016-01-01,2025-12-01,338491.14101,32947.0,112,57537.00495619999,2016-02-01,Bakken,9842.0,2016-01-08,Sand/Ceramics Mix,Bakken,Bakken,FORT BERTHOLD 152-93-19D-18-6H,213174.3,Medium,278562.0
33-053-05834-0000,TRIANGLE USA PETROLEUM CORPORATION,2014-08-01,2025-12-01,202272.73698,15956.0,123,24200.79432021,2014-09-01,Bakken,10049.0,2014-08-27,Sand/Ceramics Mix,Bakken,Bakken,WAHLSTROM 152-102-34-27-2H,265178.75,Medium,377698.0
33-053-05858-0000,WHITING OIL AND GAS CORPORATION,2014-07-01,2025-12-01,149483.04098,9028.0,131,16894.60678308,2014-07-01,Three Forks,9490.0,2014-07-10,Sand/Ceramics Mix,Three Forks,Three Forks,GAJEWSKI  31-18TFH,175488.84,Medium,329997.0
33-053-06010-0000,OASIS PETROLEUM NORTH AMERICA LLC,2014-12-01,2025-12-01,276787.98102,26158.0,128,47482.27991718999,2014-12-01,Bakken,9917.0,2014-12-12,Sand/Ceramics Mix,Bakken,Bakken,CHALMERS 5301 44-24 3BR,318412.0,Medium,468145.0
33-053-06435-0000,WHITING OIL AND GAS CORPORATION,2015-04-01,2025-12-01,185532.25309,17625.0,127,69567.96340334,2015-06-01,Bakken,9187.0,2015-04-15,Sand/Ceramics Mix,Bakken,Bakken,CURTIS MOEN 41-26-3H,141571.14,Medium,184447.0
33-053-07091-0000,TRIANGLE USA PETROLEUM CORPORATION,2017-12-01,2025-12-01,290574.12004,19565.0,94,48501.29747600001,2018-01-01,Bakken,9711.0,2017-12-12,Unknown,Bakken,Bakken,SIMPSON 151-102-5-8-13H,66726.078,Low,741354.0
33-053-04101-0000,"CONTINENTAL RESOURCES, INC.",2014-11-01,2025-12-01,682552.7520999999,25412.0,130,107474.967402,2015-06-01,Three Forks,9373.0,2014-11-27,Sand/Ceramics Mix,Three Forks,Three Forks,ANTELOPE 1-23H2,787711.38,High,349559.0
33-053-04151-0000,ABRAXAS PETROLEUM CORP.,2014-05-01,2025-12-01,269550.68193,22369.0,137,44460.3606786,2014-06-01,Bakken,9595.0,2014-05-18,Sand/Ceramics Mix,Bakken,Bakken,JORE FEDERAL 2-11-4H,134394.11,Medium,109824.0
33-053-04189-0000,"BRIGHAM OIL & GAS, L.P.",2014-07-01,2025-12-01,342242.0615,22228.0,137,61537.531961379995,2014-09-01,Bakken,9523.0,2014-07-18,Sand/Ceramics Mix,Bakken,Bakken,CORA 20-17 4H,526134.31,High,302423.0
33-053-04272-0000,HESS CORPORATION,2014-02-01,2025-12-01,483270.6577,33843.0,141,83427.16920759999,2014-03-01,Three Forks,9948.0,2014-02-20,Frac Sand,Three Forks,Three Forks,BB-BUDAHN-150-95- 0506H-2,622659.06,High,115154.0
33-053-04283-0000,"WPX ENERGY WILLISTON, LLC",2014-07-01,2025-12-01,370181.76824999996,26044.0,135,51462.724138599995,2014-08-01,Bakken,9526.0,2014-07-25,Sand/Ceramics Mix,Bakken,Bakken,RUBY 31-30HA,459479.28,Medium,149238.0
33-053-04361-0000,KODIAK OIL & GAS (USA) INC.,2014-06-01,2025-12-01,228162.50306000002,10377.0,131,23774.614915279995,2014-08-01,Three Forks,9019.0,2014-06-17,Sand/Ceramics Mix,Three Forks,Three Forks,KOALA 2-2-11-15H3,292244.16,Medium,342481.0
33-053-04549-0000,TRIANGLE USA PETROLEUM CORPORATION,2015-08-01,2025-12-01,228426.20127,15189.0,112,54657.9164235,2015-11-01,Bakken,9187.0,2015-08-24,Sand/Ceramics Mix,Bakken,Bakken,TRIANGLE 150-101-36-25-7H,306158.47,Medium,222234.0
33-053-04595-0000,HESS CORPORATION,2014-03-01,2025-12-01,462703.16971000005,30742.0,141,74785.76205599999,2014-03-01,Three Forks,9470.0,2014-03-13,Frac Sand,Three Forks,Three Forks,BB-BUDAHN 150-95-0506H-5,259354.28,Medium,51349.0
33-053-04660-0000,"RESOLUTE NATURAL RESOURCES COMPANY, LLC",2014-06-01,2025-12-01,194742.16109,17479.0,134,33275.419058290005,2014-07-01,Bakken,10421.0,2014-06-25,Sand/Ceramics Mix,Bakken,Bakken,YAUCH 03-04-1H,244202.28,Medium,223873.0
33-053-04747-0000,"CONTINENTAL RESOURCES, INC.",2014-05-01,2025-12-01,87519.90402,3455.0,135,20535.21214194,2014-10-01,Three Forks,9387.0,2014-05-29,Frac Sand,Three Forks,Three Forks,WAHPETON 5-16H2,108162.05,Medium,242915.0
33-053-04829-0000,"BRIGHAM OIL & GAS, L.P.",2014-06-01,2025-12-01,292765.13502,18455.0,139,39539.0412079,2014-07-01,Bakken,10115.0,2014-06-12,Sand/Ceramics Mix,Bakken,Bakken,EDNA 11-2 6H,374607.59,Medium,412289.0
33-053-04873-0000,BURLINGTON RESOURCES OIL & GAS COMPANY LP,2016-08-01,2025-12-01,515692.02489999996,21045.0,104,89210.68653758,2017-03-01,Three Forks,9105.0,2016-08-28,Sand/Ceramics Mix,Three Forks,Three Forks,JEROME 21-15TFH 3SH,312438.53,Medium,280373.0
33-053-04896-0000,XTO ENERGY INC,2014-03-01,2025-12-01,241060.14792,14152.0,141,29929.678886640002,2014-05-01,Three Forks,9926.0,2014-03-26,Sand/Ceramics Mix,Three Forks,Three Forks,BULLY FEDERAL 44X-20F,289222.84,Medium,169081.0
33-053-04897-0000,XTO ENERGY INC,2014-03-01,2025-12-01,376095.33938,17042.0,139,48739.085960699995,2014-07-01,Bakken,10343.0,2014-03-11,Sand/Ceramics Mix,Bakken,Bakken,BULLY FEDERAL 44X-20B,193105.98,Medium,116054.0
33-053-04961-0000,QEP ENERGY COMPANY,2014-06-01,2025-12-01,414722.68281,22851.0,134,68746.06401619999,2014-08-01,Bakken,9731.0,2014-06-21,Frac Sand,Bakken,Bakken,JOHNSON 1-4-9BH,512048.84,High,164872.0
33-053-05021-0000,HESS CORPORATION,2014-06-01,2025-12-01,212281.56708,15719.0,138,26768.235986350002,2014-06-01,Bakken,9918.0,2014-06-14,Frac Sand,Bakken,Bakken,BW-ERLER 149-99-1522H-3,277949.28,Medium,211969.0
33-053-05052-0000,KODIAK OIL & GAS (USA) INC.,2014-03-01,2025-12-01,192686.61404000001,16501.0,126,43301.851524,2014-03-01,Three Forks,9774.0,2014-03-04,Sand/Ceramics Mix,Three Forks,Three Forks,KOALA WOLD 153-97-1-5-29-1H3,249927.89,Medium,253403.0
33-053-05067-0000,"CONTINENTAL RESOURCES, INC.",2014-03-01,2025-12-01,342647.16604000004,14957.0,138,42580.515263040004,2014-04-01,Three Forks,9622.0,2014-03-17,Sand/Ceramics Mix,Three Forks,Three Forks,AKRON 5-34H1,411848.81,Medium,241055.0
33-053-05068-0000,BURLINGTON RESOURCES OIL & GAS COMPANY LP,2014-05-01,2025-12-01,434051.5303,23091.0,122,70496.81727004,2014-11-01,Bakken,9551.0,2014-05-21,Sand/Ceramics Mix,Bakken,Bakken,RISING SUN 21-1MBH-5NH,622718.5,High,102090.0
33-053-05072-0000,XTO ENERGY INC,2014-04-01,2025-12-01,239957.56381000002,12664.0,129,59695.504362,2014-05-01,Three Forks,9218.0,2014-04-05,Sand/Ceramics Mix,Three Forks,Three Forks,DUKE 34X-31F,320398.16,Medium,219823.0
33-053-05083-0000,STATOIL OIL & GAS LP,2016-03-01,2025-12-01,526024.2472999999,41814.0,104,73486.199802,2016-06-01,Bakken,10596.0,2016-03-30,Sand/Ceramics Mix,Bakken,Bakken,SKARSTON 1-12 #4H,651330.5,High,326077.0
33-053-05180-0000,QEP ENERGY COMPANY,2014-04-01,2025-12-01,254204.58695,17239.0,139,27881.075656199995,2014-05-01,Bakken,9838.0,2014-04-10,Sand/Ceramics/Resin Proppant Mix,Bakken,Bakken,TAT 3-35-26BH,75984.305,Low,82644.0
33-053-05223-0000,KODIAK OIL & GAS (USA) INC.,2014-06-01,2025-12-01,257585.22796,21014.0,129,38137.449164460006,2014-07-01,Bakken,8779.0,2014-06-10,Sand/Ceramics Mix,Bakken,Bakken,KOALA 16-32-29-1H,304226.91,Medium,225297.0
33-053-05226-0000,WHITING OIL AND GAS CORPORATION,2014-05-01,2025-12-01,129666.05696,6433.0,140,9824.041685,2014-07-01,Bakken,9388.0,2014-05-19,Frac Sand,Bakken,Bakken,KARST 21-17-1H,165067.25,Medium,171947.0
33-053-05229-0000,NEWFIELD PRODUCTION COMPANY,2014-01-01,2025-12-01,265471.34988,14394.0,144,35830.453671929994,2014-01-01,Bakken,10132.0,2014-01-12,Sand/Ceramics Mix,Bakken,Bakken,EIDE 150-99-7-6-2H,336893.47,Medium,104207.0
33-053-05230-0000,WHITING OIL AND GAS CORPORATION,2014-05-01,2025-12-01,136618.00208,9986.0,140,14371.382060850001,2014-05-01,Bakken,9922.0,2014-05-11,Frac Sand,Bakken,Bakken,SCHLOTHAUER 24-8-1H,165598.78,Medium,150238.0
33-053-05292-0000,QEP ENERGY COMPANY,2014-05-01,2025-12-01,413080.8322,23879.0,135,68946.75161714,2014-06-01,Bakken,9845.0,2014-05-09,Sand/Ceramics Mix,Bakken,Bakken,TAT 3-33-28BH,464285.56,Medium,141863.0
33-053-05298-0000,WHITING OIL AND GAS CORPORATION,2014-03-01,2025-12-01,210648.58895,21161.0,135,32792.29163886,2014-03-01,Bakken,9862.0,2014-03-04,Sand/Ceramics Mix,Bakken,Bakken,WISNESS 14-34H,287600.72,Medium,215159.0
33-053-05306-0000,WHITING OIL AND GAS CORPORATION,2014-04-01,2025-12-01,218502.92812,17850.0,139,33594.583790699995,2014-04-01,Bakken,10080.0,2014-04-04,Sand/Ceramics Mix,Bakken,Bakken,BRATCHER 14-36-2H,119832.84,Medium,318545.0
33-053-05317-0000,MARATHON OIL COMPANY,2014-04-01,2025-12-01,425396.6044,23245.0,137,39590.507818,2014-09-01,Three Forks,8762.0,2014-04-22,Frac Sand,Three Forks,Three Forks,CHEETAH USA 14-16TFH,139794.75,Medium,259406.0
33-053-05323-0000,"CONTINENTAL RESOURCES, INC.",2014-06-01,2025-12-01,243622.83315999998,11222.0,134,20546.59628959,2014-09-01,Three Forks,9611.0,2014-06-14,Sand/Ceramics Mix,Three Forks,Three Forks,HONOLULU 2-22H2,309400.25,Medium,447864.0
33-053-05328-0000,BURLINGTON RESOURCES OIL & GAS COMPANY LP,2014-08-01,2025-12-01,345014.7183,21060.0,127,50375.61217759001,2014-12-01,Three Forks,10385.0,2014-08-21,Sand/Ceramics Mix,Three Forks,Three Forks,SEQUOIA 24-9TFH,454011.44,Medium,102980.0
33-053-05329-0000,NEWFIELD PRODUCTION COMPANY,2014-05-01,2025-12-01,284090.317,16985.0,136,60348.33650212,2014-06-01,Bakken,9403.0,2014-05-28,Frac Sand,Bakken,Bakken,HOFFMANN 149-98-11-2-2H,347184.16,Medium,213137.0
33-053-05337-0000,OASIS PETROLEUM NORTH AMERICA LLC,2014-06-01,2025-12-01,316498.94891000004,18268.0,134,54601.721813899996,2014-06-01,Three Forks,12636.0,2014-06-05,Frac Sand,Three Forks,Three Forks,BRIER 5200 11-27 #8T2,184313.61,Medium,411852.0
33-053-05352-0000,XTO ENERGY INC,2014-10-01,2025-12-01,281685.27616999997,22395.0,133,62485.850916,2014-12-01,Bakken,10154.0,2014-10-29,Sand/Ceramics Mix,Bakken,Bakken,JAN 14X-34B,197257.8,Medium,138799.0
33-053-05379-0000,"EMERALD OIL, INC",2014-05-01,2025-12-01,188795.70582,10756.0,140,18439.503453359997,2014-05-01,Three Forks,9505.0,2014-05-09,Ceramics,Three Forks,Three Forks,PIRATE  3-2-11H,242055.66,Medium,344359.0
33-053-05382-0000,TRIANGLE USA PETROLEUM CORPORATION,2014-03-01,2025-12-01,225386.60298,15705.0,132,38794.952737909996,2014-04-01,Bakken,9462.0,2014-03-24,Sand/Ceramics Mix,Bakken,Bakken,STATE  152-102-36-25-5H,267946.63,Medium,348352.0
33-053-05390-0000,"EOG RESOURCES, INC.",2014-09-01,2025-12-01,306920.34028999996,38425.0,125,52258.1240754,2014-10-01,Bakken,4487.0,2014-09-28,Frac Sand,Bakken,Bakken,MANDAREE 28-05H,210270.33,Medium,150337.0
33-053-05402-0000,HESS CORPORATION,2014-07-01,2025-12-01,341468.7475,24312.0,130,33717.61853543,2014-10-01,Three Forks,9992.0,2014-07-27,Sand/Ceramics Mix,Three Forks,Three Forks,BB-BELQUIST- 150-95-1110H-7,473373.13,Medium,109700.0
33-053-05419-0000,OASIS PETROLEUM NORTH AMERICA LLC,2014-04-01,2025-12-01,131546.027,9550.0,136,15100.13810621,2014-04-01,Three Forks,10165.0,2014-04-04,Sand/Ceramics Mix,Three Forks,Three Forks,HYSTED  5200 14-30 3T2,151815.09,Medium,203746.0
33-053-05431-0000,XTO ENERGY INC,2014-09-01,2025-12-01,263232.47004,12391.0,130,60904.92856249998,2015-05-01,Bakken,9054.0,2014-09-14,Sand/Ceramics Mix,Bakken,Bakken,RUBY STATE FEDERAL 34X-36B,277993.75,Medium,129387.0
33-053-05454-0000,HESS CORPORATION,2017-09-01,2025-12-01,296482.7392,22455.0,97,24323.83336881,2017-11-01,Three Forks,9671.0,2017-09-09,Frac Sand,Three Forks,Three Forks,AN-GUDBRANSON- 153-94-2215H-6,55199.832,Low,275956.0
33-053-05455-0000,HESS CORPORATION,2017-09-01,2025-12-01,462121.4284,28733.0,100,90950.78380063799,2017-11-01,Bakken,9690.0,2017-09-04,Frac Sand,Bakken,Bakken,AN-GUDBRANSON- 153-94-2215H-7,308689.75,Medium,116417.0
33-053-05456-0000,BURLINGTON RESOURCES OIL & GAS COMPANY LP,2014-12-01,2025-12-01,256080.14509,20445.0,125,106945.61029799997,2015-01-01,Bakken,9297.0,2014-12-04,Sand/Ceramics Mix,Bakken,Bakken,CRATER LAKE 11-14MBH-R,333179.97,Medium,66411.0
33-053-05462-0000,"CONTINENTAL RESOURCES, INC.",2015-10-01,2025-12-01,508183.6672,22466.0,121,95233.0592934,2016-05-01,Bakken,11486.0,2015-10-25,Sand/Ceramics Mix,Bakken,Bakken,KUHN  7-13H,372813.53,Medium,237153.0
33-053-05469-0000,HESS CORPORATION,2014-10-01,2025-12-01,300428.65293,30478.0,134,62724.32937559999,2014-11-01,Bakken,10630.0,2014-10-27,Sand/Resin Mix,Bakken,Bakken,HA-NELSON- 152-95-3328H-9,399842.53,Medium,20313.0
33-053-05473-0000,ENERPLUS RESOURCES USA CORPORATION,2015-05-01,2025-12-01,665410.5852,47220.0,128,201039.8919178,2015-06-01,Three Forks,9783.0,2015-05-29,Frac Sand,Three Forks,Three Forks,BULL 152-94-18B-19H-TF,787820.25,High,156887.0
33-053-05486-0000,HESS CORPORATION,2014-09-01,2025-12-01,202316.05689,18544.0,136,37650.8520978,2014-09-01,Three Forks,9905.0,2014-09-10,Frac Sand,Three Forks,Three Forks,HA-NELSON A-LW- 152-95-3427H-1,135141.61,Medium,55159.0
33-053-05520-0000,BURLINGTON RESOURCES OIL & GAS COMPANY LP,2014-07-01,2025-12-01,635494.9299999999,23200.0,124,175809.7592243,2020-05-01,Bakken,9614.0,2014-07-09,Sand/Ceramics Mix,Bakken,Bakken,NORMAN 21-4MBH,935442.69,High,252189.0
33-053-05534-0000,XTO ENERGY INC,2014-06-01,2025-12-01,346289.61272,20953.0,131,58355.236966690005,2014-08-01,Bakken,9527.0,2014-06-26,Sand/Ceramics Mix,Bakken,Bakken,CHERRY CREEK STATE 44X-36D,435931.63,Medium,183193.0
33-053-05563-0000,BURLINGTON RESOURCES OIL & GAS COMPANY LP,2014-10-01,2025-12-01,431286.10490000003,22099.0,133,54065.8841861,2015-03-01,Three Forks,9509.0,2014-10-06,Sand/Ceramics Mix,Three Forks,Three Forks,COPPER DRAW 21-27TFH,569101.81,High,158140.0
33-053-05573-0000,"EMERALD OIL, INC",2014-12-01,2025-12-01,144138.38302,8351.0,133,25255.408232610003,2015-01-01,Three Forks,9449.0,2014-12-24,Ceramics,Three Forks,Three Forks,SLUGGER 6-16-21H,73303.0,Low,381858.0
33-053-05606-0000,WHITING OIL AND GAS CORPORATION,2014-09-01,2025-12-01,287780.40908,16126.0,136,38010.446184809996,2014-09-01,Bakken,10844.0,2014-09-21,Sand/Ceramics Mix,Bakken,Bakken,SOVIG 24-22-5H,370362.06,Medium,236504.0
33-053-05608-0000,"WPX ENERGY WILLISTON, LLC",2015-01-01,2025-12-01,346804.1679,17717.0,129,40251.805067600006,2015-02-01,Bakken,9394.0,2015-01-23,Sand/Ceramics Mix,Bakken,Bakken,KALE BAD BRAVE 19-18HB,483500.66,Medium,154060.0
33-053-05619-0000,"HESS BAKKEN INVESTMENTS II, LLC",2014-12-01,2025-12-01,351885.15170000005,39761.0,133,58585.13634564,2014-12-01,Three Forks,10085.0,2014-12-07,Frac Sand,Three Forks,Three Forks,BB-BUDAHN A- 150-95-0403H-9,427031.78,Medium,79901.0
33-053-05632-0000,XTO ENERGY INC,2015-06-01,2025-12-01,325058.11289,13665.0,123,89374.09599039001,2016-02-01,Bakken,9483.0,2015-06-30,Sand/Resin Mix,Bakken,Bakken,GUY FEDERAL 24X-35B,416236.81,Medium,208572.0
33-053-05636-0000,WHITING OIL AND GAS CORPORATION,2014-10-01,2025-12-01,699717.3200000001,45350.0,130,187933.30549067,2014-10-01,Three Forks,10489.0,2014-09-04,Sand/Ceramics Mix,Three Forks,Three Forks,FLATLAND FEDERAL 11-4TFHU,490019.13,Medium,143997.0
33-053-05647-0000,XTO ENERGY INC,2014-09-01,2025-12-01,476425.245,25641.0,112,54566.8720153,2014-11-01,Three Forks,9580.0,2014-09-21,Sand/Ceramics Mix,Three Forks,Three Forks,WALTON FEDERAL 41X-19G,549269.31,High,168960.0
33-053-05649-0000,XTO ENERGY INC,2014-08-01,2025-12-01,528895.9095000001,29467.0,117,61214.8364376,2014-10-01,Bakken,6527.0,2014-08-29,Sand/Ceramics Mix,Bakken,Bakken,WALTON FEDERAL  41X-19D,697075.56,High,100007.0
33-053-05651-0000,"CONTINENTAL RESOURCES, INC.",2014-07-01,2025-12-01,275738.54894999997,14833.0,137,87338.18633370001,2014-10-01,Bakken,9166.0,2014-07-15,Sand/Ceramics Mix,Bakken,Bakken,ROLFSRUD 2-11H,347610.66,Medium,153731.0
33-053-05655-0000,TRIANGLE USA PETROLEUM CORPORATION,2014-06-01,2025-12-01,263015.29271,14664.0,135,52212.88241398,2014-07-01,Bakken,9613.0,2014-06-16,Sand/Ceramics Mix,Bakken,Bakken,MCCABE  150-101-24-13-4H,75298.93,Low,212839.0
33-053-05658-0000,BURLINGTON RESOURCES OIL & GAS COMPANY LP,2014-09-01,2025-12-01,333420.84526,20769.0,122,52083.91991188,2015-01-01,Three Forks,10681.0,2014-09-21,Sand/Ceramics Mix,Three Forks,Three Forks,SEQUOIA 41-4TFH,428705.66,Medium,76133.0
33-053-05663-0000,ENERPLUS RESOURCES USA CORPORATION,2014-11-01,2025-12-01,590215.1259699999,37315.0,133,96818.841229,2014-11-01,Three Forks,9101.0,2014-11-08,Sand/Ceramics Mix,Three Forks,Three Forks,SWALLOW TAIL  152-94-32D-29H,666605.38,High,148850.0
33-053-05692-0000,BURLINGTON RESOURCES OIL & GAS COMPANY LP,2014-11-01,2025-12-01,169716.91308,18163.0,90,53483.495881890005,2015-05-01,Three Forks,9586.0,2014-11-12,Sand/Ceramics Mix,Three Forks,Three Forks,HAYMAKER 31-15TFH-A,151121.03,Medium,152200.0
33-053-05695-0000,QEP ENERGY COMPANY,2014-09-01,2025-12-01,347276.67590000003,25838.0,136,46436.50649859,2014-09-01,Three Forks,9750.0,2014-09-08,Frac Sand,Three Forks,Three Forks,KIRKLAND 22-15-23-14LL,428725.63,Medium,205498.0
33-053-05706-0000,OASIS PETROLEUM NORTH AMERICA LLC,2014-10-01,2025-12-01,153614.77387,10854.0,118,70977.22937666999,2014-11-01,Three Forks,9800.0,2014-10-06,Sand/Ceramics Mix,Three Forks,Three Forks,WHITE 5198 12-6 1T2,199210.27,Medium,401275.0
33-053-05708-0000,OASIS PETROLEUM NORTH AMERICA LLC,2014-10-01,2025-12-01,348909.82302999997,27242.0,130,148907.74257369997,2014-12-01,Three Forks,9554.0,2014-10-10,Sand/Ceramics Mix,Three Forks,Three Forks,WHITE 5198 12-6 3T,385530.03,Medium,725386.0
33-053-05720-0000,"HESS BAKKEN INVESTMENTS II, LLC",2014-12-01,2025-12-01,139880.96804,18863.0,131,37823.475793440004,2014-12-01,Three Forks,10837.0,2014-12-13,Frac Sand,Three Forks,Three Forks,AN-EVENSON- 152-95-1003H-7,161967.02,Medium,73990.0
33-053-05722-0000,"HESS BAKKEN INVESTMENTS II, LLC",2014-12-01,2025-12-01,234056.99208,23413.0,133,44886.54707333999,2015-01-01,Three Forks,10571.0,2014-12-22,Frac Sand,Three Forks,Three Forks,AN-EVENSON- 152-95-1003H-9,284038.25,Medium,75280.0
33-053-05729-0000,STATOIL OIL & GAS LP,2015-04-01,2025-12-01,372041.09417,19983.0,114,73436.57773947,2015-07-01,Bakken,9324.0,2015-04-17,Sand/Ceramics Mix,Bakken,Bakken,MASTON 34-27 #4H,345521.44,Medium,354634.0
33-053-05750-0000,XTO ENERGY INC,2015-03-01,2025-12-01,586510.1683,38256.0,119,108219.32303360001,2015-04-01,Bakken,9726.0,2015-03-28,Frac Sand,Bakken,Bakken,VAN DYKE FEDERAL 44X-19B,809781.5,High,170490.0
33-053-05762-0000,"CONTINENTAL RESOURCES, INC.",2015-05-01,2025-12-01,318985.60474,8965.0,127,25801.700861900004,2015-12-01,Three Forks,12380.0,2015-02-23,Sand/Ceramics Mix,Three Forks,Three Forks,CINCINNATI 2-30H1,417122.41,Medium,720344.0
33-053-05776-0000,STATOIL OIL & GAS LP,2014-10-01,2025-12-01,231173.83182,12631.0,128,27946.711936799995,2014-11-01,Bakken,9597.0,2014-10-15,Sand/Ceramics Mix,Bakken,Bakken,PAULSON 36-1 2H,333743.28,Medium,467777.0
33-053-05778-0000,STATOIL OIL & GAS LP,2014-10-01,2025-12-01,141721.03508,5691.0,120,7754.24677893,2014-11-01,Three Forks,10028.0,2014-10-28,Sand/Ceramics Mix,Three Forks,Three Forks,PAULSON 36-1 8TFH,216375.08,Medium,526795.0
33-053-05784-0000,"PETRO-HUNT, L.L.C.",2016-10-01,2025-12-01,654174.064,22090.0,106,174053.3145162,2016-10-01,Bakken,9202.0,2016-10-06,Sand/Ceramics Mix,Bakken,Bakken,USA 153-95-22D-15-5H,802814.19,High,152845.0
33-053-05787-0000,QEP ENERGY COMPANY,2014-11-01,2025-12-01,500700.1045,42474.0,134,66428.7969444,2014-12-01,Three Forks,9879.0,2014-11-17,Frac Sand,Three Forks,Three Forks,MOBERG 3-20-21TH,610106.69,High,235182.0
33-053-05808-0000,"WPX ENERGY WILLISTON, LLC",2014-10-01,2025-12-01,425341.37902,39064.0,129,56080.4958588,2014-11-01,Three Forks,9674.0,2014-10-27,Sand/Ceramics Mix,Three Forks,Three Forks,LUCY EVANS 29-32HX,490616.47,Medium,308528.0
33-053-05809-0000,QEP ENERGY COMPANY,2014-08-01,2025-12-01,418112.6079,27141.0,137,55048.0298339,2014-10-01,Bakken,4695.0,2014-08-19,Frac Sand,Bakken,Bakken,MOBERG 1-18BH,485658.75,Medium,138377.0
33-053-05810-0000,QEP ENERGY COMPANY,2014-08-01,2025-12-01,401174.619,21413.0,137,62323.60477134,2014-11-01,Bakken,4684.0,2014-08-17,Frac Sand,Bakken,Bakken,MOBERG 2-18BH,522715.0,High,57093.0
33-053-05812-0000,QEP ENERGY COMPANY,2014-08-01,2025-12-01,349187.622,34862.0,136,44408.447986989995,2014-09-01,Bakken,4708.0,2014-08-25,Frac Sand,Bakken,Bakken,MOBERG 4-18BH,385861.56,Medium,73585.0
33-053-05816-0000,"HESS BAKKEN INVESTMENTS II, LLC",2014-11-01,2025-12-01,216784.125,17179.0,134,25426.33989848,2014-11-01,Bakken,10610.0,2014-11-10,Frac Sand,Bakken,Bakken,BW-R PETERSON- 149-99-1102H-5,97557.695,Low,253416.0
33-053-05822-0000,XTO ENERGY INC,2014-11-01,2025-12-01,233330.76299000002,19563.0,116,57574.128397500004,2014-12-01,Bakken,4657.0,2014-11-19,Sand/Ceramics Mix,Bakken,Bakken,GILBERTSON  34X-26BXC,208540.36,Medium,42025.0
33-053-05830-0000,"EMERALD OIL, INC",2014-10-01,2025-12-01,99873.01000000001,6946.0,134,16908.09660168,2014-10-01,Three Forks,9455.0,2014-10-04,Ceramics/Resin Mix,Three Forks,Three Forks,D ANNUNZIO 4-7-6H,113291.56,Medium,486724.0
33-053-05837-0000,"HESS BAKKEN INVESTMENTS II, LLC",2015-03-01,2025-12-01,401235.89900000003,31359.0,123,44347.12292625,2015-03-01,Bakken,9956.0,2015-03-03,Frac Sand,Bakken,Bakken,HA-ROLFSRUD- 152-96-1720H-2,663784.31,High,97633.0
33-053-05854-0000,SM ENERGY COMPANY,2014-09-01,2025-12-01,298378.99088,22683.0,133,41915.20177798,2014-10-01,Bakken,10040.0,2014-09-24,Frac Sand,Bakken,Bakken,CALVIN 2-13H,345039.56,Medium,126329.0
33-053-05868-0000,TRIANGLE USA PETROLEUM CORPORATION,2014-12-01,2025-12-01,213050.71299,13812.0,130,39872.04859908,2015-01-01,Bakken,9640.0,2014-12-15,Sand/Ceramics Mix,Bakken,Bakken,PAULSON 150-101-23-14-3H,279769.84,Medium,315119.0
33-053-05894-0000,"HESS BAKKEN INVESTMENTS II, LLC",2014-10-01,2025-12-01,195652.89395,21116.0,133,23679.12094715,2014-11-01,Bakken,9478.0,2014-10-31,Frac Sand,Bakken,Bakken,BW-HEDSTROM- 149-100-1201H-3,256101.06,Medium,199541.0
33-053-05895-0000,BURLINGTON RESOURCES OIL & GAS COMPANY LP,2015-01-01,2025-12-01,404113.5514,28937.0,127,111161.1418705,2015-04-01,Bakken,9508.0,2015-01-21,Sand/Ceramics Mix,Bakken,Bakken,SHENANDOAH 24-36MBH,553770.94,High,74773.0
33-053-05901-0000,"HRC OPERATING, LLC",2015-07-01,2025-12-01,441513.1159,47471.0,123,56762.262059,2015-08-01,Bakken,9656.0,2015-07-27,Frac Sand,Bakken,Bakken,FORT BERTHOLD 152-93-19D-18-14H,577630.69,High,300801.0
33-053-05905-0000,XTO ENERGY INC,2015-01-01,2025-12-01,336003.1423,20542.0,132,67981.4667785,2015-03-01,Bakken,10083.0,2015-01-12,Sand/Ceramics Mix,Bakken,Bakken,OMLID 41X-13C,234698.94,Medium,135106.0
33-053-05941-0000,XTO ENERGY INC,2015-04-01,2025-12-01,379984.17929999996,15531.0,119,69085.53881069,2015-06-01,Bakken,9380.0,2015-04-07,Frac Sand,Bakken,Bakken,LUNDIN FEDERAL 31X-9D,326385.19,Medium,216773.0
33-053-05946-0000,WHITING OIL AND GAS CORPORATION,2014-08-01,2025-12-01,254945.03203,16074.0,137,22994.832917809996,2014-08-01,Bakken,8907.0,2014-08-22,Sand/Ceramics Mix,Bakken,Bakken,GUNDER T. 21-30-2H,312526.16,Medium,326785.0
33-053-05948-0000,BURLINGTON RESOURCES OIL & GAS COMPANY LP,2015-02-01,2025-12-01,409124.6119,25178.0,118,69301.91235299999,2015-05-01,Three Forks,9692.0,2015-02-26,Sand/Ceramics Mix,Three Forks,Three Forks,SHENANDOAH 44-36TFH,541043.38,High,155679.0
33-053-05955-0000,WHITING OIL AND GAS CORPORATION,2014-10-01,2025-12-01,236933.74492,17116.0,134,26301.76957585,2014-10-01,Bakken,9169.0,2014-10-16,Sand/Ceramics Mix,Bakken,Bakken,GOOD SHEPHERD 21-15-2H,302942.38,Medium,261357.0
33-053-05959-0000,"PETRO-HUNT, L.L.C.",2017-10-01,2025-12-01,495422.02392,30180.0,96,130675.506284,2017-11-01,Bakken,9867.0,2017-10-24,Sand/Ceramics Mix,Bakken,Bakken,USA 153-96-24C-13-3H,572276.38,High,111676.0
33-053-05968-0000,"HESS BAKKEN INVESTMENTS II, LLC",2015-02-01,2025-12-01,409947.4362,34500.0,130,71485.04036467,2015-03-01,Three Forks,10863.0,2015-02-24,Frac Sand,Three Forks,Three Forks,HA-DAHL- 152-95-0706H-4,526290.94,High,50945.0
33-053-06026-0000,OASIS PETROLEUM NORTH AMERICA LLC,2015-09-01,2025-12-01,309452.60184,40886.0,124,45319.59256374,2015-09-01,Bakken,9335.0,2015-09-04,Sand/Resin Mix,Bakken,Bakken,KLINE FEDERAL 5300 41-18 10B,397727.97,Medium,359739.0
33-053-06052-0000,"SLAWSON EXPLORATION COMPANY, INC.",2014-09-01,2025-12-01,395469.8566,33969.0,119,62834.44750078999,2014-09-01,Bakken,4046.0,2014-09-04,Frac Sand,Bakken,Bakken,JORE {FEDERAL} 2-12H,544465.44,High,256257.0
33-053-06080-0000,ABRAXAS PETROLEUM CORP.,2015-06-01,2025-12-01,311994.6385,17056.0,118,36298.833437999994,2015-07-01,Bakken,9888.0,2015-06-19,Sand/Ceramics Mix,Bakken,Bakken,JORE FEDERAL 2-11-6H,459783.06,Medium,156662.0
33-053-06086-0000,"CONTINENTAL RESOURCES, INC.",2017-03-01,2025-12-01,289312.00214,33593.0,101,48199.620664999995,2017-04-01,Three Forks,6557.0,2017-03-11,Sand/Ceramics Mix,Three Forks,Three Forks,ALPHA 4-14H1,330389.13,Medium,406596.0
33-053-06087-0000,"CONTINENTAL RESOURCES, INC.",2017-03-01,2025-12-01,332307.4885,12942.0,95,51389.32598227,2018-03-01,Bakken,14471.0,2017-03-09,Sand/Ceramics Mix,Bakken,Bakken,FLORIDA FEDERAL 5-11H,177827.89,Medium,207899.0
33-053-06093-0000,SM ENERGY COMPANY,2015-01-01,2025-12-01,249318.05005000002,12798.0,128,43008.370239699994,2015-04-01,Three Forks,9154.0,2015-01-23,Frac Sand,Three Forks,Three Forks,JAMES FEDERAL 16X-35HB,212885.42,Medium,303823.0
33-053-06107-0000,WHITING OIL AND GAS CORPORATION,2015-01-01,2025-12-01,238238.27107000002,26882.0,131,29073.732541370002,2015-01-01,Bakken,9544.0,2015-01-02,Sand/Ceramics Mix,Bakken,Bakken,SKEDSVOLD 21-4-4H,292502.06,Medium,219183.0
33-053-06114-0000,SM ENERGY COMPANY,2016-06-01,2025-12-01,242740.14879,14892.0,115,43773.78374376,2016-06-01,Bakken,9602.0,2016-06-07,Frac Sand,Bakken,Bakken,STENEHJEM  15-9HB,296926.06,Medium,331976.0
33-053-06124-0000,QEP ENERGY COMPANY,2015-05-01,2025-12-01,414556.51098,37155.0,128,50691.443111600005,2015-05-01,Three Forks,9627.0,2015-05-03,Frac Sand,Three Forks,Three Forks,FOREMAN 1-2-1TH,459252.53,Medium,298912.0
33-053-06150-0000,"HESS BAKKEN INVESTMENTS II, LLC",2015-03-01,2025-12-01,352349.4769,28782.0,125,39092.66304732,2015-04-01,Three Forks,10567.0,2015-03-27,Frac Sand,Three Forks,Three Forks,BB-BELQUIST- 150-95-1110H-11,492737.19,Medium,121891.0
33-053-06178-0000,"HESS BAKKEN INVESTMENTS II, LLC",2016-03-01,2025-12-01,247383.54602,16729.0,115,46613.14577084,2016-04-01,Bakken,9449.0,2016-03-29,Frac Sand,Bakken,Bakken,BW-JOHNSON- 149-99-1003H-4,199627.61,Medium,172303.0
33-053-06179-0000,"HESS BAKKEN INVESTMENTS II, LLC",2016-04-01,2025-12-01,203415.07291,17268.0,110,36091.28884259,2016-04-01,Bakken,9798.0,2016-04-03,Frac Sand,Bakken,Bakken,BW-JOHNSON- 149-99-1003H-5,242130.97,Medium,209600.0
33-053-06190-0000,TRIANGLE USA PETROLEUM CORPORATION,2016-04-01,2025-12-01,166068.0161,20981.0,109,42893.09921262,2016-05-01,Bakken,9021.0,2016-04-28,Frac Sand,Bakken,Bakken,J GARVIN JACOBSON 150-101-8-5-6H,202685.2,Medium,294952.0
33-053-06211-0000,WHITING OIL AND GAS CORPORATION,2015-02-01,2025-12-01,292425.37814,22310.0,130,19551.007902999998,2015-02-01,Bakken,10534.0,2015-02-03,Sand/Ceramics Mix,Bakken,Bakken,MRACHEK 21-26-5H,375610.13,Medium,319184.0
33-053-06228-0000,NEWFIELD PRODUCTION COMPANY,2014-12-01,2025-12-01,288511.322,22824.0,130,39417.193227510004,2015-01-01,Three Forks,9653.0,2014-12-30,Sand/Ceramics Mix,Three Forks,Three Forks,SAND CREEK FEDERAL  153-96-21-28-13HLW,363811.5,Medium,84559.0
33-053-06231-0000,OASIS PETROLEUM NORTH AMERICA LLC,2015-06-01,2025-12-01,289519.71903,21209.0,125,53446.60733864999,2015-09-01,Bakken,9303.0,2015-06-30,Sand/Resin Mix,Bakken,Bakken,GRAMMA FEDERAL  5300 41-31 12B,364780.59,Medium,381941.0
33-053-06251-0000,QEP ENERGY COMPANY,2015-08-01,2025-12-01,287442.84387,34315.0,120,69118.1524402,2016-02-01,Bakken,10058.0,2015-08-27,Sand/Resin Mix,Bakken,Bakken,JONES 1-15-22BH,225827.41,Medium,76190.0
33-053-06257-0000,XTO ENERGY INC,2015-09-01,2025-12-01,219637.55969999998,11480.0,121,24448.24516608,2016-02-01,Three Forks,9982.0,2015-09-21,Sand/Ceramics Mix,Three Forks,Three Forks,JOHNSRUD FEDERAL 34X-14H,343784.13,Medium,180198.0
33-053-06260-0000,QEP ENERGY COMPANY,2015-07-01,2025-12-01,159645.05094,20132.0,107,25667.73026581,2015-07-01,Three Forks,9774.0,2015-07-14,Frac Sand,Three Forks,Three Forks,TAT 5-35-26TH,197791.11,Medium,256154.0
33-053-06269-0000,WHITING OIL AND GAS CORPORATION,2015-03-01,2025-12-01,177733.285,12987.0,130,15447.170143920002,2015-04-01,Bakken,9256.0,2015-03-18,Sand/Ceramics Mix,Bakken,Bakken,STATE 31-3-4H,215321.63,Medium,216191.0
33-053-06277-0000,BURLINGTON RESOURCES OIL & GAS COMPANY LP,2015-07-01,2025-12-01,524904.0562,22804.0,123,111852.0728327,2016-04-01,Bakken,9760.0,2015-07-04,Sand/Ceramics Mix,Bakken,Bakken,TETON 2-8-10MBH,745659.06,High,97318.0
33-053-06278-0000,BURLINGTON RESOURCES OIL & GAS COMPANY LP,2015-07-01,2025-12-01,334631.56766,17281.0,117,65969.4296472,2016-01-01,Bakken,10242.0,2015-07-10,Sand/Ceramics Mix,Bakken,Bakken,TETON 3-8-10MBH,420505.56,Medium,107978.0
33-053-06281-0000,BURLINGTON RESOURCES OIL & GAS COMPANY LP,2015-07-01,2025-12-01,228330.27492,19937.0,110,95519.44535559,2016-01-01,Bakken,9890.0,2015-07-23,Sand/Ceramics Mix,Bakken,Bakken,KINGS CANYON 6-1-27MBH,189663.88,Medium,103646.0
33-053-06287-0000,XTO ENERGY INC,2015-05-01,2025-12-01,248076.99922,13362.0,121,53581.4112959,2015-07-01,Three Forks,9449.0,2015-05-21,Frac Sand,Three Forks,Three Forks,SORENSON 14X-33F,197933.66,Medium,178859.0
33-053-06292-0000,"WPX ENERGY WILLISTON, LLC",2016-03-01,2025-12-01,479886.2087,41272.0,118,65402.8978255,2016-03-01,Three Forks,9716.0,2016-03-06,Frac Sand,Three Forks,Three Forks,EMMA OWNER 23-14HW,602142.25,High,378654.0
33-053-06325-0000,ENERPLUS RESOURCES USA CORPORATION,2016-08-01,2025-12-01,372804.09998,21987.0,113,45224.19956168,2016-09-01,Three Forks,9870.0,2016-08-14,Frac Sand,Three Forks,Three Forks,MINK 150-94-04B-09H TF,478904.81,Medium,320352.0
33-053-06351-0000,QEP ENERGY COMPANY,2015-04-01,2025-12-01,284051.63194,31102.0,124,44396.51220669,2015-06-01,Three Forks,9722.0,2015-04-26,Frac Sand,Three Forks,Three Forks,FOREMAN 6-2-1TH,310067.97,Medium,228994.0
33-053-06372-0000,STATOIL OIL & GAS LP,2016-07-01,2025-12-01,409646.3812,20037.0,100,128773.2805614,2017-05-01,Three Forks,10304.0,2016-07-18,Frac Sand,Three Forks,Three Forks,RICHARD 8-5 #3TFH,593370.75,High,383222.0
33-053-06397-0000,XTO ENERGY INC,2016-01-01,2025-12-01,275972.82511,19984.0,108,142711.48074661999,2016-05-01,Bakken,9350.0,2016-01-19,Frac Sand,Bakken,Bakken,HOMER 14X-32A,328120.16,Medium,225456.0
33-053-06401-0000,ABRAXAS PETROLEUM CORP.,2015-11-01,2025-12-01,310357.8591,18707.0,121,53847.34246443999,2015-12-01,Three Forks,9325.0,2015-11-16,Sand/Ceramics Mix,Three Forks,Three Forks,RAVIN 8H,388996.81,Medium,328322.0
33-053-06408-0000,BURLINGTON RESOURCES OIL & GAS COMPANY LP,2015-11-01,2025-12-01,480398.1423,21131.0,117,71747.9889559,2016-07-01,Bakken,10779.0,2015-11-06,Sand/Ceramics Mix,Bakken,Bakken,KIRKLAND 14-21MBH,181103.0,Medium,137790.0
33-053-06409-0000,BURLINGTON RESOURCES OIL & GAS COMPANY LP,2015-11-01,2025-12-01,184745.14011,8334.0,113,35487.87878534,2016-06-01,Three Forks,9689.0,2015-11-12,Sand/Ceramics Mix,Three Forks,Three Forks,MORGAN 14-21TFH ULW,241452.48,Medium,101551.0
33-053-06414-0000,QEP ENERGY COMPANY,2015-04-01,2025-12-01,292766.92092,28472.0,125,80884.48718030998,2015-04-01,Three Forks,9528.0,2015-04-04,Frac Sand,Three Forks,Three Forks,THOMPSON 4-29-32THD,325070.72,Medium,193336.0
33-053-06424-0000,BURLINGTON RESOURCES OIL & GAS COMPANY LP,2015-11-01,2025-12-01,452418.4732,18050.0,120,52648.391744869994,2015-12-01,Bakken,9904.0,2015-11-30,Sand/Ceramics Mix,Bakken,Bakken,MORGAN 41-28MBH,206472.7,Medium,94480.0
33-053-06440-0000,STATOIL OIL & GAS LP,2017-01-01,2025-12-01,212733.82707,12698.0,99,24535.098872360002,2017-08-01,Bakken,9403.0,2017-01-21,Sand/Ceramics Mix,Bakken,Bakken,PAULSON 36-1  #6H,293941.31,Medium,448881.0
33-053-06453-0000,"CONTINENTAL RESOURCES, INC.",2017-02-01,2025-12-01,305591.36699999997,30572.0,105,86034.4269613,2017-04-01,Bakken,6760.0,2017-03-10,Frac Sand,Bakken,Bakken,HENDRICKSON  8-36H,255435.16,Medium,229685.0
33-053-06461-0000,"SHD OIL & GAS, LLC",2015-10-01,2025-12-01,60716.54401,5722.0,89,95532.2417246,2016-06-01,Three Forks,4028.0,2015-10-31,Frac Sand,Three Forks,Three Forks,MAGNUM 36-11-TF2,66382.984,Low,95738.0
33-053-06473-0000,TRIANGLE USA PETROLEUM CORPORATION,2015-04-01,2025-12-01,118839.98595999999,10930.0,125,35842.05283064,2015-07-01,Three Forks,9856.0,2015-04-22,Sand/Ceramics Mix,Three Forks,Three Forks,LEE 151-101-8-5-10TFH,57499.105,Low,342907.0
33-053-06476-0000,"CONTINENTAL RESOURCES, INC.",2017-01-01,2025-12-01,365366.79308,37959.0,104,45228.678206439996,2017-04-01,Bakken,6919.0,2017-01-10,Frac Sand,Bakken,Bakken,HENDRICKSON  12-36H,144083.48,Medium,235435.0
33-053-06531-0000,"CONTINENTAL RESOURCES, INC.",2017-12-01,2025-12-01,340716.06496,32423.0,82,74470.96431234,2018-07-01,Bakken,9526.0,2017-12-18,Frac Sand,Bakken,Bakken,CHICAGO 5-26H,254441.05,Medium,272894.0
33-053-06536-0000,"HESS BAKKEN INVESTMENTS II, LLC",2015-12-01,2025-12-01,289985.30809,28826.0,121,46073.17375371,2015-12-01,Bakken,10739.0,2015-12-07,Frac Sand,Bakken,Bakken,AN-PROSSER- 152-95-1102H-9,153611.25,Medium,35748.0
33-053-06554-0000,"CONTINENTAL RESOURCES, INC.",2015-06-01,2025-12-01,321241.25505000004,20012.0,116,75885.23014634,2015-07-01,Bakken,10226.0,2015-06-11,Sand/Ceramics Mix,Bakken,Bakken,BOULDER 2-4H,144664.39,Medium,207874.0
33-053-06582-0000,"HRC OPERATING, LLC",2016-11-01,2025-12-01,317771.88197,27511.0,108,39579.872562979996,2016-12-01,Three Forks,10567.0,2016-11-14,Frac Sand,Three Forks,Three Forks,FORT BERTHOLD 152-93-7C-6-10H,346183.06,Medium,367389.0
33-053-06587-0000,"CONTINENTAL RESOURCES, INC.",2017-08-01,2025-12-01,369822.75596,48961.0,93,121830.86665969998,2017-11-01,Bakken,13618.0,2017-08-14,Sand/Ceramics Mix,Bakken,Bakken,MONROE 7-2H,388805.41,Medium,513929.0
33-053-06597-0000,BURLINGTON RESOURCES OIL & GAS COMPANY LP,2016-08-01,2025-12-01,576480.18607,29000.0,103,54346.744694249996,2017-08-01,Three Forks,10766.0,2016-08-22,Sand/Ceramics Mix,Three Forks,Three Forks,MERTON 21-15TFH,624374.38,High,221218.0
33-053-06612-0000,WHITING OIL AND GAS CORPORATION,2015-04-01,2025-12-01,184463.88598,13213.0,129,38283.193341930004,2015-06-01,Bakken,9883.0,2015-04-27,Sand/Ceramics Mix,Bakken,Bakken,SONDROL 11-3-3H,247052.03,Medium,222631.0
33-053-06620-0000,XTO ENERGY INC,2015-09-01,2025-12-01,213935.65106,9696.0,113,36913.338430339994,2016-01-01,Three Forks,9191.0,2015-09-27,Frac Sand,Three Forks,Three Forks,LUNDIN 14X-33EXF,303159.16,Medium,209655.0
33-053-06625-0000,"CONTINENTAL RESOURCES, INC.",2017-04-01,2025-12-01,575020.4318,38774.0,103,86966.69702719,2017-07-01,Three Forks,12414.0,2017-04-30,Frac Sand,Three Forks,Three Forks,HOLSTEIN FEDERAL 9-25H1,668337.44,High,565645.0
33-053-06696-0000,QEP ENERGY COMPANY,2015-10-01,2025-12-01,447291.011,34053.0,123,155518.2713005,2015-11-01,Three Forks,9648.0,2015-10-22,Sand/Resin Mix,Three Forks,Three Forks,BOGGS 29-32-30-31THD,526699.81,High,265122.0
33-053-06704-0000,WHITING OIL AND GAS CORPORATION,2015-04-01,2025-12-01,235854.10404,17507.0,129,37394.75427763,2015-05-01,Bakken,9584.0,2015-04-26,Sand/Ceramics Mix,Bakken,Bakken,SONDROL 11-3HU,136868.05,Medium,271533.0
33-053-06719-0000,QEP ENERGY COMPANY,2016-02-01,2025-12-01,306923.67998,27629.0,119,116217.9144693,2016-07-01,Bakken,10050.0,2016-02-24,Sand/Resin Mix,Bakken,Bakken,STATE 9-25-24BH,381663.75,Medium,231910.0
33-053-06742-0000,WHITING OIL AND GAS CORPORATION,2015-05-01,2025-12-01,205610.65701999998,22657.0,123,28639.34419782,2015-06-01,Bakken,9224.0,2015-05-30,Sand/Ceramics Mix,Bakken,Bakken,TIMBER CREEK 21-27-3H,265175.97,Medium,147357.0
33-053-06749-0000,WHITING OIL AND GAS CORPORATION,2015-10-01,2025-12-01,423977.83195,42345.0,122,121874.87982237,2015-12-01,Three Forks,11238.0,2015-10-24,Sand/Ceramics Mix,Three Forks,Three Forks,FLATLAND FEDERAL 11-4-3TFH,574997.63,High,117713.0
33-053-06750-0000,"HRC OPERATING, LLC",2016-01-01,2025-12-01,291088.54806,19807.0,109,19452.907633639996,2016-02-01,Three Forks,9535.0,2016-01-17,Sand/Ceramics Mix,Three Forks,Three Forks,FORT BERTHOLD 152-93-19D-18-12H,103367.37,Medium,280270.0
33-053-06787-0000,XTO ENERGY INC,2016-01-01,2025-12-01,167348.18894,6613.0,118,30638.5374276,2016-05-01,Bakken,10227.0,2016-01-29,Frac Sand,Bakken,Bakken,ROEN 24X-23AXD,156854.28,Medium,260839.0
33-053-06795-0000,OASIS PETROLEUM NORTH AMERICA LLC,2016-02-01,2025-12-01,228176.57306999998,24961.0,117,37350.13674903,2016-03-01,Bakken,9425.0,2016-02-22,Sand/Ceramics Mix,Bakken,Bakken,ANDERSMADSON 5201 43-24 7B,264357.03,Medium,349323.0
33-053-06799-0000,QEP ENERGY COMPANY,2016-02-01,2025-12-01,255085.42446,29636.0,118,36593.3492033,2016-03-01,Three Forks,9159.0,2016-02-29,Sand/Resin Mix,Three Forks,Three Forks,STATE 5-36-1TH,344586.69,Medium,242046.0
33-053-06844-0000,QEP ENERGY COMPANY,2015-11-01,2025-12-01,418224.8568,23272.0,117,63117.1722085,2016-03-01,Bakken,9424.0,2015-11-11,Sand/Resin Mix,Bakken,Bakken,HENDERSON 1-12-2-11BH,542355.31,High,208157.0
33-053-06856-0000,WHITING OIL AND GAS CORPORATION,2017-02-01,2025-12-01,271657.94986,20336.0,106,55696.69176228,2017-05-01,Three Forks,9256.0,2017-02-20,Sand/Ceramics Mix,Three Forks,Three Forks,SMOKEY 2-16-21-15H3,326942.5,Medium,459183.0
33-053-06879-0000,XTO ENERGY INC,2017-01-01,2025-12-01,209065.56634,11939.0,104,82081.7699313,2017-10-01,Three Forks,9396.0,2017-01-24,Frac Sand,Three Forks,Three Forks,NORDENG 34X-23F,269900.81,Medium,229250.0
33-053-06908-0000,WHITING OIL AND GAS CORPORATION,2017-02-01,2025-12-01,358136.61981,51805.0,107,86823.94607399,2017-03-01,Bakken,9077.0,2017-02-09,Sand/Ceramics Mix,Bakken,Bakken,LOOMER 44-33-2H,315641.56,Medium,372475.0
33-053-06916-0000,ABRAXAS PETROLEUM CORP.,2016-08-01,2025-12-01,240356.71103,20652.0,111,78342.4741385,2016-09-01,Three Forks,9449.0,2016-08-16,Sand/Ceramics Mix,Three Forks,Three Forks,STENEHJEM 14H,267006.19,Medium,223226.0
33-053-06938-0000,XTO ENERGY INC,2016-10-01,2025-12-01,294224.06495,12973.0,110,61279.88833456999,2017-03-01,Three Forks,9336.0,2016-10-22,Frac Sand,Three Forks,Three Forks,HARLEY FEDERAL 24X-15F,212242.5,Medium,69957.0
33-053-06966-0000,"HESS BAKKEN INVESTMENTS II, LLC",2016-09-01,2025-12-01,530311.5758,20717.0,112,122817.2802152,2016-09-01,Three Forks,9937.0,2016-09-18,Frac Sand,Three Forks,Three Forks,AN-BRENNA- LW-153-94-3130H-1,692024.81,High,176915.0
33-053-06967-0000,"HESS BAKKEN INVESTMENTS II, LLC",2016-09-01,2025-12-01,504258.30079999997,38791.0,111,89748.23621559999,2016-10-01,Bakken,9910.0,2016-09-24,Frac Sand,Bakken,Bakken,AN-BRENNA- 153-94-3130H-4,630212.31,High,84893.0
33-053-06969-0000,"HESS BAKKEN INVESTMENTS II, LLC",2016-09-01,2025-12-01,589361.1779,35830.0,112,122651.06024999,2016-09-01,Bakken,9977.0,2016-09-12,Frac Sand,Bakken,Bakken,AN-BRENNA- 153-94-3130H-2,795536.25,High,65131.0
33-053-06979-0000,OASIS PETROLEUM NORTH AMERICA LLC,2016-06-01,2025-12-01,196290.40698,25024.0,95,78110.10286400001,2016-07-01,Three Forks,9555.0,2016-06-28,Sand/Resin Mix,Three Forks,Three Forks,JOHNSRUD  5198 12-18 8T2,198321.2,Medium,395199.0
33-053-06983-0000,OASIS PETROLEUM NORTH AMERICA LLC,2016-07-01,2025-12-01,354415.96694,37662.0,113,137678.60898989998,2016-10-01,Bakken,9502.0,2016-07-10,Sand/Resin Mix,Bakken,Bakken,JOHNSRUD  5198 14-18 14B,468982.41,Medium,410065.0
33-053-07014-0000,"EOG RESOURCES, INC.",2016-05-01,2025-12-01,400259.35088,33296.0,112,116744.83683864,2016-07-01,Three Forks,6911.0,2016-05-18,Frac Sand,Three Forks,Three Forks,WEST CLARK 117-0136H,472730.09,Medium,812015.0
33-053-07039-0000,OASIS PETROLEUM NORTH AMERICA LLC,2016-09-01,2025-12-01,337675.8914,26783.0,104,101943.99817998,2017-02-01,Three Forks,9493.0,2016-09-07,Sand/Resin Mix,Three Forks,Three Forks,ROLFSON N  5198 13-17 8T,157595.83,Medium,537220.0
33-053-07063-0000,"CONTINENTAL RESOURCES, INC.",2017-10-01,2025-12-01,302566.22204,33057.0,92,189679.33435800002,2018-04-01,Bakken,8926.0,2018-01-31,Frac Sand,Bakken,Bakken,LANSING 9-25H,628987.25,High,511078.0
33-053-07070-0000,QEP ENERGY COMPANY,2017-02-01,2025-12-01,223991.00101,21051.0,107,43046.7732677,2017-03-01,Three Forks,9570.0,2017-02-14,Sand/Resin Mix,Three Forks,Three Forks,FOREMAN 3-2-1TH,268317.06,Medium,281400.0
33-053-07083-0000,"HESS BAKKEN INVESTMENTS II, LLC",2016-03-01,2025-12-01,247191.3009,21409.0,116,27406.768838660006,2016-03-01,Three Forks,10018.0,2016-03-15,Frac Sand,Three Forks,Three Forks,HA-CHAPIN- 152-95-2932H-10,109444.41,Medium,100500.0
33-053-07089-0000,QEP ENERGY COMPANY,2016-11-01,2025-12-01,360220.27714,33092.0,110,72776.3259647,2016-12-01,Bakken,9675.0,2016-11-23,Sand/Resin Mix,Bakken,Bakken,TAT 7-33-28BHD,438110.22,Medium,157458.0
33-053-07095-0000,OASIS PETROLEUM NORTH AMERICA LLC,2016-08-01,2025-12-01,399030.59116,37029.0,113,143585.65600840002,2016-09-01,Bakken,9582.0,2016-08-14,Sand/Ceramics Mix,Bakken,Bakken,ROLFSON N  5198 11-17 2B,447750.0,Medium,384622.0
33-053-07113-0000,OASIS PETROLEUM NORTH AMERICA LLC,2017-07-01,2025-12-01,340999.83588,42189.0,102,110828.37297781,2017-07-01,Bakken,9368.0,2017-07-02,Sand/Resin Mix,Bakken,Bakken,LAWLAR N 5199 42-23 6B,349903.0,Medium,425451.0
33-053-07141-0000,QEP ENERGY COMPANY,2016-03-01,2025-12-01,270747.68485,16824.0,115,32211.371976899994,2016-05-01,Bakken,10068.0,2016-03-22,Sand/Resin Mix,Bakken,Bakken,ERNIE 7-2-11BHD,311758.34,Medium,192260.0
33-053-07171-0000,"HESS BAKKEN INVESTMENTS II, LLC",2017-04-01,2025-12-01,262190.85302,17697.0,100,86997.8801532,2017-05-01,Three Forks,9685.0,2017-04-27,Frac Sand,Three Forks,Three Forks,HA-STATE- 152-95-1621H-9,320430.78,Medium,212517.0
33-053-07174-0000,"HESS BAKKEN INVESTMENTS II, LLC",2017-04-01,2025-12-01,343888.74782,25056.0,105,108023.62095330001,2017-07-01,Bakken,9649.0,2017-04-07,Frac Sand,Bakken,Bakken,HA-STATE- 152-95-1621H-6,378482.72,Medium,106052.0
33-053-07202-0000,WHITING OIL AND GAS CORPORATION,2015-12-01,2025-12-01,313939.84089,28279.0,116,124277.91702934001,2016-02-01,Bakken,9351.0,2015-12-11,Sand/Ceramics Mix,Bakken,Bakken,CHAMELEON STATE 21-16-2H,352877.69,Medium,474890.0
33-053-07233-0000,"HESS BAKKEN INVESTMENTS II, LLC",2016-11-01,2025-12-01,419670.72002999997,28341.0,104,72016.71467634,2016-12-01,Bakken,9673.0,2016-11-16,Frac Sand,Bakken,Bakken,BB-SIVERTSON- LS-151-95-2019H-1,517907.25,High,78425.0
33-053-07235-0000,"HESS BAKKEN INVESTMENTS II, LLC",2016-11-01,2025-12-01,340372.69704,29394.0,105,93981.88110844001,2016-12-01,Three Forks,9468.0,2016-11-21,Frac Sand,Three Forks,Three Forks,BB-SIVERTSON- 151-95-2019H-7,394953.53,Medium,126803.0
33-053-07253-0000,"HESS BAKKEN INVESTMENTS II, LLC",2016-07-01,2025-12-01,257984.69793,26391.0,114,81908.62864051,2016-07-01,Three Forks,9706.0,2016-07-06,Frac Sand,Three Forks,Three Forks,HA-GRIMESTAD- 152-95-3031H-5,492941.06,Medium,121273.0
33-053-07280-0000,OASIS PETROLEUM NORTH AMERICA LLC,2016-12-01,2025-12-01,385276.62988,37725.0,109,133670.077976,2017-02-01,Bakken,9555.0,2016-12-22,Sand/Resin Mix,Bakken,Bakken,ROLFSON S 5198 14-29 12B,405922.03,Medium,439963.0
33-053-07309-0000,WHITING OIL AND GAS CORPORATION,2016-12-01,2025-12-01,377060.72794,44829.0,109,59890.33082353999,2017-01-01,Bakken,8596.0,2016-12-09,Frac Sand,Bakken,Bakken,KOALA 14-32HU,417889.34,Medium,409145.0
33-053-07315-0000,QEP ENERGY COMPANY,2016-09-01,2025-12-01,275153.5739,25626.0,112,123722.15577839999,2016-10-01,Bakken,10475.0,2016-09-11,Frac Sand,Bakken,Bakken,KDM 7-7-6BHD,310513.06,Medium,197145.0
33-053-07316-0000,QEP ENERGY COMPANY,2016-09-01,2025-12-01,272394.51783,24801.0,112,86669.8448278,2016-11-01,Three Forks,10033.0,2016-09-16,Frac Sand,Three Forks,Three Forks,KDM 4-7-6T2HD,322697.59,Medium,240076.0
33-053-07345-0000,"HRC OPERATING, LLC",2017-09-01,2025-12-01,383303.76225,30789.0,99,71912.82613631,2017-10-01,Three Forks,9766.0,2017-09-27,Sand/Ceramics Mix,Three Forks,Three Forks,FORT BERTHOLD 152-94-13B-24-13H,443550.38,Medium,418253.0
33-053-07391-0000,OASIS PETROLEUM NORTH AMERICA LLC,2017-02-01,2025-12-01,345814.01706,44262.0,106,152058.7338847,2017-04-01,Bakken,9458.0,2017-02-25,Sand/Resin Mix,Bakken,Bakken,FORLAND  5198 41-33 3B,361922.41,Medium,446657.0
33-053-07410-0000,STATOIL OIL & GAS LP,2016-11-01,2025-12-01,358997.5879,23882.0,89,187440.45070867002,2017-04-01,Bakken,9445.0,2016-11-25,Frac Sand,Bakken,Bakken,CHERYL 17-20 #1H-R,522272.94,High,277589.0
33-053-07423-0000,QEP ENERGY COMPANY,2016-09-01,2025-12-01,246475.75891,28255.0,109,65384.94587339999,2016-10-01,Three Forks,9897.0,2016-09-30,Frac Sand,Three Forks,Three Forks,KDM 3-7-6T2HD,283859.47,Medium,195788.0
33-053-07474-0000,MARATHON OIL COMPANY,2017-07-01,2025-12-01,591262.4609000001,42409.0,95,90475.01363129998,2017-10-01,Three Forks,9268.0,2017-07-15,Frac Sand,Three Forks,Three Forks,GARNESS USA 31-4TFH-2B,782623.94,High,302345.0
33-053-07477-0000,"HESS BAKKEN INVESTMENTS II, LLC",2017-02-01,2025-12-01,369541.84413,24221.0,106,71545.31027684,2017-05-01,Three Forks,10042.0,2017-02-16,Frac Sand,Three Forks,Three Forks,BB-FEDERAL 151-95-1708H-8,409757.5,Medium,110691.0
33-053-07504-0000,XTO ENERGY INC,2017-10-01,2025-12-01,327014.20285,30506.0,98,78833.05200534001,2017-11-01,Bakken,9936.0,2017-10-08,Sand/Ceramics Mix,Bakken,Bakken,LUNDIN 11X-15AXB,381611.97,Medium,579325.0
33-053-07521-0000,WHITING OIL AND GAS CORPORATION,2017-08-01,2025-12-01,328543.13795,21446.0,101,85107.2110136,2017-09-01,Bakken,7569.0,2017-08-06,Frac Sand,Bakken,Bakken,KOALA 31-25-3H,411188.84,Medium,299669.0
33-053-07526-0000,OASIS PETROLEUM NORTH AMERICA LLC,2017-08-01,2025-12-01,173075.35894,20640.0,101,34691.39543893,2017-10-01,Three Forks,10000.0,2017-08-10,Sand/Resin Mix,Three Forks,Three Forks,OYLOE 5199 43-23 8T,94526.039,Low,318352.0
33-053-07528-0000,WHITING OIL AND GAS CORPORATION,2016-10-01,2025-12-01,303854.65307999996,30597.0,111,165596.81865138002,2016-11-01,Bakken,8206.0,2016-10-12,Sand/Ceramics Mix,Bakken,Bakken,FLATLAND 43-9HU,385346.38,Medium,393663.0
33-053-07555-0000,"CONTINENTAL RESOURCES, INC.",2017-10-01,2025-12-01,346206.52412,42998.0,98,72408.04292006999,2017-12-01,Three Forks,10080.0,2017-10-27,Sand/Ceramics Mix,Three Forks,Three Forks,TARENTAISE FEDERAL 12-19H2,413271.69,Medium,223950.0
33-053-07571-0000,"HESS BAKKEN INVESTMENTS II, LLC",2016-09-01,2025-12-01,306737.8172,15558.0,112,70460.34956206,2017-02-01,Three Forks,9563.0,2016-09-25,Frac Sand,Three Forks,Three Forks,HA-ROLFSRUD- 152-96-1720H-9,367288.19,Medium,171718.0
33-053-07614-0000,"HESS BAKKEN INVESTMENTS II, LLC",2016-11-01,2025-12-01,358723.57999999996,24921.0,110,107527.93346,2016-12-01,Bakken,9778.0,2016-11-19,Frac Sand,Bakken,Bakken,HA-LINK- 152-95-3526H-6,511892.06,High,33343.0
33-053-07616-0000,"HESS BAKKEN INVESTMENTS II, LLC",2016-11-01,2025-12-01,309642.51591,21015.0,109,69962.65490417,2017-05-01,Bakken,9592.0,2016-11-23,Frac Sand,Bakken,Bakken,HA-LINK- 152-95-3526H-8,332232.38,Medium,31767.0
33-053-07638-0000,"HESS BAKKEN INVESTMENTS II, LLC",2017-05-01,2025-12-01,273678.24997,23271.0,103,89680.94271884,2017-06-01,Bakken,9784.0,2017-05-28,Frac Sand,Bakken,Bakken,HA-GRIMESTAD- 152-95-3031H-8,314599.84,Medium,97014.0
33-053-07663-0000,"EOG RESOURCES, INC.",2017-06-01,2025-12-01,427544.59184999997,59708.0,99,73188.54569826,2017-07-01,Three Forks,9967.0,2017-06-08,Frac Sand,Three Forks,Three Forks,CLARKS CREEK  73-0719H,459077.84,Medium,458248.0
33-053-07672-0000,"HESS BAKKEN INVESTMENTS II, LLC",2017-11-01,2025-12-01,447502.5247,30895.0,95,71306.94261130001,2018-06-01,Three Forks,9692.0,2017-11-18,Frac Sand,Three Forks,Three Forks,BB-LARS ROTHIE- 151-95-3229H-5,322880.22,Medium,72957.0
33-053-07674-0000,"HESS BAKKEN INVESTMENTS II, LLC",2017-11-01,2025-12-01,494668.16898,40449.0,98,143913.09744304998,2018-01-01,Three Forks,9785.0,2017-11-07,Frac Sand,Three Forks,Three Forks,BB-LARS ROTHIE- 151-95-3229H-7,572510.69,High,142352.0
33-053-07718-0000,OASIS PETROLEUM NORTH AMERICA LLC,2017-10-01,2025-12-01,261858.80206,29464.0,99,75148.33982241,2017-11-01,Three Forks,9976.0,2017-10-14,Sand/Resin Mix,Three Forks,Three Forks,HAGEN BANKS 5198 13-6 10T,267316.97,Medium,381218.0
33-053-07769-0000,WHITING OIL AND GAS CORPORATION,2017-10-01,2025-12-01,308481.36705,27836.0,99,110783.19699229999,2017-10-01,Bakken,9441.0,2017-10-02,Frac Sand,Bakken,Bakken,HELLANDSAAS 44-8-2H,377283.94,Medium,426042.0
33-053-07770-0000,WHITING OIL AND GAS CORPORATION,2017-09-01,2025-12-01,245669.08315000002,26334.0,100,105860.36954000001,2017-12-01,Bakken,5541.0,2017-09-26,Frac Sand,Bakken,Bakken,HELLANDSAAS 44-8-1H,310617.78,Medium,274433.0
33-053-07799-0000,OASIS PETROLEUM NORTH AMERICA LLC,2017-12-01,2025-12-01,209060.779992,22772.0,85,86685.69418769999,2018-03-01,Three Forks,9915.0,2017-12-17,Sand/Resin Mix,Three Forks,Three Forks,PATSY 5198 12-17 9T,211225.28,Medium,482619.0
33-053-07804-0000,BURLINGTON RESOURCES OIL & GAS COMPANY LP,2017-08-01,2025-12-01,667027.1446,43685.0,93,107899.15245458002,2018-01-01,Three Forks,9962.0,2017-08-31,Sand/Ceramics Mix,Three Forks,Three Forks,VEEDER  4D MTFH,965090.31,High,189045.0
33-053-07805-0000,BURLINGTON RESOURCES OIL & GAS COMPANY LP,2017-07-01,2025-12-01,649688.1199,35072.0,99,74959.6891018,2017-10-01,Bakken,9980.0,2017-07-28,Sand/Ceramics Mix,Bakken,Bakken,VEEDER  4E MBH-ULW,308437.38,Medium,164697.0
33-053-07851-0000,BURLINGTON RESOURCES OIL & GAS COMPANY LP,2017-10-01,2025-12-01,656090.6209999999,38042.0,94,43012.4426865,2018-03-01,Bakken,9738.0,2017-10-16,Sand/Ceramics Mix,Bakken,Bakken,CROFF 22A MBH,140476.7,Medium,186604.0
33-053-07881-0000,OASIS PETROLEUM NORTH AMERICA LLC,2017-10-01,2025-12-01,258145.83287,27537.0,94,45932.92811610001,2018-03-01,Three Forks,10029.0,2017-10-17,Sand/Resin Mix,Three Forks,Three Forks,HAGEN BANKS 5198 12-6 13TX,287368.47,Medium,386218.0
33-053-07976-0000,QEP ENERGY COMPANY,2017-09-01,2025-12-01,251992.93725,30293.0,100,109553.5912773,2017-10-01,Bakken,10153.0,2017-09-05,Frac Sand,Bakken,Bakken,OTIS 28-33-32-29BHD,328159.94,Medium,86555.0
33-053-07980-0000,QEP ENERGY COMPANY,2017-09-01,2025-12-01,372187.12784,46209.0,100,81005.03499459999,2017-10-01,Bakken,9938.0,2017-09-08,Frac Sand,Bakken,Bakken,OTIS 6-28-33BHD,274525.38,Medium,139772.0
33-053-07993-0000,"HESS BAKKEN INVESTMENTS II, LLC",2017-12-01,2025-12-01,422772.0331,27827.0,97,61868.332510500004,2018-01-01,Three Forks,9899.0,2017-12-18,Frac Sand,Three Forks,Three Forks,BB-OLE ANDERSON- LW-151-95-3130H-1,264512.5,Medium,126978.0
33-053-07994-0000,"HESS BAKKEN INVESTMENTS II, LLC",2017-12-01,2025-12-01,337543.5661,21900.0,96,45014.84206914,2018-01-01,Bakken,9872.0,2017-12-21,Frac Sand,Bakken,Bakken,BW-HEDSTROM- 149-100-1201H-5,215792.05,Medium,389340.0
33-053-04729-0000,"CONTINENTAL RESOURCES, INC.",2014-02-01,2025-12-01,181916.79798,17928.0,137,11978.127626930001,2014-05-01,Three Forks,9879.0,2014-02-24,Sand/Ceramics Mix,Three Forks,Three Forks,ROLLEFSTAD FEDERAL 10-3H-2,205178.27,Medium,267787.0
33-053-05065-0000,NEWFIELD PRODUCTION COMPANY,2014-01-01,2025-12-01,299860.37795,19840.0,142,40205.43935191,2014-01-01,Bakken,9228.0,2014-01-01,Sand/Ceramics Mix,Bakken,Bakken,HOLM 150-98-17-20-3H,338683.09,Medium,156145.0
33-053-05195-0000,HESS CORPORATION,2014-05-01,2025-12-01,402542.9274,28633.0,117,54181.280179650006,2014-06-01,Bakken,10257.0,2014-05-22,Frac Sand,Bakken,Bakken,SC-5WX- 152-99-0310H-1,595792.69,High,87957.0
33-053-05256-0000,SM ENERGY COMPANY,2014-02-01,2025-12-01,518627.9456,23877.0,140,88815.6065835,2014-03-01,Three Forks,9377.0,2014-02-24,Frac Sand,Three Forks,Three Forks,LORAINE FEDERAL 1X-20H,794574.44,High,96640.0
33-053-05312-0000,NEWFIELD PRODUCTION COMPANY,2014-03-01,2025-12-01,275888.90703,14940.0,142,40097.02738561,2014-04-01,Bakken,9544.0,2014-03-16,Sand/Ceramics Mix,Bakken,Bakken,SKAAR 150-99-15-22-2H,352483.25,Medium,125270.0
33-053-05414-0000,XTO ENERGY INC,2014-10-01,2025-12-01,259526.04622000002,19276.0,134,65171.940477200005,2015-01-01,Three Forks,10237.0,2014-10-21,Sand/Ceramics Mix,Three Forks,Three Forks,ROLFSON 14X-34F,321729.06,Medium,154132.0
33-053-05433-0000,XTO ENERGY INC,2014-09-01,2025-12-01,246455.16013,11065.0,131,49775.08427100001,2015-03-01,Three Forks,10610.0,2014-09-20,Sand/Ceramics/Resin Proppant Mix,Three Forks,Three Forks,RUBY STATE FEDERAL 34X-36E,178689.38,Medium,173263.0
33-053-05466-0000,XTO ENERGY INC,2014-05-01,2025-12-01,361545.979,17762.0,120,55795.909788200006,2014-07-01,Bakken,9442.0,2014-05-29,Sand/Ceramics Mix,Bakken,Bakken,LUCY  14X-32B,568569.38,High,182038.0
33-053-05495-0000,"PETRO-HUNT, L.L.C.",2014-09-01,2025-12-01,620699.1741,22082.0,133,114152.16196817,2014-10-01,Bakken,8765.0,2014-09-16,Sand/Ceramics Mix,Bakken,Bakken,VAN HISE TRUST 153-95-28D-21-1HS,747294.38,High,117047.0
33-053-05498-0000,BURLINGTON RESOURCES OIL & GAS COMPANY LP,2014-09-01,2025-12-01,371263.65486,17847.0,126,60172.71440831,2015-05-01,Bakken,9493.0,2014-09-11,Sand/Ceramics Mix,Bakken,Bakken,NORMAN 21-4MBH 2SH,181820.3,Medium,106346.0
33-053-05523-0000,QEP ENERGY COMPANY,2014-07-01,2025-12-01,517733.13800000004,27682.0,136,94801.41697364,2014-08-01,Three Forks,8939.0,2014-07-13,Sand/Ceramics/Resin Proppant Mix,Three Forks,Three Forks,MOBERG 2-22-15TH,641694.06,High,429279.0
33-053-05580-0000,TRIANGLE USA PETROLEUM CORPORATION,2014-06-01,2025-12-01,190148.49900100002,15581.0,134,29907.170184010003,2014-12-01,Bakken,9343.0,2014-06-08,Sand/Ceramics Mix,Bakken,Bakken,MONSON 152-102-35-26-3H,193249.5,Medium,388692.0
33-053-05592-0000,KODIAK OIL & GAS (USA) INC.,2014-11-01,2025-12-01,295488.66505,33761.0,132,59116.63417587,2014-12-01,Bakken,9416.0,2014-11-28,Sand/Ceramics Mix,Bakken,Bakken,KOALA 4-4-29-1H,345385.88,Medium,224733.0
33-053-05635-0000,WHITING OIL AND GAS CORPORATION,2014-10-01,2025-12-01,530592.35896,56457.0,133,113656.50591030001,2014-10-01,Bakken,9290.0,2014-10-07,Sand/Ceramics Mix,Bakken,Bakken,FLATLAND FEDERAL 11-4HR,565486.69,High,100693.0
33-053-05724-0000,"HESS BAKKEN INVESTMENTS II, LLC",2014-10-01,2025-12-01,275570.92215,31216.0,134,61316.58485112,2014-11-01,Bakken,10771.0,2014-10-20,Frac Sand,Bakken,Bakken,HA-MOGEN- 152-95-0805H-8,283687.97,Medium,55774.0
33-053-05885-0000,QEP ENERGY COMPANY,2014-10-01,2025-12-01,433591.0183,22246.0,135,49883.48027349,2014-11-01,Three Forks,10207.0,2014-10-13,Frac Sand,Three Forks,Three Forks,KIRKLAND 14-23-13-24LL,139648.81,Medium,291067.0
33-053-05932-0000,"HESS BAKKEN INVESTMENTS II, LLC",2015-08-01,2025-12-01,243929.11881,9271.0,120,57825.18939896001,2016-04-01,Three Forks,7873.0,2015-08-25,Sand/Ceramics Mix,Three Forks,Three Forks,AN-BRENNA- 153-94-3130H-8,350670.16,Medium,34640.0
33-053-05970-0000,"HESS BAKKEN INVESTMENTS II, LLC",2015-03-01,2025-12-01,405111.3659,37729.0,130,106875.11206895,2015-03-01,Three Forks,10939.0,2015-03-06,Frac Sand,Three Forks,Three Forks,HA-DAHL- 152-95-0706H-6,568720.69,High,68452.0
33-053-05976-0000,WHITING OIL AND GAS CORPORATION,2014-12-01,2025-12-01,306695.38109,42433.0,126,78776.99167794001,2014-12-01,Bakken,9717.0,2014-12-15,Sand/Ceramics Mix,Bakken,Bakken,TARPON FEDERAL 24-20-1H,239857.63,Medium,197361.0
33-053-06029-0000,OASIS PETROLEUM NORTH AMERICA LLC,2015-08-01,2025-12-01,226957.80896,17706.0,118,46118.563678319995,2016-03-01,Bakken,9532.0,2015-08-22,Sand/Resin Mix,Bakken,Bakken,KLINE FEDERAL 5300 41-18 14BX,275946.47,Medium,369471.0
33-053-06031-0000,QEP ENERGY COMPANY,2015-02-01,2025-12-01,458628.6272,38399.0,131,43931.8499957,2015-03-01,Three Forks,9600.0,2015-02-07,Frac Sand,Three Forks,Three Forks,JOHNSON 3-9-4TH,587567.75,High,230490.0
33-053-06069-0000,XTO ENERGY INC,2015-05-01,2025-12-01,309805.73717,18328.0,122,60258.79263034001,2016-02-01,Bakken,9836.0,2015-05-29,Sand/Ceramics Mix,Bakken,Bakken,RANGER 21X-18C,382017.16,Medium,174246.0
33-053-06128-0000,QEP ENERGY COMPANY,2015-04-01,2025-12-01,399567.55908000004,30313.0,129,96002.58254067998,2015-06-01,Three Forks,8627.0,2015-02-15,Frac Sand,Three Forks,Three Forks,FOREMAN 36-35-1-2LL,449722.31,Medium,354573.0
33-053-06176-0000,"CONTINENTAL RESOURCES, INC.",2015-03-01,2025-12-01,279614.68099,17659.0,115,93559.1476184,2015-11-01,Three Forks,10275.0,2015-02-26,Sand/Ceramics Mix,Three Forks,Three Forks,KENNEDY 4-31H1,301891.38,Medium,369101.0
33-053-06198-0000,"HESS BAKKEN INVESTMENTS II, LLC",2015-08-01,2025-12-01,313960.2442,17460.0,122,36424.68815834,2015-08-01,Bakken,10294.0,2015-08-06,Frac Sand,Bakken,Bakken,BB-CHAPIN A- LS-151-95-0403H-1,432840.09,Medium,59095.0
33-053-06217-0000,MARATHON OIL COMPANY,2015-06-01,2025-12-01,396518.4182,24692.0,116,45935.745327,2015-08-01,Bakken,12596.0,2015-06-17,Sand/Ceramics Mix,Bakken,Bakken,LUN USA 11-14H,545555.88,High,85130.0
33-053-06234-0000,QEP ENERGY COMPANY,2015-09-01,2025-12-01,483998.33337999997,30024.0,124,146070.94295499998,2016-01-01,Three Forks,9814.0,2015-09-27,Sand/Resin Mix,Three Forks,Three Forks,JONES 5-15-22TH,433404.31,Medium,272519.0
33-053-06271-0000,WHITING OIL AND GAS CORPORATION,2015-03-01,2025-12-01,126920.07099000001,11348.0,130,9462.27378665,2015-04-01,Bakken,10678.0,2015-03-10,Sand/Ceramics Mix,Bakken,Bakken,STATE 31-3-1H,142440.86,Medium,184273.0
33-053-06289-0000,"WPX ENERGY WILLISTON, LLC",2016-03-01,2025-12-01,462227.31007,44575.0,112,60135.828239999995,2016-03-01,Three Forks,10041.0,2016-03-01,Frac Sand,Three Forks,Three Forks,EMMA OWNER 23-14HX,176680.75,Medium,325834.0
33-053-06335-0000,XTO ENERGY INC,2015-08-01,2025-12-01,322180.3013,14719.0,114,69587.82780304001,2016-03-01,Bakken,9428.0,2015-08-29,Sand/Resin Mix,Bakken,Bakken,SATTER 31X-1D,588833.25,High,112265.0
33-053-06383-0000,TRIANGLE USA PETROLEUM CORPORATION,2017-08-01,2025-12-01,144084.97186,12071.0,92,41275.756761130004,2017-11-01,Bakken,8882.0,2017-08-19,Frac Sand,Bakken,Bakken,ANDERSON 148-100-7-6-3H,191711.0,Medium,288211.0
33-053-06430-0000,"WPX ENERGY WILLISTON, LLC",2017-05-01,2025-12-01,560782.5037,50575.0,99,84750.05819367,2017-06-01,Bakken,9839.0,2017-05-25,Frac Sand,Bakken,Bakken,ETSTATIS 32-29HW,696653.25,High,313510.0
33-053-06535-0000,"HESS BAKKEN INVESTMENTS II, LLC",2015-12-01,2025-12-01,379556.1381,31447.0,118,92212.20333600002,2015-12-01,Bakken,10572.0,2015-12-02,Frac Sand,Bakken,Bakken,AN-PROSSER- 152-95-1102H-8,359318.34,Medium,101926.0
33-053-06589-0000,"CONTINENTAL RESOURCES, INC.",2017-08-01,2025-12-01,540566.22476,56298.0,93,148297.8931958,2017-11-01,Bakken,13558.0,2017-08-14,Frac Sand,Bakken,Bakken,MONROE 6-2H,594043.5,High,664755.0
33-053-06598-0000,BURLINGTON RESOURCES OIL & GAS COMPANY LP,2016-08-01,2025-12-01,458585.91125999996,24499.0,106,72235.40542529001,2017-05-01,Bakken,10742.0,2016-09-02,Sand/Ceramics Mix,Bakken,Bakken,MERTON 21-15MBH,518198.97,High,190174.0
33-053-06720-0000,QEP ENERGY COMPANY,2016-02-01,2025-12-01,264401.12091,28635.0,119,42598.10701229,2016-07-01,Three Forks,9655.0,2016-02-22,Sand/Resin Mix,Three Forks,Three Forks,STATE 5-25-24TH,329056.28,Medium,325499.0
33-053-06889-0000,OASIS PETROLEUM NORTH AMERICA LLC,2016-04-01,2025-12-01,308293.30308,24846.0,116,67299.45010837,2016-10-01,Bakken,9494.0,2016-04-14,Sand/Resin Mix,Bakken,Bakken,LEFTY 5200 12-30 7B,344523.06,Medium,462502.0
33-053-06894-0000,OASIS PETROLEUM NORTH AMERICA LLC,2016-04-01,2025-12-01,148612.22595,10973.0,116,48727.401848090005,2016-10-01,Three Forks,10456.0,2016-04-17,Sand/Resin Mix,Three Forks,Three Forks,LEFTY 5200 12-30 10T,170990.92,Medium,644463.0
33-053-06909-0000,WHITING OIL AND GAS CORPORATION,2017-02-01,2025-12-01,364393.84233,46025.0,107,56800.6743034,2017-03-01,Three Forks,9211.0,2017-02-14,Sand/Ceramics Mix,Three Forks,Three Forks,LOOMER 44-33TFHU,246142.84,Medium,375950.0
33-053-07112-0000,OASIS PETROLEUM NORTH AMERICA LLC,2017-06-01,2025-12-01,273433.472955,43858.0,102,77172.33778423,2017-07-01,Three Forks,9349.0,2017-06-16,Sand/Resin Mix,Three Forks,Three Forks,LAWLAR N 5199 42-23 5T,278949.72,Medium,490439.0
33-053-07136-0000,"HESS BAKKEN INVESTMENTS II, LLC",2016-02-01,2025-12-01,174516.38208,21743.0,119,43351.01238398,2016-03-01,Three Forks,10516.0,2016-02-15,Frac Sand,Three Forks,Three Forks,AN-EVENSON- 152-95-0310H-12,162819.05,Medium,79594.0
33-053-07228-0000,NEWFIELD PRODUCTION COMPANY,2017-07-01,2025-12-01,544336.5421,38107.0,102,98293.28046151002,2017-08-01,Bakken,10193.0,2017-07-24,Frac Sand,Bakken,Bakken,MALM 149-98-11-2-7HLW,291673.06,Medium,522891.0
33-053-07452-0000,QEP ENERGY COMPANY,2016-11-01,2025-12-01,206272.81698,19346.0,108,40473.646310000004,2017-03-01,Three Forks,9766.0,2016-11-08,Sand/Ceramics Mix,Three Forks,Three Forks,TIPI V 2-13-12TH,177783.08,Medium,393467.0
33-053-07635-0000,BURLINGTON RESOURCES OIL & GAS COMPANY LP,2017-07-01,2025-12-01,560959.667,49866.0,99,102725.4214004,2018-02-01,Three Forks,9733.0,2017-07-13,Unknown,Three Forks,Three Forks,REMINGTON  3D UTFH,710996.81,High,223758.0
33-053-07697-0000,NEWFIELD PRODUCTION COMPANY,2016-12-01,2025-12-01,489191.93188,35834.0,109,135177.50606234002,2017-01-01,Bakken,9979.0,2016-12-19,Frac Sand,Bakken,Bakken,HELSINGBORG FEDERAL 153-96-27-22-4H,586561.19,High,134734.0
33-053-07734-0000,OASIS PETROLEUM NORTH AMERICA LLC,2017-11-01,2025-12-01,249849.57899,24002.0,98,76009.60328191001,2017-12-01,Three Forks,9431.0,2017-11-26,Sand/Resin Mix,Three Forks,Three Forks,PATSY 5198 11-5 3TX,256587.95,Medium,884824.0
33-053-07802-0000,BURLINGTON RESOURCES OIL & GAS COMPANY LP,2017-08-01,2025-12-01,751719.3335,34818.0,94,73154.70904130001,2017-09-01,Three Forks,10023.0,2017-08-17,Sand/Ceramics Mix,Three Forks,Three Forks,VEEDER  4B TFH,959190.13,High,280281.0
33-053-07826-0000,"CONTINENTAL RESOURCES, INC.",2017-10-01,2025-12-01,336855.44720000005,45474.0,93,51569.66610017,2018-02-01,Three Forks,13765.0,2017-10-10,Sand/Ceramics Mix,Three Forks,Three Forks,MONROE 10-2H1,362214.13,Medium,608515.0
33-053-05138-0000,HESS CORPORATION,2014-04-01,2025-12-01,288378.57393,20223.0,141,59738.685401270006,2014-04-01,Three Forks,9163.0,2014-04-16,Frac Sand,Three Forks,Three Forks,HA-CHAPIN 152-95-3229H-3,202875.75,Medium,56147.0
33-053-05795-0000,"HESS BAKKEN INVESTMENTS II, LLC",2014-12-01,2025-12-01,226149.68402,31232.0,133,79132.54691467999,2015-01-01,Bakken,9951.0,2014-12-27,Frac Sand,Bakken,Bakken,AN-EVENSON- LW-152-95-1003H-1,333368.31,Medium,33549.0
33-053-06474-0000,TRIANGLE USA PETROLEUM CORPORATION,2015-05-01,2025-12-01,241556.15112,20865.0,125,64814.32939514,2015-06-01,Bakken,10061.0,2015-05-25,Sand/Ceramics Mix,Bakken,Bakken,LEE 151-101-8-5-2H,127468.09,Medium,291324.0
33-053-06594-0000,SM ENERGY COMPANY,2016-06-01,2025-12-01,135345.38012,12860.0,113,38858.8388337,2016-08-01,Three Forks,9517.0,2016-06-27,Frac Sand,Three Forks,Three Forks,STENEHJEM  14X-9HA,174208.64,Medium,255396.0
33-053-03493-0000,BURLINGTON RESOURCES OIL & GAS COMPANY LP,2016-01-01,2025-12-01,664890.7085,26007.0,115,56288.365272309995,2016-07-01,Three Forks,9650.0,2016-01-18,Sand/Ceramics Mix,Three Forks,Three Forks,LOVAAS 7-1-1UTFH,829689.56,High,149696.0
33-053-03785-0000,ENERPLUS RESOURCES USA CORPORATION,2015-02-01,2025-12-01,557327.3873000001,39377.0,130,85001.40052028,2015-03-01,Bakken,10139.0,2015-02-27,Frac Sand,Bakken,Bakken,TAT 150-94-32D-29H,741250.38,High,255249.0
33-053-03786-0000,ENERPLUS RESOURCES USA CORPORATION,2015-02-01,2025-12-01,364793.59995,37379.0,126,53957.64969507,2015-03-01,Three Forks,9614.0,2015-02-28,Frac Sand,Three Forks,Three Forks,ARIKARA 150-94-32D-29H TF,391295.69,Medium,276366.0
33-053-04417-0000,"BRIGHAM OIL & GAS, L.P.",2014-07-01,2025-12-01,295487.00800000003,14369.0,137,38883.928019039995,2014-09-01,Bakken,9615.0,2014-07-09,Sand/Ceramics Mix,Bakken,Bakken,HOVDE 33-4 #3H,374024.44,Medium,242530.0
33-053-04434-0000,LIBERTY RESOURCES LLC,2014-01-01,2025-12-01,102164.64894,5870.0,140,15718.50070534,2014-02-01,Three Forks,8745.0,2014-01-29,Sand/Ceramics/Resin Proppant Mix,Three Forks,Three Forks,LIBERTY FEDERAL 13-36 36-31H TF1,135215.97,Medium,136170.0
33-053-04538-0000,"PETRO-HUNT, L.L.C.",2014-02-01,2025-12-01,569186.9294,42802.0,135,90793.69429272,2014-03-01,Bakken,10873.0,2014-02-28,Sand/Ceramics Mix,Bakken,Bakken,FORT BERTHOLD 152-93-7D-6-1H,668587.38,High,426806.0
33-053-04606-0000,SM ENERGY COMPANY,2014-02-01,2025-12-01,307629.40377,19968.0,141,78016.9637119,2014-03-01,Bakken,10065.0,2014-02-06,Frac Sand,Bakken,Bakken,LUCILLE 1-27H,396170.19,Medium,171021.0
33-053-04622-0000,"CONTINENTAL RESOURCES, INC.",2014-02-01,2025-12-01,376258.03573999996,17571.0,141,85727.79811260001,2014-03-01,Three Forks,9572.0,2014-02-21,Sand/Ceramics Mix,Three Forks,Three Forks,DURHAM 5-2H,472627.44,Medium,272126.0
33-053-04641-0000,SM ENERGY COMPANY,2014-02-01,2025-12-01,274841.71718000004,17935.0,140,60942.65281747,2014-03-01,Three Forks,9982.0,2014-02-04,Frac Sand,Three Forks,Three Forks,KOESER 4X-26H,341493.84,Medium,182259.0
33-053-04736-0000,"CONTINENTAL RESOURCES, INC.",2014-05-01,2025-12-01,166568.85801,16727.0,138,40617.90050315,2014-06-01,Three Forks,9586.0,2014-05-24,Frac Sand,Three Forks,Three Forks,WAHPETON 8-16H1,202242.39,Medium,289000.0
33-053-04825-0000,"ZENERGY, INC",2014-02-01,2025-12-01,226351.82704,3698.0,132,17968.6311675,2014-03-01,Three Forks,9533.0,2014-02-15,Sand/Ceramics Mix,Three Forks,Three Forks,MARTELL 36-25HTF2,329956.06,Medium,449522.0
33-053-04858-0000,SINCLAIR OIL & GAS COMPANY,2014-11-01,2025-12-01,110247.44007,5615.0,121,10860.93006834,2014-11-01,Bakken,8785.0,2014-11-20,Sand/Ceramics Mix,Bakken,Bakken,SAETZ FEDERAL 43-36H,148612.92,Medium,96432.0
33-053-04932-0000,XTO ENERGY INC,2014-06-01,2025-12-01,216384.71095,11131.0,127,28223.844982000002,2014-09-01,Three Forks,9545.0,2014-06-25,Sand/Ceramics Mix,Three Forks,Three Forks,LOOMER 41X-3G,298337.47,Medium,151840.0
33-053-04971-0000,"G3 OPERATING, LLC",2014-03-01,2025-12-01,355788.03185,32226.0,123,35153.38920163,2014-03-01,Three Forks,10348.0,2014-03-08,Sand/Ceramics/Resin Proppant Mix,Three Forks,Three Forks,FORT BERTHOLD 152-94-11B-14-7H,120132.32,Medium,181750.0
33-053-04974-0000,XTO ENERGY INC,2014-01-01,2025-12-01,515954.44502,31500.0,134,76442.47141897,2014-03-01,Three Forks,9314.0,2014-01-07,Sand/Ceramics Mix,Three Forks,Three Forks,MARLENE 42X-20G,530438.75,High,120912.0
33-053-04987-0000,XTO ENERGY INC,2014-03-01,2025-12-01,334070.15619,16298.0,131,65309.730258200005,2014-05-01,Bakken,9411.0,2014-03-27,Sand/Ceramics Mix,Bakken,Bakken,LOOMER 41X-4C,442719.47,Medium,161567.0
33-053-05014-0000,BURLINGTON RESOURCES OIL & GAS COMPANY LP,2014-01-01,2025-12-01,629747.97,23797.0,139,92548.84322298001,2014-06-01,Bakken,9563.0,2014-01-16,Sand/Ceramics Mix,Bakken,Bakken,WASHBURN 41-36MBH,1035884.9,High,108759.0
33-053-05059-0000,"CONTINENTAL RESOURCES, INC.",2014-05-01,2025-12-01,763515.5059,32333.0,131,71705.08977487,2014-10-01,Bakken,9679.0,2014-05-07,Sand/Ceramics Mix,Bakken,Bakken,SALERS 2-27H,911273.88,High,252867.0
33-053-05066-0000,"CONTINENTAL RESOURCES, INC.",2014-03-01,2025-12-01,380104.5385,16147.0,141,66198.78393859998,2014-06-01,Three Forks,9750.0,2014-03-19,Sand/Ceramics Mix,Three Forks,Three Forks,AKRON 6-34H1,247784.58,Medium,244658.0
33-053-05075-0000,XTO ENERGY INC,2014-03-01,2025-12-01,358273.31334,21996.0,137,65572.82079979,2014-05-01,Bakken,10175.0,2014-03-17,Sand/Ceramics Mix,Bakken,Bakken,DUKE 34X-31A,450490.81,Medium,180786.0
33-053-05084-0000,STATOIL OIL & GAS LP,2016-03-01,2025-12-01,564113.611,40579.0,99,107242.2323143,2016-08-01,Bakken,10603.0,2016-03-21,Frac Sand,Bakken,Bakken,SKARSTON 1-12 #5H,702649.38,High,331792.0
33-053-05102-0000,BURLINGTON RESOURCES OIL & GAS COMPANY LP,2014-01-01,2025-12-01,347003.88114,20959.0,134,56984.514333989995,2014-04-01,Three Forks,8036.0,2014-01-18,Sand/Ceramics Mix,Three Forks,Three Forks,BLUE RIDGE 24-31TFH,438583.22,Medium,66780.0
33-053-05133-0000,BURLINGTON RESOURCES OIL & GAS COMPANY LP,2014-02-01,2025-12-01,485233.69301,22366.0,139,40733.908705370006,2014-07-01,Three Forks,9472.0,2014-02-13,Sand/Ceramics Mix,Three Forks,Three Forks,ARCHER 24-25TFH,538105.31,High,91136.0
33-053-05149-0000,"CONTINENTAL RESOURCES, INC.",2015-10-01,2025-12-01,464305.2694,25181.0,121,75655.31357761,2016-01-01,Bakken,10194.0,2015-10-05,Sand/Ceramics Mix,Bakken,Bakken,KUHN FEDERAL 5-12H,584501.81,High,254891.0
33-053-05165-0000,BURLINGTON RESOURCES OIL & GAS COMPANY LP,2014-05-01,2025-12-01,547206.3335,25285.0,128,62710.0076775,2014-10-01,Bakken,9630.0,2014-05-28,Sand/Ceramics Mix,Bakken,Bakken,BIG BEND 21-2MBH,978981.88,High,96858.0
33-053-05173-0000,XTO ENERGY INC,2014-07-01,2025-12-01,257072.416,18563.0,124,28816.67738701,2014-11-01,Three Forks,9230.0,2014-07-30,Sand/Ceramics Mix,Three Forks,Three Forks,RITA 24X-34E,128016.02,Medium,158877.0
33-053-05181-0000,QEP ENERGY COMPANY,2014-04-01,2025-12-01,279103.72384,18706.0,141,28645.47097181,2014-04-01,Bakken,9848.0,2014-04-08,Sand/Ceramics/Resin Proppant Mix,Bakken,Bakken,TAT 4-35-26BH,332102.88,Medium,109224.0
33-053-05189-0000,BURLINGTON RESOURCES OIL & GAS COMPANY LP,2014-03-01,2025-12-01,365214.24997999996,24858.0,136,72211.8989671,2014-07-01,Bakken,9376.0,2014-03-15,Sand/Ceramics Mix,Bakken,Bakken,CRATER LAKE 31-14MBH,381264.56,Medium,113314.0
33-053-05264-0000,NEWFIELD PRODUCTION COMPANY,2014-05-01,2025-12-01,73970.18122,1605.0,137,12966.59102326,2020-06-01,Bakken,10086.0,2014-05-16,Sand/Ceramics Mix,Bakken,Bakken,HOVLAND 150-99-26-35-2H,137554.28,Medium,7439.0
33-053-05270-0000,XTO ENERGY INC,2014-07-01,2025-12-01,298493.17992,15778.0,136,56713.902791,2014-08-01,Three Forks,10128.0,2014-07-08,Sand/Ceramics Mix,Three Forks,Three Forks,BRODERSON 31X-27G,348904.72,Medium,310794.0
33-053-05272-0000,XTO ENERGY INC,2014-06-01,2025-12-01,290273.92895,15295.0,128,42958.264478670004,2014-08-01,Three Forks,9934.0,2014-06-21,Sand/Ceramics Mix,Three Forks,Three Forks,BRODERSON  31X-27H,372330.81,Medium,200358.0
33-053-05280-0000,NEWFIELD PRODUCTION COMPANY,2014-02-01,2025-12-01,260579.49809,15404.0,142,58319.928152069995,2014-03-01,Three Forks,9032.0,2014-02-27,Sand/Ceramics Mix,Three Forks,Three Forks,ROLFSRUD STATE  152-96-21-16-12H,346218.91,Medium,64409.0
33-053-05281-0000,NEWFIELD PRODUCTION COMPANY,2014-02-01,2025-12-01,264088.49113,17800.0,138,103669.31434011,2014-03-01,Bakken,6828.0,2014-02-27,Sand/Ceramics Mix,Bakken,Bakken,ROLFSRUD STATE  152-96-21-16-2HZ,358350.5,Medium,55485.0
33-053-05284-0000,WHITING OIL AND GAS CORPORATION,2014-02-01,2025-12-01,157355.94600599998,18407.0,133,24792.660836119998,2014-03-01,Bakken,9856.0,2014-02-12,Sand/Ceramics Mix,Bakken,Bakken,CHERRY STATE 31-16H,163682.7,Medium,192943.0
33-053-05290-0000,QEP ENERGY COMPANY,2014-05-01,2025-12-01,549615.41539,32934.0,139,99705.22754150002,2014-05-01,Bakken,9928.0,2014-05-05,Sand/Ceramics Mix,Bakken,Bakken,TAT 4-33-28BH,648425.69,High,219936.0
33-053-05300-0000,"CONTINENTAL RESOURCES, INC.",2014-10-01,2025-12-01,202275.1201,9932.0,134,41524.4100417,2014-12-01,Three Forks,9574.0,2014-10-17,Frac Sand,Three Forks,Three Forks,JERRY 4-8H,250332.72,Medium,380596.0
33-053-05324-0000,"CONTINENTAL RESOURCES, INC.",2014-06-01,2025-12-01,223352.76489999998,4957.0,137,17088.62546811,2014-08-01,Three Forks,9724.0,2014-06-20,Sand/Ceramics Mix,Three Forks,Three Forks,HONOLULU 3-22H3,311800.38,Medium,533284.0
33-053-05344-0000,"CONTINENTAL RESOURCES, INC.",2014-08-01,2025-12-01,139036.6551,11312.0,127,25247.40968252,2014-09-01,Three Forks,4712.0,2014-08-24,Sand/Ceramics Mix,Three Forks,Three Forks,MACK 11-2H1,185784.55,Medium,95583.0
33-053-05358-0000,HESS CORPORATION,2014-05-01,2025-12-01,257759.01698000001,20321.0,140,56012.653424599994,2014-06-01,Three Forks,9743.0,2014-05-24,Frac Sand,Three Forks,Three Forks,HA-LINK- 152-95-3526H-3,328561.88,Medium,60351.0
33-053-05368-0000,TRIANGLE USA PETROLEUM CORPORATION,2014-04-01,2025-12-01,173187.94498,11580.0,130,43967.356522559996,2014-05-01,Bakken,9205.0,2014-04-19,Sand/Ceramics Mix,Bakken,Bakken,GUSTAFSON 148-100-5-8-3H,74720.5,Low,255911.0
33-053-05372-0000,HUNT OIL COMPANY,2014-05-01,2025-12-01,190791.59305999998,8894.0,139,19305.7822094,2014-06-01,Bakken,8230.0,2014-05-15,Frac Sand,Bakken,Bakken,BOWLINE 1-2-11H,240610.09,Medium,244828.0
33-053-05425-0000,SM ENERGY COMPANY,2014-06-01,2025-12-01,373149.4667,18805.0,137,40009.99975812,2014-07-01,Three Forks,9964.0,2014-06-14,Frac Sand,Three Forks,Three Forks,BONNER 9X-12HA,524204.0,High,209803.0
33-053-05428-0000,WHITING OIL AND GAS CORPORATION,2014-12-01,2025-12-01,172016.32986,10360.0,127,13502.13632574,2015-01-01,Bakken,7130.0,2014-12-17,Sand/Ceramics Mix,Bakken,Bakken,FINSAAS 34-9-3H,217007.41,Medium,235655.0
33-053-05432-0000,XTO ENERGY INC,2014-09-01,2025-12-01,349361.11708,27111.0,133,89270.88050850002,2014-09-01,Bakken,9841.0,2014-09-02,Sand/Ceramics Mix,Bakken,Bakken,RUBY STATE FEDERAL 34X-36A,352507.81,Medium,216532.0
33-053-05434-0000,ABRAXAS PETROLEUM CORP.,2014-08-01,2025-12-01,240734.34002,27210.0,131,29473.56441731,2014-09-01,Bakken,9365.0,2014-08-09,Sand/Ceramics Mix,Bakken,Bakken,RAVIN 26-35-7H,127935.69,Medium,150153.0
33-053-05438-0000,OASIS PETROLEUM NORTH AMERICA LLC,2014-06-01,2025-12-01,433673.35111,37323.0,136,69951.80098251,2014-08-01,Bakken,12328.0,2014-06-19,Frac Sand,Bakken,Bakken,BRIER  5200 44-22 7B,182650.09,Medium,359826.0
33-053-05443-0000,"HRC OPERATING, LLC",2016-01-01,2025-12-01,351352.74321,23880.0,109,52067.57780379,2016-02-01,Three Forks,9904.0,2016-01-21,Sand/Ceramics Mix,Three Forks,Three Forks,FORT BERTHOLD 152-93-19D-18-7H,253808.31,Medium,344437.0
33-053-05491-0000,"SHD OIL & GAS, LLC",2015-10-01,2025-12-01,162233.00974,25511.0,105,44249.69523371001,2015-11-01,Bakken,3932.0,2015-10-26,Frac Sand,Bakken,Bakken,HAMMER 12-36H,209559.77,Medium,111934.0
33-053-05492-0000,"SHD OIL & GAS, LLC",2014-06-01,2025-12-01,207360.69206,30038.0,128,55900.233030899995,2014-07-01,Three Forks,4063.0,2014-06-25,Ceramics,Three Forks,Three Forks,THUD 12-36H,218561.39,Medium,186856.0
33-053-05513-0000,OASIS PETROLEUM NORTH AMERICA LLC,2014-07-01,2025-12-01,246648.58484,18478.0,131,54706.75623,2014-09-01,Three Forks,10506.0,2014-07-19,Frac Sand,Three Forks,Three Forks,HAGEN BANKS 5298 #42-31 6T,296310.16,Medium,253022.0
33-053-05517-0000,OASIS PETROLEUM NORTH AMERICA LLC,2014-07-01,2025-12-01,250497.64791,16382.0,129,46938.43369047,2014-08-01,Three Forks,10779.0,2014-07-19,Frac Sand,Three Forks,Three Forks,HAGEN BANKS 5298 #42-31 2T2,289281.16,Medium,268060.0
33-053-05518-0000,BURLINGTON RESOURCES OIL & GAS COMPANY LP,2014-07-01,2025-12-01,425608.75919,20248.0,126,100668.8287268,2015-03-01,Bakken,9447.0,2014-07-28,Sand/Ceramics Mix,Bakken,Bakken,ARCHES 24-35MBH,290040.28,Medium,80792.0
33-053-05519-0000,BURLINGTON RESOURCES OIL & GAS COMPANY LP,2014-08-01,2025-12-01,407168.95732,28074.0,129,63905.183124899995,2014-10-01,Three Forks,9450.0,2014-08-09,Sand/Ceramics Mix,Three Forks,Three Forks,ARCHES 24-35TFH,173862.86,Medium,125162.0
33-053-05521-0000,BURLINGTON RESOURCES OIL & GAS COMPANY LP,2014-07-01,2025-12-01,273254.58706,14436.0,135,40806.58657185,2014-07-01,Three Forks,9934.0,2014-07-09,Sand/Ceramics Mix,Three Forks,Three Forks,DENALI 21-4TFH,346391.19,Medium,90235.0
33-053-05527-0000,QEP ENERGY COMPANY,2014-09-01,2025-12-01,341154.54688000004,23739.0,136,47997.52640841,2014-09-01,Bakken,9912.0,2014-09-10,Frac Sand,Bakken,Bakken,KIRKLAND 4-23-14BH,388924.13,Medium,167364.0
33-053-05546-0000,HESS CORPORATION,2014-09-01,2025-12-01,254414.12524,18312.0,130,41045.17237524,2014-10-01,Bakken,9273.0,2014-09-26,Frac Sand,Bakken,Bakken,BW-KRAETSCH- 149-99-1423H-2,314575.53,Medium,372774.0
33-053-05567-0000,BURLINGTON RESOURCES OIL & GAS COMPANY LP,2016-05-01,2025-12-01,573580.527,24261.0,106,80155.4773706,2016-07-01,Bakken,9692.0,2016-05-28,Frac Sand,Bakken,Bakken,STAFFORD 13-34MBH,834778.06,High,205204.0
33-053-05575-0000,"PETRO-HUNT, L.L.C.",2015-03-01,2025-12-01,180375.7849,15772.0,129,58458.246928,2015-03-01,Three Forks,9222.0,2015-02-15,Sand/Ceramics Mix,Three Forks,Three Forks,BRENNA 152-96-23D-14-2HS,228091.55,Medium,111371.0
33-053-05593-0000,KODIAK OIL & GAS (USA) INC.,2015-03-01,2025-12-01,284919.21605,30216.0,130,65386.44044023,2015-05-01,Bakken,9482.0,2015-03-23,Sand/Ceramics Mix,Bakken,Bakken,KOALA 4-4-28-4H,329895.66,Medium,158159.0
33-053-05594-0000,KODIAK OIL & GAS (USA) INC.,2014-11-01,2025-12-01,305054.18107,18799.0,134,37241.31175384,2014-12-01,Three Forks,6534.0,2014-11-26,Sand/Ceramics Mix,Three Forks,Three Forks,KOALA 4-4-28-3H3,367791.03,Medium,183012.0
33-053-05630-0000,XTO ENERGY INC,2015-06-01,2025-12-01,203417.81854,14008.0,113,59278.72453729,2015-08-01,Bakken,9505.0,2015-06-07,Frac Sand,Bakken,Bakken,GUY FEDERAL 24X-35A,295363.5,Medium,203807.0
33-053-05637-0000,NEWFIELD PRODUCTION COMPANY,2015-01-01,2025-12-01,221155.33921,11542.0,131,48348.97767449,2015-01-01,Three Forks,4455.0,2015-01-14,Sand/Ceramics Mix,Three Forks,Three Forks,SAND CREEK STATE  153-96-16-12H,323007.94,Medium,65848.0
33-053-05645-0000,"CONTINENTAL RESOURCES, INC.",2015-02-01,2025-12-01,476193.86507,24653.0,125,105361.96716007001,2015-05-01,Bakken,10661.0,2015-02-14,Sand/Ceramics Mix,Bakken,Bakken,STEELE FEDERAL  3-24AH,548898.13,High,319316.0
33-053-05661-0000,ENERPLUS RESOURCES USA CORPORATION,2014-11-01,2025-12-01,968781.8238,43490.0,132,234840.87487487,2015-01-01,Three Forks,9304.0,2014-11-07,Sand/Ceramics Mix,Three Forks,Three Forks,SOFTSHELL 152-94-33C-28H TF,1147836.0,High,184111.0
33-053-05715-0000,QEP ENERGY COMPANY,2015-07-01,2025-12-01,112171.60594000001,23849.0,106,11532.07336749,2015-07-01,Three Forks,9776.0,2015-07-07,Sand/Ceramics Mix,Three Forks,Three Forks,TAT 1-35-26TH,130259.98,Medium,130445.0
33-053-05726-0000,STATOIL OIL & GAS LP,2015-04-01,2025-12-01,258537.38603,16068.0,115,45241.85290549,2015-06-01,Bakken,10192.0,2015-04-05,Sand/Ceramics Mix,Bakken,Bakken,MASTON 34-27 #6H,324917.31,Medium,211595.0
33-053-05730-0000,STATOIL OIL & GAS LP,2015-04-01,2025-12-01,303779.04918,19481.0,112,54161.910842660014,2015-07-01,Three Forks,9312.0,2015-04-14,Sand/Ceramics Mix,Three Forks,Three Forks,MASTON 34-27 #3TFH,392018.53,Medium,341620.0
33-053-05736-0000,KODIAK OIL & GAS (USA) INC.,2014-11-01,2025-12-01,206731.50991999998,32807.0,133,40132.73849416999,2014-12-01,Three Forks,8835.0,2014-11-30,Sand/Ceramics Mix,Three Forks,Three Forks,KOALA 4-4-28-4H3,230640.75,Medium,232011.0
33-053-05749-0000,XTO ENERGY INC,2015-03-01,2025-12-01,412564.15603,25242.0,124,41531.052405099996,2015-05-01,Three Forks,9467.0,2015-03-29,Frac Sand,Three Forks,Three Forks,VAN DYKE FEDERAL 44X-19E,506151.97,High,125196.0
33-053-05754-0000,XTO ENERGY INC,2014-11-01,2025-12-01,159635.23203,10983.0,122,42874.17778064,2015-03-01,Three Forks,4434.0,2014-11-27,Sand/Ceramics Mix,Three Forks,Three Forks,GILBERTSON 11X-26F,186359.61,Medium,51830.0
33-053-05774-0000,"EMERALD OIL, INC",2014-07-01,2025-12-01,119108.39597,7034.0,137,15533.997139,2014-07-01,Three Forks,8975.0,2014-07-11,Ceramics,Three Forks,Three Forks,BILLY RAY VALENTINE 2-8-5H,150153.33,Medium,319967.0
33-053-05820-0000,"HESS BAKKEN INVESTMENTS II, LLC",2014-12-01,2025-12-01,190935.10512000002,18010.0,124,23472.653223099995,2014-12-01,Bakken,9758.0,2014-12-01,Frac Sand,Bakken,Bakken,BW-SORENSON- 149-99-1324H-5,258157.03,Medium,291604.0
33-053-05823-0000,XTO ENERGY INC,2014-11-01,2025-12-01,278316.3531,19785.0,120,56579.26831917,2014-12-01,Three Forks,4543.0,2014-11-13,Sand/Ceramics Mix,Three Forks,Three Forks,GILBERTSON  34X-26G,392979.88,Medium,46522.0
33-053-05841-0000,"HESS BAKKEN INVESTMENTS II, LLC",2015-03-01,2025-12-01,194278.89198000001,27222.0,129,30429.528193140002,2015-04-01,Three Forks,8606.0,2015-03-23,Frac Sand,Three Forks,Three Forks,HA-ROLFSRUD- 152-96-1720H-6,84975.273,Low,60440.0
33-053-05877-0000,"EMERALD OIL, INC",2015-03-01,2025-12-01,219534.46193,13166.0,130,37469.78361317,2015-04-01,Three Forks,8955.0,2015-03-19,Ceramics,Three Forks,Three Forks,EXCALIBUR 6-25-36H,283184.47,Medium,401199.0
33-053-05891-0000,"CONTINENTAL RESOURCES, INC.",2014-09-01,2025-12-01,528761.3171,28526.0,132,215047.331392,2014-11-01,Bakken,9348.0,2014-09-24,Sand/Ceramics Mix,Bakken,Bakken,OLSON 3-8H,637614.38,High,226195.0
33-053-05917-0000,"CONTINENTAL RESOURCES, INC.",2014-09-01,2025-12-01,954368.1387,32388.0,132,67172.24451934,2014-10-01,Bakken,9524.0,2014-09-18,Frac Sand,Bakken,Bakken,SALERS FEDERAL 3-27H,252248.83,Medium,347800.0
33-053-05939-0000,XTO ENERGY INC,2015-04-01,2025-12-01,192484.76304,11073.0,115,45890.24112921,2015-07-01,Three Forks,9506.0,2015-04-21,Sand/Ceramics Mix,Three Forks,Three Forks,MCCOY 44X-23H,243036.47,Medium,132998.0
33-053-05949-0000,BURLINGTON RESOURCES OIL & GAS COMPANY LP,2015-03-01,2025-12-01,750199.7042,27664.0,127,226018.86668464,2015-05-01,Bakken,9611.0,2015-03-17,Sand/Ceramics Mix,Bakken,Bakken,SHENANDOAH 44-36MBH ULW,1049117.8,High,111441.0
33-053-05965-0000,NEWFIELD PRODUCTION COMPANY,2014-11-01,2025-12-01,215611.651,15922.0,99,40365.70197496,2014-12-01,Three Forks,9888.0,2014-11-12,Sand/Ceramics Mix,Three Forks,Three Forks,ROLFSRUD STATE 152-96-29-32-11H,146109.45,Medium,61298.0
33-053-05988-0000,"HESS BAKKEN INVESTMENTS II, LLC",2015-10-01,2025-12-01,193637.92997,19138.0,115,33691.70703101,2015-10-01,Three Forks,10021.0,2015-10-05,Sand/Resin Mix,Three Forks,Three Forks,HA-SANFORD- 152-96-1819H-3,270115.41,Medium,173385.0
33-053-05990-0000,"HESS BAKKEN INVESTMENTS II, LLC",2015-10-01,2025-12-01,314735.6742,17507.0,120,33922.8332489,2015-10-01,Three Forks,9405.0,2015-10-10,Sand/Resin Mix,Three Forks,Three Forks,HA-SANFORD- 152-96-1819H-5,534153.0,High,203946.0
33-053-06000-0000,NEWFIELD PRODUCTION COMPANY,2015-03-01,2025-12-01,238312.18481,19465.0,128,33787.45228356001,2015-03-01,Bakken,10755.0,2015-03-08,Frac Sand,Bakken,Bakken,JOHNSON 150-99-34-27-4H,321624.53,Medium,139653.0
33-053-06018-0000,OASIS PETROLEUM NORTH AMERICA LLC,2015-07-01,2025-12-01,227408.95309,14910.0,124,21663.19152533,2015-07-01,Three Forks,9764.0,2015-07-14,Sand/Ceramics Mix,Three Forks,Three Forks,CHALMERS 5300 21-19 5T,276653.31,Medium,437887.0
33-053-06024-0000,OASIS PETROLEUM NORTH AMERICA LLC,2015-05-01,2025-12-01,267993.44995,25784.0,126,44641.11319401,2015-09-01,Bakken,9610.0,2015-05-10,Sand/Ceramics Mix,Bakken,Bakken,CHALMERS 5300 21-19 11B,319207.59,Medium,368258.0
33-053-06060-0000,"HESS BAKKEN INVESTMENTS II, LLC",2015-06-01,2025-12-01,246137.90393,25799.0,126,70423.0719474,2015-06-01,Three Forks,9609.0,2015-06-09,Frac Sand,Three Forks,Three Forks,HA-THOMPSON- 152-95-1720H-9,309449.03,Medium,93036.0
33-053-06062-0000,NEWFIELD PRODUCTION COMPANY,2015-01-01,2025-12-01,254036.73386,25653.0,125,66172.83508404,2015-01-01,Bakken,9893.0,2015-01-02,Sand/Ceramics Mix,Bakken,Bakken,SAND CREEK FEDERAL 153-96-21-28-3H,318355.06,Medium,76076.0
33-053-06065-0000,XTO ENERGY INC,2015-05-01,2025-12-01,273023.54918,16098.0,111,40466.5048301,2015-07-01,Three Forks,9213.0,2015-05-25,Sand/Ceramics Mix,Three Forks,Three Forks,RANGER 21X-18E,367014.38,Medium,198813.0
33-053-06072-0000,BURLINGTON RESOURCES OIL & GAS COMPANY LP,2015-06-01,2025-12-01,245504.80186,14497.0,118,40344.32037915,2015-06-01,Three Forks,9748.0,2015-06-17,Sand/Ceramics Mix,Three Forks,Three Forks,HAMMERHEAD 11-26TFH,314041.06,Medium,267383.0
33-053-06076-0000,BURLINGTON RESOURCES OIL & GAS COMPANY LP,2015-05-01,2025-12-01,236072.11095,15127.0,114,45896.99976644,2015-10-01,Three Forks,9252.0,2015-05-17,Sand/Ceramics/Resin Proppant Mix,Three Forks,Three Forks,HAMMERHEAD 21-26TFH,308841.63,Medium,267832.0
33-053-06079-0000,ABRAXAS PETROLEUM CORP.,2015-06-01,2025-12-01,283931.91599999997,16294.0,123,48567.0088799,2015-07-01,Bakken,9898.0,2015-06-07,Sand/Ceramics Mix,Bakken,Bakken,JORE FEDERAL 2-11-7H,357203.53,Medium,163278.0
33-053-06094-0000,SM ENERGY COMPANY,2014-12-01,2025-12-01,336376.56896,20089.0,130,43657.6940682,2015-02-01,Bakken,8919.0,2014-12-30,Frac Sand,Bakken,Bakken,JAMES FEDERAL 16-35H,151257.83,Medium,239702.0
33-053-06101-0000,TRIANGLE USA PETROLEUM CORPORATION,2015-05-01,2025-12-01,99294.00494,8302.0,101,15136.070576769998,2015-07-01,Three Forks,9441.0,2015-05-14,Sand/Ceramics Mix,Three Forks,Three Forks,SIMPSON 151-102-5-8-10TFH,121394.83,Medium,377079.0
33-053-06112-0000,"HESS BAKKEN INVESTMENTS II, LLC",2014-11-01,2025-12-01,202636.37297,17349.0,130,25031.77100581,2014-11-01,Bakken,10364.0,2014-11-11,Frac Sand,Bakken,Bakken,BW-NORGARD- 149-100-1102H-4,264942.41,Medium,89321.0
33-053-06118-0000,"HESS BAKKEN INVESTMENTS II, LLC",2015-04-01,2025-12-01,799929.1532999999,27891.0,125,126083.42969976997,2015-04-01,Bakken,10282.0,2015-04-11,Frac Sand,Bakken,Bakken,BB-BELQUIST- 150-95-1110H-8,1629291.0,High,175488.0
33-053-06121-0000,"CONTINENTAL RESOURCES, INC.",2015-01-01,2025-12-01,529372.2541499999,24944.0,116,47988.4910047,2015-05-01,Bakken,10531.0,2015-01-20,Sand/Ceramics Mix,Bakken,Bakken,QUALE FEDERAL  2-1H,165165.14,Medium,200709.0
33-053-06127-0000,NEWFIELD PRODUCTION COMPANY,2015-05-01,2025-12-01,131634.22805,9465.0,104,47787.438337349995,2015-05-01,Three Forks,4766.0,2015-05-07,Frac Sand,Three Forks,Three Forks,SKAAR FEDERAL 153-96-29-10H,207040.58,Medium,100995.0
33-053-06129-0000,OASIS PETROLEUM NORTH AMERICA LLC,2015-05-01,2025-12-01,257378.41895999998,19735.0,126,31393.2657866,2015-05-01,Three Forks,9296.0,2015-05-03,Sand/Resin Mix,Three Forks,Three Forks,WADE FEDERAL 5300 21-30 12T,310449.41,Medium,573086.0
33-053-06153-0000,BURLINGTON RESOURCES OIL & GAS COMPANY LP,2015-06-01,2025-12-01,370121.0658,16769.0,112,59688.35564034,2015-10-01,Three Forks,9291.0,2015-06-22,Sand/Ceramics/Resin Proppant Mix,Three Forks,Three Forks,TETONORMAN 1-1-3UTFH ULW,170425.55,Medium,99536.0
33-053-06187-0000,"HESS BAKKEN INVESTMENTS II, LLC",2015-01-01,2025-12-01,187633.38095,18302.0,131,26822.89462104,2015-01-01,Bakken,9660.0,2015-01-09,Frac Sand,Bakken,Bakken,BW-HAGEN- 149-100-1522H-3,237199.97,Medium,111353.0
33-053-06196-0000,"HESS BAKKEN INVESTMENTS II, LLC",2015-07-01,2025-12-01,210310.94301,24670.0,125,41937.96667858001,2015-08-01,Bakken,10177.0,2015-07-29,Frac Sand,Bakken,Bakken,BB-CHAPIN A- 151-95-0403H-9,248093.94,Medium,57057.0
33-053-06220-0000,MARATHON OIL COMPANY,2015-06-01,2025-12-01,688487.245,35173.0,119,64011.842935190005,2015-07-01,Bakken,12751.0,2015-06-24,Sand/Ceramics Mix,Bakken,Bakken,DOLL USA 12-14H,900328.31,High,140015.0
33-053-06267-0000,"HESS BAKKEN INVESTMENTS II, LLC",2015-06-01,2025-12-01,446704.8534,30337.0,125,121516.03540796999,2015-07-01,Three Forks,9796.0,2015-06-19,Sand/Ceramics Mix,Three Forks,Three Forks,HA-THOMPSON- 152-95-1720H-11,635513.0,High,81242.0
33-053-06282-0000,BURLINGTON RESOURCES OIL & GAS COMPANY LP,2015-08-01,2025-12-01,212202.169,14462.0,112,30236.85895629,2015-08-01,Three Forks,9906.0,2015-08-02,Sand/Ceramics Mix,Three Forks,Three Forks,KINGS CANYON 6-1-27MTFH,287737.41,Medium,142378.0
33-053-06310-0000,OASIS PETROLEUM NORTH AMERICA LLC,2015-12-01,2025-12-01,328641.12689,31122.0,119,77715.00052982001,2016-03-01,Three Forks,12296.0,2015-12-05,Sand/Ceramics/Resin Proppant Mix,Three Forks,Three Forks,BRIER 5200 43-22 12T,364769.53,Medium,663576.0
33-053-06313-0000,OASIS PETROLEUM NORTH AMERICA LLC,2015-11-01,2025-12-01,338764.79902000003,29612.0,119,63329.71984155,2015-12-01,Three Forks,12252.0,2015-11-18,Sand/Ceramics/Resin Proppant Mix,Three Forks,Three Forks,BRIER 5200 42-22 9T,371379.34,Medium,659307.0
33-053-06371-0000,STATOIL OIL & GAS LP,2016-07-01,2025-12-01,301325.64792,17910.0,98,91659.74012189999,2017-03-01,Three Forks,10039.0,2016-07-02,Frac Sand,Three Forks,Three Forks,RICHARD 8-5 #8TFH,391317.66,Medium,335767.0
33-053-06405-0000,BURLINGTON RESOURCES OIL & GAS COMPANY LP,2015-12-01,2025-12-01,427071.8983,18197.0,115,50906.64906024999,2016-04-01,Bakken,9260.0,2015-12-02,Sand/Ceramics Mix,Bakken,Bakken,MORGAN 24-21MBH,647888.88,High,87972.0
33-053-06406-0000,"CONTINENTAL RESOURCES, INC.",2017-12-01,2025-12-01,495115.51739,41967.0,97,133474.607028,2018-01-01,Bakken,9635.0,2017-12-03,Frac Sand,Bakken,Bakken,CHICAGO 7-26H,546399.06,High,366411.0
33-053-06410-0000,"CONTINENTAL RESOURCES, INC.",2015-04-01,2025-12-01,395216.17494,24590.0,125,113284.88188140001,2015-12-01,Bakken,10683.0,2015-04-07,Sand/Ceramics Mix,Bakken,Bakken,BAILEY 7-24XH,319522.44,Medium,178152.0
33-053-06423-0000,BURLINGTON RESOURCES OIL & GAS COMPANY LP,2015-11-01,2025-12-01,453129.3778,17935.0,117,60806.381249599995,2016-08-01,Bakken,9435.0,2015-11-19,Sand/Ceramics Mix,Bakken,Bakken,KIRKLAND 41-28MBH,582432.25,High,98392.0
33-053-06460-0000,XTO ENERGY INC,2015-09-01,2025-12-01,141808.23906,10025.0,121,11912.3301372,2015-12-01,Three Forks,10122.0,2015-09-26,Sand/Ceramics Mix,Three Forks,Three Forks,ECKERT 41X-6H,185890.44,Medium,306524.0
33-053-06464-0000,XTO ENERGY INC,2015-08-01,2025-12-01,218352.69295,7724.0,123,23328.530055970004,2016-01-01,Bakken,10320.0,2015-08-30,Sand/Ceramics Mix,Bakken,Bakken,ECKERT 41X-6DXA,305832.59,Medium,250440.0
33-053-06504-0000,"HESS BAKKEN INVESTMENTS II, LLC",2015-04-01,2025-12-01,392176.4246,25268.0,122,64714.37707323999,2015-04-01,Bakken,9567.0,2015-04-14,Frac Sand,Bakken,Bakken,BB-SIVERTSON- LN-151-95-1719H-1,215937.03,Medium,65918.0
33-053-06509-0000,"HESS BAKKEN INVESTMENTS II, LLC",2015-08-01,2025-12-01,338069.88195,36921.0,123,35048.15751981,2015-08-01,Bakken,9940.0,2015-08-09,Frac Sand,Bakken,Bakken,BB-OLE ANDERSON- 151-95-3130H-8,349101.03,Medium,39394.0
33-053-06521-0000,MARATHON OIL COMPANY,2017-12-01,2025-12-01,365410.65893000003,67920.0,95,89943.40495930002,2018-01-01,Three Forks,9839.0,2017-12-19,Sand/Ceramics Mix,Three Forks,Three Forks,ROUGH COULEE USA 24-22TFH,406151.22,Medium,313257.0
33-053-06529-0000,"CONTINENTAL RESOURCES, INC.",2017-12-01,2025-12-01,329020.58392999996,42448.0,96,110149.55118969998,2018-02-01,Three Forks,9526.0,2017-12-30,Frac Sand,Three Forks,Three Forks,CHICAGO 6-26H1,323436.44,Medium,332945.0
33-053-06562-0000,XTO ENERGY INC,2015-08-01,2025-12-01,415540.21901,26345.0,119,122713.06302792,2015-09-01,Bakken,9149.0,2015-08-10,Frac Sand,Bakken,Bakken,THOMPSON 44X-20A,495460.53,Medium,93135.0
33-053-06590-0000,"CONTINENTAL RESOURCES, INC.",2017-10-01,2025-12-01,334028.28145999997,30302.0,94,111068.94366019999,2018-04-01,Bakken,13381.0,2017-08-16,Sand/Ceramics Mix,Bakken,Bakken,MONROE 8-2H,424503.13,Medium,429662.0
33-053-06593-0000,XTO ENERGY INC,2016-02-01,2025-12-01,336118.22302000003,19818.0,113,58261.93357849999,2016-03-01,Bakken,9663.0,2016-02-13,Frac Sand,Bakken,Bakken,TOBACCO GARDEN 11X-17B,426281.22,Medium,178595.0
33-053-06599-0000,BURLINGTON RESOURCES OIL & GAS COMPANY LP,2016-08-01,2025-12-01,363882.39005,23369.0,106,41178.47792061,2017-03-01,Bakken,9613.0,2016-08-28,Frac Sand,Bakken,Bakken,JEROME 21-15MBH,425881.19,Medium,182105.0
33-053-06616-0000,"CONTINENTAL RESOURCES, INC.",2017-02-01,2025-12-01,271899.65488,25314.0,93,49508.617716939996,2017-05-01,Bakken,7388.0,2017-04-13,Frac Sand,Bakken,Bakken,HENDRICKSON FEDERAL 4-36H,312920.56,Medium,191138.0
33-053-06617-0000,"CONTINENTAL RESOURCES, INC.",2017-02-01,2025-12-01,311525.20397000003,20730.0,104,49119.54414812,2017-05-01,Three Forks,7511.0,2017-02-27,Frac Sand,Three Forks,Three Forks,HENDRICKSON FEDERAL 5-36H1,396878.56,Medium,307866.0
33-053-06622-0000,"CONTINENTAL RESOURCES, INC.",2017-04-01,2025-12-01,753910.24486,34149.0,99,148817.93782000002,2018-01-01,Bakken,12293.0,2017-04-22,Frac Sand,Bakken,Bakken,HOLSTEIN FEDERAL 12-25H,812486.0,High,558141.0
33-053-06623-0000,"CONTINENTAL RESOURCES, INC.",2017-04-01,2025-12-01,553862.05326,28424.0,101,55163.521019579995,2018-12-01,Three Forks,12533.0,2017-04-29,Frac Sand,Three Forks,Three Forks,HOLSTEIN FEDERAL 11-25H2,602959.31,High,754090.0
33-053-06641-0000,"HESS BAKKEN INVESTMENTS II, LLC",2016-07-01,2025-12-01,277903.64899,29717.0,114,132993.21927002998,2016-08-01,Bakken,9671.0,2016-07-22,Frac Sand,Bakken,Bakken,HA-SANFORD- 152-96-1819H-7,330119.72,Medium,105908.0
33-053-06664-0000,"HESS BAKKEN INVESTMENTS II, LLC",2017-01-01,2025-12-01,486845.0298,37083.0,107,64685.40843160001,2017-02-01,Bakken,9726.0,2017-01-10,Frac Sand,Bakken,Bakken,BB-EIDE- LE-151-95-3328H-1,605999.81,High,121702.0
33-053-06666-0000,"MISSOURI RIVER RESOURCES ND, LLC",2015-06-01,2025-12-01,236833.36689,19158.0,126,33993.86464696,2015-07-01,Bakken,4299.0,2015-06-27,Sand/Ceramics Mix,Bakken,Bakken,MANDAN 3W-1H-BK,300010.69,Medium,118898.0
33-053-06712-0000,WHITING OIL AND GAS CORPORATION,2015-10-01,2025-12-01,269710.62697,34817.0,117,153313.49263857998,2015-12-01,Bakken,10887.0,2015-10-15,Sand/Ceramics Mix,Bakken,Bakken,FLATLAND FEDERAL 11-4-2H,542879.13,High,90167.0
33-053-06713-0000,WHITING OIL AND GAS CORPORATION,2015-10-01,2025-12-01,391612.26884000003,36171.0,115,170392.723924,2015-12-01,Three Forks,11011.0,2015-10-18,Sand/Ceramics Mix,Three Forks,Three Forks,FLATLAND FEDERAL 11-4-2TFH,480672.03,Medium,91868.0
33-053-06717-0000,QEP ENERGY COMPANY,2016-02-01,2025-12-01,285887.76603,30954.0,119,98586.4965125,2016-07-01,Bakken,10129.0,2016-02-27,Sand/Resin Mix,Bakken,Bakken,STATE 8-25-24BH,300197.47,Medium,284082.0
33-053-06723-0000,XTO ENERGY INC,2016-01-01,2025-12-01,371484.8154,21316.0,112,68274.94053200001,2016-03-01,Bakken,4200.0,2016-01-22,Sand/Resin Mix,Bakken,Bakken,STATE 11X-16MB4,508843.34,High,64630.0
33-053-06736-0000,NEWFIELD PRODUCTION COMPANY,2015-10-01,2025-12-01,325369.0871,18263.0,119,46470.961196899996,2015-11-01,Bakken,10077.0,2015-10-14,Frac Sand,Bakken,Bakken,SKAAR FEDERAL 153-96-28-21-5H,349170.75,Medium,130283.0
33-053-06769-0000,XTO ENERGY INC,2015-12-01,2025-12-01,326679.47542000003,23656.0,120,67308.49687490001,2016-05-01,Bakken,9522.0,2015-12-22,Frac Sand,Bakken,Bakken,KLAMM 34X-9D,426350.84,Medium,191276.0
33-053-06791-0000,XTO ENERGY INC,2015-12-01,2025-12-01,225932.8819,15935.0,113,47837.165987570006,2016-03-01,Three Forks,9607.0,2015-12-29,Sand/Ceramics Mix,Three Forks,Three Forks,SORENSON 31X-28G,290173.88,Medium,220205.0
33-053-06843-0000,QEP ENERGY COMPANY,2015-11-01,2025-12-01,317401.96103999997,27755.0,121,77229.8990695,2016-03-01,Bakken,9992.0,2015-11-16,Sand/Resin Mix,Bakken,Bakken,HENDERSON 36-25-35-26BH,361904.06,Medium,240248.0
33-053-06870-0000,SM ENERGY COMPANY,2016-06-01,2025-12-01,445510.6786,15852.0,114,70837.86750467001,2016-06-01,Three Forks,10105.0,2016-06-02,Frac Sand,Three Forks,Three Forks,RICH 1X-16HA,721634.19,High,374582.0
33-053-06902-0000,XTO ENERGY INC,2016-03-01,2025-12-01,202504.20511,11293.0,107,35256.369207350006,2017-05-01,Three Forks,9239.0,2016-03-30,Sand/Resin Mix,Three Forks,Three Forks,RYAN 14X-9E,269160.81,Medium,453208.0
33-053-06939-0000,XTO ENERGY INC,2016-11-01,2025-12-01,256616.62715999997,16156.0,109,83033.2244335,2016-11-01,Bakken,9396.0,2016-11-10,Frac Sand,Bakken,Bakken,HARLEY FEDERAL 24X-15B,340138.78,Medium,125696.0
33-053-06952-0000,XTO ENERGY INC,2015-11-01,2025-12-01,272030.13887,14320.0,121,54227.6704188,2016-03-01,Bakken,9576.0,2015-11-29,Frac Sand,Bakken,Bakken,SORENSON 31X-28D,189646.78,Medium,153328.0
33-053-06984-0000,OASIS PETROLEUM NORTH AMERICA LLC,2016-07-01,2025-12-01,196991.60209,25820.0,108,65369.6626978,2016-09-01,Three Forks,9520.0,2016-07-13,Sand/Resin Mix,Three Forks,Three Forks,JOHNSRUD  5198 14-18 13T,178472.47,Medium,458731.0
33-053-07037-0000,OASIS PETROLEUM NORTH AMERICA LLC,2016-09-01,2025-12-01,367280.07808999997,39398.0,110,124433.70151191,2016-10-01,Bakken,9503.0,2016-09-22,Sand/Resin Mix,Bakken,Bakken,ROLFSON N  5198 12-17 6B,373264.31,Medium,330256.0
33-053-07073-0000,QEP ENERGY COMPANY,2017-02-01,2025-12-01,225587.33997,25821.0,107,26092.99582369,2017-03-01,Bakken,9768.0,2017-02-19,Frac Sand,Bakken,Bakken,FOREMAN 4-2-1BHR,262623.0,Medium,156515.0
33-053-07096-0000,OASIS PETROLEUM NORTH AMERICA LLC,2016-08-01,2025-12-01,343057.18789,30273.0,107,81027.85562727,2016-09-01,Three Forks,9530.0,2016-08-16,Sand/Ceramics Mix,Three Forks,Three Forks,ROLFSON N  5198 11-17 3T,362666.0,Medium,429633.0
33-053-07121-0000,OASIS PETROLEUM NORTH AMERICA LLC,2017-07-01,2025-12-01,203835.64200300002,26168.0,98,60092.9768345,2017-10-01,Three Forks,9393.0,2017-07-31,Sand/Resin Mix,Three Forks,Three Forks,LAWLAR N 5199 44-23 10T,201532.52,Medium,360535.0
33-053-07154-0000,WHITING OIL AND GAS CORPORATION,2016-09-01,2025-12-01,349188.02394,52588.0,109,126946.32510403999,2016-10-01,Three Forks,9200.0,2016-09-29,Sand/Ceramics Mix,Three Forks,Three Forks,ROLLA FEDERAL 21-3-2TFH,393273.56,Medium,128585.0
33-053-07173-0000,"HESS BAKKEN INVESTMENTS II, LLC",2017-04-01,2025-12-01,272438.18895,23866.0,105,58888.7556546,2017-05-01,Three Forks,9552.0,2017-04-18,Frac Sand,Three Forks,Three Forks,HA-STATE- 152-95-1621H-7,209495.78,Medium,165174.0
33-053-07217-0000,"CONTINENTAL RESOURCES, INC.",2017-01-01,2025-12-01,584340.4978,39210.0,108,121846.53437267001,2017-04-01,Bakken,10141.0,2017-01-19,Sand/Ceramics Mix,Bakken,Bakken,CHARLOTTE 7X-22H,741909.31,High,483302.0
33-053-07229-0000,NEWFIELD PRODUCTION COMPANY,2017-07-01,2025-12-01,438285.55494,36980.0,101,77256.52074283999,2017-08-01,Bakken,10062.0,2017-07-15,Frac Sand,Bakken,Bakken,MALM 149-98-11-2-6H,293676.19,Medium,421435.0
33-053-07247-0000,OASIS PETROLEUM NORTH AMERICA LLC,2016-06-01,2025-12-01,592894.3248000001,32532.0,114,169518.95521509997,2016-12-01,Bakken,8945.0,2016-06-05,Sand/Resin Mix,Bakken,Bakken,JOHNSRUD FEDERAL 5198 11-18 3BX,718470.81,High,677332.0
33-053-07259-0000,"WPX ENERGY WILLISTON, LLC",2017-07-01,2025-12-01,488169.0962,47054.0,97,73417.28257067,2017-08-01,Bakken,9736.0,2017-07-26,Frac Sand,Bakken,Bakken,RACHEL WOLF  27-34HC,652604.56,High,318831.0
33-053-07267-0000,OASIS PETROLEUM NORTH AMERICA LLC,2016-10-01,2025-12-01,439290.65882,51172.0,110,143748.8906595,2016-12-01,Bakken,9348.0,2016-10-31,Sand/Resin Mix,Bakken,Bakken,ROLFSON S 5198 11-29 3BX,608438.25,High,549154.0
33-053-07283-0000,"CONTINENTAL RESOURCES, INC.",2016-10-01,2025-12-01,170337.67398999998,20742.0,106,88758.0497288,2017-01-01,Three Forks,8989.0,2016-10-03,Sand/Ceramics Mix,Three Forks,Three Forks,NORFOLK 10-1H1,178827.39,Medium,511770.0
33-053-07287-0000,NEWFIELD PRODUCTION COMPANY,2016-02-01,2025-12-01,306581.69986,33274.0,119,86563.05029127,2016-03-01,Bakken,4872.0,2016-02-17,Frac Sand,Bakken,Bakken,SKAAR FEDERAL 153-96-30-3H,398060.31,Medium,61011.0
33-053-07291-0000,WHITING OIL AND GAS CORPORATION,2016-07-01,2025-12-01,267339.77781,12912.0,114,17122.164208180002,2016-09-01,Bakken,9050.0,2016-07-15,Sand/Ceramics Mix,Bakken,Bakken,GULLIKSON 14-35H,334268.38,Medium,611113.0
33-053-07313-0000,QEP ENERGY COMPANY,2016-09-01,2025-12-01,218227.02784,20773.0,111,65624.76705397,2016-11-01,Three Forks,9186.0,2016-09-22,Frac Sand,Three Forks,Three Forks,KDM 2-7-6T3HD,257200.77,Medium,242975.0
33-053-07328-0000,QEP ENERGY COMPANY,2016-10-01,2025-12-01,304866.99107,24660.0,109,81760.72458961999,2017-01-01,Three Forks,9922.0,2016-10-11,Frac Sand,Three Forks,Three Forks,KDM 1-7-6T2HD,376059.81,Medium,215908.0
33-053-07403-0000,WHITING OIL AND GAS CORPORATION,2017-01-01,2025-12-01,248148.21993,21017.0,108,89923.92478119,2017-03-01,Three Forks,9118.0,2017-01-20,Sand/Ceramics Mix,Three Forks,Three Forks,KOALA 44-31-3TFH,309077.34,Medium,371095.0
33-053-07404-0000,WHITING OIL AND GAS CORPORATION,2016-12-01,2025-12-01,314220.20491,36351.0,109,64193.5450207,2017-03-01,Bakken,8838.0,2016-12-22,Sand/Ceramics Mix,Bakken,Bakken,KOALA 44-31H,366316.03,Medium,346283.0
33-053-07417-0000,WHITING OIL AND GAS CORPORATION,2016-09-01,2025-12-01,338597.23394,45814.0,108,179063.71079557005,2016-10-01,Bakken,9639.0,2016-09-13,Sand/Ceramics Mix,Bakken,Bakken,ROLLA FEDERAL 11-3-1H,416055.13,Medium,94987.0
33-053-07433-0000,"CONTINENTAL RESOURCES, INC.",2017-07-01,2025-12-01,603479.6675,32673.0,99,108860.9986158,2017-10-01,Three Forks,15398.0,2017-07-29,Sand/Ceramics Mix,Three Forks,Three Forks,HEREFORD FEDERAL 2-20H1,384571.25,Medium,523422.0
33-053-07506-0000,MARATHON OIL COMPANY,2017-07-01,2025-12-01,388072.87199,42510.0,101,84122.97496546,2017-09-01,Three Forks,9566.0,2017-07-24,Sand/Ceramics Mix,Three Forks,Three Forks,RENO USA 24-9TFH-2B,460884.91,Medium,321471.0
33-053-07530-0000,WHITING OIL AND GAS CORPORATION,2016-10-01,2025-12-01,296718.02924,34538.0,110,113217.334781,2016-11-01,Bakken,8171.0,2016-10-08,Sand/Ceramics Mix,Bakken,Bakken,FLATLAND 43-9-1H,356091.09,Medium,385364.0
33-053-07531-0000,WHITING OIL AND GAS CORPORATION,2016-10-01,2025-12-01,421041.01209,38234.0,110,162639.49653084003,2016-12-01,Bakken,9876.0,2016-10-11,Sand/Ceramics Mix,Bakken,Bakken,FLATLAND 43-9-1XH,488416.06,Medium,578261.0
33-053-07556-0000,"CONTINENTAL RESOURCES, INC.",2017-10-01,2025-12-01,324726.45089,38940.0,92,52171.76363534,2017-12-01,Bakken,10060.0,2017-10-19,Sand/Ceramics Mix,Bakken,Bakken,TARENTAISE FEDERAL 13-19H,234854.28,Medium,131093.0
33-053-07566-0000,"WPX ENERGY WILLISTON, LLC",2017-09-01,2025-12-01,475280.15706,42915.0,96,67628.332704,2017-10-01,Three Forks,9381.0,2017-09-10,Frac Sand,Three Forks,Three Forks,RUBY PARSHALL 31-30HY,152368.0,Medium,278167.0
33-053-07637-0000,"HESS BAKKEN INVESTMENTS II, LLC",2017-07-01,2025-12-01,244322.37675,26176.0,102,46043.28239487,2017-08-01,Three Forks,9800.0,2017-07-15,Sand/Ceramics Mix,Three Forks,Three Forks,HA-GRIMESTAD- 152-95-3031H-7,318007.0,Medium,116437.0
33-053-07675-0000,"HESS BAKKEN INVESTMENTS II, LLC",2017-11-01,2025-12-01,549639.91304,40128.0,98,119103.2384594,2017-11-01,Bakken,9723.0,2017-11-04,Frac Sand,Bakken,Bakken,BB-LARS ROTHIE- 151-95-3229H-8,544915.81,High,77274.0
33-053-07690-0000,"HESS BAKKEN INVESTMENTS II, LLC",2017-10-01,2025-12-01,411214.1304,30619.0,98,97700.61002695,2017-10-01,Bakken,9740.0,2017-10-07,Frac Sand,Bakken,Bakken,AN-DINWOODIE- 153-94-2833H-2,465530.06,Medium,97777.0
33-053-07696-0000,NEWFIELD PRODUCTION COMPANY,2016-12-01,2025-12-01,431762.34750000003,27146.0,95,66295.8641035,2017-01-01,Three Forks,9936.0,2016-12-19,Frac Sand,Three Forks,Three Forks,HELSINGBORG FEDERAL 153-96-27-22-12H,193035.86,Medium,197402.0
33-053-07702-0000,ENERPLUS RESOURCES USA CORPORATION,2017-07-01,2025-12-01,606297.6007000001,38579.0,100,86694.74140900001,2017-08-01,Bakken,8985.0,2017-07-23,Sand/Ceramics Mix,Bakken,Bakken,WASP 150-94-11C-12H,882552.44,High,310932.0
33-053-07711-0000,BURLINGTON RESOURCES OIL & GAS COMPANY LP,2017-09-01,2025-12-01,659004.3846,31822.0,96,62052.20364195,2018-04-01,Three Forks,9702.0,2017-09-03,Sand/Ceramics Mix,Three Forks,Three Forks,LILLIBRIDGE 3B UTFH,835444.94,High,237451.0
33-053-07782-0000,OASIS PETROLEUM NORTH AMERICA LLC,2017-10-01,2025-12-01,341460.81,28944.0,99,139188.7953159,2018-03-01,Bakken,10008.0,2017-10-14,Sand/Resin Mix,Bakken,Bakken,HAGEN BANKS 5198 12-6 9BX,637064.06,High,318459.0
33-053-07814-0000,OASIS PETROLEUM NORTH AMERICA LLC,2017-12-01,2025-12-01,283018.84309,27323.0,97,85320.51103460001,2018-05-01,Bakken,3381.0,2017-11-10,Sand/Resin Mix,Bakken,Bakken,PATSY 5198 12-17 5T,260821.66,Medium,393704.0
33-053-07857-0000,BURLINGTON RESOURCES OIL & GAS COMPANY LP,2017-11-01,2025-12-01,731041.6257,36093.0,93,101592.91488334001,2018-08-01,Bakken,9535.0,2017-11-05,Sand/Ceramics Mix,Bakken,Bakken,CROFF 7-1-2 MBH,302043.63,Medium,226113.0
33-053-07872-0000,XTO ENERGY INC,2017-11-01,2025-12-01,622073.8865,21731.0,86,102294.7285605,2018-03-01,Bakken,14924.0,2017-11-18,Sand/Ceramics/Resin Proppant Mix,Bakken,Bakken,LUNDIN  11X-4AXD,424336.56,Medium,439511.0
33-053-07883-0000,"CONTINENTAL RESOURCES, INC.",2017-11-01,2025-12-01,621544.3931,46510.0,84,164501.3469595,2018-07-01,Bakken,10027.0,2018-02-23,Frac Sand,Bakken,Bakken,VARDON 4-14H,663554.88,High,626232.0
33-053-07944-0000,QEP ENERGY COMPANY,2017-06-01,2025-12-01,278204.26379,24341.0,103,84590.022154,2017-07-01,Bakken,9739.0,2017-06-18,Sand/Resin Mix,Bakken,Bakken,ND LEVANG 5-16-21BHD,368162.66,Medium,93565.0
33-053-07949-0000,BURLINGTON RESOURCES OIL & GAS COMPANY LP,2017-12-01,2025-12-01,617325.8677000001,30197.0,95,115225.74398870001,2018-07-01,Bakken,9890.0,2017-12-13,Unknown,Bakken,Bakken,DEMICKS DODGE  1A MBH-ULW,803048.0,High,218023.0
33-053-07950-0000,BURLINGTON RESOURCES OIL & GAS COMPANY LP,2018-01-01,2025-12-01,455897.9497,25736.0,87,108042.11902884,2018-02-01,Three Forks,9894.0,2017-12-31,Unknown,Three Forks,Three Forks,DODGE  1B TFH,340384.09,Medium,339471.0
33-053-08022-0000,"HESS BAKKEN INVESTMENTS II, LLC",2017-12-01,2025-12-01,512551.0135,34040.0,97,48296.097918969994,2018-01-01,Bakken,9125.0,2017-12-10,Frac Sand,Bakken,Bakken,AN-LONE TREE- 152-95-1207H-3,324529.16,Medium,74207.0
33-053-08108-0000,ABRAXAS PETROLEUM CORP.,2017-12-01,2025-12-01,358767.35902,34494.0,96,100202.88302300002,2018-01-01,Bakken,8899.0,2017-12-10,Frac Sand,Bakken,Bakken,YELLOWSTONE 4HR,370790.78,Medium,347668.0
33-053-04503-0000,"BRIGHAM OIL & GAS, L.P.",2014-01-01,2025-12-01,192258.13003,10756.0,136,18458.624824190003,2014-01-01,Bakken,9286.0,2014-01-08,Sand/Ceramics Mix,Bakken,Bakken,RAYMOND  17-20 6H,233516.34,Medium,284887.0
33-053-04535-0000,"PETRO-HUNT, L.L.C.",2014-03-01,2025-12-01,377667.11699999997,22305.0,138,29318.20653071,2014-03-01,Three Forks,10904.0,2014-03-08,Sand/Ceramics Mix,Three Forks,Three Forks,FORT BERTHOLD 152-93-7D-6-4H,499791.38,Medium,324413.0
33-053-04659-0000,"RESOLUTE NATURAL RESOURCES COMPANY, LLC",2015-06-01,2025-12-01,168965.91404,16527.0,116,37049.96286427,2015-06-01,Bakken,10108.0,2015-06-08,Sand/Ceramics Mix,Bakken,Bakken,HOROVITZ 10-09-1H,216212.7,Medium,200399.0
33-053-04886-0000,OASIS PETROLEUM NORTH AMERICA LLC,2014-11-01,2025-12-01,341774.87693,25003.0,133,57091.88575449999,2014-12-01,Three Forks,9501.0,2014-11-09,Frac Sand,Three Forks,Three Forks,MABEL FEDERAL 5201 41-12T,136638.61,Medium,409104.0
33-053-04887-0000,OASIS PETROLEUM NORTH AMERICA LLC,2014-11-01,2025-12-01,378143.62100000004,34587.0,132,55776.361883,2014-11-01,Bakken,9375.0,2014-11-03,Frac Sand,Bakken,Bakken,JOHN FEDERAL 5201 41-12B,508987.84,High,371678.0
33-053-05023-0000,HESS CORPORATION,2014-06-01,2025-12-01,223053.46395,23003.0,137,36004.71817093,2014-06-01,Bakken,10420.0,2014-06-06,Frac Sand,Bakken,Bakken,BW-ERLER 149-99-1522H-2,285796.16,Medium,188052.0
33-053-05043-0000,STATOIL OIL & GAS LP,2014-07-01,2025-12-01,481215.3064,21416.0,135,76036.30211077,2014-09-01,Bakken,10142.0,2014-07-10,Sand/Ceramics Mix,Bakken,Bakken,BUGS 27-22 #7H,752549.63,High,481384.0
33-053-05081-0000,STATOIL OIL & GAS LP,2016-04-01,2025-12-01,345523.81799999997,29793.0,99,56099.350483689996,2016-10-01,Three Forks,11028.0,2016-04-19,Sand/Ceramics Mix,Three Forks,Three Forks,SKARSTON 1-12 #3TFH,471347.91,Medium,328408.0
33-053-05091-0000,HESS CORPORATION,2014-10-01,2025-12-01,368160.559,23545.0,126,66196.87594771001,2014-11-01,Three Forks,9390.0,2014-10-20,Frac Sand,Three Forks,Three Forks,HA-THOMPSON 152-95-2017H-5,578477.69,High,81059.0
33-053-05095-0000,QEP ENERGY COMPANY,2014-03-01,2025-12-01,330808.79995,24866.0,139,31984.04281397,2014-05-01,Three Forks,10332.0,2014-03-24,Sand/Ceramics/Resin Proppant Mix,Three Forks,Three Forks,POGO 2-28-33TH,355675.31,Medium,110401.0
33-053-05326-0000,BURLINGTON RESOURCES OIL & GAS COMPANY LP,2014-07-01,2025-12-01,398517.03695,22906.0,135,68097.53524349001,2014-10-01,Three Forks,10500.0,2014-07-27,Sand/Ceramics Mix,Three Forks,Three Forks,SEQUOIA 14-9TFH,502990.06,High,113524.0
33-053-05410-0000,"SHD OIL & GAS, LLC",2014-11-01,2025-12-01,258583.90391,14765.0,120,50517.852972,2015-11-01,Three Forks,4446.0,2014-11-19,Ceramics,Three Forks,Three Forks,MATTIE 13-36H,281867.84,Medium,248548.0
33-053-05551-0000,"EMERALD OIL, INC",2014-12-01,2025-12-01,208869.29512999998,16439.0,133,26261.000634789998,2014-12-01,Bakken,9613.0,2014-12-07,Sand/Ceramics Mix,Bakken,Bakken,TALON 5-9-4H,259358.13,Medium,354112.0
33-053-05558-0000,WHITING OIL AND GAS CORPORATION,2014-06-01,2025-12-01,541684.8014,48028.0,136,75054.98807759,2014-06-01,Three Forks,10005.0,2014-06-07,Sand/Ceramics Mix,Three Forks,Three Forks,SKAAR FEDERAL 41-3TFHU,649917.81,High,121111.0
33-053-05565-0000,"CONTINENTAL RESOURCES, INC.",2015-03-01,2025-12-01,407037.16612,20166.0,115,87300.80359206999,2015-05-01,Bakken,9638.0,2015-03-08,Sand/Ceramics Mix,Bakken,Bakken,POLK FEDERAL 2-33H,436003.25,Medium,273862.0
33-053-05731-0000,STATOIL OIL & GAS LP,2015-04-01,2025-12-01,527042.6244999999,28519.0,108,116157.7681295,2015-06-01,Bakken,9506.0,2015-04-10,Sand/Ceramics Mix,Bakken,Bakken,MASTON 34-27 #2H,761316.69,High,433675.0
33-053-06005-0000,"CONTINENTAL RESOURCES, INC.",2017-07-01,2025-12-01,373350.2247,26513.0,95,54498.557069049995,2018-10-01,Three Forks,2381.0,2017-07-30,Sand/Ceramics Mix,Three Forks,Three Forks,WILEY 4-25H2,443640.84,Medium,237253.0
33-053-06011-0000,OASIS PETROLEUM NORTH AMERICA LLC,2014-12-01,2025-12-01,78557.747,10175.0,120,18615.09159042,2015-01-01,Three Forks,9888.0,2014-12-28,Sand/Ceramics Mix,Three Forks,Three Forks,CHALMERS 5301 44-24 4T2R,93810.82,Low,333123.0
33-053-06021-0000,OASIS PETROLEUM NORTH AMERICA LLC,2015-07-01,2025-12-01,199607.02494,17728.0,124,23594.33186017,2015-08-01,Three Forks,9346.0,2015-07-21,Sand/Ceramics Mix,Three Forks,Three Forks,CHALMERS 5300 21-19 8T,244732.31,Medium,322178.0
33-053-06068-0000,XTO ENERGY INC,2015-06-01,2025-12-01,183188.42686,14204.0,126,30003.0572081,2015-08-01,Three Forks,9549.0,2015-06-25,Sand/Ceramics Mix,Three Forks,Three Forks,RANGER 21X-18F,235155.91,Medium,166907.0
33-053-06077-0000,BURLINGTON RESOURCES OIL & GAS COMPANY LP,2015-03-01,2025-12-01,336825.7827,19314.0,120,58627.83371731,2015-10-01,Three Forks,9622.0,2015-03-31,Sand/Ceramics Mix,Three Forks,Three Forks,HAMMERHEAD 41-26TFH,251394.91,Medium,170972.0
33-053-06181-0000,"HESS BAKKEN INVESTMENTS II, LLC",2016-04-01,2025-12-01,232924.34803,14122.0,116,45513.43078771,2016-05-01,Bakken,9998.0,2016-04-13,Frac Sand,Bakken,Bakken,BW-ERLER- 149-99-1522H-4,300808.5,Medium,161401.0
33-053-06294-0000,QEP ENERGY COMPANY,2015-03-01,2025-12-01,477986.8849,25569.0,126,63579.6611727,2015-12-01,Three Forks,9569.0,2015-03-14,Frac Sand,Three Forks,Three Forks,MOBERG 20-21-29-28LL,603587.88,High,246067.0
33-053-06300-0000,BURLINGTON RESOURCES OIL & GAS COMPANY LP,2015-07-01,2025-12-01,317340.65821,15459.0,120,72035.84022162,2015-12-01,Bakken,8943.0,2015-07-22,Sand/Ceramics Mix,Bakken,Bakken,KINGS CANYON 7-8-34MBH,393494.34,Medium,101171.0
33-053-06357-0000,NEWFIELD PRODUCTION COMPANY,2015-05-01,2025-12-01,248252.80199,20180.0,127,46138.856085269996,2015-06-01,Bakken,10070.0,2015-05-20,Frac Sand,Bakken,Bakken,OLSON 152-96-30-31-2H,138508.2,Medium,111237.0
33-053-06393-0000,"SHD OIL & GAS, LLC",2015-11-01,2025-12-01,44198.738996,8056.0,87,14259.45055231,2015-11-01,Bakken,4091.0,2015-11-02,Frac Sand,Bakken,Bakken,AVALANCHE 36-16-MB2,45932.031,Low,51679.0
33-053-06541-0000,XTO ENERGY INC,2017-07-01,2025-12-01,246821.31007,19737.0,97,47606.826619,2017-10-01,Bakken,9707.0,2017-07-16,Frac Sand,Bakken,Bakken,STENEHJEM 31X-28CXD,194495.05,Medium,213961.0
33-053-06651-0000,"EMERALD OIL, INC",2015-07-01,2025-12-01,207676.23841,9774.0,110,33907.005904369995,2015-08-01,Bakken,9840.0,2015-07-22,Ceramics,Bakken,Bakken,CLARK GRISWOLD FEDERAL 3-17-20H,115863.98,Medium,334272.0
33-053-06695-0000,QEP ENERGY COMPANY,2015-10-01,2025-12-01,362157.056,35940.0,123,96464.8427381,2016-02-01,Three Forks,8892.0,2015-10-20,Sand/Resin Mix,Three Forks,Three Forks,BOGGS 29-32-30-31T3HD,470496.19,Medium,247019.0
33-053-06853-0000,XTO ENERGY INC,2016-01-01,2025-12-01,363291.87693,19438.0,119,91660.06010417,2016-03-01,Bakken,9434.0,2016-01-24,Frac Sand,Bakken,Bakken,HOMER 14X-32AXD,441168.28,Medium,231088.0
33-053-06857-0000,WHITING OIL AND GAS CORPORATION,2017-03-01,2025-12-01,279512.59933,26792.0,106,71159.90339669,2017-05-01,Bakken,9698.0,2017-03-13,Sand/Ceramics Mix,Bakken,Bakken,SMOKEY 2-16-21-16HA,365546.03,Medium,292617.0
33-053-06968-0000,"HESS BAKKEN INVESTMENTS II, LLC",2016-09-01,2025-12-01,462742.5995,21478.0,112,118185.13983469999,2016-10-01,Three Forks,9873.0,2016-09-27,Frac Sand,Three Forks,Three Forks,AN-BRENNA- 153-94-3130H-3,590252.81,High,101992.0
33-053-07071-0000,QEP ENERGY COMPANY,2017-02-01,2025-12-01,283270.77203,23931.0,107,41538.362776,2017-03-01,Bakken,9487.0,2017-02-21,Sand/Resin Mix,Bakken,Bakken,FOREMAN 5-2-1BH,372843.66,Medium,193007.0
33-053-07190-0000,XTO ENERGY INC,2017-11-01,2025-12-01,94603.37201,14035.0,88,13015.828008,2018-04-01,Three Forks,9715.0,2017-11-28,Frac Sand,Three Forks,Three Forks,LUND 21X-17E,55770.621,Low,176194.0
33-053-07343-0000,"HRC OPERATING, LLC",2017-09-01,2025-12-01,310229.6254,15462.0,97,52255.728689,2018-02-01,Three Forks,9892.0,2017-09-25,Sand/Ceramics Mix,Three Forks,Three Forks,FORT BERTHOLD 152-94-13B-24-12H,316684.91,Medium,354667.0
33-053-07378-0000,OASIS PETROLEUM NORTH AMERICA LLC,2016-12-01,2025-12-01,398816.84303,42940.0,109,146513.554973,2017-01-01,Bakken,9761.0,2016-12-18,Sand/Resin Mix,Bakken,Bakken,ROLFSON S 5198 43-20 9B,508374.69,High,416183.0
33-053-07394-0000,OASIS PETROLEUM NORTH AMERICA LLC,2017-03-01,2025-12-01,299988.61591,41950.0,94,133757.8414694,2017-07-01,Three Forks,9813.0,2017-03-26,Sand/Resin Mix,Three Forks,Three Forks,FORLAND  5198 41-33 6T,343828.31,Medium,434495.0
33-053-07402-0000,WHITING OIL AND GAS CORPORATION,2017-02-01,2025-12-01,273061.15396,24761.0,107,35154.82588346,2017-02-01,Three Forks,9431.0,2017-02-04,Sand/Ceramics Mix,Three Forks,Three Forks,KOALA 44-31TFH,139119.42,Medium,367692.0
33-053-07578-0000,BURLINGTON RESOURCES OIL & GAS COMPANY LP,2017-05-01,2025-12-01,685038.6739,30681.0,100,142689.40988843,2017-08-01,Three Forks,10745.0,2017-05-30,Sand/Ceramics Mix,Three Forks,Three Forks,BLEGEN RANCH 3D TFH-ULW,575787.25,High,484165.0
33-053-07629-0000,STATOIL OIL & GAS LP,2017-12-01,2025-12-01,288044.907,17394.0,83,37138.39084180001,2019-04-01,Bakken,9122.0,2017-12-11,Sand/Ceramics Mix,Bakken,Bakken,PATENT GATE 7-6 XW #1H,410999.03,Medium,438505.0
33-053-05185-0000,STATOIL OIL & GAS LP,2014-11-01,2025-12-01,324811.32808999997,15866.0,113,56526.55373110001,2015-07-01,Three Forks,10893.0,2014-11-25,Sand/Ceramics Mix,Three Forks,Three Forks,JOHNSTON 7-6 #5TFH,256362.25,Medium,235990.0
33-053-05933-0000,"HESS BAKKEN INVESTMENTS II, LLC",2015-03-01,2025-12-01,295206.2054,22533.0,130,49041.012385810005,2015-03-01,Bakken,10604.0,2015-03-03,Frac Sand,Bakken,Bakken,AN-BRENNA- LE-153-94-3130H-1,407544.13,Medium,28411.0
33-053-06096-0000,SM ENERGY COMPANY,2014-12-01,2025-12-01,210915.27901,12611.0,129,27883.1603467,2015-04-01,Three Forks,9089.0,2014-12-30,Frac Sand,Three Forks,Three Forks,JAMES FEDERAL 16X-35HA,96156.523,Low,254126.0
33-053-06605-0000,QEP ENERGY COMPANY,2015-07-01,2025-12-01,153539.94400999998,13372.0,123,24943.867452899998,2015-07-01,Three Forks,9628.0,2015-07-16,Frac Sand,Three Forks,Three Forks,DAILEY 4-12-13T2H,185238.48,Medium,259956.0
33-053-06744-0000,XTO ENERGY INC,2015-12-01,2025-12-01,293245.93383,13527.0,119,22551.068737090005,2016-06-01,Bakken,9507.0,2015-12-12,Sand/Ceramics Mix,Bakken,Bakken,ROEN 24X-23BXC,386926.5,Medium,369619.0
33-053-06771-0000,XTO ENERGY INC,2016-02-01,2025-12-01,353820.288,21567.0,115,77429.6714925,2016-05-01,Bakken,9779.0,2016-02-23,Frac Sand,Bakken,Bakken,KLAMM 34X-9DXA,474871.81,Medium,169187.0
33-053-07470-0000,BURLINGTON RESOURCES OIL & GAS COMPANY LP,2017-08-01,2025-12-01,597390.5526,26344.0,96,107660.36755624,2017-10-01,Bakken,9642.0,2017-08-16,Unknown,Bakken,Bakken,LASSEN 2-1-26MBH,398663.25,Medium,191025.0
33-053-05147-0000,"CONTINENTAL RESOURCES, INC.",2015-10-01,2025-12-01,355945.5962,20701.0,120,49398.89976099999,2016-01-01,Bakken,10384.0,2015-10-06,Sand/Ceramics Mix,Bakken,Bakken,PATTERSON FEDERAL  5-13H,472531.88,Medium,237430.0
33-053-05666-0000,BURLINGTON RESOURCES OIL & GAS COMPANY LP,2015-01-01,2025-12-01,267055.33629999997,18013.0,126,50384.16666227,2015-06-01,Bakken,9684.0,2015-01-21,Sand/Ceramics Mix,Bakken,Bakken,BULLRUSH 34-10MBH-A,406474.16,Medium,120753.0
33-053-05682-0000,QEP ENERGY COMPANY,2015-02-01,2025-12-01,598178.762,38413.0,131,63292.44494320001,2015-03-01,Bakken,10039.0,2015-02-09,Frac Sand,Bakken,Bakken,JOHNSON 3-9-4BH,755806.56,High,192037.0
33-053-06230-0000,"CONTINENTAL RESOURCES, INC.",2015-03-01,2025-12-01,98732.76499,5150.0,110,16491.87436527,2015-05-01,Three Forks,9287.0,2015-03-27,Sand/Ceramics Mix,Three Forks,Three Forks,FRISCO 2-31H1,106795.03,Medium,374385.0
33-053-03837-0000,"CONTINENTAL RESOURCES, INC.",2014-02-01,2025-12-01,360253.94512,23738.0,131,66072.92140270001,2014-03-01,Bakken,9653.0,2014-02-12,Sand/Ceramics Mix,Bakken,Bakken,POLK 1-33H,408349.81,Medium,211685.0
33-053-04029-0000,WHITING OIL AND GAS CORPORATION,2015-02-01,2025-12-01,261365.86713,30131.0,104,97405.9183758,2015-06-01,Bakken,8936.0,2015-02-14,Sand/Ceramics Mix,Bakken,Bakken,TARPON FEDERAL 44-19-2RH,367215.56,Medium,160744.0
33-053-04379-0000,"CONTINENTAL RESOURCES, INC.",2014-10-01,2025-12-01,431637.83905,24581.0,134,84946.28958297998,2015-01-01,Bakken,9490.0,2014-10-07,Ceramics,Bakken,Bakken,ROCHESTER 4-24H,496552.78,Medium,298122.0
33-053-04442-0000,TRIANGLE USA PETROLEUM CORPORATION,2014-06-01,2025-12-01,261310.80404000002,18230.0,135,27939.96891137,2014-07-01,Bakken,9411.0,2014-06-26,Sand/Ceramics Mix,Bakken,Bakken,MONSON 152-102-35-26-1H,303461.38,Medium,374192.0
33-053-04475-0000,"PETRO-HUNT, L.L.C.",2014-01-01,2025-12-01,357797.04806,18375.0,143,71538.64328300001,2014-01-01,Three Forks,9606.0,2014-01-10,Sand/Ceramics Mix,Three Forks,Three Forks,WISNESS 152-96-33C-28-5H,433974.53,Medium,105038.0
33-053-04506-0000,KODIAK OIL & GAS (USA) INC.,2014-06-01,2025-12-01,326942.87578999996,21236.0,139,32547.3734918,2014-06-01,Bakken,9251.0,2014-06-05,Sand/Ceramics Mix,Bakken,Bakken,KOALA  16-32-29-2H,163738.17,Medium,235359.0
33-053-04585-0000,"BRIGHAM OIL & GAS, L.P.",2014-05-01,2025-12-01,431954.3548,17512.0,132,205526.28269933996,2019-10-01,Bakken,9666.0,2014-06-01,Sand/Ceramics Mix,Bakken,Bakken,BRODERSON 30-31 2H,532084.69,High,581352.0
33-053-04634-0000,"CONTINENTAL RESOURCES, INC.",2014-06-01,2025-12-01,411445.33215000003,19976.0,138,163809.46417760002,2014-10-01,Bakken,9419.0,2014-06-06,Frac Sand,Bakken,Bakken,NORFOLK 4-1H,459141.31,Medium,344934.0
33-053-04786-0000,ENERPLUS RESOURCES USA CORPORATION,2015-11-01,2025-12-01,778551.2923000001,33757.0,118,55539.0785098,2015-12-01,Bakken,9312.0,2015-11-13,Frac Sand,Bakken,Bakken,GRASSY KNOLL 2-11H,1352115.9,High,241803.0
33-053-04805-0000,QEP ENERGY COMPANY,2014-03-01,2025-12-01,352701.0087,13003.0,141,36049.937546999994,2014-06-01,Three Forks,9949.0,2014-03-31,Sand/Ceramics/Resin Proppant Mix,Three Forks,Three Forks,LAWLAR 2-5-8TH,125589.86,Medium,93546.0
33-053-04822-0000,NEWFIELD PRODUCTION COMPANY,2015-01-01,2025-12-01,171316.03602,23966.0,117,45679.27623674,2015-01-01,Bakken,4503.0,2015-01-07,Sand/Ceramics Mix,Bakken,Bakken,SAND CREEK STATE 153-96-16-2H,184968.14,Medium,35853.0
33-053-04823-0000,NEWFIELD PRODUCTION COMPANY,2015-01-01,2025-12-01,231913.14711,17599.0,130,50000.60850877,2015-01-01,Three Forks,4694.0,2015-01-09,Sand/Ceramics Mix,Three Forks,Three Forks,SAND CREEK STATE 153-96-16-10H,338245.13,Medium,59518.0
33-053-04854-0000,"CONTINENTAL RESOURCES, INC.",2014-04-01,2025-12-01,248952.5668,9823.0,129,20965.258814669996,2014-06-01,Bakken,7047.0,2014-04-25,Sand/Ceramics Mix,Bakken,Bakken,TALLAHASSEE 2-16H,369534.31,Medium,252566.0
33-053-04925-0000,KODIAK OIL & GAS (USA) INC.,2015-05-01,2025-12-01,183061.36595,16642.0,124,23750.78451358,2015-06-01,Three Forks,8772.0,2015-05-26,Sand/Ceramics Mix,Three Forks,Three Forks,SMOKEY 4-15-22-13H3,215222.08,Medium,262442.0
33-053-04960-0000,QEP ENERGY COMPANY,2014-06-01,2025-12-01,501796.9462,36111.0,133,77057.3697884,2014-08-01,Bakken,9709.0,2014-06-29,Frac Sand,Bakken,Bakken,JOHNSON 2-4-9BH,619785.88,High,173891.0
33-053-05044-0000,STATOIL OIL & GAS LP,2014-07-01,2025-12-01,307886.03316,18485.0,138,35108.42069105001,2014-09-01,Bakken,9260.0,2014-07-15,Sand/Ceramics Mix,Bakken,Bakken,LLOYD 34-3 #3H,402256.16,Medium,289309.0
33-053-05050-0000,KODIAK OIL & GAS (USA) INC.,2014-02-01,2025-12-01,320963.58905,21353.0,127,73489.65931007001,2014-03-01,Bakken,9737.0,2014-03-01,Sand/Ceramics Mix,Bakken,Bakken,KOALA WOLD 153-97-1-5-9-15H,423653.63,Medium,307107.0
33-053-05085-0000,STATOIL OIL & GAS LP,2016-03-01,2025-12-01,411405.36939999997,32295.0,100,121500.8128191,2016-07-01,Three Forks,10833.0,2016-03-16,Sand/Ceramics Mix,Three Forks,Three Forks,SKARSTON 1-12 #6TFH,609732.44,High,303285.0
33-053-05097-0000,QEP ENERGY COMPANY,2014-03-01,2025-12-01,435944.75320000004,25457.0,140,47625.25746303,2014-04-01,Bakken,9808.0,2014-03-19,Sand/Ceramics Mix,Bakken,Bakken,POGO 1-28-33BH,552563.94,High,93797.0
33-053-05126-0000,"ZENERGY, INC",2014-03-01,2025-12-01,246179.06797,12985.0,140,22666.419906740004,2014-05-01,Bakken,9338.0,2014-03-02,Frac Sand,Bakken,Bakken,KELTER FEDERAL 7-12H3,303632.41,Medium,293463.0
33-053-05132-0000,BURLINGTON RESOURCES OIL & GAS COMPANY LP,2014-02-01,2025-12-01,722655.2831,29979.0,132,89044.5729733,2014-10-01,Bakken,6904.0,2014-02-07,Sand/Ceramics Mix,Bakken,Bakken,ARCHER 24-25MBH,971901.06,High,105885.0
33-053-05148-0000,"CONTINENTAL RESOURCES, INC.",2015-10-01,2025-12-01,358033.22282,19723.0,118,57374.7446663,2015-12-01,Three Forks,10488.0,2015-10-28,Sand/Ceramics Mix,Three Forks,Three Forks,KUHN FEDERAL  4-12H1,400607.13,Medium,234218.0
33-053-05159-0000,TRIANGLE USA PETROLEUM CORPORATION,2014-01-01,2025-12-01,226467.47898,16777.0,133,39862.433077710004,2014-02-01,Bakken,9372.0,2014-01-30,Frac Sand,Bakken,Bakken,SANDERS 150-100-9-10-1H,287293.72,Medium,178593.0
33-053-05166-0000,BURLINGTON RESOURCES OIL & GAS COMPANY LP,2014-06-01,2025-12-01,289144.62988,21872.0,139,32506.4411405,2014-10-01,Three Forks,9525.0,2014-06-06,Sand/Ceramics Mix,Three Forks,Three Forks,BIG BEND 21-2TFH,369197.72,Medium,84397.0
33-053-05190-0000,BURLINGTON RESOURCES OIL & GAS COMPANY LP,2014-03-01,2025-12-01,312189.52306,23914.0,135,45459.75981631,2014-07-01,Three Forks,9554.0,2014-03-23,Sand/Ceramics Mix,Three Forks,Three Forks,CRATER LAKE 41-14TFH,333780.28,Medium,120118.0
33-053-05243-0000,QEP ENERGY COMPANY,2014-06-01,2025-12-01,256886.14396999998,20661.0,138,26044.4826111,2014-06-01,Three Forks,9905.0,2014-06-05,Sand/Ceramics Mix,Three Forks,Three Forks,VEEDER 2-27-34TH,323906.75,Medium,101529.0
33-053-05258-0000,"ZENERGY, INC",2014-02-01,2025-12-01,185415.79089,8154.0,125,15504.32812834,2014-03-01,Bakken,9688.0,2014-02-19,Sand/Ceramics Mix,Bakken,Bakken,PRAIRIE USA FEDERAL 1-12H,44317.32,Low,238125.0
33-053-05266-0000,NEWFIELD PRODUCTION COMPANY,2014-05-01,2025-12-01,250266.67794999998,11324.0,140,33763.243656080005,2014-06-01,Bakken,10207.0,2014-05-16,Sand/Ceramics Mix,Bakken,Bakken,HOVLAND 150-99-26-35-4H,341396.19,Medium,140304.0
33-053-05307-0000,WHITING OIL AND GAS CORPORATION,2014-04-01,2025-12-01,250909.61591,18853.0,141,40248.37395292001,2014-04-01,Bakken,9472.0,2014-04-04,Sand/Ceramics Mix,Bakken,Bakken,BRATCHER 14-36H,326694.09,Medium,310588.0
33-053-05333-0000,ENERPLUS RESOURCES USA CORPORATION,2014-09-01,2025-12-01,770455.2771000001,44387.0,132,115208.955502,2014-10-01,Three Forks,13961.0,2014-09-23,Sand/Ceramics Mix,Three Forks,Three Forks,PRIDE 150-94-06A-18H TF,1091842.0,High,302396.0
33-053-05380-0000,"EMERALD OIL, INC",2014-04-01,2025-12-01,208474.45712,19826.0,139,29014.014255700004,2014-05-01,Bakken,9621.0,2014-05-02,Ceramics,Bakken,Bakken,PIRATE  4-2-11H,248438.05,Medium,458325.0
33-053-05393-0000,"EOG RESOURCES, INC.",2014-09-01,2025-12-01,202263.47901,31717.0,118,43938.29928514,2014-10-01,Bakken,4219.0,2014-09-21,Frac Sand,Bakken,Bakken,MANDAREE 110-05H,244528.55,Medium,125133.0
33-053-05401-0000,HESS CORPORATION,2014-08-01,2025-12-01,659803.5318,25430.0,126,117058.08084221,2014-10-01,Bakken,9667.0,2014-08-27,Frac Sand,Bakken,Bakken,BB-BELQUIST- 150-95-1110H-6,1324030.6,High,164184.0
33-053-05409-0000,"SHD OIL & GAS, LLC",2014-11-01,2025-12-01,203072.02203,20233.0,110,38122.46897546,2014-11-01,Bakken,4467.0,2014-11-05,Ceramics,Bakken,Bakken,BUCKY 13-36H,234411.83,Medium,153760.0
33-053-05439-0000,OASIS PETROLEUM NORTH AMERICA LLC,2014-07-01,2025-12-01,164135.61692,17449.0,134,36848.511816,2014-07-01,Three Forks,11929.0,2014-07-06,Frac Sand,Three Forks,Three Forks,BRIER  5200 44-22 6T2,247893.83,Medium,301621.0
33-053-05464-0000,XTO ENERGY INC,2014-05-01,2025-12-01,395031.6205,18004.0,121,61995.0499115,2014-07-01,Bakken,8913.0,2014-05-23,Sand/Ceramics Mix,Bakken,Bakken,LUCY 14X-32A,627508.44,High,192799.0
33-053-05465-0000,XTO ENERGY INC,2014-05-01,2025-12-01,347061.58499999996,17740.0,127,50420.79561141,2014-07-01,Three Forks,9218.0,2014-05-26,Sand/Ceramics Mix,Three Forks,Three Forks,LUCY 14X-32F,547813.06,High,240566.0
33-053-05468-0000,BURLINGTON RESOURCES OIL & GAS COMPANY LP,2014-08-01,2025-12-01,337827.01386,15174.0,129,32795.66626406,2014-10-01,Three Forks,9655.0,2014-08-16,Sand/Ceramics/Resin Proppant Mix,Three Forks,Three Forks,NORMAN 11-4TFH ULW,429215.84,Medium,139275.0
33-053-05482-0000,HESS CORPORATION,2014-08-01,2025-12-01,324306.9266,26365.0,135,58994.17553676,2014-08-01,Three Forks,10559.0,2014-08-07,Frac Sand,Three Forks,Three Forks,HA-NELSON A- 152-95-3427H-6,458801.0,Medium,105295.0
33-053-05483-0000,HESS CORPORATION,2014-09-01,2025-12-01,323609.96514,33413.0,133,46720.87360363999,2014-09-01,Bakken,10096.0,2014-09-03,Frac Sand,Bakken,Bakken,HA-NELSON A- 152-95-3427H-5,406938.59,Medium,106179.0
33-053-05485-0000,HESS CORPORATION,2014-08-01,2025-12-01,203220.44709,12512.0,128,23477.25828392,2015-07-01,Bakken,9668.0,2014-08-20,Frac Sand,Bakken,Bakken,HA-NELSON A- 152-95-3427H-3,267287.34,Medium,34140.0
33-053-05496-0000,"PETRO-HUNT, L.L.C.",2014-09-01,2025-12-01,478204.19,27099.0,135,39947.8951861,2014-10-01,Three Forks,9278.0,2014-09-12,Sand/Ceramics Mix,Three Forks,Three Forks,VAN HISE TRUST 153-95-28D-21-2HS,586066.31,High,152279.0
33-053-05504-0000,BURLINGTON RESOURCES OIL & GAS COMPANY LP,2014-08-01,2025-12-01,805821.9567999999,25609.0,125,296269.70712627994,2020-08-01,Bakken,9504.0,2014-08-27,Sand/Ceramics/Resin Proppant Mix,Bakken,Bakken,NORMAN 11-4MBH,1279525.0,High,270510.0
33-053-05507-0000,BURLINGTON RESOURCES OIL & GAS COMPANY LP,2014-07-01,2025-12-01,330628.44626,15013.0,122,48189.9488764,2015-07-01,Three Forks,10032.0,2014-07-15,Sand/Ceramics/Resin Proppant Mix,Three Forks,Three Forks,DENALI 44-33TFH,430313.22,Medium,94289.0
33-053-05516-0000,OASIS PETROLEUM NORTH AMERICA LLC,2014-07-01,2025-12-01,267004.16289000004,23750.0,129,48308.51619225,2014-08-01,Three Forks,9088.0,2014-07-19,Frac Sand,Three Forks,Three Forks,HAGEN BANKS 5298 #42-31 3T,335660.09,Medium,239635.0
33-053-05531-0000,BURLINGTON RESOURCES OIL & GAS COMPANY LP,2014-07-01,2025-12-01,514582.9412,27267.0,122,79695.66237668,2015-01-01,Bakken,9694.0,2014-07-09,Sand/Ceramics Mix,Bakken,Bakken,ARCHES 34-35MBH,633109.63,High,111109.0
33-053-05535-0000,WHITING OIL AND GAS CORPORATION,2014-05-01,2025-12-01,128148.33809,6989.0,140,10550.35113301,2014-05-01,Bakken,9845.0,2014-05-11,Sand/Ceramics Mix,Bakken,Bakken,EVY JUNE 41-18HU,40021.418,Low,188584.0
33-053-05557-0000,"PETRO-HUNT, L.L.C.",2014-11-01,2025-12-01,430305.1815,25783.0,134,132476.1447665,2014-12-01,Bakken,9265.0,2014-11-21,Sand/Ceramics Mix,Bakken,Bakken,BRENNA 152-96-22D-14-1HS,554212.0,High,59811.0
33-053-05568-0000,BURLINGTON RESOURCES OIL & GAS COMPANY LP,2016-06-01,2025-12-01,502686.048,25990.0,114,85416.99630205,2016-08-01,Three Forks,9699.0,2016-06-17,Frac Sand,Three Forks,Three Forks,STAFFORD 13-34TFH,322286.59,Medium,170355.0
33-053-05579-0000,TRIANGLE USA PETROLEUM CORPORATION,2014-06-01,2025-12-01,249773.24598,16624.0,132,46713.40529799,2014-06-01,Bakken,9368.0,2014-06-08,Sand/Ceramics Mix,Bakken,Bakken,MONSON 152-102-35-26-4H,311106.56,Medium,472908.0
33-053-05590-0000,KODIAK OIL & GAS (USA) INC.,2014-08-01,2025-12-01,202083.18508999998,27988.0,136,24553.540434970004,2014-09-01,Three Forks,8813.0,2014-08-30,Sand/Ceramics Mix,Three Forks,Three Forks,KOALA 4-4-6-4H3,232309.98,Medium,187136.0
33-053-05597-0000,"CONTINENTAL RESOURCES, INC.",2017-06-01,2025-12-01,417206.30449999997,46991.0,101,56002.332893599996,2017-10-01,Bakken,10675.0,2017-06-06,Frac Sand,Bakken,Bakken,GARFIELD FEDERAL 6-5H,458596.47,Medium,584868.0
33-053-05640-0000,"PETRO-HUNT, L.L.C.",2014-12-01,2025-12-01,298954.44681,20521.0,132,79989.91682330001,2014-12-01,Bakken,8887.0,2014-12-02,Sand/Ceramics Mix,Bakken,Bakken,WOLLAN 152-96-27A-35-1HS,331465.72,Medium,53075.0
33-053-05656-0000,BURLINGTON RESOURCES OIL & GAS COMPANY LP,2014-09-01,2025-12-01,331783.1614,19453.0,119,42786.63470778,2015-03-01,Three Forks,10847.0,2014-09-23,Sand/Ceramics Mix,Three Forks,Three Forks,SEQUOIA 31-4TFH,143391.55,Medium,68981.0
33-053-05659-0000,BURLINGTON RESOURCES OIL & GAS COMPANY LP,2015-01-01,2025-12-01,444835.9374,23724.0,127,68817.31544173,2015-07-01,Bakken,9552.0,2015-01-01,Sand/Ceramics Mix,Bakken,Bakken,SHAFERMAKER 11-15MBH-ULW,587513.13,High,166029.0
33-053-05665-0000,ENERPLUS RESOURCES USA CORPORATION,2014-11-01,2025-12-01,608117.4868000001,61227.0,130,115736.12646569,2014-12-01,Bakken,8752.0,2014-11-29,Frac Sand,Bakken,Bakken,MONARCH  152-94-32D-29H,743006.75,High,147083.0
33-053-05667-0000,BURLINGTON RESOURCES OIL & GAS COMPANY LP,2015-02-01,2025-12-01,295124.94169999997,17054.0,124,67491.3334946,2015-07-01,Three Forks,9598.0,2015-02-16,Sand/Ceramics Mix,Three Forks,Three Forks,BULLRUSH 24-10TFH,425161.44,Medium,176039.0
33-053-05690-0000,BURLINGTON RESOURCES OIL & GAS COMPANY LP,2014-11-01,2025-12-01,202962.21407,18842.0,116,37560.01270797,2015-04-01,Three Forks,9810.0,2014-11-22,Sand/Ceramics Mix,Three Forks,Three Forks,HAYMAKER 31-15TFH-B,170364.25,Medium,144757.0
33-053-05691-0000,BURLINGTON RESOURCES OIL & GAS COMPANY LP,2014-10-01,2025-12-01,216909.87997,18457.0,121,53667.15141620999,2015-05-01,Bakken,9663.0,2014-10-20,Sand/Ceramics Mix,Bakken,Bakken,HAYMAKER 31-15MBH-A,169613.09,Medium,167953.0
33-053-05723-0000,"HESS BAKKEN INVESTMENTS II, LLC",2014-10-01,2025-12-01,261088.75297,22885.0,135,55961.331034769995,2014-11-01,Three Forks,10837.0,2014-10-15,Frac Sand,Three Forks,Three Forks,HA-MOGEN- 152-95-0805H-7,205475.78,Medium,52440.0
33-053-05739-0000,NEWFIELD PRODUCTION COMPANY,2014-07-01,2025-12-01,283085.78323,19329.0,136,45676.18514836,2014-07-01,Bakken,9480.0,2014-07-04,Frac Sand,Bakken,Bakken,BLUE ANGEL 150-99-5-8-4H,369291.31,Medium,110843.0
33-053-05744-0000,"PETRO-HUNT, L.L.C.",2014-07-01,2025-12-01,224068.492,24610.0,137,73741.100248,2014-07-01,Bakken,4188.0,2014-07-02,Sand/Ceramics Mix,Bakken,Bakken,WOLLAN 152-96-27C-6H,263352.03,Medium,60526.0
33-053-05753-0000,XTO ENERGY INC,2014-11-01,2025-12-01,141540.17997,15038.0,116,50141.2301955,2014-12-01,Bakken,4239.0,2014-11-25,Sand/Ceramics Mix,Bakken,Bakken,GILBERTSON 11X-26B,172404.06,Medium,36336.0
33-053-05761-0000,"CONTINENTAL RESOURCES, INC.",2015-05-01,2025-12-01,354708.92981999996,13909.0,126,28250.60214737001,2017-01-01,Bakken,12487.0,2015-05-13,Sand/Ceramics Mix,Bakken,Bakken,CINCINNATI 3-30H,411732.09,Medium,547264.0
33-053-05775-0000,"EMERALD OIL, INC",2014-07-01,2025-12-01,165682.305,9434.0,138,21194.745499,2014-07-01,Bakken,9093.0,2014-07-15,Ceramics,Bakken,Bakken,BILLY RAY VALENTINE 1-8-5H,200822.5,Medium,344430.0
33-053-05798-0000,"HESS BAKKEN INVESTMENTS II, LLC",2014-11-01,2025-12-01,200846.73119,16482.0,133,30838.771592540004,2014-12-01,Bakken,10377.0,2014-11-26,Frac Sand,Bakken,Bakken,BW-SORENSON- 149-99-1324H-4,272724.22,Medium,222778.0
33-053-05800-0000,WHITING OIL AND GAS CORPORATION,2014-06-01,2025-12-01,188117.49486,11659.0,136,31800.721664899997,2014-06-01,Bakken,9696.0,2014-06-18,Sand/Ceramics Mix,Bakken,Bakken,MORK TRUST 21-17-7H,257209.36,Medium,174162.0
33-053-05803-0000,NEWFIELD PRODUCTION COMPANY,2014-07-01,2025-12-01,286749.07843,16334.0,138,34587.57004737,2014-07-01,Bakken,10246.0,2014-07-10,Sand/Ceramics Mix,Bakken,Bakken,WEHRUNG 150-99-14-23-5H,382249.66,Medium,134294.0
33-053-05807-0000,"WPX ENERGY WILLISTON, LLC",2014-10-01,2025-12-01,592962.67804,32035.0,131,93131.55374734,2014-11-01,Bakken,9519.0,2014-10-27,Sand/Ceramics Mix,Bakken,Bakken,LUCY EVANS 29-32HB,258278.86,Medium,295163.0
33-053-05817-0000,"HESS BAKKEN INVESTMENTS II, LLC",2014-11-01,2025-12-01,186797.26801,14780.0,132,22232.160076879998,2014-11-01,Bakken,10139.0,2014-11-05,Frac Sand,Bakken,Bakken,BW-KRAETSCH- 149-99-1423H-5,257234.17,Medium,210316.0
33-053-05818-0000,XTO ENERGY INC,2014-09-01,2025-12-01,376789.7818,19542.0,126,71535.079489,2014-09-01,Bakken,10070.0,2014-09-10,Sand/Ceramics Mix,Bakken,Bakken,DAVE 11X-16A,518197.69,High,193576.0
33-053-05831-0000,"EMERALD OIL, INC",2014-09-01,2025-12-01,158155.50204,10659.0,135,21960.24035465,2014-10-01,Bakken,9475.0,2014-09-27,Ceramics/Resin Mix,Bakken,Bakken,D ANNUNZIO 3-7-6H,194721.97,Medium,492977.0
33-053-05832-0000,TRIANGLE USA PETROLEUM CORPORATION,2014-09-01,2025-12-01,250086.56616,14336.0,130,32008.64256355,2014-10-01,Bakken,9951.0,2014-09-18,Sand/Ceramics Mix,Bakken,Bakken,WAHLSTROM 152-102-34-27-4H,320534.47,Medium,446098.0
33-053-05835-0000,TRIANGLE USA PETROLEUM CORPORATION,2014-08-01,2025-12-01,280665.48823,19376.0,136,30252.541313560003,2014-09-01,Bakken,10035.0,2014-08-27,Sand/Ceramics Mix,Bakken,Bakken,WAHLSTROM 152-102-34-27-1H,350365.13,Medium,405112.0
33-053-05859-0000,TRIANGLE USA PETROLEUM CORPORATION,2014-08-01,2025-12-01,228050.05802,7818.0,130,39064.95859968001,2014-09-01,Bakken,9356.0,2014-08-15,Sand/Ceramics Mix,Bakken,Bakken,NYGAARD 150-101-28-33-4H,314162.41,Medium,306051.0
33-053-05882-0000,QEP ENERGY COMPANY,2014-12-01,2025-12-01,533358.7177,36387.0,132,53864.06636429999,2014-12-01,Three Forks,9879.0,2014-12-11,Frac Sand,Three Forks,Three Forks,LINSETH 3-22-15TH,711685.25,High,297166.0
33-053-05889-0000,BURLINGTON RESOURCES OIL & GAS COMPANY LP,2014-10-01,2025-12-01,508898.51127,30964.0,133,56978.412319099996,2014-12-01,Bakken,9565.0,2014-10-25,Sand/Ceramics Mix,Bakken,Bakken,COPPER DRAW 11-27MBH,603788.88,High,137795.0
33-053-05890-0000,BURLINGTON RESOURCES OIL & GAS COMPANY LP,2014-10-01,2025-12-01,311912.35306,36622.0,129,39577.3230456,2014-12-01,Bakken,10058.0,2014-10-28,Frac Sand,Bakken,Bakken,LILLIBRIDGE 11-27MBH NH,129166.78,Medium,71800.0
33-053-05897-0000,BURLINGTON RESOURCES OIL & GAS COMPANY LP,2015-01-01,2025-12-01,385765.94703000004,27963.0,130,80416.48692699999,2015-05-01,Bakken,9532.0,2015-01-28,Sand/Ceramics Mix,Bakken,Bakken,SHENANDOAH 34-36MBH,227887.75,Medium,81716.0
33-053-05930-0000,"HESS BAKKEN INVESTMENTS II, LLC",2015-08-01,2025-12-01,262280.9059,23595.0,124,30114.69194052,2015-09-01,Three Forks,8968.0,2015-08-30,Frac Sand,Three Forks,Three Forks,AN-BRENNA- 153-94-3130H-6,344830.09,Medium,28088.0
33-053-05938-0000,XTO ENERGY INC,2015-04-01,2025-12-01,248798.03394,17740.0,114,79777.15353420001,2015-06-01,Bakken,9403.0,2015-04-20,Sand/Ceramics Mix,Bakken,Bakken,MCCOY 44X-23D,311611.5,Medium,171462.0
33-053-05943-0000,OASIS PETROLEUM NORTH AMERICA LLC,2015-05-01,2025-12-01,233136.90884,19946.0,125,46969.44612748,2015-07-01,Three Forks,9114.0,2015-05-29,Sand/Resin Mix,Three Forks,Three Forks,WADE FEDERAL 5300 41-30 4T,284903.56,Medium,477052.0
33-053-05956-0000,WHITING OIL AND GAS CORPORATION,2014-10-01,2025-12-01,251656.5628,17541.0,134,24234.448817239998,2014-10-01,Bakken,9456.0,2014-10-16,Sand/Ceramics Mix,Bakken,Bakken,GOOD SHEPHERD 21-15H,325039.91,Medium,272886.0
33-053-05969-0000,"HESS BAKKEN INVESTMENTS II, LLC",2015-02-01,2025-12-01,294066.48482,36850.0,131,62063.49212569,2015-03-01,Bakken,10928.0,2015-03-01,Frac Sand,Bakken,Bakken,HA-DAHL- 152-95-0706H-5,368387.69,Medium,28513.0
33-053-05974-0000,QEP ENERGY COMPANY,2014-09-01,2025-12-01,719631.4446,39484.0,134,187547.6625151,2014-10-01,Bakken,9984.0,2014-09-23,Sand/Ceramics Mix,Bakken,Bakken,SEVERIN 1-16-17BH,950568.31,High,472882.0
33-053-05979-0000,WHITING OIL AND GAS CORPORATION,2015-01-01,2025-12-01,268314.2961,27824.0,115,93357.92036185,2015-04-01,Bakken,9499.0,2015-01-23,Sand/Ceramics Mix,Bakken,Bakken,TARPON FEDERAL 24-20-2RH,366704.0,Medium,159974.0
33-053-05983-0000,TRIANGLE USA PETROLEUM CORPORATION,2014-11-01,2025-12-01,195843.60521,15991.0,118,29679.041431600002,2014-11-01,Bakken,9359.0,2014-11-08,Sand/Ceramics Mix,Bakken,Bakken,BRITT 151-102-4-9-3H,244414.28,Medium,428603.0
33-053-06001-0000,"CONTINENTAL RESOURCES, INC.",2015-03-01,2025-12-01,316799.36774,18606.0,125,60024.537805399996,2016-02-01,Three Forks,10453.0,2015-03-29,Sand/Ceramics Mix,Three Forks,Three Forks,BAILEY 4-24H2,377403.63,Medium,308054.0
33-053-06015-0000,NEWFIELD PRODUCTION COMPANY,2014-10-01,2025-12-01,185249.06405,13952.0,134,33992.11229961,2014-10-01,Three Forks,9881.0,2014-10-06,Frac Sand,Three Forks,Three Forks,GARIETY 150-99-36-25-11H,220654.31,Medium,226608.0
33-053-06033-0000,QEP ENERGY COMPANY,2015-02-01,2025-12-01,486211.95589,33389.0,130,97614.33313350001,2015-02-01,Three Forks,9540.0,2015-02-05,Frac Sand,Three Forks,Three Forks,JOHNSON 8-5-9-4LL,588935.56,High,288462.0
33-053-06037-0000,"EMERALD OIL, INC",2015-05-01,2025-12-01,181443.15012,10442.0,128,23321.7566086,2015-05-01,Bakken,9476.0,2015-05-12,Ceramics,Bakken,Bakken,JOEL GOODSEN 7-32-29H,234652.48,Medium,295400.0
33-053-06054-0000,"CONTINENTAL RESOURCES, INC.",2015-02-01,2025-12-01,274486.33063,11534.0,129,46376.27108631001,2015-07-01,Three Forks,9430.0,2015-01-28,Sand/Ceramics Mix,Three Forks,Three Forks,MIRAMAR 3-32H1,363818.03,Medium,530517.0
33-053-06064-0000,NEWFIELD PRODUCTION COMPANY,2014-12-01,2025-12-01,318871.57050000003,23883.0,125,76022.14789297,2015-01-01,Bakken,9855.0,2015-01-02,Sand/Ceramics Mix,Bakken,Bakken,SAND CREEK FEDERAL 153-96-21-28-2H,479174.69,Medium,67442.0
33-053-06078-0000,ABRAXAS PETROLEUM CORP.,2015-06-01,2025-12-01,296785.6219,17503.0,126,36443.28946187,2015-07-01,Bakken,9907.0,2015-06-05,Sand/Ceramics Mix,Bakken,Bakken,JORE FEDERAL 2-11-8H,161358.22,Medium,139147.0
33-053-06097-0000,"CONTINENTAL RESOURCES, INC.",2014-12-01,2025-12-01,405418.57716,15806.0,128,124639.923851,2014-12-01,Bakken,9337.0,2014-12-02,Sand/Ceramics Mix,Bakken,Bakken,BROOKS 3-4H,322106.16,Medium,349929.0
33-053-06113-0000,XTO ENERGY INC,2015-03-01,2025-12-01,255726.069,14547.0,128,36199.149371340005,2015-04-01,Three Forks,10414.0,2015-03-27,Sand/Ceramics Mix,Three Forks,Three Forks,JOHNSON 24X-31EXH,385837.97,Medium,141626.0
33-053-06115-0000,SM ENERGY COMPANY,2016-06-01,2025-12-01,157729.18201,10124.0,108,34473.913882999994,2016-08-01,Three Forks,9518.0,2016-06-05,Frac Sand,Three Forks,Three Forks,STENEHJEM  15X-9H,175598.53,Medium,285087.0
33-053-06132-0000,"CONTINENTAL RESOURCES, INC.",2017-02-01,2025-12-01,303822.93503,26040.0,101,134948.53148499998,2019-01-01,Bakken,9666.0,2017-02-15,Frac Sand,Bakken,Bakken,RADERMECHER 3-22H,314615.97,Medium,395035.0
33-053-06147-0000,WHITING OIL AND GAS CORPORATION,2014-12-01,2025-12-01,235402.63585999998,16240.0,133,24250.537742139997,2015-01-01,Bakken,8931.0,2014-12-21,Sand/Ceramics Mix,Bakken,Bakken,MRACHEK 21-26H,314643.81,Medium,265680.0
33-053-06151-0000,"HESS BAKKEN INVESTMENTS II, LLC",2015-03-01,2025-12-01,711095.0687,35266.0,125,65873.25108855999,2015-04-01,Bakken,10774.0,2015-03-19,Frac Sand,Bakken,Bakken,BB-BELQUIST- 150-95-1110H-12,1268121.6,High,131695.0
33-053-06174-0000,"CONTINENTAL RESOURCES, INC.",2015-03-01,2025-12-01,286224.22318,16673.0,113,54413.33773307001,2015-11-01,Three Forks,9409.0,2015-02-25,Sand/Ceramics Mix,Three Forks,Three Forks,MILES 4-6H1,315932.72,Medium,381369.0
33-053-06177-0000,"CONTINENTAL RESOURCES, INC.",2015-03-01,2025-12-01,470204.523,19891.0,113,130401.74948619999,2016-06-01,Bakken,10193.0,2015-03-06,Ceramics,Bakken,Bakken,KENNEDY 3-31H,382240.5,Medium,230003.0
33-053-06195-0000,"HESS BAKKEN INVESTMENTS II, LLC",2015-07-01,2025-12-01,233356.87332,17218.0,123,104387.96637851,2015-08-01,Three Forks,10203.0,2015-07-24,Frac Sand,Three Forks,Three Forks,BB-CHAPIN A- 151-95-0403H-8,327030.72,Medium,99293.0
33-053-06200-0000,"CONTINENTAL RESOURCES, INC.",2015-09-01,2025-12-01,406379.9943,20540.0,122,102815.39380597,2015-12-01,Three Forks,10454.0,2015-09-17,Sand/Ceramics Mix,Three Forks,Three Forks,KELLOGG RANCH FEDERAL 2-32H1,518341.66,High,357018.0
33-053-06219-0000,MARATHON OIL COMPANY,2015-06-01,2025-12-01,506305.8526,28237.0,98,58818.13176074,2015-07-01,Three Forks,12431.0,2015-06-17,Sand/Ceramics Mix,Three Forks,Three Forks,TONY LUN USA 12-14TFH,682269.94,High,114389.0
33-053-06245-0000,KODIAK OIL & GAS (USA) INC.,2015-03-01,2025-12-01,335315.48599,30595.0,130,43068.87959291001,2015-03-01,Bakken,8876.0,2015-03-14,Sand/Ceramics Mix,Bakken,Bakken,KOALA 13-31-30-4H,399670.34,Medium,202681.0
33-053-06248-0000,QEP ENERGY COMPANY,2015-09-01,2025-12-01,419649.63168,25000.0,124,71561.765572,2016-01-01,Three Forks,10741.0,2015-09-15,Sand/Resin Mix,Three Forks,Three Forks,JONES 2-15-23TH,504209.16,High,116901.0
33-053-06255-0000,XTO ENERGY INC,2015-10-01,2025-12-01,378889.8923,19403.0,121,53862.4947831,2016-02-01,Three Forks,10014.0,2015-10-28,Sand/Ceramics Mix,Three Forks,Three Forks,JOHNSRUD FEDERAL 34X-14G,509290.59,High,149106.0
33-053-06276-0000,BURLINGTON RESOURCES OIL & GAS COMPANY LP,2015-07-01,2025-12-01,274633.76511000004,14332.0,122,56174.89200523999,2016-01-01,Three Forks,10959.0,2015-07-21,Sand/Ceramics Mix,Three Forks,Three Forks,TETON  5-1-3TFSH,315506.31,Medium,149484.0
33-053-06279-0000,BURLINGTON RESOURCES OIL & GAS COMPANY LP,2015-07-01,2025-12-01,212068.02083,17428.0,121,24505.33307954,2015-11-01,Bakken,10066.0,2015-07-04,Sand/Ceramics Mix,Bakken,Bakken,TETON 5-8-10MBH,273224.78,Medium,79145.0
33-053-06284-0000,BURLINGTON RESOURCES OIL & GAS COMPANY LP,2015-08-01,2025-12-01,164980.54904,11561.0,111,49683.8126834,2015-12-01,Three Forks,9714.0,2015-08-01,Sand/Ceramics Mix,Three Forks,Three Forks,KINGS CANYON 3-1-27MTFH,227400.34,Medium,96080.0
33-053-06297-0000,BURLINGTON RESOURCES OIL & GAS COMPANY LP,2015-07-01,2025-12-01,359858.3506,18343.0,119,63003.705696,2016-01-01,Bakken,9994.0,2015-07-03,Sand/Ceramics Mix,Bakken,Bakken,TETON 7-8-10MBH,449144.5,Medium,120659.0
33-053-06305-0000,XTO ENERGY INC,2016-01-01,2025-12-01,179062.54201,27998.0,107,29357.52631845,2016-03-01,Three Forks,9347.0,2016-01-24,Sand/Ceramics Mix,Three Forks,Three Forks,RITA 44X-34H,206148.0,Medium,208590.0
33-053-06311-0000,OASIS PETROLEUM NORTH AMERICA LLC,2015-12-01,2025-12-01,234426.10311,31207.0,119,44241.83488961,2015-12-01,Three Forks,11793.0,2015-12-01,Sand/Resin Mix,Three Forks,Three Forks,BRIER 5200 42-22 11T2,266437.72,Medium,438773.0
33-053-06347-0000,STATOIL OIL & GAS LP,2016-12-01,2025-12-01,565032.8327,22603.0,100,147610.769561,2018-06-01,Bakken,9789.0,2016-12-02,Sand/Ceramics Mix,Bakken,Bakken,CHERYL 17-20 #5H,819380.5,High,368180.0
33-053-06349-0000,STATOIL OIL & GAS LP,2016-08-01,2025-12-01,609521.3157,28206.0,105,190133.9736217,2017-11-01,Bakken,10165.0,2016-08-05,Sand/Ceramics Mix,Bakken,Bakken,CHERYL 17-20 #7H,679536.25,High,406862.0
33-053-06359-0000,NEWFIELD PRODUCTION COMPANY,2015-03-01,2025-12-01,402022.88539999997,18796.0,130,32220.047799340005,2015-04-01,Bakken,9762.0,2015-03-16,Frac Sand,Bakken,Bakken,MOBERG FEDERAL  149-95-29-32-1H,515381.78,High,110105.0
33-053-06363-0000,NEWFIELD PRODUCTION COMPANY,2015-05-01,2025-12-01,246836.60501,15874.0,126,33453.455568870006,2015-06-01,Three Forks,9778.0,2015-05-30,Frac Sand,Three Forks,Three Forks,OLSON 152-96-30-31-11H,342389.03,Medium,231062.0
33-053-06370-0000,STATOIL OIL & GAS LP,2016-10-01,2025-12-01,391460.3882,22661.0,101,172015.63011600001,2017-11-01,Bakken,10151.0,2016-10-04,Sand/Ceramics Mix,Bakken,Bakken,RICHARD 8-5 #5H,519535.59,High,385561.0
33-053-06386-0000,WHITING OIL AND GAS CORPORATION,2015-02-01,2025-12-01,161599.31501,13963.0,130,31601.9236963,2015-03-01,Bakken,9371.0,2015-02-18,Sand/Ceramics Mix,Bakken,Bakken,EIDE 41-13-3H,186358.09,Medium,171295.0
33-053-06388-0000,XTO ENERGY INC,2015-08-01,2025-12-01,225578.65395,9435.0,123,18454.330348299998,2015-12-01,Bakken,11175.0,2015-08-25,Frac Sand,Bakken,Bakken,ECKERT 41X-6C,74083.516,Low,301936.0
33-053-06390-0000,XTO ENERGY INC,2015-08-01,2025-12-01,221570.56994000002,14564.0,123,26098.6381782,2015-12-01,Bakken,10513.0,2015-08-27,Frac Sand,Bakken,Bakken,ECKERT 41X-6D,108409.21,Medium,286992.0
33-053-06394-0000,"SHD OIL & GAS, LLC",2015-10-01,2025-12-01,93959.911,14725.0,93,15353.16709162,2015-11-01,Three Forks,3920.0,2015-10-29,Frac Sand,Three Forks,Three Forks,AVALANCHE 36-15-TF1,115752.02,Medium,92825.0
33-053-06418-0000,NEWFIELD PRODUCTION COMPANY,2015-05-01,2025-12-01,154744.59107,15724.0,110,38108.91776510001,2015-05-01,Three Forks,5008.0,2015-05-02,Frac Sand,Three Forks,Three Forks,ROLLA FEDERAL 153-96-29-13H,157560.23,Medium,107263.0
33-053-06420-0000,XTO ENERGY INC,2016-01-01,2025-12-01,473727.0726,42248.0,118,84147.3374011,2016-03-01,Bakken,10017.0,2016-01-03,Frac Sand,Bakken,Bakken,JOHNSRUD FEDERAL 34X-14AXB,589808.06,High,116275.0
33-053-06434-0000,WHITING OIL AND GAS CORPORATION,2015-04-01,2025-12-01,181305.33109,14905.0,124,62103.98698290001,2015-04-01,Bakken,8655.0,2015-04-15,Sand/Ceramics Mix,Bakken,Bakken,RJ MOEN 41-26HU,118637.28,Medium,168044.0
33-053-06441-0000,STATOIL OIL & GAS LP,2017-01-01,2025-12-01,160704.37516,8728.0,106,18045.79058234,2017-08-01,Three Forks,9312.0,2017-01-18,Sand/Ceramics Mix,Three Forks,Three Forks,PAULSON 36-1  #5TFH,82094.734,Low,504396.0
33-053-06498-0000,TRIANGLE USA PETROLEUM CORPORATION,2016-03-01,2025-12-01,141647.96901,14562.0,100,40506.912542109996,2016-04-01,Three Forks,9759.0,2016-03-10,Sand/Ceramics Mix,Three Forks,Three Forks,ARNEGARD 150-100-23-14-9TFH,43948.492,Low,216011.0
33-053-06507-0000,"HESS BAKKEN INVESTMENTS II, LLC",2015-08-01,2025-12-01,379428.624,25815.0,124,61818.36760387,2015-08-01,Bakken,9977.0,2015-08-14,Frac Sand,Bakken,Bakken,BB-OLE ANDERSON- 151-95-3130H-6,547292.06,High,40453.0
33-053-06508-0000,"HESS BAKKEN INVESTMENTS II, LLC",2015-08-01,2025-12-01,309287.956,32757.0,125,40949.31312734001,2015-08-01,Three Forks,10017.0,2015-08-10,Frac Sand,Three Forks,Three Forks,BB-OLE ANDERSON- 151-95-3130H-7,424547.13,Medium,83245.0
33-053-06522-0000,MARATHON OIL COMPANY,2017-12-01,2025-12-01,428074.92509,73138.0,95,71700.16397070001,2018-01-01,Bakken,9791.0,2017-12-20,Sand/Ceramics Mix,Bakken,Bakken,DEANE USA  24-22H,269481.06,Medium,244995.0
33-053-06533-0000,"HESS BAKKEN INVESTMENTS II, LLC",2015-11-01,2025-12-01,98050.881,16197.0,120,31961.494866300003,2015-12-01,Bakken,10754.0,2015-11-22,Frac Sand,Bakken,Bakken,AN-PROSSER- 152-95-1102H-6,128833.54,Medium,12867.0
33-053-06560-0000,XTO ENERGY INC,2015-07-01,2025-12-01,328862.73219,25120.0,109,81026.62901197,2015-09-01,Bakken,10066.0,2015-07-27,Frac Sand,Bakken,Bakken,THOMPSON 44X-20B,319396.09,Medium,72417.0
33-053-06565-0000,TRIANGLE USA PETROLEUM CORPORATION,2015-07-01,2025-12-01,278869.40289,19459.0,121,46030.57314734001,2015-07-01,Bakken,9589.0,2015-07-09,Sand/Ceramics Mix,Bakken,Bakken,ECKERT FOUNDATION 152-102-22-15-1H,93361.711,Low,441657.0
33-053-06578-0000,BURLINGTON RESOURCES OIL & GAS COMPANY LP,2015-11-01,2025-12-01,522050.52619999996,23612.0,117,103872.52942159999,2016-08-01,Three Forks,10122.0,2015-11-17,Sand/Ceramics Mix,Three Forks,Three Forks,SUN NOTCH 43-32TFH,772667.25,High,174011.0
33-053-06583-0000,"HRC OPERATING, LLC",2016-11-01,2025-12-01,268770.39779,22043.0,109,49858.02294534001,2016-12-01,Bakken,10502.0,2016-11-07,Frac Sand,Bakken,Bakken,FORT BERTHOLD 152-93-7C-6-9H,351890.41,Medium,220439.0
33-053-06602-0000,XTO ENERGY INC,2017-07-01,2025-12-01,207215.6049,14406.0,96,48785.43503337,2018-08-01,Bakken,10207.0,2017-07-07,Frac Sand,Bakken,Bakken,STENEHJEM 31X-28D,251945.8,Medium,265231.0
33-053-06618-0000,"CONTINENTAL RESOURCES, INC.",2017-03-01,2025-12-01,215331.94482,24600.0,104,43799.353691029995,2017-04-01,Bakken,7428.0,2017-02-27,Frac Sand,Bakken,Bakken,HENDRICKSON FEDERAL 6-36H,237129.86,Medium,140251.0
33-053-06621-0000,XTO ENERGY INC,2015-08-01,2025-12-01,260355.8067,11542.0,117,45985.199772399996,2016-01-01,Bakken,9267.0,2015-08-31,Frac Sand,Bakken,Bakken,LUNDIN 14X-33A,417851.78,Medium,141694.0
33-053-06644-0000,"HESS BAKKEN INVESTMENTS II, LLC",2016-08-01,2025-12-01,169775.64197,19008.0,110,69856.03175734999,2016-08-01,Three Forks,9704.0,2016-08-05,Frac Sand,Three Forks,Three Forks,HA-SANFORD- 152-96-1819H-10,358855.56,Medium,175473.0
33-053-06645-0000,"HESS BAKKEN INVESTMENTS II, LLC",2016-07-01,2025-12-01,326129.28018999996,28927.0,114,123130.60271468,2016-08-01,Bakken,9691.0,2016-07-13,Frac Sand,Bakken,Bakken,HA-SANFORD- LW-152-96-1819H-1,394904.22,Medium,132261.0
33-053-06743-0000,SM ENERGY COMPANY,2015-08-01,2025-12-01,301349.50419,18042.0,125,32721.197758039998,2015-08-01,Bakken,9550.0,2015-08-02,Frac Sand,Bakken,Bakken,FOSSUM 15-35HR,407894.34,Medium,188574.0
33-053-06747-0000,WHITING OIL AND GAS CORPORATION,2015-10-01,2025-12-01,778894.95505,63293.0,121,181944.48459109,2015-12-01,Three Forks,10952.0,2015-10-18,Sand/Ceramics Mix,Three Forks,Three Forks,FLATLAND FEDERAL 11-4-5TFH,829954.06,High,169624.0
33-053-06767-0000,OASIS PETROLEUM NORTH AMERICA LLC,2016-03-01,2025-12-01,253690.43187,28223.0,113,66787.7287187,2016-04-01,Bakken,9976.0,2016-03-06,Sand/Ceramics Mix,Bakken,Bakken,ANDERSMADSON 5201 14-25 11B,278581.38,Medium,391427.0
33-053-06790-0000,XTO ENERGY INC,2015-11-01,2025-12-01,277434.2411,17682.0,111,63490.254208399994,2016-02-01,Bakken,9380.0,2015-11-15,Frac Sand,Bakken,Bakken,SORENSON 31X-28C,382408.56,Medium,273724.0
33-053-06800-0000,QEP ENERGY COMPANY,2016-03-01,2025-12-01,233479.99311,27210.0,113,43501.998864,2016-03-01,Bakken,9544.0,2016-03-04,Sand/Resin Mix,Bakken,Bakken,STATE 9-36-1BH,272893.97,Medium,187152.0
33-053-06842-0000,QEP ENERGY COMPANY,2015-11-01,2025-12-01,262222.35594000004,29650.0,117,49311.863096,2016-05-01,Three Forks,10019.0,2015-11-14,Sand/Resin Mix,Three Forks,Three Forks,HENDERSON 36-25-35-26T2H,289535.25,Medium,337758.0
33-053-06845-0000,QEP ENERGY COMPANY,2015-11-01,2025-12-01,242201.79209,27948.0,116,84248.23847789998,2015-11-01,Three Forks,9387.0,2015-11-08,Sand/Resin Mix,Three Forks,Three Forks,HENDERSON 1-12-2-11T2H,277562.59,Medium,326866.0
33-053-06865-0000,MARATHON OIL COMPANY,2016-05-01,2025-12-01,528232.7002000001,52137.0,112,44782.78596271,2016-05-01,Bakken,10003.0,2016-05-11,Sand/Ceramics Mix,Bakken,Bakken,CLARKS CREEK USA 14-35H,680173.25,High,389572.0
33-053-06884-0000,WHITING OIL AND GAS CORPORATION,2016-10-01,2025-12-01,356075.76953,29355.0,111,147044.15135399,2016-11-01,Bakken,9780.0,2016-10-13,Sand/Ceramics Mix,Bakken,Bakken,CHAMELEON STATE 31-16-1H,451404.13,Medium,525877.0
33-053-06897-0000,OASIS PETROLEUM NORTH AMERICA LLC,2016-03-01,2025-12-01,225771.01517,22523.0,117,43113.4802608,2016-03-01,Three Forks,9662.0,2016-03-15,Sand/Ceramics Mix,Three Forks,Three Forks,HYSTED 5200 11-30 7T,255109.17,Medium,459347.0
33-053-06899-0000,STATOIL OIL & GAS LP,2016-08-01,2025-12-01,478934.05830000003,19695.0,104,145737.48049669,2017-04-01,Three Forks,9776.0,2016-08-31,Sand/Ceramics Mix,Three Forks,Three Forks,CHERYL 17-20 #6TFH,619315.75,High,600493.0
33-053-06906-0000,XTO ENERGY INC,2016-03-01,2025-12-01,191238.72154,11857.0,109,34394.0939303,2017-05-01,Three Forks,10476.0,2016-03-30,Frac Sand,Three Forks,Three Forks,RYAN 14X-9F2,279693.94,Medium,174188.0
33-053-06907-0000,WHITING OIL AND GAS CORPORATION,2017-02-01,2025-12-01,304942.96073,27660.0,107,89188.25648758998,2017-03-01,Three Forks,8997.0,2017-02-14,Sand/Ceramics Mix,Three Forks,Three Forks,LOOMER 44-33-2TFH,273391.47,Medium,376435.0
33-053-06940-0000,XTO ENERGY INC,2016-12-01,2025-12-01,244255.36714,15921.0,108,67294.0005045,2017-05-01,Three Forks,10182.0,2016-12-17,Frac Sand,Three Forks,Three Forks,HARLEY FEDERAL 24X-15E,308714.25,Medium,170102.0
33-053-06944-0000,TRIANGLE USA PETROLEUM CORPORATION,2015-11-01,2025-12-01,217735.05507,25460.0,120,63691.157185339995,2015-12-01,Bakken,9545.0,2015-11-29,Sand/Ceramics Mix,Bakken,Bakken,SANDERS 150-100-9-10-3H,260249.38,Medium,237574.0
33-053-07038-0000,OASIS PETROLEUM NORTH AMERICA LLC,2016-08-01,2025-12-01,275572.66102,29200.0,106,45343.5615744,2016-10-01,Three Forks,9520.0,2016-08-24,Sand/Resin Mix,Three Forks,Three Forks,ROLFSON N  5198 12-17 7T,172517.59,Medium,412228.0
33-053-07075-0000,QEP ENERGY COMPANY,2017-02-01,2025-12-01,223032.73304,25720.0,107,25808.303666,2017-03-01,Bakken,9926.0,2017-02-11,Frac Sand,Bakken,Bakken,FOREMAN 3-2-1BHR,248757.38,Medium,150802.0
33-053-07090-0000,NEWFIELD PRODUCTION COMPANY,2016-01-01,2025-12-01,319632.77001,21989.0,120,100599.08763048999,2016-01-01,Bakken,10070.0,2016-01-01,Frac Sand,Bakken,Bakken,LARSEN 152-96-16-21-5HLW,402802.22,Medium,80716.0
33-053-07122-0000,OASIS PETROLEUM NORTH AMERICA LLC,2017-07-01,2025-12-01,310461.09308,25285.0,101,125902.86171900001,2018-01-01,Bakken,9330.0,2017-07-31,Sand/Resin Mix,Bakken,Bakken,LAWLAR N FEDERAL 5199 44-23 11BX,539378.06,High,444025.0
33-053-07140-0000,QEP ENERGY COMPANY,2017-02-01,2025-12-01,289015.79409,26533.0,107,52872.8919572,2017-03-01,Bakken,9409.0,2017-02-14,Sand/Resin Mix,Bakken,Bakken,FOREMAN 6-2-1BH,330045.16,Medium,175749.0
33-053-07146-0000,QEP ENERGY COMPANY,2016-04-01,2025-12-01,289641.04918,20879.0,116,163768.5949244,2016-05-01,Bakken,9443.0,2016-04-03,Sand/Resin Mix,Bakken,Bakken,ERNIE 3-10-2-11BHD,715796.13,High,211048.0
33-053-07150-0000,WHITING OIL AND GAS CORPORATION,2016-09-01,2025-12-01,297550.50593,43424.0,96,78202.25729227,2016-10-01,Three Forks,9049.0,2016-09-20,Sand/Ceramics Mix,Three Forks,Three Forks,ROLLA FEDERAL 31-3-3TFH,329341.47,Medium,132955.0
33-053-07153-0000,WHITING OIL AND GAS CORPORATION,2016-09-01,2025-12-01,436537.426,39687.0,111,207376.88230097998,2016-11-01,Three Forks,9603.0,2016-09-27,Sand/Ceramics Mix,Three Forks,Three Forks,ROLLA FEDERAL 21-3-1TFH,547732.31,High,129527.0
33-053-07216-0000,XTO ENERGY INC,2017-11-01,2025-12-01,270899.75974,29297.0,90,47201.88834037,2018-01-01,Bakken,9922.0,2017-12-16,Frac Sand,Bakken,Bakken,LUND 21X-17AXD,355936.22,Medium,218448.0
33-053-07257-0000,"WPX ENERGY WILLISTON, LLC",2017-07-01,2025-12-01,433629.23079,43631.0,94,59390.807889669995,2017-08-01,Bakken,9827.0,2017-07-27,Frac Sand,Bakken,Bakken,RACHEL WOLF  27-34HG,487546.63,Medium,332593.0
33-053-07266-0000,OASIS PETROLEUM NORTH AMERICA LLC,2016-10-01,2025-12-01,367531.71913,30382.0,104,62445.606415459995,2017-01-01,Three Forks,9638.0,2016-10-30,Sand/Resin Mix,Three Forks,Three Forks,ROLFSON S 5198 11-29 2TX,241113.25,Medium,583228.0
33-053-07286-0000,NEWFIELD PRODUCTION COMPANY,2016-02-01,2025-12-01,356740.3151,36335.0,117,73678.87813279999,2016-03-01,Bakken,4995.0,2016-02-20,Frac Sand,Bakken,Bakken,SKAAR FEDERAL 153-96-30-4H,203256.63,Medium,64897.0
33-053-07298-0000,NEWFIELD PRODUCTION COMPANY,2017-08-01,2025-12-01,441820.5959,35782.0,101,75956.021834,2017-10-01,Three Forks,10083.0,2017-08-11,Sand/Ceramics Mix,Three Forks,Three Forks,MOBERG FEDERAL 149-95-29-32-14HLW,608886.31,High,213626.0
33-053-07338-0000,XTO ENERGY INC,2016-10-01,2025-12-01,362009.3396,22054.0,102,93808.2625903,2017-12-01,Three Forks,10308.0,2016-10-31,Frac Sand,Three Forks,Three Forks,JOHNSON 31X-6HXE,458182.78,Medium,489230.0
33-053-07355-0000,XTO ENERGY INC,2016-07-01,2025-12-01,354463.82409,24077.0,109,66643.27658661,2017-03-01,Bakken,9516.0,2016-07-24,Frac Sand,Bakken,Bakken,TOBACCO GARDEN 31X-29C,315302.56,Medium,245186.0
33-053-07396-0000,OASIS PETROLEUM NORTH AMERICA LLC,2017-03-01,2025-12-01,315308.55805,29808.0,95,167829.62908240003,2017-08-01,Three Forks,10010.0,2017-03-30,Sand/Resin Mix,Three Forks,Three Forks,FORLAND 5098 13-4 8T,324691.88,Medium,474271.0
33-053-07397-0000,OASIS PETROLEUM NORTH AMERICA LLC,2017-03-01,2025-12-01,463190.75896999997,34476.0,106,141413.24474979998,2017-08-01,Bakken,9923.0,2017-03-29,Sand/Resin Mix,Bakken,Bakken,FORLAND 5098 13-4 9B,491653.5,Medium,531173.0
33-053-07418-0000,WHITING OIL AND GAS CORPORATION,2016-09-01,2025-12-01,384543.86083,34489.0,112,183464.94264656003,2016-10-01,Three Forks,9373.0,2016-09-22,Frac Sand,Three Forks,Three Forks,ROLLA FEDERAL 11-3-1TFH,653696.13,High,122526.0
33-053-07451-0000,QEP ENERGY COMPANY,2016-11-01,2025-12-01,281024.39894,50934.0,108,64474.80850300001,2016-12-01,Bakken,9887.0,2016-11-10,Frac Sand,Bakken,Bakken,TIPI V 3-13-12BH,299441.91,Medium,299954.0
33-053-07472-0000,MARATHON OIL COMPANY,2017-08-01,2025-12-01,556584.3104000001,44177.0,95,122029.71629849999,2017-12-01,Bakken,9749.0,2017-08-04,Frac Sand,Bakken,Bakken,GRADY USA 21-4H,545810.5,High,193470.0
33-053-07488-0000,"HESS BAKKEN INVESTMENTS II, LLC",2017-05-01,2025-12-01,248233.94386,22080.0,101,62258.91812658,2017-05-01,Three Forks,9924.0,2017-05-08,Frac Sand,Three Forks,Three Forks,BB-CHAPIN A- 151-95-0403H-5,224053.3,Medium,154103.0
33-053-07516-0000,WHITING OIL AND GAS CORPORATION,2017-08-01,2025-12-01,352657.19685,31036.0,101,53465.90298229,2017-09-01,Bakken,8270.0,2017-08-01,Frac Sand,Bakken,Bakken,KOALA FEDERAL 31-25HU,159893.81,Medium,308701.0
33-053-07529-0000,WHITING OIL AND GAS CORPORATION,2016-10-01,2025-12-01,289272.12298,34318.0,111,136220.92126089,2016-11-01,Bakken,8151.0,2016-10-08,Sand/Ceramics Mix,Bakken,Bakken,FLATLAND 43-9-2H,350603.03,Medium,364591.0
33-053-07542-0000,"CONTINENTAL RESOURCES, INC.",2017-09-01,2025-12-01,514472.54573,46497.0,98,76478.8937024,2017-11-01,Bakken,10080.0,2017-09-27,Frac Sand,Bakken,Bakken,TARENTAISE FEDERAL 1-19H,564104.63,High,276337.0
33-053-07554-0000,"CONTINENTAL RESOURCES, INC.",2017-10-01,2025-12-01,428917.8632,50498.0,98,84122.67994516999,2017-12-01,Bakken,10087.0,2017-10-13,Sand/Ceramics Mix,Bakken,Bakken,TARENTAISE FEDERAL 11-19H,466958.22,Medium,211829.0
33-053-07559-0000,SINCLAIR OIL & GAS COMPANY,2016-09-01,2025-12-01,191710.7172,10322.0,110,38278.783582389995,2016-10-01,Bakken,9113.0,2016-09-18,Sand/Ceramics Mix,Bakken,Bakken,LIZZIE RAE 8-17-1H,92267.07,Low,215692.0
33-053-07569-0000,"HESS BAKKEN INVESTMENTS II, LLC",2016-10-01,2025-12-01,303387.3663,16113.0,110,48501.333512499994,2016-10-01,Three Forks,9509.0,2016-10-12,Frac Sand,Three Forks,Three Forks,HA-ROLFSRUD- 152-96-1720H-11,521652.41,High,156286.0
33-053-07628-0000,STATOIL OIL & GAS LP,2017-11-01,2025-12-01,301337.86895000003,23267.0,82,43755.181151000004,2020-06-01,Bakken,9717.0,2017-11-22,Sand/Ceramics Mix,Bakken,Bakken,HEINZ 18-19 XW #1H,398344.63,Medium,336337.0
33-053-07640-0000,"HESS BAKKEN INVESTMENTS II, LLC",2017-05-01,2025-12-01,185211.05114,26290.0,103,38312.3892413,2017-06-01,Bakken,9807.0,2017-05-20,Frac Sand,Bakken,Bakken,HA-GRIMESTAD- LE-152-95-3031H-1,241947.56,Medium,86629.0
33-053-07642-0000,BURLINGTON RESOURCES OIL & GAS COMPANY LP,2017-08-01,2025-12-01,583177.7746,33468.0,101,126184.39912488002,2018-03-01,Bakken,9730.0,2017-08-09,Unknown,Bakken,Bakken,LASSEN  4-1-26MBH,352575.75,Medium,203370.0
33-053-07648-0000,OASIS PETROLEUM NORTH AMERICA LLC,2017-07-01,2025-12-01,302249.48784,27661.0,98,79087.96515896,2017-09-01,Three Forks,10137.0,2017-07-16,Sand/Resin Mix,Three Forks,Three Forks,OYLOE 5199 42-23 7T,290229.5,Medium,495178.0
33-053-07676-0000,"HESS BAKKEN INVESTMENTS II, LLC",2017-10-01,2025-12-01,510770.4043,39510.0,99,95192.99510489,2017-11-01,Three Forks,9720.0,2017-10-30,Frac Sand,Three Forks,Three Forks,BB-LARS ROTHIE- LW-151-95-3229H-1,641575.81,High,148751.0
33-053-07678-0000,ENERPLUS RESOURCES USA CORPORATION,2017-09-01,2025-12-01,356627.73799000005,40386.0,100,74171.80213240001,2017-10-01,Three Forks,8891.0,2017-09-12,Frac Sand,Three Forks,Three Forks,RACER 152-94-18A-19H-TF,391774.59,Medium,375028.0
33-053-07700-0000,ENERPLUS RESOURCES USA CORPORATION,2017-07-01,2025-12-01,531586.6351,33624.0,98,48317.291264340005,2017-11-01,Bakken,9081.0,2017-07-23,Frac Sand,Bakken,Bakken,BEETLE 150-94-11C-12H,160736.23,Medium,366257.0
33-053-07705-0000,MARATHON OIL COMPANY,2017-12-01,2025-12-01,404325.9721,48443.0,96,57721.54428169,2017-12-01,Three Forks,9625.0,2017-12-08,Frac Sand,Three Forks,Three Forks,MURPHY USA 34-22TFH-2B,433979.44,Medium,334753.0
33-053-07716-0000,OASIS PETROLEUM NORTH AMERICA LLC,2017-11-01,2025-12-01,260699.94414,25824.0,98,79619.74946700002,2018-05-01,Three Forks,9767.0,2017-11-20,Sand/Resin Mix,Three Forks,Three Forks,HAGEN BANKS 5198 13-6 12T,287260.56,Medium,414789.0
33-053-07740-0000,"HESS BAKKEN INVESTMENTS II, LLC",2017-07-01,2025-12-01,521101.996,41070.0,99,73848.72064199999,2017-08-01,Bakken,9968.0,2017-07-14,Frac Sand,Bakken,Bakken,BB-LARS ROTHIE- LE-151-95-2932H-1,635005.38,High,136748.0
33-053-07798-0000,OASIS PETROLEUM NORTH AMERICA LLC,2017-12-01,2025-12-01,409063.17503000004,37721.0,97,197366.818529,2018-03-01,Bakken,9820.0,2017-12-15,Sand/Resin Mix,Bakken,Bakken,PATSY 5198 12-17 8B,418610.72,Medium,487334.0
33-053-07856-0000,BURLINGTON RESOURCES OIL & GAS COMPANY LP,2017-11-01,2025-12-01,714997.7552,32434.0,91,130443.305915,2018-04-01,Three Forks,10061.0,2017-11-11,Sand/Ceramics Mix,Three Forks,Three Forks,MATHISTAD 3NC-MTFH,903199.06,High,346085.0
33-053-07869-0000,XTO ENERGY INC,2017-11-01,2025-12-01,263679.60985,17890.0,86,63542.43505284,2018-02-01,Three Forks,14102.0,2017-11-24,Sand/Resin Mix,Three Forks,Three Forks,LUNDIN FEDERAL 11X-4F,157354.47,Medium,344161.0
33-053-07911-0000,QEP ENERGY COMPANY,2017-04-01,2025-12-01,259861.02999,21946.0,105,83533.626739,2017-07-01,Bakken,9895.0,2017-04-27,Sand/Resin Mix,Bakken,Bakken,ND LEVANG 7-16-21BHD,307578.44,Medium,83263.0
33-053-07912-0000,QEP ENERGY COMPANY,2017-05-01,2025-12-01,210065.10706,19921.0,104,36170.607381409995,2017-07-01,Three Forks,9608.0,2017-05-19,Sand/Ceramics/Resin Proppant Mix,Three Forks,Three Forks,ND LEVANG 4-16-21T2HD,243244.8,Medium,169949.0
33-053-07922-0000,MARATHON OIL COMPANY,2017-12-01,2025-12-01,500823.04209999996,55287.0,96,49259.5999973,2018-01-01,Bakken,9582.0,2017-12-16,Sand/Ceramics Mix,Bakken,Bakken,LENA USA 14-22H,607936.56,High,258501.0
33-053-07961-0000,ENERPLUS RESOURCES USA CORPORATION,2017-11-01,2025-12-01,504144.9599,33326.0,98,98009.60731734,2017-12-01,Bakken,7695.0,2017-11-05,Frac Sand,Bakken,Bakken,RAVINE 152-94-16A-21H,628970.13,High,117382.0
33-053-07962-0000,ENERPLUS RESOURCES USA CORPORATION,2017-11-01,2025-12-01,564898.4916000001,45122.0,96,133321.55390066997,2018-01-01,Bakken,9237.0,2017-11-05,Sand/Ceramics Mix,Bakken,Bakken,CANYON 152-94-16A-21H-TF2,774719.19,High,148293.0
33-053-08023-0000,"HESS BAKKEN INVESTMENTS II, LLC",2017-12-01,2025-12-01,308470.2391,36037.0,96,83288.41786768,2017-12-01,Three Forks,7149.0,2017-12-05,Frac Sand,Three Forks,Three Forks,AN-LONE TREE- 152-95-1207H-2,421000.56,Medium,106414.0
33-053-08073-0000,NEWFIELD PRODUCTION COMPANY,2017-11-01,2025-12-01,172469.77425000002,12819.0,96,26225.66679467,2018-04-01,Three Forks,10219.0,2017-11-15,Frac Sand,Three Forks,Three Forks,ANDERSON STATE 152-96-16-21-20H,57493.332,Low,97560.0
33-053-04505-0000,KODIAK OIL & GAS (USA) INC.,2014-06-01,2025-12-01,195889.74985,17560.0,139,24405.248126190003,2014-07-01,Three Forks,9169.0,2014-06-12,Sand/Ceramics Mix,Three Forks,Three Forks,KOALA  16-32-29-1H3,237789.81,Medium,230791.0
33-053-04831-0000,"BRIGHAM OIL & GAS, L.P.",2014-06-01,2025-12-01,259968.75357,17317.0,130,38066.28274176,2014-07-01,Bakken,10087.0,2014-06-03,Sand/Ceramics Mix,Bakken,Bakken,EDNA 11-2 3H,360048.56,Medium,396447.0
33-053-05027-0000,HESS CORPORATION,2014-04-01,2025-12-01,196918.23713999998,34248.0,134,47908.058001909994,2014-05-01,Bakken,10368.0,2014-04-28,Frac Sand,Bakken,Bakken,AN-EVENSON 152-95-0310H-2,222437.64,Medium,34349.0
33-053-05104-0000,BURLINGTON RESOURCES OIL & GAS COMPANY LP,2014-01-01,2025-12-01,397298.30981,22999.0,128,111868.66341051,2014-09-01,Three Forks,9471.0,2014-01-19,Sand/Ceramics Mix,Three Forks,Three Forks,BLUE RIDGE 44-31TFH,476571.5,Medium,69975.0
33-053-05145-0000,"CONTINENTAL RESOURCES, INC.",2014-05-01,2025-12-01,413589.94106,21909.0,134,80832.2877322,2014-06-01,Bakken,11026.0,2014-05-15,Frac Sand,Bakken,Bakken,KUHN FEDERAL 3-12H,495347.28,Medium,291074.0
33-053-05160-0000,BURLINGTON RESOURCES OIL & GAS COMPANY LP,2014-07-01,2025-12-01,487621.24509999994,22798.0,134,89967.28960699998,2014-10-01,Bakken,9537.0,2014-07-26,Sand/Ceramics Mix,Bakken,Bakken,BIG BEND 11-2MBH,733312.63,High,99394.0
33-053-05235-0000,"PETRO-HUNT, L.L.C.",2014-09-01,2025-12-01,503623.5077,25131.0,132,88861.7894093,2014-10-01,Three Forks,9522.0,2014-09-28,Sand/Ceramics Mix,Three Forks,Three Forks,VAN HISE TRUST  153-95-28D-21-4H,646056.56,High,99062.0
33-053-05279-0000,NEWFIELD PRODUCTION COMPANY,2014-02-01,2025-12-01,247928.11211,16310.0,134,52761.581985669996,2014-03-01,Three Forks,8742.0,2014-02-22,Sand/Ceramics Mix,Three Forks,Three Forks,WISNESS STATE 152-96-21-16-11H,173874.86,Medium,61390.0
33-053-05347-0000,"CONTINENTAL RESOURCES, INC.",2014-08-01,2025-12-01,135260.6298,10054.0,135,37239.20163014,2014-10-01,Bakken,4839.0,2014-08-29,Ceramics,Bakken,Bakken,MACK 8-2H,189074.36,Medium,71804.0
33-053-05387-0000,SM ENERGY COMPANY,2014-04-01,2025-12-01,154355.28201999998,10367.0,136,32722.42050829,2014-04-01,Three Forks,10040.0,2014-04-08,Frac Sand,Three Forks,Three Forks,RICK 16X-12H,191138.59,Medium,194776.0
33-053-05415-0000,XTO ENERGY INC,2014-11-01,2025-12-01,333735.79781,27138.0,132,58268.8571005,2015-01-01,Bakken,9617.0,2014-11-18,Sand/Ceramics Mix,Bakken,Bakken,ROLFSON 14X-34B,414827.16,Medium,132829.0
33-053-05458-0000,OASIS PETROLEUM NORTH AMERICA LLC,2014-03-01,2025-12-01,185089.99375999998,8079.0,138,18975.281890870003,2014-04-01,Bakken,9281.0,2014-03-28,Sand/Ceramics Mix,Bakken,Bakken,MONSON FEDERAL 18-19H,250032.16,Medium,213537.0
33-053-05471-0000,HESS CORPORATION,2014-10-01,2025-12-01,259914.66688,25368.0,135,109819.7121362,2014-11-01,Bakken,10447.0,2014-10-17,Sand/Resin Mix,Bakken,Bakken,HA-NELSON- 152-95-3328H-7,358436.06,Medium,21966.0
33-053-05497-0000,BURLINGTON RESOURCES OIL & GAS COMPANY LP,2014-09-01,2025-12-01,323064.95999999996,15518.0,126,59709.92613033999,2015-03-01,Three Forks,10117.0,2014-09-19,Sand/Ceramics Mix,Three Forks,Three Forks,DENALI 21-4TFH 2NH,248607.55,Medium,94830.0
33-053-05503-0000,"WPX ENERGY WILLISTON, LLC",2014-11-01,2025-12-01,570927.0257,23545.0,134,68479.346193,2014-11-01,Three Forks,9796.0,2014-11-10,Sand/Ceramics Mix,Three Forks,Three Forks,GOOD VOICE 34-27HB,730967.56,High,323684.0
33-053-05620-0000,"HESS BAKKEN INVESTMENTS II, LLC",2014-12-01,2025-12-01,382237.65483,36362.0,132,44292.750236809996,2014-12-01,Bakken,10044.0,2014-12-12,Frac Sand,Bakken,Bakken,BB-BUDAHN A- 150-95-0403H-8,471940.78,Medium,50155.0
33-053-05629-0000,XTO ENERGY INC,2015-06-01,2025-12-01,176410.77815,11206.0,106,33365.72162734,2015-08-01,Three Forks,9682.0,2015-06-26,Sand/Ceramics Mix,Three Forks,Three Forks,GUY FEDERAL 24X-35E,108292.83,Medium,165399.0
33-053-05679-0000,"PETRO-HUNT, L.L.C.",2014-12-01,2025-12-01,298348.47704,20953.0,132,94784.53274930001,2014-12-01,Bakken,9795.0,2014-12-08,Sand/Ceramics Mix,Bakken,Bakken,JONSRUD 152-96-33D-28-1HS,267104.06,Medium,87123.0
33-053-05804-0000,NEWFIELD PRODUCTION COMPANY,2014-07-01,2025-12-01,285902.123,16582.0,129,37131.48458598,2014-07-01,Bakken,10013.0,2014-07-10,Sand/Ceramics Mix,Bakken,Bakken,WEHRUNG 150-99-14-23-4H,102756.54,Medium,124018.0
33-053-05824-0000,"HESS BAKKEN INVESTMENTS II, LLC",2014-11-01,2025-12-01,578364.9254,43894.0,129,51809.198543319995,2014-12-01,Three Forks,10362.0,2014-11-27,Frac Sand,Three Forks,Three Forks,BB-BUDAHN A- LS-150-95-0403H-1,847807.13,High,171318.0
33-053-05967-0000,NEWFIELD PRODUCTION COMPANY,2014-11-01,2025-12-01,347837.7208,13030.0,105,51838.22008888,2014-12-01,Three Forks,9688.0,2014-11-12,Sand/Ceramics Mix,Three Forks,Three Forks,ROLFSRUD STATE 152-96-29-32-12H,581137.13,High,113466.0
33-053-06095-0000,"CONTINENTAL RESOURCES, INC.",2014-11-01,2025-12-01,315809.7145,15448.0,130,66982.69108440001,2014-12-01,Three Forks,8844.0,2014-11-28,Sand/Ceramics Mix,Three Forks,Three Forks,BROOKS 2-4H1,179616.63,Medium,297887.0
33-053-06139-0000,XTO ENERGY INC,2015-03-01,2025-12-01,209071.59807,14019.0,124,62054.10410395,2015-04-01,Three Forks,9637.0,2015-03-26,Frac Sand,Three Forks,Three Forks,NELSON 24X-11F,245586.19,Medium,212239.0
33-053-06225-0000,OASIS PETROLEUM NORTH AMERICA LLC,2015-08-01,2025-12-01,107837.199,8267.0,105,28858.387516199997,2016-01-01,Three Forks,9734.0,2015-08-29,Sand/Resin Mix,Three Forks,Three Forks,KLINE FEDERAL 5300 11-18 3T,111407.87,Medium,451432.0
33-053-06233-0000,QEP ENERGY COMPANY,2015-09-01,2025-12-01,606720.8563,45145.0,124,84976.6664893,2015-11-01,Three Forks,10430.0,2015-09-30,Sand/Resin Mix,Three Forks,Three Forks,JONES 3-15-23TH,347214.22,Medium,239835.0
33-053-06243-0000,OASIS PETROLEUM NORTH AMERICA LLC,2015-09-01,2025-12-01,227334.10788,20417.0,123,54153.34814998,2016-01-01,Bakken,9421.0,2015-09-20,Sand/Resin Mix,Bakken,Bakken,KLINE FEDERAL 5300 11-18 2B,259014.48,Medium,500727.0
33-053-06246-0000,KODIAK OIL & GAS (USA) INC.,2015-03-01,2025-12-01,211108.11368,17158.0,130,25706.9069484,2015-03-01,Three Forks,8649.0,2015-03-14,Sand/Ceramics Mix,Three Forks,Three Forks,KOALA 13-31-30-4H3,267046.28,Medium,206900.0
33-053-06403-0000,BURLINGTON RESOURCES OIL & GAS COMPANY LP,2015-11-01,2025-12-01,221287.09603000002,27992.0,115,33700.5858623,2016-05-01,Three Forks,9261.0,2015-11-24,Sand/Ceramics Mix,Three Forks,Three Forks,MORGAN 24-21TFH,277217.03,Medium,68452.0
33-053-06411-0000,WHITING OIL AND GAS CORPORATION,2015-02-01,2025-12-01,193894.16405999998,21669.0,129,30608.099623640002,2015-04-01,Bakken,9607.0,2015-02-22,Sand/Ceramics Mix,Bakken,Bakken,ROVELSTAD 21-13-3H,113166.21,Medium,154728.0
33-053-06443-0000,"HESS BAKKEN INVESTMENTS II, LLC",2015-04-01,2025-12-01,155932.07292,8480.0,128,24869.086052990002,2015-05-01,Three Forks,9479.0,2015-04-27,Frac Sand,Three Forks,Three Forks,BW-ARNEGARD STATE- 151-100-3625H-8,206392.69,Medium,154917.0
33-053-06753-0000,XTO ENERGY INC,2015-12-01,2025-12-01,289966.55099,16491.0,118,45326.03059717,2016-05-01,Bakken,9342.0,2015-12-16,Frac Sand,Bakken,Bakken,RITA 44X-34CXD,351641.81,Medium,157653.0
33-053-06816-0000,STATOIL OIL & GAS LP,2016-09-01,2025-12-01,440118.11614,23332.0,105,123083.13592699998,2016-11-01,Three Forks,10960.0,2016-09-09,Sand/Ceramics Mix,Three Forks,Three Forks,RICHARD 8-5 #4TFH,520160.16,High,516139.0
33-053-06855-0000,XTO ENERGY INC,2016-02-01,2025-12-01,376815.5734,26195.0,112,106196.41640418,2016-03-01,Bakken,9504.0,2016-02-02,Frac Sand,Bakken,Bakken,HOMER FEDERAL  14X-32B,471541.09,Medium,206198.0
33-053-07016-0000,"HESS BAKKEN INVESTMENTS II, LLC",2016-01-01,2025-12-01,359731.07043,29844.0,120,60772.87631655,2016-02-01,Bakken,10177.0,2016-01-29,Frac Sand,Bakken,Bakken,AN-EVENSON- LE-152-95-0310H-1,319488.44,Medium,65040.0
33-053-07116-0000,XTO ENERGY INC,2017-10-01,2025-12-01,331637.51904,46173.0,98,94121.09904464,2017-11-01,Bakken,9949.0,2017-10-17,Frac Sand,Bakken,Bakken,LUNDIN 11X-15A,355839.47,Medium,577630.0
33-053-07117-0000,XTO ENERGY INC,2017-10-01,2025-12-01,399039.79879000003,61382.0,97,99176.34342,2017-11-01,Three Forks,10456.0,2017-10-29,Sand/Ceramics Mix,Three Forks,Three Forks,LUNDIN 11X-15EXH,456742.66,Medium,513191.0
33-053-07518-0000,WHITING OIL AND GAS CORPORATION,2017-08-01,2025-12-01,307770.542,33667.0,101,41194.52444584,2017-10-01,Bakken,8938.0,2017-08-10,Frac Sand,Bakken,Bakken,KOALA FEDERAL 31-25H,355126.56,Medium,325975.0
33-053-07551-0000,"CONTINENTAL RESOURCES, INC.",2017-10-01,2025-12-01,297087.30906,33660.0,96,71293.15230946,2018-03-01,Three Forks,10056.0,2017-09-29,Frac Sand,Three Forks,Three Forks,TARENTAISE FEDERAL 8-19H2,182629.8,Medium,450738.0
33-053-07621-0000,"WPX ENERGY WILLISTON, LLC",2017-03-01,2025-12-01,560111.648,36543.0,103,80741.12689334,2017-04-01,Three Forks,9832.0,2017-03-23,Frac Sand,Three Forks,Three Forks,GRIZZLY 24-13HW,851805.06,High,226958.0
33-053-07652-0000,OASIS PETROLEUM NORTH AMERICA LLC,2017-07-01,2025-12-01,226945.93501000002,26813.0,97,66809.05512297,2017-12-01,Three Forks,10059.0,2017-07-29,Sand/Resin Mix,Three Forks,Three Forks,OYLOE 5199 42-23 3T,205221.84,Medium,388160.0
33-053-07691-0000,"HESS BAKKEN INVESTMENTS II, LLC",2017-10-01,2025-12-01,500844.771,33143.0,98,110835.20559495,2017-11-01,Three Forks,9046.0,2017-10-10,Frac Sand,Three Forks,Three Forks,AN-DINWOODIE- 153-94-2833H-3,448513.31,Medium,161225.0
33-053-08070-0000,NEWFIELD PRODUCTION COMPANY,2017-11-01,2025-12-01,540056.5686,44318.0,97,180805.48077859002,2018-01-01,Bakken,11203.0,2017-11-17,Frac Sand,Bakken,Bakken,ANDERSON 152-96-9-4-4HLW,726007.44,High,93162.0
33-053-04871-0000,BURLINGTON RESOURCES OIL & GAS COMPANY LP,2016-08-01,2025-12-01,638392.2332,24094.0,103,111168.92769131002,2018-10-01,Bakken,8990.0,2016-08-16,Sand/Ceramics Mix,Bakken,Bakken,JEROME 21-15MBH 2SH,787290.88,High,266438.0
33-053-05910-0000,XTO ENERGY INC,2014-12-01,2025-12-01,455950.3243,18905.0,127,109310.52500350002,2015-01-01,Bakken,9278.0,2014-12-09,Sand/Ceramics Mix,Bakken,Bakken,HOFFMANN  14X-12A,427760.22,Medium,286803.0
33-053-06237-0000,QEP ENERGY COMPANY,2015-09-01,2025-12-01,608054.8319999999,36674.0,124,149554.91152769,2016-01-01,Bakken,9764.0,2015-09-21,Sand/Ceramics/Resin Proppant Mix,Bakken,Bakken,JONES 4-15-22BH,720917.94,High,198020.0
33-053-06751-0000,"HRC OPERATING, LLC",2016-01-01,2025-12-01,304529.37699,34659.0,120,61479.03645141001,2016-02-01,Bakken,10010.0,2016-01-12,Sand/Ceramics Mix,Bakken,Bakken,FORT BERTHOLD 152-93-19D-18-8H,248213.56,Medium,254350.0
33-053-07318-0000,ABRAXAS PETROLEUM CORP.,2017-06-01,2025-12-01,317558.46099,21699.0,102,71435.5436125,2017-07-01,Three Forks,9831.0,2017-06-28,Frac Sand,Three Forks,Three Forks,STENEHJEM 6H,404748.69,Medium,433657.0
33-053-07684-0000,ENERPLUS RESOURCES USA CORPORATION,2017-09-01,2025-12-01,385731.39467999997,29285.0,99,95503.70926634001,2017-11-01,Three Forks,9291.0,2017-09-15,Frac Sand,Three Forks,Three Forks,REDBELLY 152-94-18A-19H-TF,381111.06,Medium,265552.0
33-053-07987-0000,ENERPLUS RESOURCES USA CORPORATION,2017-09-01,2025-12-01,587907.0629,39570.0,99,61637.0651673,2017-10-01,Three Forks,9674.0,2017-09-30,Frac Sand,Three Forks,Three Forks,WHOOPING 150-94-33C-28H-TF2,208741.02,Medium,535420.0
33-053-05259-0000,BURLINGTON RESOURCES OIL & GAS COMPANY LP,2014-02-01,2025-12-01,813659.8997,25796.0,132,92518.45582199,2018-10-01,Three Forks,9825.0,2014-02-09,Sand/Ceramics Mix,Three Forks,Three Forks,ARCHER 14-25TFH,216089.84,Medium,131082.0
33-053-04772-0000,"PETRO-HUNT, L.L.C.",2014-05-01,2025-12-01,317568.84606,17244.0,135,29087.195267459996,2014-06-01,Bakken,10406.0,2014-05-20,Sand/Ceramics Mix,Bakken,Bakken,ROEN 24-10-3H,417012.16,Medium,366290.0
33-053-03852-0000,"PETRO-HUNT, L.L.C.",2014-05-01,2025-12-01,266802.11705,28332.0,127,26908.07886936,2014-06-01,Three Forks,9922.0,2014-05-16,Sand/Ceramics/Resin Proppant Mix,Three Forks,Three Forks,FORT BERTHOLD 152-93-9C-10-6H,319044.5,Medium,293143.0
33-053-04284-0000,"WPX ENERGY WILLISTON, LLC",2014-07-01,2025-12-01,385256.22400000005,20223.0,135,47790.4126535,2014-09-01,Three Forks,9516.0,2014-07-26,Sand/Ceramics Mix,Three Forks,Three Forks,RUBY 31-30HW,549807.06,High,200439.0
33-053-04298-0000,NEWFIELD PRODUCTION COMPANY,2015-03-01,2025-12-01,254384.27703,18028.0,128,42101.67549859,2015-03-01,Bakken,9740.0,2015-03-10,Frac Sand,Bakken,Bakken,JOHNSON 150-99-34-27-2H,348487.91,Medium,138197.0
33-053-04371-0000,BURLINGTON RESOURCES OIL & GAS COMPANY LP,2014-10-01,2025-12-01,282666.6709,23414.0,134,28958.08003881,2014-12-01,Three Forks,10497.0,2014-10-28,Sand/Ceramics Mix,Three Forks,Three Forks,BRYCE 41-5TFH,122151.32,Medium,32761.0
33-053-04416-0000,"BRIGHAM OIL & GAS, L.P.",2014-07-01,2025-12-01,290706.11296,22134.0,136,46927.56499964,2014-08-01,Bakken,9740.0,2014-07-14,Sand/Ceramics Mix,Bakken,Bakken,HOVDE 33-4 4H,365334.78,Medium,232273.0
33-053-04607-0000,SM ENERGY COMPANY,2014-02-01,2025-12-01,281000.77509,17993.0,140,59057.44081258,2014-03-01,Three Forks,10055.0,2014-02-05,Frac Sand,Three Forks,Three Forks,LUCILLE 1X-27H,347670.03,Medium,217961.0
33-053-04655-0000,"BRIGHAM OIL & GAS, L.P.",2014-01-01,2025-12-01,311593.82215,15808.0,138,36125.363962250005,2014-01-01,Bakken,9856.0,2014-01-14,Sand/Ceramics Mix,Bakken,Bakken,GREENSTEIN 30-31 4H,389382.03,Medium,445152.0
33-053-04658-0000,"RESOLUTE NATURAL RESOURCES COMPANY, LLC",2015-06-01,2025-12-01,247892.48696,19874.0,125,50540.99131679999,2015-09-01,Bakken,9938.0,2015-06-09,Sand/Ceramics Mix,Bakken,Bakken,DIAMOND 11-12-1H,328040.19,Medium,216074.0
33-053-04737-0000,"CONTINENTAL RESOURCES, INC.",2014-01-01,2025-12-01,288163.01508000004,16826.0,140,25945.67930109,2014-05-01,Three Forks,10353.0,2014-01-31,Sand/Ceramics Mix,Three Forks,Three Forks,ROLLEFSTAD FEDERAL 14-3H-2,343059.53,Medium,197277.0
33-053-04771-0000,"PETRO-HUNT, L.L.C.",2014-05-01,2025-12-01,273331.05298000004,17538.0,139,32432.40777955,2014-06-01,Bakken,9939.0,2014-05-20,Sand/Ceramics Mix,Bakken,Bakken,ROEN 24-10-2H,306987.03,Medium,375926.0
33-053-04806-0000,QEP ENERGY COMPANY,2014-04-01,2025-12-01,553893.6959500001,32821.0,139,66595.3332545,2019-01-01,Bakken,9667.0,2014-04-02,Sand/Ceramics/Resin Proppant Mix,Bakken,Bakken,LAWLAR 3-5-8BH,248773.27,Medium,166630.0
33-053-04837-0000,"CONTINENTAL RESOURCES, INC.",2014-10-01,2025-12-01,316984.2657,8955.0,134,54246.4724086,2015-01-01,Three Forks,9439.0,2014-10-31,Sand/Ceramics Mix,Three Forks,Three Forks,BJARNE 2-29H,430354.06,Medium,487255.0
33-053-04853-0000,"CONTINENTAL RESOURCES, INC.",2014-04-01,2025-12-01,149931.2529,4880.0,137,12363.930645,2014-10-01,Three Forks,7604.0,2014-04-21,Sand/Ceramics Mix,Three Forks,Three Forks,TALLAHASSEE 3-16H,260941.08,Medium,227878.0
33-053-04872-0000,BURLINGTON RESOURCES OIL & GAS COMPANY LP,2016-08-01,2025-12-01,523927.23091000004,27226.0,102,85520.11616304,2017-10-01,Three Forks,11077.0,2016-08-08,Sand/Ceramics Mix,Three Forks,Three Forks,MERTON 21-15TFH 3NH,573662.56,High,243810.0
33-053-04894-0000,XTO ENERGY INC,2014-03-01,2025-12-01,226567.99595,19871.0,126,26808.297731429997,2014-09-01,Three Forks,9171.0,2014-03-22,Sand/Ceramics Mix,Three Forks,Three Forks,BULLY FEDERAL 44X-20E,265891.22,Medium,170582.0
33-053-04933-0000,XTO ENERGY INC,2014-06-01,2025-12-01,393426.507,18532.0,131,86706.26194989998,2014-09-01,Bakken,9319.0,2014-06-28,Sand/Ceramics Mix,Bakken,Bakken,LOOMER 41X-3D,509178.25,High,180357.0
33-053-04944-0000,XTO ENERGY INC,2014-03-01,2025-12-01,555689.719,21133.0,141,140340.45674859997,2014-08-01,Three Forks,10585.0,2014-03-25,Sand/Ceramics Mix,Three Forks,Three Forks,ROLFSRUD STATE 14X-36F,713690.38,High,122674.0
33-053-04948-0000,XTO ENERGY INC,2014-01-01,2025-12-01,192267.31211,14496.0,131,34862.9471139,2014-03-01,Three Forks,8870.0,2014-01-30,Sand/Ceramics Mix,Three Forks,Three Forks,ALICE 44X-34G,129678.84,Medium,168576.0
33-053-04970-0000,"G3 OPERATING, LLC",2014-03-01,2025-12-01,382667.26193000004,32813.0,130,51195.892315929996,2014-03-01,Three Forks,10243.0,2014-03-06,Sand/Ceramics/Resin Proppant Mix,Three Forks,Three Forks,FORT BERTHOLD 152-94-11B-14-6H,435074.66,Medium,227765.0
33-053-04986-0000,XTO ENERGY INC,2014-03-01,2025-12-01,181590.43615,12903.0,136,21011.470737990003,2014-05-01,Three Forks,10176.0,2014-03-07,Sand/Ceramics Mix,Three Forks,Three Forks,LOOMER 41X-4H,227862.8,Medium,198687.0
33-053-04988-0000,XTO ENERGY INC,2014-04-01,2025-12-01,191052.87311,16388.0,134,34771.81766298,2014-05-01,Three Forks,9565.0,2014-04-02,Sand/Ceramics Mix,Three Forks,Three Forks,LOOMER 41X-4G,230196.08,Medium,162544.0
33-053-05007-0000,BURLINGTON RESOURCES OIL & GAS COMPANY LP,2014-01-01,2025-12-01,441904.46905,25692.0,140,73042.68222539,2014-04-01,Bakken,9278.0,2014-01-02,Sand/Ceramics Mix,Bakken,Bakken,WASHBURN 43-36MBH,529398.63,High,136636.0
33-053-05015-0000,BURLINGTON RESOURCES OIL & GAS COMPANY LP,2014-01-01,2025-12-01,430455.83918999997,25791.0,141,64639.11895895,2015-03-01,Three Forks,9288.0,2014-01-19,Sand/Ceramics Mix,Three Forks,Three Forks,WASHBURN 42-36TFH,488222.97,Medium,112466.0
33-053-05017-0000,BURLINGTON RESOURCES OIL & GAS COMPANY LP,2014-05-01,2025-12-01,330814.66902000003,21462.0,127,40004.8051719,2014-07-01,Three Forks,10112.0,2014-05-21,Sand/Ceramics Mix,Three Forks,Three Forks,RISING SUN 31-1TFH-7NH,401919.72,Medium,110609.0
33-053-05022-0000,HESS CORPORATION,2014-06-01,2025-12-01,297978.65391,19524.0,139,33078.38732184,2014-07-01,Bakken,9718.0,2014-06-21,Frac Sand,Bakken,Bakken,BW-JOHNSON 149-99-1003H-2,398117.22,Medium,374754.0
33-053-05026-0000,HESS CORPORATION,2014-05-01,2025-12-01,315010.25516,33113.0,139,97041.26416617,2014-05-01,Bakken,10378.0,2014-05-07,Frac Sand,Bakken,Bakken,AN-EVENSON 152-95-0310H-3,361275.63,Medium,45735.0
33-053-05058-0000,"CONTINENTAL RESOURCES, INC.",2014-05-01,2025-12-01,459968.75806,25058.0,136,50700.98910577,2014-06-01,Bakken,9556.0,2014-05-05,Sand/Ceramics Mix,Bakken,Bakken,SALERS 1-27H,531497.25,High,82321.0
33-053-05088-0000,NEWFIELD PRODUCTION COMPANY,2014-03-01,2025-12-01,303084.30018,18017.0,140,68351.63479473999,2014-03-01,Bakken,9813.0,2014-03-10,Sand/Ceramics Mix,Bakken,Bakken,HOLM 150-98-5-8-2H,380819.97,Medium,150449.0
33-053-05116-0000,QEP ENERGY COMPANY,2014-04-01,2025-12-01,444092.16387,26487.0,140,88261.80549900999,2017-11-01,Bakken,9945.0,2014-04-24,Sand/Ceramics/Resin Proppant Mix,Bakken,Bakken,PONCHO 2-3-10BH,480184.03,Medium,295336.0
33-053-05120-0000,BURLINGTON RESOURCES OIL & GAS COMPANY LP,2014-01-01,2025-12-01,169512.1138,11797.0,125,18310.80511167,2014-06-01,Three Forks,9107.0,2014-01-30,Sand/Ceramics Mix,Three Forks,Three Forks,ARCHER 44-25TFH,218107.5,Medium,87852.0
33-053-05152-0000,BURLINGTON RESOURCES OIL & GAS COMPANY LP,2014-05-01,2025-12-01,238738.02524000002,14589.0,133,48888.23275349999,2014-07-01,Three Forks,10508.0,2014-05-04,Sand/Ceramics Mix,Three Forks,Three Forks,CAPITOL 24-7TFH,326439.09,Medium,84448.0
33-053-05154-0000,HESS CORPORATION,2014-01-01,2025-12-01,254644.82915,15957.0,144,29867.478856359994,2014-02-01,Bakken,9062.0,2014-01-24,Frac Sand,Bakken,Bakken,BW-ELLEN IDA- 150-99-3031H-2,335695.88,Medium,93989.0
33-053-05167-0000,XTO ENERGY INC,2014-07-01,2025-12-01,395873.7166,16007.0,135,60891.77773029,2014-10-01,Bakken,10010.0,2014-07-23,Sand/Ceramics Mix,Bakken,Bakken,LOOMER 24X-34A,521285.06,High,202247.0
33-053-05207-0000,WHITING OIL AND GAS CORPORATION,2014-06-01,2025-12-01,284665.66998,25674.0,139,42305.3064353,2014-06-01,Bakken,10847.0,2014-06-03,Sand/Ceramics Mix,Bakken,Bakken,WRIGHT 44-34H,382416.69,Medium,323252.0
33-053-05215-0000,QEP ENERGY COMPANY,2014-10-01,2025-12-01,391192.07920000004,35311.0,134,54622.53305129999,2014-10-01,Bakken,9787.0,2014-10-06,Frac Sand,Bakken,Bakken,KIRKLAND 2-23-14BH,523352.34,High,196003.0
33-053-05233-0000,"EMERALD OIL, INC",2014-03-01,2025-12-01,208704.36019,13693.0,142,21986.062393269996,2014-03-01,Three Forks,9948.0,2014-03-09,Sand/Ceramics Mix,Three Forks,Three Forks,CAPER 3-15-22H,264341.13,Medium,420830.0
33-053-05250-0000,QEP ENERGY COMPANY,2014-04-01,2025-12-01,521382.8539,26145.0,140,77266.161807,2017-11-01,Bakken,9952.0,2014-04-20,Sand/Ceramics/Resin Proppant Mix,Bakken,Bakken,PONCHO  5-3-10BH,571382.75,High,293996.0
33-053-05253-0000,XTO ENERGY INC,2014-04-01,2025-12-01,287830.44598,19518.0,134,71018.72476249999,2014-07-01,Bakken,9526.0,2014-04-13,Sand/Ceramics Mix,Bakken,Bakken,RINK 13X-4A,350868.66,Medium,240650.0
33-053-05275-0000,NEWFIELD PRODUCTION COMPANY,2014-05-01,2025-12-01,250073.29798,17645.0,140,48662.46239006,2014-05-01,Bakken,9534.0,2014-05-06,Sand/Ceramics Mix,Bakken,Bakken,SCOTT 150-99-13-24-4H,318467.34,Medium,120584.0
33-053-05276-0000,NEWFIELD PRODUCTION COMPANY,2014-05-01,2025-12-01,239392.34801000002,16683.0,136,48684.51452875,2014-05-01,Bakken,9510.0,2014-05-07,Sand/Ceramics Mix,Bakken,Bakken,SCOTT 150-99-13-24-5H,308838.0,Medium,112310.0
33-053-05288-0000,NEWFIELD PRODUCTION COMPANY,2014-04-01,2025-12-01,270496.77813,20314.0,140,77307.35713402,2014-05-01,Bakken,10462.0,2014-04-28,Sand/Ceramics Mix,Bakken,Bakken,WAHUS STATE 152-97-12-1-3H,325132.44,Medium,90645.0
33-053-05302-0000,NEWFIELD PRODUCTION COMPANY,2014-11-01,2025-12-01,282715.46528,18579.0,133,57071.683708150005,2014-11-01,Three Forks,10130.0,2014-11-07,Sand/Ceramics Mix,Three Forks,Three Forks,ROLFSRUD STATE 152-96-29-32-10H,391055.38,Medium,97338.0
33-053-05303-0000,NEWFIELD PRODUCTION COMPANY,2014-11-01,2025-12-01,248013.51601999998,17768.0,133,50029.93171913,2014-12-01,Bakken,8078.0,2014-11-07,Sand/Ceramics Mix,Bakken,Bakken,ROLFSRUD STATE 152-96-29-32-2HZ,309288.06,Medium,58716.0
33-053-05357-0000,SM ENERGY COMPANY,2014-06-01,2025-12-01,305443.80601,21401.0,138,48430.294228959996,2014-07-01,Bakken,9990.0,2014-06-18,Sand/Ceramics Mix,Bakken,Bakken,EMMA 13-7H,366691.84,Medium,122057.0
33-053-05359-0000,HESS CORPORATION,2014-06-01,2025-12-01,357928.75701,41214.0,139,80747.54629477,2014-06-01,Bakken,9766.0,2014-06-01,Frac Sand,Bakken,Bakken,HA-LINK- 152-95-3526H-4,436236.41,Medium,71869.0
33-053-05375-0000,HESS CORPORATION,2014-07-01,2025-12-01,255411.35899,21540.0,138,30005.07402575,2014-07-01,Bakken,9334.0,2014-07-16,Frac Sand,Bakken,Bakken,BW-ARNEGARD STATE- 151-100-3625H-4,317805.94,Medium,95010.0
33-053-05378-0000,"EMERALD OIL, INC",2014-05-01,2025-12-01,253188.50001000002,17176.0,140,37181.7265989,2014-05-01,Bakken,9738.0,2014-05-14,Ceramics,Bakken,Bakken,PIRATE  2-2-11H,291967.34,Medium,402021.0
33-053-05384-0000,TRIANGLE USA PETROLEUM CORPORATION,2014-04-01,2025-12-01,178927.44697,15597.0,124,43429.16557291,2014-04-01,Bakken,9266.0,2014-04-07,Sand/Ceramics Mix,Bakken,Bakken,WISNESS 150-100-23-14-5H,195832.05,Medium,195112.0
33-053-05388-0000,"CONTINENTAL RESOURCES, INC.",2014-04-01,2025-12-01,141537.04002000001,8663.0,141,12596.446700440001,2014-05-01,Bakken,10094.0,2014-04-07,Sand/Ceramics Mix,Bakken,Bakken,FEDELER 1-33H,35732.207,Low,179082.0
33-053-05389-0000,WHITING OIL AND GAS CORPORATION,2014-03-01,2025-12-01,253526.91805,15467.0,139,24427.7404192,2014-04-01,Bakken,9660.0,2014-03-20,Sand/Ceramics Mix,Bakken,Bakken,THURLOW WILLIAMS 11-18H,310344.5,Medium,279500.0
33-053-05405-0000,"HRC OPERATING, LLC",2014-07-01,2025-12-01,429294.63503,37619.0,135,57682.137516890005,2014-08-01,Bakken,9619.0,2014-07-24,Sand/Resin Mix,Bakken,Bakken,FORT BERTHOLD 152-94-24D-13-5H,193132.91,Medium,298628.0
33-053-05422-0000,QEP ENERGY COMPANY,2014-07-01,2025-12-01,384642.647,26382.0,138,54045.193853,2014-08-01,Three Forks,9966.0,2014-07-04,Sand/Ceramics Mix,Three Forks,Three Forks,OTIS 3-28-33TH,396868.44,Medium,136449.0
33-053-05429-0000,WHITING OIL AND GAS CORPORATION,2015-01-01,2025-12-01,197616.84281,14812.0,125,15044.10631408,2015-01-01,Bakken,8925.0,2015-01-06,Sand/Ceramics Mix,Bakken,Bakken,FINSAAS 34-9-4H,250391.47,Medium,244900.0
33-053-05436-0000,ABRAXAS PETROLEUM CORP.,2014-08-01,2025-12-01,283009.727003,28364.0,132,62445.9933837,2014-09-01,Bakken,9391.0,2014-08-05,Sand/Ceramics Mix,Bakken,Bakken,RAVIN 26-35-5H,292352.28,Medium,177632.0
33-053-05440-0000,OASIS PETROLEUM NORTH AMERICA LLC,2014-06-01,2025-12-01,272402.68384,22642.0,134,38095.5838662,2014-07-01,Three Forks,12158.0,2014-06-22,Frac Sand,Three Forks,Three Forks,BRIER  5200 44-22 5T,362909.69,Medium,336387.0
33-053-05448-0000,TRIANGLE USA PETROLEUM CORPORATION,2014-07-01,2025-12-01,238281.08908,16902.0,134,57622.780244069996,2014-07-01,Bakken,9454.0,2014-07-12,Sand/Ceramics Mix,Bakken,Bakken,HAGEN 149-100-9-4-8H,315173.69,Medium,197144.0
33-053-05450-0000,"HRC OPERATING, LLC",2015-08-01,2025-12-01,255849.82195,38384.0,117,36757.859293299996,2015-08-01,Bakken,9877.0,2015-08-04,Sand/Ceramics Mix,Bakken,Bakken,FORT BERTHOLD 152-93-19D-18-4H,303149.38,Medium,184915.0
33-053-05484-0000,HESS CORPORATION,2014-08-01,2025-12-01,304080.6798,30918.0,135,34629.705310269994,2014-09-01,Three Forks,9807.0,2014-08-25,Sand/Ceramics Mix,Three Forks,Three Forks,HA-NELSON A- 152-95-3427H-4,388896.88,Medium,106962.0
33-053-05494-0000,WHITING OIL AND GAS CORPORATION,2014-06-01,2025-12-01,223257.00813,17753.0,133,25410.918866300002,2014-06-01,Bakken,9690.0,2014-06-18,Sand/Ceramics Mix,Bakken,Bakken,MORK TRUST 21-17-6H,89712.313,Low,229880.0
33-053-05509-0000,BURLINGTON RESOURCES OIL & GAS COMPANY LP,2014-07-01,2025-12-01,326086.0118,15374.0,129,32246.430307899995,2015-01-01,Three Forks,9600.0,2014-07-06,Sand/Ceramics Mix,Three Forks,Three Forks,NORMAN 34-33TFH,126183.33,Medium,97357.0
33-053-05537-0000,XTO ENERGY INC,2014-06-01,2025-12-01,510796.73730000004,20429.0,134,94470.2958345,2014-07-01,Bakken,9488.0,2014-06-14,Sand/Ceramics Mix,Bakken,Bakken,MCCOY 44X-36D,844961.13,High,115604.0
33-053-05550-0000,"EMERALD OIL, INC",2014-12-01,2025-12-01,192533.5921,11337.0,133,21309.68045638,2014-12-01,Bakken,10013.0,2014-12-12,Sand/Ceramics Mix,Bakken,Bakken,SLUGGER 5-16-21H,62655.574,Low,339076.0
33-053-05574-0000,"EMERALD OIL, INC",2015-01-01,2025-12-01,183847.07689,11920.0,132,24155.975859640002,2015-01-01,Three Forks,10049.0,2015-01-04,Ceramics,Three Forks,Three Forks,TALON 6-9-4H,79766.078,Low,440818.0
33-053-05581-0000,TRIANGLE USA PETROLEUM CORPORATION,2014-06-01,2025-12-01,204142.84699,17725.0,134,28318.75085632,2014-07-01,Bakken,9453.0,2014-06-25,Sand/Ceramics Mix,Bakken,Bakken,MONSON 152-102-35-26-2H,232092.03,Medium,469271.0
33-053-05591-0000,KODIAK OIL & GAS (USA) INC.,2014-09-01,2025-12-01,320258.5489,27613.0,136,46211.36016969,2014-09-01,Bakken,8670.0,2014-09-02,Sand/Ceramics Mix,Bakken,Bakken,KOALA 4-4-31-13H,446906.88,Medium,237607.0
33-053-05613-0000,NEWFIELD PRODUCTION COMPANY,2014-10-01,2025-12-01,246656.71024,15430.0,132,41676.16534389,2014-10-01,Bakken,9578.0,2014-10-09,Sand/Ceramics Mix,Bakken,Bakken,GARIETY 150-99-36-25-4H,99371.0,Low,148330.0
33-053-05624-0000,NEWFIELD PRODUCTION COMPANY,2014-06-01,2025-12-01,293556.43489000003,19766.0,139,45949.10142748,2014-06-01,Bakken,9593.0,2014-06-03,Sand/Ceramics Mix,Bakken,Bakken,CRAIG SKAAR 150-99-15-22-5H,402408.13,Medium,132120.0
33-053-05681-0000,"PETRO-HUNT, L.L.C.",2014-12-01,2025-12-01,247467.91997,20439.0,131,71230.630488,2015-01-01,Three Forks,9750.0,2014-12-17,Sand/Ceramics Mix,Three Forks,Three Forks,JONSRUD 152-96-34C-27-2HS,229773.97,Medium,179791.0
33-053-05684-0000,WHITING OIL AND GAS CORPORATION,2014-05-01,2025-12-01,324407.0934,16188.0,140,25219.386828149996,2014-06-01,Bakken,10949.0,2014-05-20,Sand/Ceramics Mix,Bakken,Bakken,ROEN 34-10-2H,431899.09,Medium,356474.0
33-053-05689-0000,BURLINGTON RESOURCES OIL & GAS COMPANY LP,2014-12-01,2025-12-01,228895.55895,22503.0,126,49224.18218627,2015-04-01,Bakken,9730.0,2014-11-27,Sand/Ceramics Mix,Bakken,Bakken,HAYMAKER 31-15MBH-B,270260.81,Medium,165840.0
33-053-05732-0000,"HESS BAKKEN INVESTMENTS II, LLC",2014-10-01,2025-12-01,326194.22611,33004.0,135,66029.91158838,2014-11-01,Bakken,10821.0,2014-10-30,Frac Sand,Bakken,Bakken,HA-MOGEN-LE- 152-95-0805H-1,412838.97,Medium,45834.0
33-053-05737-0000,WHITING OIL AND GAS CORPORATION,2014-12-01,2025-12-01,191396.42102,13142.0,129,27711.903370550004,2015-01-01,Bakken,9764.0,2014-12-17,Frac Sand,Bakken,Bakken,FINSAAS FEDERAL 31-16-4H,222383.92,Medium,226066.0
33-053-05741-0000,WHITING OIL AND GAS CORPORATION,2014-09-01,2025-12-01,129839.28907,8047.0,132,10749.83330903,2014-12-01,Bakken,9392.0,2014-09-23,Frac Sand,Bakken,Bakken,LANGWALD 24-9-1H,165738.56,Medium,189573.0
33-053-05748-0000,XTO ENERGY INC,2015-03-01,2025-12-01,475391.6609,26837.0,123,55797.3157141,2015-05-01,Bakken,9410.0,2015-03-22,Frac Sand,Bakken,Bakken,VAN DYKE FEDERAL 44X-19A,621470.63,High,102787.0
33-053-05751-0000,"PETRO-HUNT, L.L.C.",2014-12-01,2025-12-01,669343.2684,27062.0,132,61960.24793327,2015-01-01,Three Forks,9136.0,2014-12-20,Sand/Ceramics Mix,Three Forks,Three Forks,USA 153-95-4B-9-1HS,903310.88,High,205071.0
33-053-05763-0000,"CONTINENTAL RESOURCES, INC.",2015-05-01,2025-12-01,130364.54199,6203.0,123,13743.85353344,2015-06-01,Three Forks,7394.0,2015-04-29,Sand/Ceramics Mix,Three Forks,Three Forks,SCOTTSDALE 3-31H1,168719.47,Medium,299244.0
33-053-05783-0000,"PETRO-HUNT, L.L.C.",2015-10-01,2025-12-01,867104.69413,30003.0,117,136400.62769288002,2015-11-01,Bakken,9690.0,2015-10-31,Sand/Ceramics Mix,Bakken,Bakken,USA 153-95-22D-15-1HS,976253.31,High,189014.0
33-053-05802-0000,WHITING OIL AND GAS CORPORATION,2014-09-01,2025-12-01,161803.5701,12055.0,132,14152.53279044,2014-10-01,Bakken,10150.0,2014-09-23,Sand/Ceramics Mix,Bakken,Bakken,ASBECK FEDERAL 21-16-1H,196882.75,Medium,207153.0
33-053-05806-0000,"WPX ENERGY WILLISTON, LLC",2017-06-01,2025-12-01,303328.76494,33157.0,101,64781.97281400001,2017-07-01,Three Forks,9782.0,2017-06-18,Frac Sand,Three Forks,Three Forks,LUCY EVANS 29-32HW,176502.63,Medium,294216.0
33-053-05828-0000,QEP ENERGY COMPANY,2014-10-01,2025-12-01,77002.20105,5513.0,116,55072.91508252,2015-10-01,Bakken,10147.0,2014-12-10,Sand/Ceramics/Resin Proppant Mix,Bakken,Bakken,STATE 3-16-21BH,94257.977,Low,83527.0
33-053-05840-0000,"HESS BAKKEN INVESTMENTS II, LLC",2015-03-01,2025-12-01,298434.4331,31750.0,128,58378.66655003,2015-04-01,Bakken,9564.0,2015-03-18,Frac Sand,Bakken,Bakken,HA-ROLFSRUD- 152-96-1720H-5,402772.72,Medium,58388.0
33-053-05863-0000,XTO ENERGY INC,2014-12-01,2025-12-01,185982.13094,8374.0,128,34800.348773,2015-02-01,Three Forks,9709.0,2014-12-21,Sand/Ceramics Mix,Three Forks,Three Forks,RIECKHOFF 21X-3G,240004.3,Medium,152256.0
33-053-05864-0000,XTO ENERGY INC,2015-01-01,2025-12-01,318211.78197,17010.0,128,53780.9342591,2015-05-01,Bakken,9319.0,2015-01-03,Sand/Ceramics Mix,Bakken,Bakken,RIECKHOFF 21X-3B,369959.94,Medium,154579.0
33-053-05881-0000,QEP ENERGY COMPANY,2014-12-01,2025-12-01,487531.1949,33626.0,133,60457.90479850001,2015-01-01,Bakken,9862.0,2014-12-13,Frac Sand,Bakken,Bakken,LINSETH 3-22-15BH,136800.45,Medium,248840.0
33-053-05887-0000,WHITING OIL AND GAS CORPORATION,2014-08-01,2025-12-01,262027.63708000001,14975.0,134,24772.862951580002,2014-09-01,Bakken,9168.0,2014-08-12,Sand/Ceramics Mix,Bakken,Bakken,GUNDER T. 31-30-3H,327832.25,Medium,317928.0
33-053-05888-0000,BURLINGTON RESOURCES OIL & GAS COMPANY LP,2014-11-01,2025-12-01,352653.11295,17772.0,130,42434.88380295,2015-12-01,Three Forks,9522.0,2014-10-31,Frac Sand,Three Forks,Three Forks,COPPER DRAW 11-27TFH ULW,442534.78,Medium,125644.0
33-053-05892-0000,"CONTINENTAL RESOURCES, INC.",2014-09-01,2025-12-01,582331.58978,25878.0,131,221945.93753659996,2014-11-01,Three Forks,9333.0,2014-09-28,Sand/Ceramics Mix,Three Forks,Three Forks,OLSON 4-8H1,778027.56,High,387165.0
33-053-05900-0000,"HRC OPERATING, LLC",2015-07-01,2025-12-01,293749.86273,38278.0,114,61951.5846436,2015-08-01,Three Forks,9764.0,2015-07-30,Frac Sand,Three Forks,Three Forks,FORT BERTHOLD 152-93-19D-18-11H,340972.31,Medium,260957.0
33-053-05902-0000,XTO ENERGY INC,2015-01-01,2025-12-01,346992.1224,16969.0,124,53349.8527073,2015-03-01,Three Forks,9316.0,2015-01-17,Sand/Ceramics Mix,Three Forks,Three Forks,OMLID 41X-13H,537918.81,High,200538.0
33-053-05924-0000,OASIS PETROLEUM NORTH AMERICA LLC,2014-12-01,2025-12-01,195740.53792,16635.0,131,39731.582779200005,2015-01-01,Three Forks,9669.0,2014-12-18,Sand/Ceramics Mix,Three Forks,Three Forks,CHALMERS 5301 44-24 2TR,243913.36,Medium,419241.0
33-053-05926-0000,BURLINGTON RESOURCES OIL & GAS COMPANY LP,2014-12-01,2025-12-01,633692.456,25758.0,129,61101.60640079999,2015-10-01,Three Forks,9932.0,2014-12-25,Sand/Ceramics Mix,Three Forks,Three Forks,LILLIBRIDGE 41-27TFH-ULW,216511.2,Medium,135508.0
33-053-05935-0000,NEWFIELD PRODUCTION COMPANY,2014-08-01,2025-12-01,293075.36478,19180.0,126,72924.41412266,2014-09-01,Bakken,9666.0,2014-08-26,Sand/Ceramics Mix,Bakken,Bakken,LOOMER 150-99-2-11-5H,189325.84,Medium,120733.0
33-053-05940-0000,XTO ENERGY INC,2015-03-01,2025-12-01,326919.927,13359.0,119,41514.2767288,2015-07-01,Three Forks,9738.0,2015-03-30,Frac Sand,Three Forks,Three Forks,LUNDIN FEDERAL 31X-9H,467137.28,Medium,315940.0
33-053-05951-0000,TRIANGLE USA PETROLEUM CORPORATION,2014-09-01,2025-12-01,289636.49115,17228.0,132,64460.72451510001,2014-10-01,Bakken,9407.0,2014-09-25,Sand/Ceramics Mix,Bakken,Bakken,STATE 152-102-36-25-4H,349617.69,Medium,393731.0
33-053-05952-0000,WHITING OIL AND GAS CORPORATION,2014-10-01,2025-12-01,234930.98104,15757.0,135,26806.545947910003,2014-11-01,Bakken,9115.0,2014-10-24,Sand/Ceramics Mix,Bakken,Bakken,GOOD SHEPHERD 41-15H,78275.406,Low,258717.0
33-053-05972-0000,"HESS BAKKEN INVESTMENTS II, LLC",2015-03-01,2025-12-01,387118.58511,31448.0,130,73386.92406616,2015-04-01,Three Forks,10978.0,2015-03-17,Frac Sand,Three Forks,Three Forks,HA-DAHL- LW-152-95-0706H-1,429747.75,Medium,55084.0
33-053-06003-0000,"CONTINENTAL RESOURCES, INC.",2015-04-01,2025-12-01,256062.91814,21472.0,127,72056.15894868999,2015-12-01,Three Forks,10447.0,2015-03-29,Sand/Ceramics Mix,Three Forks,Three Forks,BAILEY 6-24H1,318874.06,Medium,227125.0
33-053-06013-0000,"CONTINENTAL RESOURCES, INC.",2014-11-01,2025-12-01,358546.74714,26419.0,123,60256.88707399999,2015-03-01,Bakken,9915.0,2014-11-30,Sand/Ceramics Mix,Bakken,Bakken,JAMESTOWN FEDERAL 6-17H,397609.59,Medium,285001.0
33-053-06023-0000,OASIS PETROLEUM NORTH AMERICA LLC,2015-05-01,2025-12-01,213776.32515,21290.0,126,28476.13951491,2015-06-01,Bakken,9356.0,2015-05-18,Sand/Ceramics Mix,Bakken,Bakken,CHALMERS 5300 21-19 9B,257607.55,Medium,339935.0
33-053-06041-0000,"EMERALD OIL, INC",2015-07-01,2025-12-01,144777.13201,7507.0,126,20501.1559337,2015-08-01,Bakken,9249.0,2015-07-04,Ceramics,Bakken,Bakken,DUDLEY DAWSON 6-2-11H,186306.22,Medium,325437.0
33-053-06051-0000,OASIS PETROLEUM NORTH AMERICA LLC,2015-06-01,2025-12-01,330758.4134,24090.0,124,34068.55424841,2015-07-01,Bakken,8713.0,2015-06-13,Sand/Resin Mix,Bakken,Bakken,WADE FEDERAL  5300 41-30 9B,434282.19,Medium,809585.0
33-053-06098-0000,TRIANGLE USA PETROLEUM CORPORATION,2015-01-01,2025-12-01,262441.27697,13586.0,124,30721.610936890003,2015-03-01,Bakken,9454.0,2015-01-26,Sand/Ceramics Mix,Bakken,Bakken,SIMPSON 151-102-5-8-1H,48006.18,Low,480331.0
33-053-06126-0000,NEWFIELD PRODUCTION COMPANY,2015-05-01,2025-12-01,142897.02615,14735.0,127,55843.7549744,2015-05-01,Bakken,4826.0,2015-05-06,Frac Sand,Bakken,Bakken,SKAAR FEDERAL 153-96-29-3H,188856.44,Medium,77290.0
33-053-06131-0000,OASIS PETROLEUM NORTH AMERICA LLC,2015-04-01,2025-12-01,339137.36974,26626.0,129,42851.72501859,2015-05-01,Bakken,9535.0,2015-04-22,Sand/Resin Mix,Bakken,Bakken,WADE FEDERAL 5300 21-30 13B,424830.31,Medium,541027.0
33-053-06134-0000,"CONTINENTAL RESOURCES, INC.",2017-01-01,2025-12-01,541433.57278,37474.0,102,157084.8002115,2017-05-01,Three Forks,9606.0,2017-01-29,Sand/Ceramics Mix,Three Forks,Three Forks,RADERMECHER 4-22H2,566700.75,High,530254.0
33-053-06145-0000,WHITING OIL AND GAS CORPORATION,2015-02-01,2025-12-01,259698.18412,21169.0,131,20195.2998262,2015-02-01,Bakken,9570.0,2015-02-03,Sand/Ceramics Mix,Bakken,Bakken,MRACHEK 21-26-4H,337119.25,Medium,279327.0
33-053-06152-0000,BURLINGTON RESOURCES OIL & GAS COMPANY LP,2015-07-01,2025-12-01,209292.60201,14912.0,116,29713.83665939,2015-10-01,Three Forks,9322.0,2015-07-01,Sand/Ceramics/Resin Proppant Mix,Three Forks,Three Forks,TETON 2-1-3MTFH,265734.34,Medium,110044.0
33-053-06156-0000,XTO ENERGY INC,2015-07-01,2025-12-01,181365.24692,17459.0,123,31076.252318289997,2015-10-01,Three Forks,10138.0,2015-07-29,Sand/Ceramics Mix,Three Forks,Three Forks,AMUNDSON 34X-22E,226205.23,Medium,146534.0
33-053-06157-0000,XTO ENERGY INC,2015-06-01,2025-12-01,295036.32453,18661.0,123,69654.70789531,2015-10-01,Bakken,9797.0,2015-06-30,Frac Sand,Bakken,Bakken,AMUNDSON 34X-22B,385952.03,Medium,143480.0
33-053-06180-0000,"HESS BAKKEN INVESTMENTS II, LLC",2016-04-01,2025-12-01,254929.27692,17235.0,117,50323.56317105,2016-05-01,Bakken,9664.0,2016-04-08,Frac Sand,Bakken,Bakken,BW-JOHNSON- 149-99-1003H-6,313887.91,Medium,219909.0
33-053-06182-0000,"HESS BAKKEN INVESTMENTS II, LLC",2016-04-01,2025-12-01,274485.99712,22570.0,92,41809.5967526,2016-05-01,Bakken,9882.0,2016-05-09,Frac Sand,Bakken,Bakken,BW-ERLER- 149-99-1522H-5,356650.25,Medium,214654.0
33-053-06189-0000,TRIANGLE USA PETROLEUM CORPORATION,2016-07-01,2025-12-01,150739.84498,16106.0,102,47975.571221670005,2016-10-01,Bakken,8901.0,2016-07-27,Sand/Ceramics Mix,Bakken,Bakken,J GARVIN JACOBSON 150-101-8-5-7H,177374.59,Medium,238799.0
33-053-06194-0000,"HESS BAKKEN INVESTMENTS II, LLC",2015-07-01,2025-12-01,250420.88696,21417.0,125,34591.64365332,2015-08-01,Bakken,10279.0,2015-07-20,Frac Sand,Bakken,Bakken,BB-CHAPIN A- 151-95-0403H-7,298103.44,Medium,77935.0
33-053-06207-0000,XTO ENERGY INC,2015-06-01,2025-12-01,181906.664,11273.0,125,16680.58605715,2015-08-01,Bakken,10192.0,2015-06-20,Frac Sand,Bakken,Bakken,GRANLI 34X-20D,217810.56,Medium,180348.0
33-053-06252-0000,QEP ENERGY COMPANY,2015-05-01,2025-12-01,422308.07981,31154.0,128,75109.3088412,2015-06-01,Bakken,10091.0,2015-05-18,Frac Sand,Bakken,Bakken,P. LEVANG 2-14-23BH,464959.81,Medium,245148.0
33-053-06259-0000,QEP ENERGY COMPANY,2015-07-01,2025-12-01,399134.89899,39579.0,126,52856.80531384,2015-08-01,Bakken,9751.0,2015-07-17,Frac Sand,Bakken,Bakken,TAT 5-35-26BH,439780.66,Medium,280866.0
33-053-06268-0000,WHITING OIL AND GAS CORPORATION,2015-03-01,2025-12-01,177875.06495,14679.0,128,22561.6615234,2015-03-01,Bakken,8351.0,2015-03-10,Sand/Ceramics Mix,Bakken,Bakken,STATE 31-3-5HU,219904.5,Medium,225143.0
33-053-06273-0000,BURLINGTON RESOURCES OIL & GAS COMPANY LP,2015-07-01,2025-12-01,209923.35012000002,14333.0,119,34160.67728288,2015-12-01,Three Forks,9193.0,2015-07-19,Sand/Ceramics Mix,Three Forks,Three Forks,KINGS CANYON 4-8-34UTFH,75381.039,Low,127986.0
33-053-06288-0000,"WPX ENERGY WILLISTON, LLC",2016-02-01,2025-12-01,705813.54232,62102.0,119,55096.565886000004,2016-03-01,Bakken,9760.0,2016-02-27,Frac Sand,Bakken,Bakken,EMMA OWNER 23-14HB,183130.23,Medium,424001.0
33-053-06318-0000,QEP ENERGY COMPANY,2015-08-01,2025-12-01,413357.16422000004,31427.0,125,63536.0216406,2015-10-01,Bakken,9811.0,2015-08-10,Frac Sand,Bakken,Bakken,P. LEVANG 4-14-23BH,478870.47,Medium,187860.0
33-053-06319-0000,QEP ENERGY COMPANY,2015-08-01,2025-12-01,413144.12580000004,34683.0,124,80041.39899904,2015-09-01,Bakken,10128.0,2015-08-08,Frac Sand,Bakken,Bakken,P. LEVANG 3-14-23BH,566528.94,High,221966.0
33-053-06350-0000,"CONTINENTAL RESOURCES, INC.",2015-01-01,2025-12-01,241891.64007,13020.0,132,47595.3938046,2015-03-01,Bakken,14036.0,2015-01-06,Ceramics,Bakken,Bakken,MARY  1-16XH,82535.414,Low,414359.0
33-053-06354-0000,NEWFIELD PRODUCTION COMPANY,2015-05-01,2025-12-01,322379.84911,16731.0,127,59693.72990481,2015-06-01,Three Forks,9755.0,2015-05-17,Frac Sand,Three Forks,Three Forks,OLSON 152-96-30-31-13HLW,405813.06,Medium,165171.0
33-053-06382-0000,TRIANGLE USA PETROLEUM CORPORATION,2017-08-01,2025-12-01,169657.79696,9000.0,95,50781.65936657,2017-12-01,Bakken,7446.0,2017-08-26,Frac Sand,Bakken,Bakken,ANDERSON 148-100-7-6-2H,228047.73,Medium,382336.0
33-053-06391-0000,QEP ENERGY COMPANY,2015-05-01,2025-12-01,342738.05512000003,29739.0,127,65042.52944888,2015-06-01,Three Forks,6742.0,2015-05-15,Frac Sand,Three Forks,Three Forks,P. LEVANG 1-14TH,397205.75,Medium,249005.0
33-053-06396-0000,XTO ENERGY INC,2016-01-01,2025-12-01,182803.59698,20270.0,107,59306.178032610005,2016-04-01,Three Forks,9315.0,2016-01-29,Frac Sand,Three Forks,Three Forks,HOMER 14X-32E,339426.22,Medium,180291.0
33-053-06398-0000,WHITING OIL AND GAS CORPORATION,2015-03-01,2025-12-01,184981.01507999998,13826.0,126,46225.491690300005,2015-05-01,Bakken,8637.0,2015-03-16,Sand/Ceramics Mix,Bakken,Bakken,ARNEGARD 21-26-3H,240505.52,Medium,158159.0
33-053-06446-0000,"CONTINENTAL RESOURCES, INC.",2017-05-01,2025-12-01,429124.94604,35689.0,102,104893.893551,2017-06-01,Bakken,11779.0,2017-05-03,Frac Sand,Bakken,Bakken,HOLSTEIN FEDERAL 6-25H,480309.66,Medium,442728.0
33-053-06448-0000,"CONTINENTAL RESOURCES, INC.",2017-04-01,2025-12-01,571448.32716,36264.0,101,108102.86344220002,2017-07-01,Bakken,11809.0,2017-04-27,Frac Sand,Bakken,Bakken,HOLSTEIN FEDERAL 4-25H,642981.31,High,355202.0
33-053-06470-0000,ABRAXAS PETROLEUM CORP.,2015-11-01,2025-12-01,264072.13711,16463.0,120,71411.71782008,2015-12-01,Bakken,9311.0,2015-11-02,Sand/Ceramics Mix,Bakken,Bakken,STENEHJEM 5H,342149.91,Medium,202760.0
33-053-06503-0000,"HESS BAKKEN INVESTMENTS II, LLC",2015-04-01,2025-12-01,269116.04406,23017.0,127,66732.82501136669,2015-05-01,Three Forks,9586.0,2015-04-20,Sand/Ceramics Mix,Three Forks,Three Forks,BB-SIVERTSON- 151-95-2019H-5,345470.0,Medium,81861.0
33-053-06559-0000,XTO ENERGY INC,2015-07-01,2025-12-01,340807.63509,15104.0,124,121612.5504103,2015-10-01,Bakken,9583.0,2015-07-07,Frac Sand,Bakken,Bakken,MARLENE 42X-20CXD,353458.84,Medium,96940.0
33-053-06591-0000,XTO ENERGY INC,2015-10-01,2025-12-01,385830.0734,21733.0,120,68138.9587766,2016-03-01,Bakken,9519.0,2015-10-29,Frac Sand,Bakken,Bakken,TOBACCO GARDEN 11X-17A,266925.34,Medium,201734.0
33-053-06603-0000,"EOG RESOURCES, INC.",2015-06-01,2025-12-01,748247.93482,86924.0,126,154133.22463758002,2015-07-01,Bakken,4291.0,2015-06-17,Frac Sand,Bakken,Bakken,RIVERVIEW 102-32H,847875.94,High,330437.0
33-053-06604-0000,QEP ENERGY COMPANY,2015-07-01,2025-12-01,296393.53807999997,30575.0,121,41117.24736431,2015-09-01,Bakken,9264.0,2015-07-29,Frac Sand,Bakken,Bakken,DAILEY 6-12-13BH,306107.28,Medium,192323.0
33-053-06615-0000,"CONTINENTAL RESOURCES, INC.",2017-02-01,2025-12-01,337337.4769,20876.0,101,21680.655783870006,2017-10-01,Three Forks,7733.0,2017-02-27,Frac Sand,Three Forks,Three Forks,HENDRICKSON FEDERAL  3-36H2,382217.44,Medium,322540.0
33-053-06626-0000,"CONTINENTAL RESOURCES, INC.",2017-05-01,2025-12-01,593482.7102099999,47296.0,102,96277.70550649999,2017-06-01,Bakken,12346.0,2017-05-03,Frac Sand,Bakken,Bakken,HOLSTEIN FEDERAL 8-25H,383634.81,Medium,376945.0
33-053-06639-0000,QEP ENERGY COMPANY,2015-07-01,2025-12-01,406531.51302199997,33811.0,125,105383.7205103,2015-08-01,Three Forks,9802.0,2015-07-29,Frac Sand,Three Forks,Three Forks,KIRKLAND 6-7-1-12T2HD,414911.59,Medium,298369.0
33-053-06738-0000,XTO ENERGY INC,2016-02-01,2025-12-01,252913.73711,14081.0,110,58446.4806812,2016-04-01,Three Forks,9867.0,2016-02-22,Frac Sand,Three Forks,Three Forks,AMUNDSON 44X-22HXE,331570.22,Medium,185272.0
33-053-06784-0000,BURLINGTON RESOURCES OIL & GAS COMPANY LP,2017-06-01,2025-12-01,454800.54376000003,35977.0,94,79874.77898233,2017-10-01,Bakken,9297.0,2017-06-24,Frac Sand,Bakken,Bakken,SADDLE BUTTE  21-16 MBH-3SH,520176.25,High,231539.0
33-053-06846-0000,NEWFIELD PRODUCTION COMPANY,2015-09-01,2025-12-01,183042.86706999998,12915.0,110,51992.029462540006,2015-10-01,Three Forks,10054.0,2015-09-21,Frac Sand,Three Forks,Three Forks,WAHUS FEDERAL 152-97-13-24-11H,234947.31,Medium,122057.0
33-053-06848-0000,NEWFIELD PRODUCTION COMPANY,2015-09-01,2025-12-01,290557.722,18053.0,119,85981.6612714,2015-10-01,Bakken,10116.0,2015-09-21,Frac Sand,Bakken,Bakken,WAHUS FEDERAL 152-97-13-24-4H,384288.59,Medium,113816.0
33-053-06854-0000,XTO ENERGY INC,2016-01-01,2025-12-01,200000.38499,23882.0,110,79839.70176786999,2016-03-01,Three Forks,9436.0,2016-01-30,Frac Sand,Three Forks,Three Forks,HOMER FEDERAL  14X-32F,284730.59,Medium,202995.0
33-053-06871-0000,SM ENERGY COMPANY,2016-05-01,2025-12-01,311778.80528,17614.0,113,29267.166578669996,2016-06-01,Bakken,10012.0,2016-05-29,Frac Sand,Bakken,Bakken,STEVE 1-16H,398300.56,Medium,328911.0
33-053-06891-0000,OASIS PETROLEUM NORTH AMERICA LLC,2016-04-01,2025-12-01,266257.66287,21052.0,116,40572.81183449,2016-10-01,Bakken,9987.0,2016-04-07,Sand/Resin Mix,Bakken,Bakken,HYSTED 5200 12-30 10B,297869.72,Medium,554863.0
33-053-06898-0000,OASIS PETROLEUM NORTH AMERICA LLC,2016-03-01,2025-12-01,238887.60714,27386.0,114,36043.714496090004,2016-04-01,Bakken,9885.0,2016-03-12,Sand/Ceramics Mix,Bakken,Bakken,HYSTED 5200 11-30 6B,276809.19,Medium,309149.0
33-053-06901-0000,XTO ENERGY INC,2017-01-01,2025-12-01,159420.29798,16330.0,102,64762.693877499994,2017-07-01,Three Forks,10383.0,2017-01-30,Sand/Ceramics Mix,Three Forks,Three Forks,NORDENG 34X-23E,185411.67,Medium,255820.0
33-053-06915-0000,ABRAXAS PETROLEUM CORP.,2016-08-01,2025-12-01,281914.51295,25806.0,111,78256.71876690001,2016-09-01,Bakken,9931.0,2016-08-17,Sand/Ceramics Mix,Bakken,Bakken,STENEHJEM 13H,317734.03,Medium,303743.0
33-053-06955-0000,"EOG RESOURCES, INC.",2016-05-01,2025-12-01,242650.61702,20572.0,112,134528.65087707,2016-07-01,Bakken,6838.0,2016-05-17,Frac Sand,Bakken,Bakken,WEST CLARK 104-0136H,279442.75,Medium,468389.0
33-053-06978-0000,OASIS PETROLEUM NORTH AMERICA LLC,2016-06-01,2025-12-01,271443.20002,31353.0,114,90650.6570106,2016-07-01,Bakken,9491.0,2016-06-24,Sand/Resin Mix,Bakken,Bakken,JOHNSRUD  5198 12-18 7B,291407.59,Medium,342715.0
33-053-06986-0000,OASIS PETROLEUM NORTH AMERICA LLC,2016-07-01,2025-12-01,227862.51205000002,29888.0,109,50245.50416918,2016-10-01,Three Forks,9665.0,2016-07-12,Sand/Resin Mix,Three Forks,Three Forks,JOHNSRUD  5198 14-18 11T,255088.83,Medium,592124.0
33-053-07042-0000,OASIS PETROLEUM NORTH AMERICA LLC,2016-09-01,2025-12-01,609471.4804700001,40500.0,112,233799.84870020003,2016-11-01,Bakken,9542.0,2016-09-02,Frac Sand,Bakken,Bakken,ROLFSON N  5198 14-17 11BX,693233.5,High,479618.0
33-053-07081-0000,"HESS BAKKEN INVESTMENTS II, LLC",2016-03-01,2025-12-01,286292.34311,28649.0,116,55127.01047694,2016-03-01,Three Forks,9547.0,2016-03-10,Frac Sand,Three Forks,Three Forks,HA-CHAPIN- 152-95-2932H-8,201768.8,Medium,117987.0
33-053-07115-0000,XTO ENERGY INC,2017-10-01,2025-12-01,157114.48798,15699.0,96,66548.68739667,2018-03-01,Three Forks,9665.0,2017-10-30,Sand/Ceramics Mix,Three Forks,Three Forks,LUNDIN 11X-15E,161055.73,Medium,329727.0
33-053-07120-0000,OASIS PETROLEUM NORTH AMERICA LLC,2017-07-01,2025-12-01,388450.66805,39456.0,102,126559.5715186,2017-12-01,Bakken,9168.0,2017-07-25,Sand/Resin Mix,Bakken,Bakken,LAWLAR N 5199 43-23 9B,408319.5,Medium,746243.0
33-053-07152-0000,WHITING OIL AND GAS CORPORATION,2016-09-01,2025-12-01,300676.57807,31134.0,111,167153.33258239002,2016-11-01,Bakken,9080.0,2016-09-08,Sand/Ceramics Mix,Bakken,Bakken,ROLLA FEDERAL 31-3-1H,493810.38,Medium,128217.0
33-053-07160-0000,ENERPLUS RESOURCES USA CORPORATION,2017-05-01,2025-12-01,293877.39001,29648.0,104,43717.991367999995,2017-05-01,Three Forks,4306.0,2017-05-02,Frac Sand,Three Forks,Three Forks,FLYER 152-94-23DH TF,318305.63,Medium,170747.0
33-053-07189-0000,"WPX ENERGY WILLISTON, LLC",2017-06-01,2025-12-01,454615.69216,32790.0,100,122070.035866,2017-07-01,Three Forks,9602.0,2017-06-21,Frac Sand,Three Forks,Three Forks,LUCY EVANS  29-32HUL,421250.38,Medium,309125.0
33-053-07192-0000,XTO ENERGY INC,2017-11-01,2025-12-01,231328.77208,21941.0,95,46058.31596428,2017-12-01,Three Forks,9513.0,2017-11-27,Frac Sand,Three Forks,Three Forks,LUND 21X-17F,286741.81,Medium,359752.0
33-053-07200-0000,WHITING OIL AND GAS CORPORATION,2015-12-01,2025-12-01,347446.23268,31957.0,118,126520.16776129999,2015-12-01,Bakken,9563.0,2015-12-11,Sand/Ceramics Mix,Bakken,Bakken,CHAMELEON STATE 21-16-1H,465316.56,Medium,402574.0
33-053-07215-0000,QEP ENERGY COMPANY,2016-12-01,2025-12-01,177453.53704999998,17977.0,98,21563.75473051,2017-05-01,Three Forks,9979.0,2016-12-18,Sand/Resin Mix,Three Forks,Three Forks,TAT 4-33-28T2HDR,223891.8,Medium,280817.0
33-053-07255-0000,"HESS BAKKEN INVESTMENTS II, LLC",2016-06-01,2025-12-01,347490.4959,28299.0,114,82642.04986484001,2016-07-01,Three Forks,9637.0,2016-06-26,Frac Sand,Three Forks,Three Forks,HA-GRIMESTAD- LW-152-95-3031H-1,473481.38,Medium,108508.0
33-053-07282-0000,"CONTINENTAL RESOURCES, INC.",2016-09-01,2025-12-01,292817.21496,28040.0,109,159876.86353099998,2017-02-01,Bakken,9675.0,2016-09-20,Sand/Ceramics Mix,Bakken,Bakken,NORFOLK 11-1H,306834.72,Medium,484384.0
33-053-07310-0000,QEP ENERGY COMPANY,2016-09-01,2025-12-01,211094.77801,23868.0,111,59406.391042799994,2016-11-01,Three Forks,9476.0,2016-09-17,Frac Sand,Three Forks,Three Forks,KDM 5-7-6THD,260258.89,Medium,144346.0
33-053-07320-0000,ABRAXAS PETROLEUM CORP.,2017-06-01,2025-12-01,201129.52396999998,24431.0,102,49058.57273761,2017-07-01,Three Forks,9853.0,2017-06-19,Frac Sand,Three Forks,Three Forks,STENEHJEM 8H,208143.36,Medium,399750.0
33-053-07379-0000,OASIS PETROLEUM NORTH AMERICA LLC,2016-12-01,2025-12-01,261905.08602,23832.0,105,71663.5963113,2017-02-01,Three Forks,9956.0,2016-12-13,Sand/Resin Mix,Three Forks,Three Forks,ROLFSON S 5198 43-20 10T,210984.13,Medium,521976.0
33-053-07389-0000,OASIS PETROLEUM NORTH AMERICA LLC,2017-02-01,2025-12-01,331922.99092,34754.0,101,115327.9477407,2017-04-01,Bakken,9582.0,2017-02-13,Sand/Resin Mix,Bakken,Bakken,ROLFSON S 5198 41-33 14BX,356292.91,Medium,417084.0
33-053-07395-0000,OASIS PETROLEUM NORTH AMERICA LLC,2017-04-01,2025-12-01,391270.91897,31189.0,105,164236.70965879998,2017-04-01,Bakken,10070.0,2017-04-01,Sand/Resin Mix,Bakken,Bakken,FORLAND 5098 13-4 7B,404090.03,Medium,556460.0
33-053-07399-0000,OASIS PETROLEUM NORTH AMERICA LLC,2017-03-01,2025-12-01,359514.19796,29269.0,105,115749.14805494,2017-06-01,Three Forks,9482.0,2017-03-25,Sand/Resin Mix,Three Forks,Three Forks,FORLAND 5198 44-33 11T,288746.22,Medium,592538.0
33-053-07409-0000,WHITING OIL AND GAS CORPORATION,2016-12-01,2025-12-01,277851.7072,28740.0,109,43886.19067104,2017-03-01,Three Forks,9161.0,2016-12-24,Sand/Ceramics Mix,Three Forks,Three Forks,KOALA 44-31-2TFH,167241.06,Medium,363035.0
33-053-07421-0000,ENERPLUS RESOURCES USA CORPORATION,2016-10-01,2025-12-01,484451.4606,27753.0,110,74910.655548,2016-11-01,Bakken,9647.0,2016-10-16,Frac Sand,Bakken,Bakken,QUILLFISH 149-95-36C-25H-TF-LLW,207678.59,Medium,268127.0
33-053-07426-0000,"CONTINENTAL RESOURCES, INC.",2017-07-01,2025-12-01,450704.7703,23168.0,96,97604.1028349,2019-07-01,Bakken,15397.0,2017-07-20,Sand/Ceramics Mix,Bakken,Bakken,HEREFORD FEDERAL 7-20H,451125.13,Medium,359767.0
33-053-07428-0000,"CONTINENTAL RESOURCES, INC.",2017-07-01,2025-12-01,342320.83413,24774.0,96,72734.58974088999,2017-10-01,Bakken,15360.0,2017-07-13,Sand/Ceramics Mix,Bakken,Bakken,HEREFORD FEDERAL 3-20H,384045.97,Medium,459225.0
33-053-07429-0000,"CONTINENTAL RESOURCES, INC.",2017-07-01,2025-12-01,397204.93601,24312.0,99,69886.62044000001,2017-10-01,Bakken,15416.0,2017-07-11,Sand/Ceramics Mix,Bakken,Bakken,HEREFORD FEDERAL 1-20H,149709.34,Medium,366898.0
33-053-07431-0000,"CONTINENTAL RESOURCES, INC.",2017-07-01,2025-12-01,369234.29537,31373.0,93,85728.91970917,2017-11-01,Three Forks,15411.0,2017-07-31,Sand/Ceramics Mix,Three Forks,Three Forks,HEREFORD FEDERAL 6-20H1,248037.8,Medium,316846.0
33-053-07454-0000,QEP ENERGY COMPANY,2016-11-01,2025-12-01,123781.69605900001,17562.0,88,32629.10435937,2017-02-01,Three Forks,9734.0,2016-11-08,Frac Sand,Three Forks,Three Forks,TIPI V 3-13-12T2H,98787.719,Low,276950.0
33-053-07505-0000,XTO ENERGY INC,2017-10-01,2025-12-01,194367.29797,25386.0,98,71853.76483244999,2017-12-01,Three Forks,9914.0,2017-10-28,Sand/Ceramics Mix,Three Forks,Three Forks,LUNDIN 11X-15F,227629.53,Medium,353532.0
33-053-07515-0000,BURLINGTON RESOURCES OIL & GAS COMPANY LP,2017-08-01,2025-12-01,463136.6567,33766.0,97,62826.68243962,2017-12-01,Three Forks,9533.0,2017-08-19,Unknown,Three Forks,Three Forks,LASSEN 3-1-26UTFH,570993.56,High,186475.0
33-053-07547-0000,"CONTINENTAL RESOURCES, INC.",2017-10-01,2025-12-01,304740.93919,34424.0,96,73169.34512989,2017-11-01,Three Forks,10144.0,2017-10-29,Frac Sand,Three Forks,Three Forks,TARENTAISE FEDERAL 6-19H1,217743.5,Medium,346364.0
33-053-07552-0000,"CONTINENTAL RESOURCES, INC.",2017-10-01,2025-12-01,433092.93225,45029.0,97,113074.41504260998,2017-12-01,Bakken,10091.0,2017-10-04,Frac Sand,Bakken,Bakken,TARENTAISE FEDERAL 9-19H,504540.78,High,204350.0
33-053-07553-0000,"CONTINENTAL RESOURCES, INC.",2017-10-01,2025-12-01,326198.88392,29217.0,97,38656.408776669996,2018-03-01,Three Forks,10111.0,2017-10-26,Sand/Ceramics Mix,Three Forks,Three Forks,TARENTAISE FEDERAL 10-19H1,364157.53,Medium,354328.0
33-053-07572-0000,"HESS BAKKEN INVESTMENTS II, LLC",2016-09-01,2025-12-01,147917.25813,14662.0,109,26206.80342617,2016-11-01,Bakken,9686.0,2016-09-19,Frac Sand,Bakken,Bakken,HA-ROLFSRUD- 152-96-1720H-8,138812.42,Medium,32721.0
33-053-07582-0000,ABRAXAS PETROLEUM CORP.,2017-12-01,2025-12-01,301150.32999999996,30304.0,96,64277.4157535,2018-01-01,Three Forks,9380.0,2017-12-21,Sand/Ceramics Mix,Three Forks,Three Forks,YELLOWSTONE 3H,329869.97,Medium,368125.0
33-053-07636-0000,BURLINGTON RESOURCES OIL & GAS COMPANY LP,2017-07-01,2025-12-01,693335.9443999999,43788.0,99,86538.29503064,2018-01-01,Bakken,9675.0,2017-07-14,Unknown,Bakken,Bakken,REMINGTON  3E MBH,849730.0,High,242841.0
33-053-07650-0000,PETROSHALE (US) INC.,2016-12-01,2025-12-01,764097.4092999999,40013.0,106,149189.62512609997,2017-01-01,Bakken,7409.0,2016-12-29,Sand/Ceramics Mix,Bakken,Bakken,PETROSHALE US 8H,417820.16,Medium,177387.0
33-053-07703-0000,MARATHON OIL COMPANY,2017-12-01,2025-12-01,810463.4059,80868.0,97,97732.961183,2017-12-01,Bakken,9464.0,2017-12-01,Frac Sand,Bakken,Bakken,FORSMAN USA 44-22H,1023549.9,High,393397.0
33-053-07715-0000,OASIS PETROLEUM NORTH AMERICA LLC,2017-11-01,2025-12-01,308672.5199,32090.0,98,128986.05280849998,2017-12-01,Bakken,9156.0,2017-09-16,Sand/Resin Mix,Bakken,Bakken,WHITE 5198 13-6 15T,358486.34,Medium,424698.0
33-053-07763-0000,WHITING OIL AND GAS CORPORATION,2017-10-01,2025-12-01,155513.76821,15578.0,93,74286.96814499999,2017-11-01,Three Forks,9125.0,2017-10-17,Frac Sand,Three Forks,Three Forks,FRICK 24-8-2TFH,192917.88,Medium,363181.0
33-053-07809-0000,"EOG RESOURCES, INC.",2017-06-01,2025-12-01,508537.78697,60245.0,96,61015.00453938,2017-07-01,Bakken,10496.0,2017-06-09,Frac Sand,Bakken,Bakken,CLARKS CREEK 75-0719HX,523207.53,High,410470.0
33-053-07825-0000,"CONTINENTAL RESOURCES, INC.",2017-10-01,2025-12-01,254176.19603000002,38990.0,84,63390.20808520001,2018-02-01,Three Forks,13828.0,2017-10-19,Frac Sand,Three Forks,Three Forks,MONROE 11-2H1,267998.5,Medium,717551.0
33-053-07844-0000,"HESS BAKKEN INVESTMENTS II, LLC",2017-10-01,2025-12-01,432866.9591,36648.0,98,105727.41943374,2017-11-01,Bakken,9604.0,2017-10-19,Frac Sand,Bakken,Bakken,SC-1WX -152-99-0809H-6,330541.63,Medium,358428.0
33-053-07852-0000,BURLINGTON RESOURCES OIL & GAS COMPANY LP,2017-10-01,2025-12-01,836574.5475,31288.0,92,162478.06346,2019-04-01,Bakken,10419.0,2017-10-19,Sand/Ceramics Mix,Bakken,Bakken,MATHISTAD  22A MBH,532056.5,High,234514.0
33-053-07986-0000,ENERPLUS RESOURCES USA CORPORATION,2017-09-01,2025-12-01,573632.1821,48752.0,99,54333.38350100001,2017-10-01,Bakken,9842.0,2017-09-29,Frac Sand,Bakken,Bakken,CRANE 150-94-33C-28H,688165.75,High,416768.0
33-053-08039-0000,NEWFIELD PRODUCTION COMPANY,2017-08-01,2025-12-01,272323.065,14330.0,97,46555.67593499999,2017-08-01,Three Forks,10160.0,2017-08-13,Sand/Ceramics Mix,Three Forks,Three Forks,MOBERG FEDERAL 149-95-29-32-30HLW,399906.19,Medium,301099.0
33-053-08153-0000,"IRON OIL OPERATING, LLC",2017-12-01,2025-12-01,328330.36502,22744.0,96,48988.946735000005,2018-01-01,Bakken,10204.0,2017-12-11,Frac Sand,Bakken,Bakken,ANTELOPE 2-34-27H,418602.88,Medium,548614.0
33-053-03460-0000,"PEAK NORTH DAKOTA, LLC",2017-05-01,2025-12-01,356449.98600000003,28932.0,103,84433.9861565,2017-05-01,Bakken,4312.0,2017-05-02,Frac Sand,Bakken,Bakken,FOOL BEAR 23-34H,480402.59,Medium,169271.0
33-053-03711-0000,ENERPLUS RESOURCES USA CORPORATION,2017-08-01,2025-12-01,441747.8322,31760.0,101,49341.615225,2017-09-01,Bakken,4340.0,2017-08-20,Frac Sand,Bakken,Bakken,POINTER 149-94-23AH,598562.13,High,170740.0
33-053-04066-0000,"PETRO-HUNT, L.L.C.",2014-04-01,2025-12-01,398154.08806,29979.0,126,69993.56223834,2014-05-01,Three Forks,9777.0,2014-04-28,Sand/Resin Mix,Three Forks,Three Forks,FORT BERTHOLD 151-94-26B-35-2H,442094.88,Medium,459160.0
33-053-04474-0000,"PETRO-HUNT, L.L.C.",2014-01-01,2025-12-01,324091.18588,26524.0,144,66825.5996,2014-01-01,Bakken,9453.0,2014-01-03,Ceramics,Bakken,Bakken,WISNESS 152-96-33C-28-4H,366692.75,Medium,86575.0
33-053-04787-0000,ENERPLUS RESOURCES USA CORPORATION,2015-11-01,2025-12-01,562659.1809,34807.0,120,48990.8699648,2015-12-01,Three Forks,9126.0,2015-11-18,Frac Sand,Three Forks,Three Forks,BANJO 149-94-02B-01H TF,782516.0,High,238856.0
33-053-04866-0000,"CONTINENTAL RESOURCES, INC.",2014-04-01,2025-12-01,575846.3767,20702.0,134,86674.7453617,2014-05-01,Bakken,9605.0,2014-05-02,Frac Sand,Bakken,Bakken,PATTERSON FEDERAL 2-13H,776024.88,High,423961.0
33-053-05025-0000,HESS CORPORATION,2014-05-01,2025-12-01,252527.49104,24250.0,137,79617.43066469001,2014-06-01,Bakken,10243.0,2014-05-16,Frac Sand,Bakken,Bakken,AN-EVENSON 152-95-0310H-4,282597.44,Medium,49396.0
33-053-05100-0000,BURLINGTON RESOURCES OIL & GAS COMPANY LP,2014-01-01,2025-12-01,418394.85218,24930.0,138,106524.70641487002,2014-08-01,Three Forks,9501.0,2014-01-19,Sand/Ceramics Mix,Three Forks,Three Forks,BLUE RIDGE 34-31TFH,514380.97,High,64004.0
33-053-05124-0000,WHITING OIL AND GAS CORPORATION,2014-01-01,2025-12-01,212296.65096,10985.0,134,31393.337816500003,2014-02-01,Bakken,9603.0,2014-01-25,Sand/Ceramics Mix,Bakken,Bakken,CHITWOOD 34-36-2H,289289.06,Medium,270444.0
33-053-05139-0000,WHITING OIL AND GAS CORPORATION,2014-06-01,2025-12-01,239509.65296,16624.0,127,27563.67004137,2014-06-01,Bakken,9454.0,2014-06-19,Sand/Ceramics Mix,Bakken,Bakken,MORK FARM 24-8-2H,114719.0,Medium,209796.0
33-053-05217-0000,TRIANGLE USA PETROLEUM CORPORATION,2014-01-01,2025-12-01,248080.947,15289.0,138,37569.49123457,2014-01-01,Bakken,9681.0,2014-01-09,Sand/Ceramics Mix,Bakken,Bakken,DWYER 150-101-35-26-2H,359326.41,Medium,243595.0
33-053-05262-0000,WHITING OIL AND GAS CORPORATION,2014-03-01,2025-12-01,235768.47924000002,12662.0,135,31276.347335700004,2014-03-01,Bakken,9640.0,2014-03-09,Sand/Ceramics Mix,Bakken,Bakken,NORGARD 41-13-2H,304066.09,Medium,285876.0
33-053-05268-0000,"CONTINENTAL RESOURCES, INC.",2015-05-01,2025-12-01,290450.37909,14171.0,109,36180.90889171,2015-08-01,Three Forks,9704.0,2015-05-23,Sand/Ceramics Mix,Three Forks,Three Forks,JAMESTOWN FEDERAL 4-17H1,315738.0,Medium,236592.0
33-053-05282-0000,"CONTINENTAL RESOURCES, INC.",2014-10-01,2025-12-01,232273.64899000002,21837.0,122,36739.83617117,2015-01-01,Bakken,9332.0,2014-10-12,Sand/Ceramics Mix,Bakken,Bakken,ROCHESTER FEDERAL 6-24H,248237.58,Medium,145038.0
33-053-05295-0000,"CONTINENTAL RESOURCES, INC.",2014-10-01,2025-12-01,227904.17903,13572.0,132,42454.8977085,2014-11-01,Three Forks,9758.0,2014-10-07,Frac Sand,Three Forks,Three Forks,JERRY 3-8H,271356.06,Medium,363689.0
33-053-05316-0000,HESS CORPORATION,2014-04-01,2025-12-01,228080.50487,15470.0,140,30096.808514340002,2014-05-01,Bakken,9145.0,2014-04-19,Frac Sand,Bakken,Bakken,BW-SHARON- 150-100-2536H-4,288990.38,Medium,116690.0
33-053-05367-0000,TRIANGLE USA PETROLEUM CORPORATION,2014-04-01,2025-12-01,158080.36111,11101.0,134,41548.35098287,2014-05-01,Bakken,9063.0,2014-05-10,Sand/Ceramics Mix,Bakken,Bakken,GUSTAFSON 148-100-5-8-2H,210297.17,Medium,249146.0
33-053-05374-0000,HESS CORPORATION,2014-07-01,2025-12-01,298432.18981999997,20627.0,138,37731.04411143,2014-08-01,Bakken,10055.0,2014-07-24,Frac Sand,Bakken,Bakken,BW-ARNEGARD STATE- 151-100-3625H-5,373243.97,Medium,156774.0
33-053-05442-0000,OASIS PETROLEUM NORTH AMERICA LLC,2014-07-01,2025-12-01,772354.3026,31324.0,134,94177.81012750001,2014-08-01,Bakken,12306.0,2014-07-05,Frac Sand,Bakken,Bakken,BRIER  5200 44-22 3B,409982.81,Medium,348184.0
33-053-05480-0000,WHITING OIL AND GAS CORPORATION,2014-04-01,2025-12-01,247492.40488,15439.0,139,22349.001065499997,2014-04-01,Bakken,9508.0,2014-04-19,Sand/Ceramics Mix,Bakken,Bakken,GAJEWSKI  31-18H,300561.34,Medium,311180.0
33-053-05499-0000,BURLINGTON RESOURCES OIL & GAS COMPANY LP,2014-09-01,2025-12-01,412871.8569,18984.0,127,50365.0051277,2015-05-01,Bakken,9657.0,2014-09-04,Sand/Ceramics Mix,Bakken,Bakken,DENALI 21-4MBH 3NH,497000.78,Medium,164460.0
33-053-05596-0000,"CONTINENTAL RESOURCES, INC.",2017-06-01,2025-12-01,398939.57607,35383.0,102,77746.85155834,2017-08-01,Three Forks,11081.0,2017-06-26,Frac Sand,Three Forks,Three Forks,GARFIELD FEDERAL 7-5H1,439906.63,Medium,425772.0
33-053-05603-0000,"HESS BAKKEN INVESTMENTS II, LLC",2014-10-01,2025-12-01,349402.43588999996,36728.0,130,55842.58464724,2014-11-01,Bakken,9822.0,2014-10-30,Frac Sand,Bakken,Bakken,HA-THOMPSON-LW 152-95-2017H-1,410153.75,Medium,55800.0
33-053-05639-0000,NEWFIELD PRODUCTION COMPANY,2015-01-01,2025-12-01,164155.32394,13230.0,126,53394.0402342,2015-01-01,Three Forks,4427.0,2015-01-16,Sand/Ceramics Mix,Three Forks,Three Forks,SAND CREEK STATE  153-96-16-11H,174057.47,Medium,52159.0
33-053-05686-0000,"CONTINENTAL RESOURCES, INC.",2014-11-01,2025-12-01,326585.97916,17694.0,132,63649.80526769001,2014-11-01,Bakken,9136.0,2014-11-02,Sand/Ceramics Mix,Bakken,Bakken,BERLAIN 3-30H,388472.91,Medium,366691.0
33-053-05728-0000,STATOIL OIL & GAS LP,2015-04-01,2025-12-01,370542.28621,17985.0,114,100189.1289356,2017-05-01,Three Forks,9543.0,2015-04-20,Sand/Ceramics Mix,Three Forks,Three Forks,MASTON 34-27 #5TFH,366863.94,Medium,432983.0
33-053-05779-0000,QEP ENERGY COMPANY,2014-08-01,2025-12-01,430044.23658,27625.0,137,83529.05564050001,2014-09-01,Bakken,9959.0,2014-08-05,Sand/Ceramics/Resin Proppant Mix,Bakken,Bakken,MOBERG 2-20-21BH,521539.31,High,137090.0
33-053-05780-0000,QEP ENERGY COMPANY,2014-08-01,2025-12-01,571596.9318,41914.0,136,66544.64669609,2014-08-01,Bakken,9742.0,2014-08-03,Frac Sand,Bakken,Bakken,MOBERG 1-20-21BH,708117.31,High,163475.0
33-053-05826-0000,QEP ENERGY COMPANY,2014-10-01,2025-12-01,470288.03908,38553.0,131,75309.5111113,2014-11-01,Bakken,9835.0,2014-10-23,Frac Sand,Bakken,Bakken,STATE 2-16-21BH,525482.75,High,172939.0
33-053-05855-0000,SM ENERGY COMPANY,2014-09-01,2025-12-01,124253.06599999999,7238.0,133,23675.114881579997,2014-10-01,Three Forks,10075.0,2014-09-24,Frac Sand,Three Forks,Three Forks,DALLAS 2X-13H,148832.28,Medium,122631.0
33-053-05914-0000,ABRAXAS PETROLEUM CORP.,2014-12-01,2025-12-01,187668.92507,18142.0,119,34847.16732014,2015-01-01,Three Forks,9246.0,2014-12-08,Sand/Ceramics Mix,Three Forks,Three Forks,STENEHJEM 27-34-2H,235309.59,Medium,188988.0
33-053-05960-0000,"PETRO-HUNT, L.L.C.",2017-10-01,2025-12-01,467434.4643,22562.0,95,159937.808802,2017-11-01,Bakken,9565.0,2017-10-20,Sand/Ceramics Mix,Bakken,Bakken,USA 153-96-24C-13-4H,631753.94,High,102082.0
33-053-06012-0000,OASIS PETROLEUM NORTH AMERICA LLC,2014-12-01,2025-12-01,214586.02592,19046.0,130,21488.6645584,2015-01-01,Three Forks,9632.0,2014-12-31,Sand/Ceramics Mix,Three Forks,Three Forks,CHALMERS WADE FEDERAL 5301 44-24 12TXR,265450.75,Medium,370580.0
33-053-06014-0000,"CONTINENTAL RESOURCES, INC.",2014-11-01,2025-12-01,306459.54097,14671.0,128,43850.166826999994,2015-03-01,Three Forks,10003.0,2014-11-28,Sand/Ceramics Mix,Three Forks,Three Forks,JAMESTOWN FEDERAL 7-17H,336285.69,Medium,287157.0
33-053-06039-0000,"EMERALD OIL, INC",2015-05-01,2025-12-01,166123.21506000002,9694.0,128,25556.098771860004,2015-07-01,Bakken,9520.0,2015-06-26,Ceramics,Bakken,Bakken,DUDLEY DAWSON 7-2-11H,215576.48,Medium,358525.0
33-053-06106-0000,WHITING OIL AND GAS CORPORATION,2015-01-01,2025-12-01,217647.98885999998,18617.0,132,29386.2826712,2015-01-01,Bakken,9014.0,2015-01-02,Sand/Ceramics Mix,Bakken,Bakken,SKEDSVOLD 21-4-3H,274701.06,Medium,213708.0
33-053-06135-0000,"CONTINENTAL RESOURCES, INC.",2015-04-01,2025-12-01,247049.09176,11901.0,125,87917.65241220998,2015-12-01,Three Forks,9542.0,2015-04-27,Sand/Ceramics Mix,Three Forks,Three Forks,NORFOLK 6-1H1,290246.81,Medium,312173.0
33-053-06161-0000,"HESS BAKKEN INVESTMENTS II, LLC",2015-01-01,2025-12-01,186359.41906,21381.0,132,35329.376071,2015-01-01,Bakken,10253.0,2015-01-04,Frac Sand,Bakken,Bakken,BW-HEIDI HO- 149-99-3526H-3,235070.8,Medium,234756.0
33-053-06328-0000,STATOIL OIL & GAS LP,2017-12-01,2025-12-01,505988.2744,17944.0,89,60842.452083560005,2018-04-01,Bakken,9225.0,2017-12-17,Frac Sand,Bakken,Bakken,PATENT GATE 7-6 #2H,950895.56,High,456327.0
33-053-06361-0000,NEWFIELD PRODUCTION COMPANY,2015-06-01,2025-12-01,217698.94796000002,17512.0,120,49582.88480778,2015-06-01,Three Forks,10034.0,2015-06-02,Frac Sand,Three Forks,Three Forks,OLSON 152-96-30-31-10H,258414.52,Medium,217514.0
33-053-06395-0000,"SHD OIL & GAS, LLC",2015-10-01,2025-12-01,79364.67098,9097.0,97,10055.249278469999,2015-11-01,Bakken,3865.0,2015-10-23,Frac Sand,Bakken,Bakken,AVALANCHE 36-14-MB2,25199.061,Low,85097.0
33-053-06538-0000,"CONTINENTAL RESOURCES, INC.",2017-12-01,2025-12-01,507854.0775,44078.0,97,172466.64071450004,2018-01-01,Bakken,10054.0,2017-12-06,Frac Sand,Bakken,Bakken,SYRACUSE 7-23H,410325.06,Medium,269518.0
33-053-06627-0000,"CONTINENTAL RESOURCES, INC.",2015-10-01,2025-12-01,371196.67331,21345.0,119,51874.84576000001,2016-10-01,Bakken,9261.0,2015-10-25,Sand/Ceramics Mix,Bakken,Bakken,PATTERSON FEDERAL 6-13H,443486.38,Medium,232730.0
33-053-06658-0000,MARATHON OIL COMPANY,2017-12-01,2025-12-01,448508.2904,62812.0,93,84242.2174294,2018-01-01,Bakken,9753.0,2017-12-18,Sand/Ceramics Mix,Bakken,Bakken,TAT USA 14-22H,421139.94,Medium,310808.0
33-053-06804-0000,QEP ENERGY COMPANY,2016-03-01,2025-12-01,432971.21900000004,21877.0,117,43709.0000945,2016-06-01,Bakken,9801.0,2016-03-08,Sand/Resin Mix,Bakken,Bakken,STATE 7-36-1BH,98536.664,Low,233548.0
33-053-06868-0000,MARATHON OIL COMPANY,2016-06-01,2025-12-01,552281.5578,67808.0,109,63705.84875694,2016-07-01,Bakken,9692.0,2016-06-20,Sand/Ceramics Mix,Bakken,Bakken,JUANITA USA 13-35H,663698.25,High,175489.0
33-053-06941-0000,XTO ENERGY INC,2017-01-01,2025-12-01,420782.1688,16025.0,107,106963.9679015,2017-04-01,Bakken,9926.0,2017-01-02,Frac Sand,Bakken,Bakken,HARLEY FEDERAL 24X-15A,573673.0,High,111043.0
33-053-06982-0000,OASIS PETROLEUM NORTH AMERICA LLC,2016-07-01,2025-12-01,365218.78687,29313.0,109,77338.5545787,2016-10-01,Three Forks,9420.0,2016-07-14,Sand/Resin Mix,Three Forks,Three Forks,JOHNSRUD  5198 14-18 15TX,301176.38,Medium,439928.0
33-053-07172-0000,"HESS BAKKEN INVESTMENTS II, LLC",2017-04-01,2025-12-01,410366.3275,27604.0,104,203234.43296867004,2017-05-01,Bakken,9653.0,2017-04-18,Frac Sand,Bakken,Bakken,HA-STATE- 152-95-1621H-8,536836.63,High,164903.0
33-053-07262-0000,ENERPLUS RESOURCES USA CORPORATION,2017-02-01,2025-12-01,356300.4975,23830.0,104,51623.81586499999,2017-02-01,Three Forks,4577.0,2017-02-05,Frac Sand,Three Forks,Three Forks,WATER 151-94-16DH-TF,227910.23,Medium,187863.0
33-053-07275-0000,"HRC OPERATING, LLC",2017-09-01,2025-12-01,324901.45,29860.0,93,62726.2771706,2017-11-01,Bakken,9622.0,2017-09-12,Sand/Ceramics Mix,Bakken,Bakken,FORT BERTHOLD 152-94-13A-24-16H,371125.5,Medium,270686.0
33-053-07308-0000,WHITING OIL AND GAS CORPORATION,2016-11-01,2025-12-01,351596.55472,30789.0,110,109190.60048449,2017-01-01,Bakken,9273.0,2016-12-02,Frac Sand,Bakken,Bakken,KOALA 14-32-2H,448502.84,Medium,270825.0
33-053-07570-0000,"HESS BAKKEN INVESTMENTS II, LLC",2016-09-01,2025-12-01,352492.5549,17440.0,112,64861.46681798,2017-01-01,Bakken,9760.0,2016-09-30,Frac Sand,Bakken,Bakken,HA-ROLFSRUD- 152-96-1720H-10,488237.03,Medium,159805.0
33-053-07679-0000,ENERPLUS RESOURCES USA CORPORATION,2017-09-01,2025-12-01,517073.28839999996,44792.0,100,97155.35148329998,2017-10-01,Bakken,9162.0,2017-09-11,Frac Sand,Bakken,Bakken,GARTER 152-94-18A-19H,414757.97,Medium,356032.0
33-053-08071-0000,NEWFIELD PRODUCTION COMPANY,2017-11-01,2025-12-01,396310.2321,35078.0,97,223249.846112,2018-01-01,Bakken,10206.0,2017-11-14,Frac Sand,Bakken,Bakken,ANDERSON STATE 152-96-16-21-6HLW,756197.0,High,117715.0
33-053-05225-0000,NEWFIELD PRODUCTION COMPANY,2014-01-01,2025-12-01,232096.61509,13621.0,143,35156.73800362,2014-01-01,Bakken,10441.0,2014-01-12,Sand/Ceramics Mix,Bakken,Bakken,EIDE 150-99-7-6-4H,256705.63,Medium,116880.0
33-053-05547-0000,HESS CORPORATION,2014-09-01,2025-12-01,272960.0107,16115.0,132,30669.122765810003,2014-10-01,Bakken,9981.0,2014-09-16,Frac Sand,Bakken,Bakken,BW-R PETERSON- 149-99-1102H-2,384325.78,Medium,288404.0
33-053-05893-0000,"HESS BAKKEN INVESTMENTS II, LLC",2014-10-01,2025-12-01,180561.86887,13943.0,134,21726.797327170003,2014-11-01,Bakken,9577.0,2014-10-26,Frac Sand,Bakken,Bakken,BW-HEDSTROM- 149-100-1201H-2,66583.023,Low,218027.0
33-053-06823-0000,BURLINGTON RESOURCES OIL & GAS COMPANY LP,2016-12-01,2025-12-01,381857.448,27008.0,95,51030.21733615,2017-06-01,Three Forks,9419.0,2016-12-16,Sand/Ceramics Mix,Three Forks,Three Forks,GUDMUNSON 4-1-26TFH,533745.88,High,284621.0
33-053-07087-0000,QEP ENERGY COMPANY,2016-11-01,2025-12-01,341409.85586,36901.0,110,96059.119266,2016-12-01,Bakken,9782.0,2016-11-30,Sand/Resin Mix,Bakken,Bakken,TAT 8-33-28BHD,420113.38,Medium,238183.0
33-053-07080-0000,"HESS BAKKEN INVESTMENTS II, LLC",2016-03-01,2025-12-01,485704.41631,31901.0,118,128061.0912499,2016-03-01,Bakken,9935.0,2016-03-05,Frac Sand,Bakken,Bakken,HA-CHAPIN- 152-95-2932H-7,627916.06,High,111129.0
33-053-06171-0000,NEWFIELD PRODUCTION COMPANY,2014-12-01,2022-01-01,267059.0,23221.0,83,125335.32446009996,2015-01-01,Bakken,9767.0,2014-12-29,Sand/Ceramics Mix,Bakken,Bakken,HELSINGBORG FEDERAL 153-96-22-27-2H,267059.0,Medium,66772.0
33-053-06070-0000,XTO ENERGY INC,2015-05-01,2022-01-01,157618.0,11852.0,66,62900.218971969996,2015-09-01,Three Forks,10054.0,2015-05-22,Sand/Ceramics Mix,Three Forks,Three Forks,RANGER 21X-18G,157618.0,Medium,155812.0
33-053-04027-0000,WHITING OIL AND GAS CORPORATION,2015-02-01,2019-10-01,217699.0,36642.0,57,27638.499892370004,2015-06-01,Three Forks,9700.0,2015-02-22,Sand/Ceramics Mix,Three Forks,Three Forks,TARPON FEDERAL 44-19-1RTF,217699.0,Medium,161105.0
33-053-05351-0000,XTO ENERGY INC,2014-10-01,2021-10-01,226844.0,18178.0,79,64537.83285599999,2014-12-01,Three Forks,10039.0,2014-10-21,Sand/Ceramics Mix,Three Forks,Three Forks,JAN 14X-34E,226844.0,Medium,207797.0
33-053-05399-0000,HESS CORPORATION,2014-08-01,2021-09-01,248508.0,23726.0,78,21018.333328710003,2014-10-01,Bakken,9211.0,2014-08-11,Frac Sand,Bakken,Bakken,BB-BELQUIST- 150-95-1110H-4,248508.0,Medium,84978.0
33-053-05584-0000,XTO ENERGY INC,2015-01-01,2021-07-01,239423.0,18305.0,74,65906.3332101,2015-03-01,Bakken,9905.0,2015-01-22,Sand/Ceramics Mix,Bakken,Bakken,BERQUIST 31X-2D,239423.0,Medium,127034.0
33-053-05611-0000,"WPX ENERGY WILLISTON, LLC",2015-01-01,2021-11-01,281247.0,17603.0,82,30849.66673277,2015-02-01,Three Forks,9834.0,2015-01-27,Sand/Ceramics Mix,Three Forks,Three Forks,KALE BAD BRAVE 19-18HX2,281247.0,Medium,220441.0
33-053-05770-0000,"EMERALD OIL, INC",2015-01-01,2018-08-01,4077.0,621.0,20,57.66666704,2015-02-01,Three Forks,9493.0,2015-01-26,Ceramics,Three Forks,Three Forks,CAMERON FRYE 2-36-25H,57.666668,Low,13771.0
33-053-05915-0000,ABRAXAS PETROLEUM CORP.,2014-12-01,2021-10-01,203999.0,21298.0,74,42220.33342639,2015-01-01,Bakken,9404.0,2014-12-06,Sand/Ceramics Mix,Bakken,Bakken,STENEHJEM 27-34-3H,203999.0,Medium,165252.0
33-053-05928-0000,BURLINGTON RESOURCES OIL & GAS COMPANY LP,2015-03-01,2021-12-01,324515.0,25831.0,74,188248.6591698,2015-07-01,Three Forks,9217.0,2015-03-10,Sand/Ceramics Mix,Three Forks,Three Forks,COPPER DRAW 41-27TFH,324515.0,Medium,84302.0
33-053-05947-0000,"CONTINENTAL RESOURCES, INC.",2014-09-01,2021-12-01,336669.0,21913.0,85,54201.56198014,2014-10-01,Bakken,9760.0,2014-09-24,Sand/Ceramics Mix,Bakken,Bakken,HARRISBURG 1-34H,336669.0,Medium,465080.0
33-053-06075-0000,BURLINGTON RESOURCES OIL & GAS COMPANY LP,2015-05-01,2021-11-01,216902.0,19289.0,72,136975.74470784998,2015-10-01,Bakken,9202.0,2015-05-14,Sand/Ceramics/Resin Proppant Mix,Bakken,Bakken,HAMMERHEAD 31-26-2MBH,299988.16,Medium,137834.0
33-053-06143-0000,XTO ENERGY INC,2015-05-01,2021-11-01,228775.0,12333.0,70,102521.16265619999,2015-07-01,Three Forks,9015.0,2015-05-20,Sand/Ceramics Mix,Three Forks,Three Forks,JOHNSON FEDERAL 11X-5E,228775.0,Medium,255432.0
33-053-06167-0000,NEWFIELD PRODUCTION COMPANY,2015-09-01,2019-02-01,166778.0,25149.0,36,25749.166755600003,2015-10-01,Bakken,9739.0,2015-09-23,Frac Sand,Bakken,Bakken,JOHNSRUD 151-98-30-31-5H,55810.668,Low,90657.0
33-053-06417-0000,QEP ENERGY COMPANY,2015-04-01,2021-10-01,303617.0,28056.0,74,52892.16634774,2015-08-01,Three Forks,9413.0,2015-04-12,Frac Sand,Three Forks,Three Forks,THOMPSON 1-29-32T2HD,123350.84,Medium,178178.0
33-053-06734-0000,NEWFIELD PRODUCTION COMPANY,2015-10-01,2021-04-01,256747.0,20350.0,57,79093.83299327,2015-11-01,Bakken,9967.0,2015-10-13,Frac Sand,Bakken,Bakken,SKAAR FEDERAL 153-96-28-21-4H,256747.0,Medium,107879.0
33-053-07456-0000,QEP ENERGY COMPANY,2016-10-01,2021-12-01,103108.0,14182.0,61,49156.804532999995,2017-02-01,Three Forks,9813.0,2016-10-28,Frac Sand,Three Forks,Three Forks,TIPI V 3-13-12TH,103108.0,Medium,174148.0
33-053-07576-0000,XTO ENERGY INC,2016-10-01,2021-10-01,244586.0,16747.0,57,71217.83309953999,2018-01-01,Three Forks,9881.0,2016-10-31,Frac Sand,Three Forks,Three Forks,JOHNSON 31X-6FXG,142331.67,Medium,294861.0
33-053-07871-0000,XTO ENERGY INC,2017-11-01,2021-10-01,182712.0,27852.0,36,26328.666762309997,2017-12-01,Three Forks,15358.0,2017-11-14,Sand/Ceramics/Resin Proppant Mix,Three Forks,Three Forks,LUNDIN  11X-4E,86094.5,Low,216719.0
33-053-04975-0000,XTO ENERGY INC,2014-01-01,2019-09-01,443927.0,30034.0,65,57571.333442840005,2014-03-01,Bakken,8265.0,2014-01-18,Sand/Ceramics Mix,Bakken,Bakken,MARLENE 42X-20D,443927.0,Medium,56945.0
33-053-06119-0000,"HESS BAKKEN INVESTMENTS II, LLC",2015-04-01,2021-03-01,306788.0,38242.0,72,29684.166587109998,2015-04-01,Three Forks,10293.0,2015-04-16,Frac Sand,Three Forks,Three Forks,BB-BELQUIST- 150-95-1110H-9,306788.0,Medium,89178.0
33-053-06537-0000,"HESS BAKKEN INVESTMENTS II, LLC",2015-12-01,2019-01-01,31040.0,7623.0,34,7548.0000377,2015-12-01,Three Forks,10678.0,2015-12-15,Frac Sand,Three Forks,Three Forks,AN-PROSSER- 152-95-1102H-10,11680.667,Low,14303.0
33-053-06755-0000,OASIS PETROLEUM NORTH AMERICA LLC,2015-09-01,2020-04-01,172233.0,18189.0,56,23212.99977034,2015-12-01,Three Forks,9427.0,2015-09-24,Sand/Ceramics Mix,Three Forks,Three Forks,KLINE FEDERAL 5300 31-18 15T,172233.0,Medium,362480.0
33-053-05530-0000,BURLINGTON RESOURCES OIL & GAS COMPANY LP,2014-07-01,2021-10-01,145989.0,23884.0,28,11035.50002341,2015-02-01,Bakken,9698.0,2014-07-29,Sand/Ceramics Mix,Bakken,Bakken,OLD ARCHES 14-35MBH ULW,145989.0,Medium,39986.0
33-053-04052-0000,TRIANGLE USA PETROLEUM CORPORATION,2014-10-01,2021-11-01,152222.0,11579.0,77,47218.500305300004,2014-10-01,Bakken,9900.0,2014-10-08,Sand/Ceramics Mix,Bakken,Bakken,TRIANGLE 149-101-1-12-2H,152222.0,Medium,278414.0
33-053-04716-0000,ENERPLUS RESOURCES USA CORPORATION,2014-01-01,2021-09-01,332300.0,24664.0,91,40519.499821499994,2014-02-01,Three Forks,10016.0,2014-01-17,Frac Sand,Three Forks,Three Forks,BOBCAT 150-94-04A-09H TF,332300.0,Medium,294627.0
33-053-05343-0000,"CONTINENTAL RESOURCES, INC.",2014-08-01,2019-09-01,97047.0,6841.0,56,21175.833309529997,2014-09-01,Three Forks,4772.0,2014-08-23,Sand/Ceramics Mix,Three Forks,Three Forks,MACK 12-2H2,97047.0,Low,114270.0
33-053-05697-0000,BURLINGTON RESOURCES OIL & GAS COMPANY LP,2014-12-01,2021-12-01,143095.0,14627.0,78,74790.22320398001,2014-12-01,Three Forks,9359.0,2014-12-22,Sand/Ceramics Mix,Three Forks,Three Forks,HAYMAKER 44-22TFH-B,143095.0,Medium,132778.0
33-053-05929-0000,"HESS BAKKEN INVESTMENTS II, LLC",2015-02-01,2021-11-01,314974.0,30140.0,81,35160.16641438,2015-03-01,Bakken,9961.0,2015-02-26,Frac Sand,Bakken,Bakken,AN-BRENNA- 153-94-3130H-5,97704.836,Low,25123.0
33-053-06173-0000,NEWFIELD PRODUCTION COMPANY,2014-12-01,2020-06-01,227889.0,19597.0,48,37970.66635989,2015-01-01,Bakken,9910.0,2014-12-17,Sand/Ceramics Mix,Bakken,Bakken,HELSINGBORG FEDERAL 153-96-22-27-3H,93051.836,Low,55429.0
33-053-06286-0000,XTO ENERGY INC,2015-05-01,2021-05-01,280745.0,21208.0,72,45688.49969131,2015-07-01,Bakken,9185.0,2015-05-21,Frac Sand,Bakken,Bakken,SORENSON 14X-33A,280745.0,Medium,174677.0
33-053-07012-0000,NEWFIELD PRODUCTION COMPANY,2016-02-01,2021-10-01,275195.0,19988.0,67,80676.16639867,2016-02-01,Three Forks,11138.0,2016-02-06,Frac Sand,Three Forks,Three Forks,LARSEN FEDERAL 152-96-9-4-12H,176830.5,Medium,88898.0
33-053-05819-0000,XTO ENERGY INC,2014-09-01,2021-11-01,212402.0,15620.0,80,40698.8333975,2014-10-01,Three Forks,9973.0,2014-09-25,Sand/Ceramics Mix,Three Forks,Three Forks,DAVE 11X-16E,212402.0,Medium,193991.0
33-053-05908-0000,XTO ENERGY INC,2014-12-01,2021-10-01,242193.0,12201.0,77,38268.99985950001,2014-12-01,Bakken,9878.0,2014-12-15,Sand/Ceramics Mix,Bakken,Bakken,HOFFMANN 14X-12B,242193.0,Medium,162620.0
33-053-05923-0000,BURLINGTON RESOURCES OIL & GAS COMPANY LP,2014-12-01,2021-11-01,363942.0,18618.0,75,65526.9995672,2015-12-01,Three Forks,9846.0,2014-12-12,Sand/Ceramics Mix,Three Forks,Three Forks,BULLRUSH 2-7-9UTFH,363942.0,Medium,317875.0
33-053-06213-0000,WHITING OIL AND GAS CORPORATION,2015-02-01,2019-10-01,140392.0,27900.0,57,18744.499981099998,2015-06-01,Three Forks,9050.0,2015-02-20,Sand/Ceramics Mix,Three Forks,Three Forks,TARPON FEDERAL 44-19-3RTF,119153.34,Medium,134994.0
33-053-06981-0000,OASIS PETROLEUM NORTH AMERICA LLC,2016-07-01,2021-10-01,239300.0,26236.0,60,67567.16713029999,2016-09-01,Three Forks,9358.0,2016-07-05,Sand/Resin Mix,Three Forks,Three Forks,JOHNSRUD  5198 12-18 10T,160486.17,Medium,407449.0
33-053-07145-0000,QEP ENERGY COMPANY,2016-03-01,2020-04-01,96399.0,7297.0,48,19500.333330830003,2017-01-01,Three Forks,9415.0,2016-03-31,Frac Sand,Three Forks,Three Forks,ERNIE 4-2-11T2HD,96399.0,Low,185453.0
33-053-04739-0000,"CONTINENTAL RESOURCES, INC.",2014-02-01,2021-06-01,157031.0,20471.0,83,13886.833253049997,2014-05-01,Three Forks,10072.0,2014-02-05,Sand/Ceramics Mix,Three Forks,Three Forks,ROLLEFSTAD FEDERAL 12-3H-3,157031.0,Medium,257693.0
33-053-05024-0000,HESS CORPORATION,2014-05-01,2020-03-01,119283.0,21482.0,66,31801.833714359997,2014-06-01,Bakken,10851.0,2014-05-23,Frac Sand,Bakken,Bakken,AN-EVENSON 152-95-0310H-5,119283.0,Medium,18247.0
33-053-05772-0000,OASIS PETROLEUM NORTH AMERICA LLC,2014-09-01,2019-03-01,22242.0,9703.0,22,8368.50009318,2014-10-01,Three Forks,9563.0,2014-09-29,Sand/Ceramics Mix,Three Forks,Three Forks,WHITE 5198 13-6 13T3,22242.0,Low,104474.0
33-053-06208-0000,XTO ENERGY INC,2015-04-01,2021-10-01,167223.0,13967.0,69,41915.66676066999,2015-04-01,Bakken,4305.0,2015-04-07,Frac Sand,Bakken,Bakken,MOSES 21X-9B,167223.0,Medium,86371.0
33-053-06291-0000,"WPX ENERGY WILLISTON, LLC",2016-03-01,2021-10-01,500570.0,42589.0,66,45498.500007309995,2016-03-01,Bakken,9795.0,2016-03-05,Frac Sand,Bakken,Bakken,EMMA OWNER 23-14HD,121888.66,Medium,291070.0
33-053-06489-0000,XTO ENERGY INC,2015-07-01,2021-11-01,312775.0,19236.0,73,55553.16648287,2015-10-01,Three Forks,9780.0,2015-07-25,Frac Sand,Three Forks,Three Forks,MARLENE  42X-20F2,312775.0,Medium,89107.0
33-053-07390-0000,OASIS PETROLEUM NORTH AMERICA LLC,2017-02-01,2020-09-01,213009.0,25662.0,42,72889.666268,2017-05-01,Three Forks,9384.0,2017-02-14,Sand/Resin Mix,Three Forks,Three Forks,FORLAND  5198 41-33 2TX,213009.0,Medium,489411.0
33-053-07453-0000,QEP ENERGY COMPANY,2016-11-01,2021-07-01,290195.0,39248.0,56,56729.66651339999,2016-12-01,Bakken,9829.0,2016-11-05,Frac Sand,Bakken,Bakken,TIPI V 4-13-12BH,166263.83,Medium,264950.0
33-053-07946-0000,QEP ENERGY COMPANY,2017-06-01,2021-10-01,246620.0,25577.0,53,65390.99995550001,2017-08-01,Bakken,9991.0,2017-06-19,Sand/Resin Mix,Bakken,Bakken,ND LEVANG 6-16-21BHD,246620.0,Medium,85825.0
33-053-07954-0000,"WPX ENERGY WILLISTON, LLC",2017-06-01,2021-12-01,339598.0,35865.0,51,64358.551221,2017-06-01,Bakken,9794.0,2017-06-03,Frac Sand,Bakken,Bakken,ETSTATIS  32-29HXR,339598.0,Medium,287194.0
33-053-03624-0000,"PETRO-HUNT, L.L.C.",2014-01-01,2019-09-01,345461.0,34757.0,52,32139.000160499996,2014-02-01,Bakken,9832.0,2014-01-26,Sand/Ceramics Mix,Bakken,Bakken,FORT BERTHOLD 151-94-34C-27-2H,345461.0,Medium,168515.0
33-053-05092-0000,HESS CORPORATION,2014-10-01,2019-11-01,279791.0,29462.0,62,37221.83271457,2014-11-01,Bakken,9341.0,2014-10-15,Sand/Ceramics Mix,Bakken,Bakken,HA-THOMPSON 152-95-2017H-4,279791.0,Medium,36367.0
33-053-06235-0000,QEP ENERGY COMPANY,2015-09-01,2020-09-01,286241.0,32349.0,56,52626.99950793,2015-10-01,Bakken,9757.0,2015-10-01,Frac Sand,Bakken,Bakken,JONES 3-15-22BH,286241.0,Medium,111031.0
33-053-07289-0000,NEWFIELD PRODUCTION COMPANY,2016-02-01,2021-09-01,173792.0,25143.0,64,40489.000069739996,2016-03-01,Bakken,4795.0,2016-02-17,Frac Sand,Bakken,Bakken,SKAAR FEDERAL 153-96-30-1H,91253.664,Low,58597.0
33-053-05164-0000,BURLINGTON RESOURCES OIL & GAS COMPANY LP,2014-05-01,2021-08-01,159689.0,17012.0,65,17925.49979121,2014-10-01,Three Forks,9524.0,2014-05-31,Sand/Ceramics Mix,Three Forks,Three Forks,BIG BEND 41-2TFH,159689.0,Medium,53405.0
33-053-05213-0000,BURLINGTON RESOURCES OIL & GAS COMPANY LP,2015-06-01,2021-11-01,279069.0,20083.0,65,46687.333512009995,2016-01-01,Three Forks,8334.0,2015-06-19,Sand/Ceramics Mix,Three Forks,Three Forks,HARLEY 31-2TFH,279069.0,Medium,239255.0
33-053-05255-0000,XTO ENERGY INC,2014-04-01,2021-06-01,282077.0,13720.0,81,73860.0007323,2014-08-01,Bakken,9594.0,2014-05-01,Sand/Ceramics Mix,Bakken,Bakken,RINK 13X-4B,153298.33,Medium,312647.0
33-053-05583-0000,XTO ENERGY INC,2015-01-01,2021-07-01,160215.0,15252.0,75,37991.8337785,2015-03-01,Three Forks,9563.0,2015-01-28,Sand/Ceramics Mix,Three Forks,Three Forks,BERQUIST 31X-2G,160215.0,Medium,154822.0
33-053-05707-0000,OASIS PETROLEUM NORTH AMERICA LLC,2014-09-01,2018-04-01,33983.0,25242.0,26,8046.833212670001,2014-10-01,Three Forks,9693.0,2014-09-28,Sand/Ceramics Mix,Three Forks,Three Forks,WHITE 5198 12-6 2T3,8468.0,Low,146587.0
33-053-05797-0000,BURLINGTON RESOURCES OIL & GAS COMPANY LP,2015-01-01,2021-12-01,285691.0,25627.0,77,195774.74665225,2015-04-01,Bakken,9578.0,2015-01-20,Sand/Ceramics Mix,Bakken,Bakken,SHENANDOAH 14-36MBH ULW,285691.0,Medium,66006.0
33-053-05909-0000,XTO ENERGY INC,2014-12-01,2021-10-01,155071.0,10150.0,72,33960.6668303,2015-01-01,Three Forks,9619.0,2014-12-26,Sand/Ceramics Mix,Three Forks,Three Forks,HOFFMANN 14X-12E,155071.0,Medium,176755.0
33-053-05989-0000,"HESS BAKKEN INVESTMENTS II, LLC",2015-10-01,2020-05-01,131277.0,25205.0,53,21692.49977704,2015-11-01,Bakken,9899.0,2015-10-20,Frac Sand,Bakken,Bakken,HA-SANFORD- 152-96-1819H-4,131277.0,Medium,30242.0
33-053-06034-0000,QEP ENERGY COMPANY,2015-03-01,2020-12-01,433711.0,38673.0,67,80512.33278631,2015-03-01,Bakken,9851.0,2015-03-02,Frac Sand,Bakken,Bakken,STATE 4-16-21BH,433711.0,Medium,174835.0
33-053-06209-0000,XTO ENERGY INC,2015-04-01,2021-12-01,204965.0,10799.0,77,98454.0107328,2015-04-01,Bakken,4281.0,2015-04-03,Frac Sand,Bakken,Bakken,MOSES 21X-9A,354015.34,Medium,152115.0
33-053-06212-0000,WHITING OIL AND GAS CORPORATION,2015-02-01,2019-10-01,196036.0,30834.0,57,57399.6671072,2015-06-01,Bakken,9356.0,2015-02-17,Sand/Ceramics Mix,Bakken,Bakken,TARPON FEDERAL 44-19-1RH,196036.0,Medium,151083.0
33-053-06236-0000,QEP ENERGY COMPANY,2015-09-01,2019-07-01,393103.0,34505.0,47,30724.500219359998,2015-11-01,Three Forks,9743.0,2015-09-24,Sand/Resin Mix,Three Forks,Three Forks,JONES 6-15-22TH,393103.0,Medium,153881.0
33-053-06693-0000,QEP ENERGY COMPANY,2015-10-01,2019-12-01,327772.0,33876.0,49,117329.16650464,2015-11-01,Bakken,9678.0,2015-10-17,Sand/Resin Mix,Bakken,Bakken,BOGGS 8-29-32BHD,327772.0,Medium,139447.0
33-053-06740-0000,XTO ENERGY INC,2016-02-01,2021-10-01,186902.0,15688.0,57,46430.999537170006,2016-06-01,Three Forks,9523.0,2016-02-20,Sand/Ceramics Mix,Three Forks,Three Forks,AMUNDSON 44X-22H,186902.0,Medium,179101.0
33-053-06802-0000,QEP ENERGY COMPANY,2016-03-01,2019-09-01,124160.0,16058.0,42,23403.500278499996,2016-05-01,Three Forks,9436.0,2016-03-15,Frac Sand,Three Forks,Three Forks,STATE 8-36-1BH,57816.168,Low,114976.0
33-053-07094-0000,XTO ENERGY INC,2016-11-01,2021-08-01,266723.0,19583.0,49,52020.16687880001,2017-12-01,Bakken,9950.0,2016-11-09,Frac Sand,Bakken,Bakken,JOHNSON 31X-6D,266723.0,Medium,238594.0
33-053-07155-0000,WHITING OIL AND GAS CORPORATION,2016-09-01,2021-09-01,306163.0,40613.0,61,76320.83330084001,2016-11-01,Bakken,9228.0,2016-09-06,Sand/Ceramics Mix,Bakken,Bakken,ROLLA FEDERAL 21-3-1H,306163.0,Medium,88343.0
33-053-07654-0000,OASIS PETROLEUM NORTH AMERICA LLC,2017-07-01,2020-07-01,140296.0,25943.0,35,45909.666860599995,2017-08-01,Three Forks,9978.0,2017-07-25,Sand/Resin Mix,Three Forks,Three Forks,OYLOE 5199 42-23 5T,140296.0,Medium,214501.0
33-053-05252-0000,XTO ENERGY INC,2014-04-01,2021-09-01,281959.0,16643.0,80,56849.83255986,2014-08-01,Three Forks,9874.0,2014-04-19,Sand/Ceramics Mix,Three Forks,Three Forks,RINK 13X-4E,281959.0,Medium,266488.0
33-053-05346-0000,"CONTINENTAL RESOURCES, INC.",2014-08-01,2020-03-01,89960.0,5796.0,68,15948.33335623,2014-10-01,Three Forks,4931.0,2014-08-24,Sand/Ceramics Mix,Three Forks,Three Forks,MACK 9-2H2,31478.166,Low,128816.0
33-053-05937-0000,XTO ENERGY INC,2015-05-01,2021-08-01,122565.0,7806.0,56,26117.500030699997,2015-06-01,Three Forks,9491.0,2015-05-22,Sand/Ceramics Mix,Three Forks,Three Forks,MCCOY 44X-23G2,58208.168,Low,227529.0
33-053-06071-0000,BURLINGTON RESOURCES OIL & GAS COMPANY LP,2015-05-01,2021-12-01,223944.0,14887.0,74,121613.26353153998,2015-10-01,Bakken,9505.0,2015-05-15,Sand/Ceramics Mix,Bakken,Bakken,HAMMERHEAD 11-26MBH,223944.0,Medium,180255.0
33-053-04486-0000,"BRIGHAM OIL & GAS, L.P.",2015-10-01,2021-10-01,595173.0,20233.0,66,118486.83291699999,2015-11-01,Bakken,10085.0,2015-10-10,Sand/Ceramics Mix,Bakken,Bakken,JAY 24-13F #1H-R,595173.0,High,626484.0
33-053-04492-0000,ENERPLUS RESOURCES USA CORPORATION,2017-10-01,2020-09-01,215826.0,24969.0,33,12009.333358509999,2018-06-01,Bakken,8802.0,2017-10-31,Frac Sand,Bakken,Bakken,ZION 148-95-02B-11H,215826.0,Medium,132575.0
33-053-05245-0000,QEP ENERGY COMPANY,2014-06-01,2021-08-01,241087.0,24872.0,86,26541.00007781,2014-06-01,Three Forks,9997.0,2014-06-01,Sand/Ceramics Mix,Three Forks,Three Forks,VEEDER 3-27-34TH,241087.0,Medium,114044.0
33-053-05291-0000,QEP ENERGY COMPANY,2014-05-01,2021-10-01,248829.0,25816.0,67,31070.039521789993,2014-05-01,Three Forks,9864.0,2014-05-07,Sand/Ceramics Mix,Three Forks,Three Forks,TAT 3-33-28TH,248829.0,Medium,136396.0
33-053-05313-0000,NEWFIELD PRODUCTION COMPANY,2014-03-01,2020-12-01,200773.0,13758.0,81,30742.83360284,2014-04-01,Bakken,9642.0,2014-03-17,Sand/Ceramics Mix,Bakken,Bakken,SKAAR 150-99-15-22-3H,61842.668,Low,103419.0
33-053-05391-0000,"EOG RESOURCES, INC.",2014-10-01,2020-02-01,118767.0,22186.0,54,30538.33320231,2014-10-01,Three Forks,5091.0,2014-10-01,Frac Sand,Three Forks,Three Forks,MANDAREE 134-05H,63787.0,Low,332732.0
33-053-05512-0000,OASIS PETROLEUM NORTH AMERICA LLC,2014-07-01,2021-03-01,82453.0,7432.0,69,12293.33322679,2014-08-01,Three Forks,9632.0,2014-07-31,Frac Sand,Three Forks,Three Forks,HAGEN BANKS 5298 #42-31 7T3,82453.0,Low,226898.0
33-053-06030-0000,OASIS PETROLEUM NORTH AMERICA LLC,2015-09-01,2021-01-01,115554.0,12908.0,58,18678.3332918,2015-09-01,Three Forks,9404.0,2015-09-08,Sand/Resin Mix,Three Forks,Three Forks,KLINE FEDERAL 5300 41-18 12TX,115554.0,Medium,377716.0
33-053-07858-0000,BURLINGTON RESOURCES OIL & GAS COMPANY LP,2017-11-01,2021-10-01,715797.0,33139.0,43,224922.1536517,2018-01-01,Bakken,10053.0,2017-11-03,Sand/Ceramics Mix,Bakken,Bakken,MATHISTAD 6-8-35 MBH,534271.38,High,237147.0
33-053-04586-0000,"BRIGHAM OIL & GAS, L.P.",2014-06-01,2021-09-01,267822.0,11145.0,78,79686.99979277,2014-12-01,Three Forks,9923.0,2014-06-21,Sand/Ceramics Mix,Three Forks,Three Forks,GARMANN 19-18 2TFH,267822.0,Medium,218805.0
33-053-05508-0000,BURLINGTON RESOURCES OIL & GAS COMPANY LP,2014-07-01,2021-11-01,376360.0,16547.0,82,37339.1668617,2015-08-01,Bakken,9610.0,2014-07-06,Sand/Ceramics Mix,Bakken,Bakken,NORMAN 44-33MBH,376360.0,Medium,108287.0
33-053-05548-0000,TRIANGLE USA PETROLEUM CORPORATION,2014-05-01,2021-06-01,208031.0,20877.0,82,32846.49964671,2014-06-01,Bakken,9479.0,2014-05-28,Sand/Ceramics Mix,Bakken,Bakken,ROWE 150-101-1-12-5H,208031.0,Medium,198041.0
33-053-05771-0000,OASIS PETROLEUM NORTH AMERICA LLC,2014-09-01,2021-04-01,372523.0,35732.0,59,100125.00057090001,2014-12-01,Bakken,9519.0,2014-09-26,Sand/Ceramics Mix,Bakken,Bakken,WHITE 5198 13-6 12B,372523.0,Medium,315864.0
33-053-04214-0000,SM ENERGY COMPANY,2014-04-01,2021-10-01,153139.0,10689.0,84,32227.500172059998,2014-07-01,Three Forks,10034.0,2014-04-08,Frac Sand,Three Forks,Three Forks,ARNOLD 16X-12H,153139.0,Medium,171417.0
33-053-04931-0000,XTO ENERGY INC,2014-06-01,2021-09-01,311057.0,16517.0,78,36954.666590199995,2014-08-01,Bakken,9875.0,2014-06-29,Sand/Ceramics Mix,Bakken,Bakken,LOOMER 41X-3C,311057.0,Medium,212939.0
33-053-05174-0000,XTO ENERGY INC,2014-07-01,2021-07-01,294981.0,21591.0,83,27417.666542400002,2014-09-01,Bakken,9543.0,2014-07-16,Sand/Ceramics Mix,Bakken,Bakken,RITA 24X-34A,294981.0,Medium,134055.0
33-053-05177-0000,SM ENERGY COMPANY,2014-01-01,2018-07-01,122721.0,11285.0,54,18690.50001948,2014-02-01,Three Forks,10057.0,2014-01-19,Frac Sand,Three Forks,Three Forks,DORIS 1X-13H,122721.0,Medium,117119.0
33-053-05214-0000,QEP ENERGY COMPANY,2014-10-01,2021-11-01,274151.0,19277.0,76,17060.99992554,2014-10-01,Bakken,10010.0,2014-10-11,Frac Sand,Bakken,Bakken,KIRKLAND 1-23-14BH,274151.0,Medium,194522.0
33-053-05532-0000,BURLINGTON RESOURCES OIL & GAS COMPANY LP,2014-07-01,2021-11-01,279811.0,30609.0,86,52245.66701229,2014-10-01,Three Forks,9437.0,2014-07-17,Sand/Ceramics Mix,Three Forks,Three Forks,ARCHES 34-35TFH,279811.0,Medium,77089.0
33-053-05677-0000,QEP ENERGY COMPANY,2014-07-01,2021-11-01,356840.0,20518.0,88,38192.166462500005,2014-08-01,Bakken,9931.0,2014-07-25,Sand/Resin Mix,Bakken,Bakken,MOBERG 3-17-16BH,356840.0,Medium,144684.0
33-053-05711-0000,SM ENERGY COMPANY,2014-09-01,2021-05-01,120462.0,11792.0,77,22051.83344001,2014-09-01,Three Forks,10048.0,2014-09-12,Frac Sand,Three Forks,Three Forks,TODD 13X-35H,120462.0,Medium,146006.0
33-053-06044-0000,BURLINGTON RESOURCES OIL & GAS COMPANY LP,2015-06-01,2021-10-01,340271.0,21115.0,68,34201.49987394,2016-01-01,Three Forks,8674.0,2015-06-20,Sand/Ceramics Mix,Three Forks,Three Forks,HARLEY 21-2TFH-R,107073.34,Medium,261340.0
33-053-06249-0000,QEP ENERGY COMPANY,2015-09-01,2021-09-01,335543.0,25936.0,65,50043.6432466,2016-02-01,Three Forks,11366.0,2015-09-04,Sand/Resin Mix,Three Forks,Three Forks,JONES 1-15-23TH,335543.0,Medium,125162.0
33-053-06283-0000,BURLINGTON RESOURCES OIL & GAS COMPANY LP,2015-07-01,2021-11-01,129548.0,18476.0,65,51613.051778600005,2016-01-01,Three Forks,9769.0,2015-07-23,Sand/Ceramics Mix,Three Forks,Three Forks,KINGS CANYON 4-1-27MTFH,129548.0,Medium,126292.0
33-053-06413-0000,QEP ENERGY COMPANY,2015-04-01,2021-11-01,359235.0,39880.0,71,81383.16673019,2015-04-01,Bakken,9338.0,2015-04-01,Frac Sand,Bakken,Bakken,THOMPSON 7-29-32BHD,166099.83,Medium,146305.0
33-053-06588-0000,"CONTINENTAL RESOURCES, INC.",2017-08-01,2021-06-01,317814.0,41565.0,41,53743.6669273,2018-03-01,Bakken,13556.0,2017-10-08,Sand/Ceramics Mix,Bakken,Bakken,MONROE 9-2H,317814.0,Medium,292347.0
33-053-06864-0000,MARATHON OIL COMPANY,2016-06-01,2021-07-01,529232.0,63488.0,62,55312.33327100001,2016-06-01,Three Forks,10084.0,2016-06-01,Sand/Ceramics Mix,Three Forks,Three Forks,CHARMAINE USA 14-35TFH,529232.0,High,228564.0
33-053-07098-0000,XTO ENERGY INC,2016-11-01,2021-10-01,182221.0,15398.0,54,78585.8326009,2018-01-01,Three Forks,9475.0,2016-11-22,Frac Sand,Three Forks,Three Forks,JOHNSON 31X-6G,182221.0,Medium,344598.0
33-053-07455-0000,QEP ENERGY COMPANY,2016-10-01,2021-10-01,230414.0,34756.0,60,67847.66612283999,2017-02-01,Bakken,9900.0,2016-10-31,Frac Sand,Bakken,Bakken,TIPI V 5-13-12BH,230414.0,Medium,222501.0
33-053-05529-0000,BURLINGTON RESOURCES OIL & GAS COMPANY LP,2014-08-01,2021-10-01,278829.0,21432.0,69,35863.99992481,2015-02-01,Three Forks,9624.0,2014-08-06,Sand/Ceramics Mix,Three Forks,Three Forks,ARCHES  14-35TFH,278829.0,Medium,99321.0
33-053-07398-0000,OASIS PETROLEUM NORTH AMERICA LLC,2017-03-01,2019-08-01,73425.0,17096.0,15,19668.00014021,2017-04-01,Three Forks,10015.0,2017-03-19,Sand/Resin Mix,Three Forks,Three Forks,FORLAND 5098 13-4 10T,73425.0,Low,106512.0
33-053-04028-0000,WHITING OIL AND GAS CORPORATION,2015-02-01,2019-10-01,166531.0,27791.0,57,34352.66690419,2015-06-01,Three Forks,9550.0,2015-02-23,Sand/Ceramics Mix,Three Forks,Three Forks,TARPON FEDERAL 44-19-2RTF,166531.0,Medium,166998.0
33-053-04942-0000,XTO ENERGY INC,2014-03-01,2021-08-01,267585.0,15537.0,80,61668.16670569,2014-06-01,Bakken,9412.0,2014-03-07,Sand/Ceramics Mix,Bakken,Bakken,ROLFSRUD STATE 14X-36A,131395.17,Medium,101725.0
33-053-04947-0000,XTO ENERGY INC,2014-02-01,2019-11-01,157357.0,17475.0,68,24370.333205299998,2014-03-01,Three Forks,9046.0,2014-02-19,Sand/Ceramics Mix,Three Forks,Three Forks,ALICE 44X-34H,157357.0,Medium,86701.0
33-053-05570-0000,XTO ENERGY INC,2014-12-01,2020-08-01,177223.0,15663.0,67,25456.0004265,2016-01-01,Bakken,6184.0,2014-12-15,Sand/Ceramics Mix,Bakken,Bakken,THOMPSON 41X-17MB3,177223.0,Medium,39631.0
33-053-05865-0000,XTO ENERGY INC,2015-01-01,2021-09-01,176800.0,9727.0,78,28206.000042499996,2015-05-01,Three Forks,9605.0,2015-01-27,Sand/Ceramics Mix,Three Forks,Three Forks,RIECKHOFF 21X-3F,176800.0,Medium,154722.0
33-053-06197-0000,"HESS BAKKEN INVESTMENTS II, LLC",2015-08-01,2021-12-01,204883.0,26062.0,76,61546.2866707,2015-08-01,Three Forks,10156.0,2015-08-02,Frac Sand,Three Forks,Three Forks,BB-CHAPIN A- 151-95-0403H-10,204883.0,Medium,105396.0
33-053-06341-0000,XTO ENERGY INC,2015-07-01,2021-06-01,308844.0,16667.0,72,45028.6666236,2015-09-01,Bakken,9567.0,2015-07-22,Frac Sand,Bakken,Bakken,SATTER 21X-1B,119781.66,Medium,112086.0
33-053-06635-0000,NEWFIELD PRODUCTION COMPANY,2015-06-01,2019-06-01,289815.0,29191.0,45,50988.33316003999,2015-06-01,Bakken,9578.0,2015-06-10,Frac Sand,Bakken,Bakken,GARIETY 150-98-6-7-4H,289815.0,Medium,119098.0
33-053-06715-0000,QEP ENERGY COMPANY,2016-03-01,2021-11-01,267210.0,25427.0,66,51364.00003608001,2016-06-01,Bakken,10304.0,2016-03-17,Frac Sand,Bakken,Bakken,STATE 7-25-24BH,267210.0,Medium,205626.0
33-053-06739-0000,XTO ENERGY INC,2016-02-01,2021-08-01,224617.0,14028.0,59,74747.33353124,2016-05-01,Bakken,9633.0,2016-02-05,Frac Sand,Bakken,Bakken,AMUNDSON 44X-22D,224617.0,Medium,191952.0
33-053-06825-0000,BURLINGTON RESOURCES OIL & GAS COMPANY LP,2016-12-01,2021-11-01,315346.0,31571.0,52,39009.83379548,2017-05-01,Bakken,9688.0,2016-12-10,Sand/Ceramics Mix,Bakken,Bakken,GUDMUNSON 1-1-26MBH,315346.0,Medium,263405.0
33-053-06872-0000,SM ENERGY COMPANY,2016-06-01,2021-05-01,124822.0,14938.0,47,13368.5001676,2016-06-01,Three Forks,10089.0,2016-06-02,Frac Sand,Three Forks,Three Forks,RINI 1X-16HB,41265.5,Low,221006.0
33-053-07013-0000,NEWFIELD PRODUCTION COMPANY,2016-01-01,2021-10-01,236751.0,34857.0,70,54029.166973319996,2016-01-01,Bakken,4807.0,2016-01-02,Frac Sand,Bakken,Bakken,LARSEN 152-96-9-3HLW,236751.0,Medium,40538.0
33-053-07059-0000,"CONTINENTAL RESOURCES, INC.",2017-02-01,2021-11-01,401094.0,44420.0,47,95230.30278767,2017-04-01,Bakken,9463.0,2017-02-03,Sand/Ceramics Mix,Bakken,Bakken,AKRON FEDERAL 7-27H,293125.22,Medium,299934.0
33-053-07646-0000,OASIS PETROLEUM NORTH AMERICA LLC,2017-10-01,2021-10-01,170053.0,20446.0,48,45403.49977277,2018-01-01,Three Forks,9574.0,2017-10-09,Sand/Resin Mix,Three Forks,Three Forks,WHITE 5198 12-6 6T,123446.16,Medium,242558.0
33-053-07501-0000,"EOG RESOURCES, INC.",2016-12-01,2019-09-01,310019.0,46918.0,34,32212.999910669998,2016-12-01,Three Forks,8149.0,2016-12-05,Frac Sand,Three Forks,Three Forks,MANDAREE 30-0706H,123023.66,Medium,471284.0
33-053-05490-0000,"SHD OIL & GAS, LLC",2015-10-01,2021-10-01,124425.0,20637.0,54,10569.66671949,2015-11-01,Three Forks,4072.0,2015-10-22,Frac Sand,Three Forks,Three Forks,CANON 12-36H,28576.5,Low,94074.0
33-053-04856-0000,"CONTINENTAL RESOURCES, INC.",2014-03-01,2021-08-01,224008.0,10410.0,89,13008.833341800002,2014-05-01,Bakken,12154.0,2014-05-03,Sand/Ceramics Mix,Bakken,Bakken,COLUMBUS FEDERAL 3-16H,224008.0,Medium,240877.0
33-053-05269-0000,"CONTINENTAL RESOURCES, INC.",2015-06-01,2021-10-01,291819.0,20730.0,74,97425.48923507001,2015-07-01,Bakken,9427.0,2015-06-04,Sand/Ceramics Mix,Bakken,Bakken,JAMESTOWN FEDERAL 5-17H,291819.0,Medium,191168.0
33-053-05412-0000,"SHD OIL & GAS, LLC",2014-11-01,2021-10-01,120232.0,13811.0,58,9248.66684777,2014-11-01,Three Forks,4136.0,2014-11-07,Ceramics,Three Forks,Three Forks,LUKE 13-36H,120232.0,Medium,158123.0
33-053-05418-0000,OASIS PETROLEUM NORTH AMERICA LLC,2014-04-01,2021-09-01,100314.0,4456.0,86,15109.99996577,2014-05-01,Three Forks,9519.0,2014-04-21,Sand/Ceramics Mix,Three Forks,Three Forks,LEFTY  5200 14-30 4T2,100314.0,Medium,270547.0
33-053-05966-0000,NEWFIELD PRODUCTION COMPANY,2014-11-01,2021-11-01,223846.0,16365.0,83,37214.6667603,2014-12-01,Bakken,6720.0,2014-11-15,Sand/Ceramics Mix,Bakken,Bakken,ROLFSRUD STATE 152-96-29-32-3HX,223846.0,Medium,66428.0
33-053-05971-0000,"HESS BAKKEN INVESTMENTS II, LLC",2015-03-01,2019-12-01,197846.0,26424.0,51,45600.1663035,2015-03-01,Bakken,10988.0,2015-03-12,Frac Sand,Bakken,Bakken,HA-DAHL- 152-95-0706H-7,197846.0,Medium,16819.0
33-053-06028-0000,OASIS PETROLEUM NORTH AMERICA LLC,2015-08-01,2020-03-01,103035.0,11370.0,56,14165.666669440001,2015-09-01,Three Forks,9569.0,2015-08-27,Sand/Resin Mix,Three Forks,Three Forks,KLINE FEDERAL 5300 41-18 13T2X,103035.0,Medium,327288.0
33-053-06074-0000,BURLINGTON RESOURCES OIL & GAS COMPANY LP,2015-04-01,2021-12-01,163438.0,13718.0,73,93168.89911690001,2015-10-01,Three Forks,9204.0,2015-04-29,Sand/Ceramics Mix,Three Forks,Three Forks,HAMMERHEAD 31-26TFH,163438.0,Medium,222855.0
33-053-06140-0000,XTO ENERGY INC,2015-03-01,2021-11-01,359356.0,23770.0,75,81585.3329815,2015-05-01,Bakken,9629.0,2015-03-09,Frac Sand,Bakken,Bakken,NELSON 24X-11A,359356.0,Medium,198728.0
33-053-06141-0000,XTO ENERGY INC,2015-03-01,2021-09-01,205129.0,13681.0,72,49078.66609440999,2015-05-01,Three Forks,9432.0,2015-03-26,Frac Sand,Three Forks,Three Forks,NELSON 24X-11E,205129.0,Medium,196611.0
33-053-06144-0000,XTO ENERGY INC,2015-05-01,2021-10-01,172711.0,9723.0,74,29986.999973740003,2015-07-01,Three Forks,9610.0,2015-05-21,Sand/Ceramics Mix,Three Forks,Three Forks,JOHNSON FEDERAL 11X-5F,172711.0,Medium,126693.0
33-053-06206-0000,XTO ENERGY INC,2015-07-01,2020-07-01,75328.0,5576.0,56,6703.833291040001,2015-07-01,Three Forks,9969.0,2015-07-17,Frac Sand,Three Forks,Three Forks,GRANLI 34X-20H,75328.0,Low,181194.0
33-053-06741-0000,XTO ENERGY INC,2016-02-01,2021-08-01,214831.0,18137.0,63,56746.167040099994,2016-04-01,Bakken,8522.0,2016-02-27,Sand/Ceramics Mix,Bakken,Bakken,AMUNDSON 44X-22CXD,214831.0,Medium,164681.0
33-053-06770-0000,XTO ENERGY INC,2015-12-01,2021-10-01,209831.0,22026.0,60,21864.833187910004,2016-04-01,Three Forks,9568.0,2015-12-31,Frac Sand,Three Forks,Three Forks,KLAMM 34X-9H,209831.0,Medium,193373.0
33-053-07093-0000,XTO ENERGY INC,2016-11-01,2021-11-01,241661.0,20211.0,59,52982.66730093,2018-01-01,Bakken,9435.0,2016-11-22,Frac Sand,Bakken,Bakken,JOHNSON 31X-6CXD,138174.5,Medium,367283.0
33-053-07261-0000,ENERPLUS RESOURCES USA CORPORATION,2017-02-01,2021-09-01,480312.0,30664.0,53,60088.33404667,2017-03-01,Bakken,9933.0,2017-02-04,Frac Sand,Bakken,Bakken,FURLONG 151-94-21A-28H,120375.84,Medium,196671.0
33-053-07263-0000,ENERPLUS RESOURCES USA CORPORATION,2017-02-01,2020-11-01,263388.0,28385.0,44,22162.16670634,2017-02-01,Bakken,4512.0,2017-02-04,Frac Sand,Bakken,Bakken,FIRE 151-94-16DH,59239.0,Low,199235.0
33-053-07271-0000,OASIS PETROLEUM NORTH AMERICA LLC,2016-11-01,2021-11-01,230017.0,31541.0,54,42628.4999335,2016-12-01,Three Forks,9584.0,2016-11-04,Frac Sand,Three Forks,Three Forks,ROLFSON S 5198 12-29 6T,140164.17,Medium,374951.0
33-053-07292-0000,WHITING OIL AND GAS CORPORATION,2016-07-01,2021-12-01,224928.0,17485.0,66,45444.63462527999,2016-09-01,Bakken,9169.0,2016-07-15,Sand/Ceramics Mix,Bakken,Bakken,GULLIKSON 44-34HU,224928.0,Medium,710628.0
33-053-06117-0000,TRIANGLE USA PETROLEUM CORPORATION,2014-11-01,2021-07-01,209361.0,17971.0,76,32189.833376740004,2014-12-01,Bakken,9497.0,2014-11-28,Sand/Ceramics Mix,Bakken,Bakken,PAULSON 150-101-23-14-1H,209361.0,Medium,257235.0
33-053-06711-0000,XTO ENERGY INC,2017-05-01,2021-11-01,259842.0,23108.0,46,41549.50014902,2017-10-01,Bakken,9807.0,2017-05-09,Frac Sand,Bakken,Bakken,RINK 12X-4D,259842.0,Medium,400134.0
33-053-06975-0000,OASIS PETROLEUM NORTH AMERICA LLC,2016-06-01,2020-04-01,196396.0,24176.0,47,28018.000152700002,2016-07-01,Three Forks,9714.0,2016-06-15,Sand/Resin Mix,Three Forks,Three Forks,JOHNSRUD  5198 12-18 4T2,122941.84,Medium,355579.0
33-053-05556-0000,"ENDURO OPERATING, LLC",2014-04-01,2019-09-01,1800.0,739.0,5,87.83333280000001,2014-05-01,Silurian,51.0,2014-04-20,Unknown,Silurian,Silurian,HAY DRAW 21-33 SWD,1800.0,Low,2617.0
33-053-05286-0000,NEWFIELD PRODUCTION COMPANY,2014-04-01,2021-03-01,128559.0,25520.0,20,29145.666544710002,2014-05-01,Bakken,11045.0,2014-04-30,Sand/Ceramics Mix,Bakken,Bakken,WAHUS STATE 152-97-12-1-4H,128559.0,Medium,49033.0
33-053-05883-0000,QEP ENERGY COMPANY,2014-12-01,2017-05-01,278873.0,35711.0,30,18599.166420800004,2014-12-01,Bakken,10055.0,2014-12-07,Frac Sand,Bakken,Bakken,LINSETH 4-22-15BH,278873.0,Medium,136043.0
33-053-06241-0000,TRIANGLE USA PETROLEUM CORPORATION,2015-04-01,2017-08-01,29152.0,6604.0,12,4279.3334486700005,2015-07-01,Three Forks,8395.0,2015-04-12,Sand/Ceramics Mix,Three Forks,Three Forks,WISNESS 150-100-23-14-12TFH,29152.0,Low,153466.0
33-053-06956-0000,"EOG RESOURCES, INC.",2016-06-01,2016-06-01,191.0,191.0,1,21.5,2016-06-01,Three Forks,7259.0,2016-06-28,Frac Sand,Three Forks,Three Forks,WEST CLARK 105-0136H,23.5,Low,226.0
33-053-05760-0000,TRIANGLE USA PETROLEUM CORPORATION,2014-07-01,2016-05-01,107922.0,24492.0,23,13096.166680670001,2014-08-01,Bakken,9519.0,2014-08-17,Sand/Ceramics Mix,Bakken,Bakken,ECKERT FOUNDATION 152-102-22-15-3H,107922.0,Medium,173502.0
33-053-04749-0000,"CONTINENTAL RESOURCES, INC.",2014-05-01,2016-05-01,23090.0,4829.0,24,4387.83332697,2014-07-01,Three Forks,9346.0,2014-05-28,Frac Sand,Three Forks,Three Forks,WAHPETON 7-16H3,23090.0,Low,137395.0
33-053-06500-0000,TRIANGLE USA PETROLEUM CORPORATION,2015-12-01,2016-09-01,41261.0,9719.0,10,9745.499774,2016-02-01,Three Forks,9273.0,2015-12-12,Sand/Ceramics Mix,Three Forks,Three Forks,ARNEGARD 150-100-23-14-10TFH,11166.167,Low,115092.0
33-053-06866-0000,MARATHON OIL COMPANY,2016-07-01,2016-07-01,492.0,492.0,1,39.166668,2016-07-01,Three Forks,10046.0,2016-07-02,Sand/Ceramics Mix,Three Forks,Three Forks,ETHEL USA 13-35TFH-2B,492.0,Low,111.0
33-053-05652-0000,"CONTINENTAL RESOURCES, INC.",2015-01-01,2015-06-01,32315.0,10026.0,6,1120.6666665,2015-02-01,Bakken,10065.0,2015-01-13,Ceramics,Bakken,Bakken,HOLSTEIN FEDERAL 1-25H,32315.0,Low,7590.0
33-053-06748-0000,WHITING OIL AND GAS CORPORATION,2015-10-01,2015-10-01,337.0,337.0,1,27.0,2015-10-01,Three Forks,10606.0,2015-10-25,Sand/Ceramics Mix,Three Forks,Three Forks,FLATLAND FEDERAL 11-4-4TFH,337.0,Low,1017.0
33-053-04745-0000,"CONTINENTAL RESOURCES, INC.",2014-02-01,2014-05-01,370.0,353.0,2,0.16666667,2014-02-01,Three Forks,9380.0,2014-02-22,Frac Sand,Three Forks,Three Forks,WAHPETON 3-16H3,370.0,Low,
