entity_type,entity_id,forecast_month,forecast_oil_bbl,forecast_gas_mcf,model_type,r2_score,qi,di,b_factor
operator,ABRAXAS PETROLEUM CORP.,2026-09-01,22146.447402441478,10071.804271813586,exponential,0.4761133567169956,129596.3621968146,0.011937483909319141,0.0
operator,ABRAXAS PETROLEUM CORP.,2026-10-01,21883.646255988155,10028.338717271045,exponential,0.4761133567169956,129596.3621968146,0.011937483909319141,0.0
operator,ABRAXAS PETROLEUM CORP.,2026-11-01,21623.96364323562,9985.060741277559,exponential,0.4761133567169956,129596.3621968146,0.011937483909319141,0.0
operator,ABRAXAS PETROLEUM CORP.,2026-12-01,21367.36255805747,9941.969534325179,exponential,0.4761133567169956,129596.3621968146,0.011937483909319141,0.0
operator,ABRAXAS PETROLEUM CORP.,2027-01-01,21113.80643346106,9899.064290399438,exponential,0.4761133567169956,129596.3621968146,0.011937483909319141,0.0
operator,ABRAXAS PETROLEUM CORP.,2027-02-01,20863.259136376495,9856.344206964277,exponential,0.4761133567169956,129596.3621968146,0.011937483909319141,0.0
operator,ABRAXAS PETROLEUM CORP.,2027-03-01,20615.684962507505,9813.808484947043,exponential,0.4761133567169956,129596.3621968146,0.011937483909319141,0.0
operator,ABRAXAS PETROLEUM CORP.,2027-04-01,20371.048631243368,9771.456328723529,exponential,0.4761133567169956,129596.3621968146,0.011937483909319141,0.0
operator,ABRAXAS PETROLEUM CORP.,2027-05-01,20129.31528063125,9729.286946103097,exponential,0.4761133567169956,129596.3621968146,0.011937483909319141,0.0
operator,ABRAXAS PETROLEUM CORP.,2027-06-01,19890.45046240821,9687.29954831387,exponential,0.4761133567169956,129596.3621968146,0.011937483909319141,0.0
operator,ABRAXAS PETROLEUM CORP.,2027-07-01,19654.420137092122,9645.493349987963,exponential,0.4761133567169956,129596.3621968146,0.011937483909319141,0.0
operator,ABRAXAS PETROLEUM CORP.,2027-08-01,19421.19066913088,9603.867569146798,exponential,0.4761133567169956,129596.3621968146,0.011937483909319141,0.0
operator,ABRAXAS PETROLEUM CORP.,2027-09-01,19190.72882210915,9562.421427186482,exponential,0.4761133567169956,129596.3621968146,0.011937483909319141,0.0
operator,ABRAXAS PETROLEUM CORP.,2027-10-01,18963.00175401203,9521.154148863241,exponential,0.4761133567169956,129596.3621968146,0.011937483909319141,0.0
operator,ABRAXAS PETROLEUM CORP.,2027-11-01,18737.977012544856,9480.064962278915,exponential,0.4761133567169956,129596.3621968146,0.011937483909319141,0.0
operator,ABRAXAS PETROLEUM CORP.,2027-12-01,18515.62253050861,9439.153098866525,exponential,0.4761133567169956,129596.3621968146,0.011937483909319141,0.0
operator,"WPX ENERGY WILLISTON, LLC",2026-01-01,46173.628039330564,2861.271744499258,harmonic,-0.6396548940570637,46179.99999999999,1.0000000000000002e-06,1.0
operator,"WPX ENERGY WILLISTON, LLC",2026-02-01,46173.58187211977,2861.2688836251755,harmonic,-0.6396548940570637,46179.99999999999,1.0000000000000002e-06,1.0
operator,"WPX ENERGY WILLISTON, LLC",2026-03-01,46173.53570500129,2861.266022756813,harmonic,-0.6396548940570637,46179.99999999999,1.0000000000000002e-06,1.0
operator,"WPX ENERGY WILLISTON, LLC",2026-04-01,46173.48953797514,2861.2631618941723,harmonic,-0.6396548940570637,46179.99999999999,1.0000000000000002e-06,1.0
operator,"WPX ENERGY WILLISTON, LLC",2026-05-01,46173.4433710413,2861.260301037252,harmonic,-0.6396548940570637,46179.99999999999,1.0000000000000002e-06,1.0
operator,"WPX ENERGY WILLISTON, LLC",2026-06-01,46173.39720419979,2861.2574401860525,harmonic,-0.6396548940570637,46179.99999999999,1.0000000000000002e-06,1.0
operator,"WPX ENERGY WILLISTON, LLC",2026-07-01,46173.3510374506,2861.2545793405743,harmonic,-0.6396548940570637,46179.99999999999,1.0000000000000002e-06,1.0
operator,"WPX ENERGY WILLISTON, LLC",2026-08-01,46173.30487079373,2861.2517185008164,harmonic,-0.6396548940570637,46179.99999999999,1.0000000000000002e-06,1.0
operator,"WPX ENERGY WILLISTON, LLC",2026-09-01,46173.25870422918,2861.2488576667797,harmonic,-0.6396548940570637,46179.99999999999,1.0000000000000002e-06,1.0
operator,"WPX ENERGY WILLISTON, LLC",2026-10-01,46173.21253775695,2861.245996838464,harmonic,-0.6396548940570637,46179.99999999999,1.0000000000000002e-06,1.0
operator,"WPX ENERGY WILLISTON, LLC",2026-11-01,46173.166371377025,2861.2431360158685,harmonic,-0.6396548940570637,46179.99999999999,1.0000000000000002e-06,1.0
operator,"WPX ENERGY WILLISTON, LLC",2026-12-01,46173.120205089435,2861.2402751989944,harmonic,-0.6396548940570637,46179.99999999999,1.0000000000000002e-06,1.0
operator,"WPX ENERGY WILLISTON, LLC",2027-01-01,46173.074038894156,2861.2374143878405,harmonic,-0.6396548940570637,46179.99999999999,1.0000000000000002e-06,1.0
operator,"WPX ENERGY WILLISTON, LLC",2027-02-01,46173.0278727912,2861.2345535824084,harmonic,-0.6396548940570637,46179.99999999999,1.0000000000000002e-06,1.0
operator,"WPX ENERGY WILLISTON, LLC",2027-03-01,46172.98170678056,2861.2316927826964,harmonic,-0.6396548940570637,46179.99999999999,1.0000000000000002e-06,1.0
operator,"WPX ENERGY WILLISTON, LLC",2027-04-01,46172.935540862236,2861.2288319887048,harmonic,-0.6396548940570637,46179.99999999999,1.0000000000000002e-06,1.0
operator,"WPX ENERGY WILLISTON, LLC",2027-05-01,46172.88937503624,2861.2259712004343,harmonic,-0.6396548940570637,46179.99999999999,1.0000000000000002e-06,1.0
operator,"WPX ENERGY WILLISTON, LLC",2027-06-01,46172.843209302555,2861.2231104178845,harmonic,-0.6396548940570637,46179.99999999999,1.0000000000000002e-06,1.0
operator,"WPX ENERGY WILLISTON, LLC",2027-07-01,46172.79704366118,2861.220249641055,harmonic,-0.6396548940570637,46179.99999999999,1.0000000000000002e-06,1.0
operator,"WPX ENERGY WILLISTON, LLC",2027-08-01,46172.75087811213,2861.2173888699467,harmonic,-0.6396548940570637,46179.99999999999,1.0000000000000002e-06,1.0
operator,"WPX ENERGY WILLISTON, LLC",2027-09-01,46172.70471265539,2861.214528104558,harmonic,-0.6396548940570637,46179.99999999999,1.0000000000000002e-06,1.0
operator,"WPX ENERGY WILLISTON, LLC",2027-10-01,46172.65854729097,2861.2116673448913,harmonic,-0.6396548940570637,46179.99999999999,1.0000000000000002e-06,1.0
operator,"WPX ENERGY WILLISTON, LLC",2027-11-01,46172.61238201887,2861.2088065909447,harmonic,-0.6396548940570637,46179.99999999999,1.0000000000000002e-06,1.0
operator,"WPX ENERGY WILLISTON, LLC",2027-12-01,46172.56621683908,2861.2059458427184,harmonic,-0.6396548940570637,46179.99999999999,1.0000000000000002e-06,1.0
operator,WHITING OIL AND GAS CORPORATION,2026-01-01,149292.78474726275,35413.23382932857,exponential,0.32828193102239145,427639.99999780825,0.007308141277602294,0.0
operator,WHITING OIL AND GAS CORPORATION,2026-02-01,148205.7090741935,35413.19842122892,exponential,0.32828193102239145,427639.99999780825,0.007308141277602294,0.0
operator,WHITING OIL AND GAS CORPORATION,2026-03-01,147126.54894453773,35413.16301320007,exponential,0.32828193102239145,427639.99999780825,0.007308141277602294,0.0
operator,WHITING OIL AND GAS CORPORATION,2026-04-01,146055.24672125213,35413.12760524203,exponential,0.32828193102239145,427639.99999780825,0.007308141277602294,0.0
operator,WHITING OIL AND GAS CORPORATION,2026-05-01,144991.7451869778,35413.09219735479,exponential,0.32828193102239145,427639.99999780825,0.007308141277602294,0.0
operator,WHITING OIL AND GAS CORPORATION,2026-06-01,143935.9875409841,35413.05678953836,exponential,0.32828193102239145,427639.99999780825,0.007308141277602294,0.0
operator,WHITING OIL AND GAS CORPORATION,2026-07-01,142887.91739613493,35413.02138179272,exponential,0.32828193102239145,427639.99999780825,0.007308141277602294,0.0
operator,WHITING OIL AND GAS CORPORATION,2026-08-01,141847.47877587724,35412.9859741179,exponential,0.32828193102239145,427639.99999780825,0.007308141277602294,0.0
operator,WHITING OIL AND GAS CORPORATION,2026-09-01,140814.6161112515,35412.950566513886,exponential,0.32828193102239145,427639.99999780825,0.007308141277602294,0.0
operator,WHITING OIL AND GAS CORPORATION,2026-10-01,139789.27423792338,35412.91515898067,exponential,0.32828193102239145,427639.99999780825,0.007308141277602294,0.0
operator,WHITING OIL AND GAS CORPORATION,2026-11-01,138771.39839323802,35412.87975151826,exponential,0.32828193102239145,427639.99999780825,0.007308141277602294,0.0
operator,WHITING OIL AND GAS CORPORATION,2026-12-01,137760.93421329476,35412.84434412666,exponential,0.32828193102239145,427639.99999780825,0.007308141277602294,0.0
operator,WHITING OIL AND GAS CORPORATION,2027-01-01,136757.8277300438,35412.80893680585,exponential,0.32828193102239145,427639.99999780825,0.007308141277602294,0.0
operator,WHITING OIL AND GAS CORPORATION,2027-02-01,135762.0253684039,35412.77352955586,exponential,0.32828193102239145,427639.99999780825,0.007308141277602294,0.0
operator,WHITING OIL AND GAS CORPORATION,2027-03-01,134773.47394340072,35412.73812237666,exponential,0.32828193102239145,427639.99999780825,0.007308141277602294,0.0
operator,WHITING OIL AND GAS CORPORATION,2027-04-01,133792.12065732645,35412.702715268264,exponential,0.32828193102239145,427639.99999780825,0.007308141277602294,0.0
operator,WHITING OIL AND GAS CORPORATION,2027-05-01,132817.91309691995,35412.66730823068,exponential,0.32828193102239145,427639.99999780825,0.007308141277602294,0.0
operator,WHITING OIL AND GAS CORPORATION,2027-06-01,131850.79923056724,35412.63190126389,exponential,0.32828193102239145,427639.99999780825,0.007308141277602294,0.0
operator,WHITING OIL AND GAS CORPORATION,2027-07-01,130890.7274055227,35412.59649436791,exponential,0.32828193102239145,427639.99999780825,0.007308141277602294,0.0
operator,WHITING OIL AND GAS CORPORATION,2027-08-01,129937.64634515025,35412.56108754273,exponential,0.32828193102239145,427639.99999780825,0.007308141277602294,0.0
operator,WHITING OIL AND GAS CORPORATION,2027-09-01,128991.50514618465,35412.52568078834,exponential,0.32828193102239145,427639.99999780825,0.007308141277602294,0.0
operator,WHITING OIL AND GAS CORPORATION,2027-10-01,128052.253276013,35412.49027410477,exponential,0.32828193102239145,427639.99999780825,0.007308141277602294,0.0
operator,WHITING OIL AND GAS CORPORATION,2027-11-01,127119.84056997557,35412.454867491986,exponential,0.32828193102239145,427639.99999780825,0.007308141277602294,0.0
operator,WHITING OIL AND GAS CORPORATION,2027-12-01,126194.21722868683,35412.41946095002,exponential,0.32828193102239145,427639.99999780825,0.007308141277602294,0.0
operator,STATOIL OIL & GAS LP,2026-01-01,70560.12158297836,8425.487031815544,harmonic,-0.5105664768784006,70569.99999999999,1.0000000000000002e-06,1.0
operator,STATOIL OIL & GAS LP,2026-02-01,70560.05103280436,8425.47860751634,harmonic,-0.5105664768784006,70569.99999999999,1.0000000000000002e-06,1.0
operator,STATOIL OIL & GAS LP,2026-03-01,70559.98048277143,8425.470183233978,harmonic,-0.5105664768784006,70569.99999999999,1.0000000000000002e-06,1.0
operator,STATOIL OIL & GAS LP,2026-04-01,70559.90993287959,8425.461758968466,harmonic,-0.5105664768784006,70569.99999999999,1.0000000000000002e-06,1.0
operator,STATOIL OIL & GAS LP,2026-05-01,70559.83938312883,8425.4533347198,harmonic,-0.5105664768784006,70569.99999999999,1.0000000000000002e-06,1.0
operator,STATOIL OIL & GAS LP,2026-06-01,70559.76883351912,8425.444910487977,harmonic,-0.5105664768784006,70569.99999999999,1.0000000000000002e-06,1.0
operator,STATOIL OIL & GAS LP,2026-07-01,70559.69828405052,8425.436486273004,harmonic,-0.5105664768784006,70569.99999999999,1.0000000000000002e-06,1.0
operator,STATOIL OIL & GAS LP,2026-08-01,70559.62773472299,8425.428062074874,harmonic,-0.5105664768784006,70569.99999999999,1.0000000000000002e-06,1.0
operator,STATOIL OIL & GAS LP,2026-09-01,70559.55718553653,8425.41963789359,harmonic,-0.5105664768784006,70569.99999999999,1.0000000000000002e-06,1.0
operator,STATOIL OIL & GAS LP,2026-10-01,70559.48663649116,8425.411213729154,harmonic,-0.5105664768784006,70569.99999999999,1.0000000000000002e-06,1.0
operator,STATOIL OIL & GAS LP,2026-11-01,70559.41608758684,8425.40278958156,harmonic,-0.5105664768784006,70569.99999999999,1.0000000000000002e-06,1.0
operator,STATOIL OIL & GAS LP,2026-12-01,70559.34553882362,8425.394365450815,harmonic,-0.5105664768784006,70569.99999999999,1.0000000000000002e-06,1.0
operator,STATOIL OIL & GAS LP,2027-01-01,70559.27499020148,8425.385941336915,harmonic,-0.5105664768784006,70569.99999999999,1.0000000000000002e-06,1.0
operator,STATOIL OIL & GAS LP,2027-02-01,70559.2044417204,8425.37751723986,harmonic,-0.5105664768784006,70569.99999999999,1.0000000000000002e-06,1.0
operator,STATOIL OIL & GAS LP,2027-03-01,70559.1338933804,8425.369093159652,harmonic,-0.5105664768784006,70569.99999999999,1.0000000000000002e-06,1.0
operator,STATOIL OIL & GAS LP,2027-04-01,70559.0633451815,8425.36066909629,harmonic,-0.5105664768784006,70569.99999999999,1.0000000000000002e-06,1.0
operator,STATOIL OIL & GAS LP,2027-05-01,70558.99279712363,8425.352245049771,harmonic,-0.5105664768784006,70569.99999999999,1.0000000000000002e-06,1.0
operator,STATOIL OIL & GAS LP,2027-06-01,70558.92224920687,8425.343821020098,harmonic,-0.5105664768784006,70569.99999999999,1.0000000000000002e-06,1.0
operator,STATOIL OIL & GAS LP,2027-07-01,70558.85170143115,8425.335397007271,harmonic,-0.5105664768784006,70569.99999999999,1.0000000000000002e-06,1.0
operator,STATOIL OIL & GAS LP,2027-08-01,70558.78115379653,8425.32697301129,harmonic,-0.5105664768784006,70569.99999999999,1.0000000000000002e-06,1.0
operator,STATOIL OIL & GAS LP,2027-09-01,70558.71060630298,8425.318549032154,harmonic,-0.5105664768784006,70569.99999999999,1.0000000000000002e-06,1.0
operator,STATOIL OIL & GAS LP,2027-10-01,70558.64005895049,8425.310125069862,harmonic,-0.5105664768784006,70569.99999999999,1.0000000000000002e-06,1.0
operator,STATOIL OIL & GAS LP,2027-11-01,70558.56951173909,8425.301701124417,harmonic,-0.5105664768784006,70569.99999999999,1.0000000000000002e-06,1.0
operator,STATOIL OIL & GAS LP,2027-12-01,70558.49896466875,8425.293277195817,harmonic,-0.5105664768784006,70569.99999999999,1.0000000000000002e-06,1.0
operator,MARATHON OIL COMPANY,2026-01-01,64479.92965625581,13804.972645513903,exponential,0.057301496985842415,137957.5035975159,0.00539426727324872,0.0
operator,MARATHON OIL COMPANY,2026-02-01,64133.044119720995,13804.958840547983,exponential,0.057301496985842415,137957.5035975159,0.00539426727324872,0.0
operator,MARATHON OIL COMPANY,2026-03-01,63788.024738687556,13804.945035595869,exponential,0.057301496985842415,137957.5035975159,0.00539426727324872,0.0
operator,MARATHON OIL COMPANY,2026-04-01,63444.861473716024,13804.93123065756,exponential,0.057301496985842415,137957.5035975159,0.00539426727324872,0.0
operator,MARATHON OIL COMPANY,2026-05-01,63103.5443393765,13804.917425733054,exponential,0.057301496985842415,137957.5035975159,0.00539426727324872,0.0
operator,MARATHON OIL COMPANY,2026-06-01,62764.06340395818,13804.903620822355,exponential,0.057301496985842415,137957.5035975159,0.00539426727324872,0.0
operator,MARATHON OIL COMPANY,2026-07-01,62426.408789180314,13804.889815925459,exponential,0.057301496985842415,137957.5035975159,0.00539426727324872,0.0
operator,MARATHON OIL COMPANY,2026-08-01,62090.57066990476,13804.87601104237,exponential,0.057301496985842415,137957.5035975159,0.00539426727324872,0.0
operator,MARATHON OIL COMPANY,2026-09-01,61756.53927385015,13804.862206173084,exponential,0.057301496985842415,137957.5035975159,0.00539426727324872,0.0
operator,MARATHON OIL COMPANY,2026-10-01,61424.30488130742,13804.848401317602,exponential,0.057301496985842415,137957.5035975159,0.00539426727324872,0.0
operator,MARATHON OIL COMPANY,2026-11-01,61093.85782485715,13804.834596475928,exponential,0.057301496985842415,137957.5035975159,0.00539426727324872,0.0
operator,MARATHON OIL COMPANY,2026-12-01,60765.18848908809,13804.820791648057,exponential,0.057301496985842415,137957.5035975159,0.00539426727324872,0.0
operator,MARATHON OIL COMPANY,2027-01-01,60438.287310317464,13804.806986833992,exponential,0.057301496985842415,137957.5035975159,0.00539426727324872,0.0
operator,MARATHON OIL COMPANY,2027-02-01,60113.14477631269,13804.79318203373,exponential,0.057301496985842415,137957.5035975159,0.00539426727324872,0.0
operator,MARATHON OIL COMPANY,2027-03-01,59789.751426014525,13804.779377247276,exponential,0.057301496985842415,137957.5035975159,0.00539426727324872,0.0
operator,MARATHON OIL COMPANY,2027-04-01,59468.09784926183,13804.765572474622,exponential,0.057301496985842415,137957.5035975159,0.00539426727324872,0.0
operator,MARATHON OIL COMPANY,2027-05-01,59148.17468651774,13804.751767715778,exponential,0.057301496985842415,137957.5035975159,0.00539426727324872,0.0
operator,MARATHON OIL COMPANY,2027-06-01,58829.972628597265,13804.737962970734,exponential,0.057301496985842415,137957.5035975159,0.00539426727324872,0.0
operator,MARATHON OIL COMPANY,2027-07-01,58513.482416396495,13804.724158239498,exponential,0.057301496985842415,137957.5035975159,0.00539426727324872,0.0
operator,MARATHON OIL COMPANY,2027-08-01,58198.69484062309,13804.710353522065,exponential,0.057301496985842415,137957.5035975159,0.00539426727324872,0.0
operator,MARATHON OIL COMPANY,2027-09-01,57885.600741528375,13804.696548818436,exponential,0.057301496985842415,137957.5035975159,0.00539426727324872,0.0
operator,MARATHON OIL COMPANY,2027-10-01,57574.19100864079,13804.682744128615,exponential,0.057301496985842415,137957.5035975159,0.00539426727324872,0.0
operator,MARATHON OIL COMPANY,2027-11-01,57264.456580500744,13804.668939452597,exponential,0.057301496985842415,137957.5035975159,0.00539426727324872,0.0
operator,MARATHON OIL COMPANY,2027-12-01,56956.38844439703,13804.65513479038,exponential,0.057301496985842415,137957.5035975159,0.00539426727324872,0.0
operator,"CONTINENTAL RESOURCES, INC.",2026-01-01,14627.893583323994,6542.391455630389,harmonic,-1.6973728802148287,14629.99999999999,1.0000000000000002e-06,1.0
operator,"CONTINENTAL RESOURCES, INC.",2026-02-01,14627.878957551146,6542.384914187442,harmonic,-1.6973728802148287,14629.99999999999,1.0000000000000002e-06,1.0
operator,"CONTINENTAL RESOURCES, INC.",2026-03-01,14627.864331807546,6542.3783727575765,harmonic,-1.6973728802148287,14629.99999999999,1.0000000000000002e-06,1.0
operator,"CONTINENTAL RESOURCES, INC.",2026-04-01,14627.849706093197,6542.371831340793,harmonic,-1.6973728802148287,14629.99999999999,1.0000000000000002e-06,1.0
operator,"CONTINENTAL RESOURCES, INC.",2026-05-01,14627.83508040809,6542.365289937088,harmonic,-1.6973728802148287,14629.99999999999,1.0000000000000002e-06,1.0
operator,"CONTINENTAL RESOURCES, INC.",2026-06-01,14627.820454752233,6542.358748546466,harmonic,-1.6973728802148287,14629.99999999999,1.0000000000000002e-06,1.0
operator,"CONTINENTAL RESOURCES, INC.",2026-07-01,14627.80582912562,6542.352207168923,harmonic,-1.6973728802148287,14629.99999999999,1.0000000000000002e-06,1.0
operator,"CONTINENTAL RESOURCES, INC.",2026-08-01,14627.791203528259,6542.345665804462,harmonic,-1.6973728802148287,14629.99999999999,1.0000000000000002e-06,1.0
operator,"CONTINENTAL RESOURCES, INC.",2026-09-01,14627.776577960141,6542.339124453083,harmonic,-1.6973728802148287,14629.99999999999,1.0000000000000002e-06,1.0
operator,"CONTINENTAL RESOURCES, INC.",2026-10-01,14627.76195242127,6542.332583114782,harmonic,-1.6973728802148287,14629.99999999999,1.0000000000000002e-06,1.0
operator,"CONTINENTAL RESOURCES, INC.",2026-11-01,14627.747326911647,6542.3260417895635,harmonic,-1.6973728802148287,14629.99999999999,1.0000000000000002e-06,1.0
operator,"CONTINENTAL RESOURCES, INC.",2026-12-01,14627.73270143127,6542.319500477426,harmonic,-1.6973728802148287,14629.99999999999,1.0000000000000002e-06,1.0
operator,"CONTINENTAL RESOURCES, INC.",2027-01-01,14627.718075980138,6542.312959178367,harmonic,-1.6973728802148287,14629.99999999999,1.0000000000000002e-06,1.0
operator,"CONTINENTAL RESOURCES, INC.",2027-02-01,14627.703450558254,6542.3064178923905,harmonic,-1.6973728802148287,14629.99999999999,1.0000000000000002e-06,1.0
operator,"CONTINENTAL RESOURCES, INC.",2027-03-01,14627.688825165613,6542.299876619492,harmonic,-1.6973728802148287,14629.99999999999,1.0000000000000002e-06,1.0
operator,"CONTINENTAL RESOURCES, INC.",2027-04-01,14627.674199802223,6542.293335359677,harmonic,-1.6973728802148287,14629.99999999999,1.0000000000000002e-06,1.0
operator,"CONTINENTAL RESOURCES, INC.",2027-05-01,14627.659574468076,6542.286794112942,harmonic,-1.6973728802148287,14629.99999999999,1.0000000000000002e-06,1.0
operator,"CONTINENTAL RESOURCES, INC.",2027-06-01,14627.644949163174,6542.280252879285,harmonic,-1.6973728802148287,14629.99999999999,1.0000000000000002e-06,1.0
operator,"CONTINENTAL RESOURCES, INC.",2027-07-01,14627.63032388752,6542.27371165871,harmonic,-1.6973728802148287,14629.99999999999,1.0000000000000002e-06,1.0
operator,"CONTINENTAL RESOURCES, INC.",2027-08-01,14627.615698641113,6542.267170451216,harmonic,-1.6973728802148287,14629.99999999999,1.0000000000000002e-06,1.0
operator,"CONTINENTAL RESOURCES, INC.",2027-09-01,14627.601073423948,6542.260629256801,harmonic,-1.6973728802148287,14629.99999999999,1.0000000000000002e-06,1.0
operator,"CONTINENTAL RESOURCES, INC.",2027-10-01,14627.586448236032,6542.254088075467,harmonic,-1.6973728802148287,14629.99999999999,1.0000000000000002e-06,1.0
operator,"CONTINENTAL RESOURCES, INC.",2027-11-01,14627.571823077358,6542.2475469072115,harmonic,-1.6973728802148287,14629.99999999999,1.0000000000000002e-06,1.0
operator,"CONTINENTAL RESOURCES, INC.",2027-12-01,14627.557197947934,6542.241005752038,harmonic,-1.6973728802148287,14629.99999999999,1.0000000000000002e-06,1.0
operator,"SHD OIL & GAS, LLC",2026-01-01,1005.9108790212904,3850.0081921063556,exponential,0.5511120086327554,61741.30078626829,0.030051529995018048,0.0
operator,"SHD OIL & GAS, LLC",2026-02-01,976.1314183509376,3847.6841261555533,exponential,0.5511120086327554,61741.30078626829,0.030051529995018048,0.0
operator,"SHD OIL & GAS, LLC",2026-03-01,947.2335628966247,3845.362864367103,exponential,0.5511120086327554,61741.30078626829,0.030051529995018048,0.0
operator,"SHD OIL & GAS, LLC",2026-04-01,919.1912132012288,3843.044401668913,exponential,0.5511120086327554,61741.30078626829,0.030051529995018048,0.0
operator,"SHD OIL & GAS, LLC",2026-05-01,891.9790424682782,3840.7287330011145,exponential,0.5511120086327554,61741.30078626829,0.030051529995018048,0.0
operator,"SHD OIL & GAS, LLC",2026-06-01,865.5724736877444,3838.415853316028,exponential,0.5511120086327554,61741.30078626829,0.030051529995018048,0.0
operator,"SHD OIL & GAS, LLC",2026-07-01,839.9476574390094,3836.1057575781256,exponential,0.5511120086327554,61741.30078626829,0.030051529995018048,0.0
operator,"SHD OIL & GAS, LLC",2026-08-01,815.0814503509653,3833.798440763994,exponential,0.5511120086327554,61741.30078626829,0.030051529995018048,0.0
operator,"SHD OIL & GAS, LLC",2026-09-01,790.9513941997913,3831.4938978622986,exponential,0.5511120086327554,61741.30078626829,0.030051529995018048,0.0
operator,"SHD OIL & GAS, LLC",2026-10-01,767.5356956255287,3829.1921238737464,exponential,0.5511120086327554,61741.30078626829,0.030051529995018048,0.0
operator,"SHD OIL & GAS, LLC",2026-11-01,744.8132064491407,3826.8931138110515,exponential,0.5511120086327554,61741.30078626829,0.030051529995018048,0.0
operator,"SHD OIL & GAS, LLC",2026-12-01,722.7634045722668,3824.5968626988974,exponential,0.5511120086327554,61741.30078626829,0.030051529995018048,0.0
operator,"SHD OIL & GAS, LLC",2027-01-01,701.3663754424382,3822.3033655739023,exponential,0.5511120086327554,61741.30078626829,0.030051529995018048,0.0
operator,"SHD OIL & GAS, LLC",2027-02-01,680.6027940670012,3820.0126174845823,exponential,0.5511120086327554,61741.30078626829,0.030051529995018048,0.0
operator,"SHD OIL & GAS, LLC",2027-03-01,660.4539075595103,3817.724613491317,exponential,0.5511120086327554,61741.30078626829,0.030051529995018048,0.0
operator,"SHD OIL & GAS, LLC",2027-04-01,640.9015182028256,3815.439348666313,exponential,0.5511120086327554,61741.30078626829,0.030051529995018048,0.0
operator,"SHD OIL & GAS, LLC",2027-05-01,621.9279670136184,3813.1568180935683,exponential,0.5511120086327554,61741.30078626829,0.030051529995018048,0.0
operator,"SHD OIL & GAS, LLC",2027-06-01,603.5161177934426,3810.877016868838,exponential,0.5511120086327554,61741.30078626829,0.030051529995018048,0.0
operator,"SHD OIL & GAS, LLC",2027-07-01,585.6493416519617,3808.599940099599,exponential,0.5511120086327554,61741.30078626829,0.030051529995018048,0.0
operator,"SHD OIL & GAS, LLC",2027-08-01,568.3115019883612,3806.3255829050136,exponential,0.5511120086327554,61741.30078626829,0.030051529995018048,0.0
operator,"SHD OIL & GAS, LLC",2027-09-01,551.4869399173775,3804.053940415898,exponential,0.5511120086327554,61741.30078626829,0.030051529995018048,0.0
operator,"SHD OIL & GAS, LLC",2027-10-01,535.1604601267807,3801.785007774683,exponential,0.5511120086327554,61741.30078626829,0.030051529995018048,0.0
operator,"SHD OIL & GAS, LLC",2027-11-01,519.3173171535392,3799.518780135384,exponential,0.5511120086327554,61741.30078626829,0.030051529995018048,0.0
operator,"SHD OIL & GAS, LLC",2027-12-01,503.9432020662724,3797.2552526635614,exponential,0.5511120086327554,61741.30078626829,0.030051529995018048,0.0
operator,"BRIGHAM OIL & GAS, L.P.",2026-01-01,13802.16897812735,7132.407994028792,exponential,0.6591927774201541,104751.2158372779,0.014074738983558242,0.0
operator,"BRIGHAM OIL & GAS, L.P.",2026-02-01,13609.267753982474,7099.116908395856,exponential,0.6591927774201541,104751.2158372779,0.014074738983558242,0.0
operator,"BRIGHAM OIL & GAS, L.P.",2026-03-01,13419.062546843006,7066.049641402246,exponential,0.6591927774201541,104751.2158372779,0.014074738983558242,0.0
operator,"BRIGHAM OIL & GAS, L.P.",2026-04-01,13231.51567676303,7033.204230134724,exponential,0.6591927774201541,104751.2158372779,0.014074738983558242,0.0
operator,"BRIGHAM OIL & GAS, L.P.",2026-05-01,13046.589990417315,7000.578732896606,exponential,0.6591927774201541,104751.2158372779,0.014074738983558242,0.0
operator,"BRIGHAM OIL & GAS, L.P.",2026-06-01,12864.24885374118,6968.17122893538,exponential,0.6591927774201541,104751.2158372779,0.014074738983558242,0.0
operator,"BRIGHAM OIL & GAS, L.P.",2026-07-01,12684.456144673237,6935.979818174337,exponential,0.6591927774201541,104751.2158372779,0.014074738983558242,0.0
operator,"BRIGHAM OIL & GAS, L.P.",2026-08-01,12507.176245999552,6904.002620948215,exponential,0.6591927774201541,104751.2158372779,0.014074738983558242,0.0
operator,"BRIGHAM OIL & GAS, L.P.",2026-09-01,12332.374038297818,6872.237777742734,exponential,0.6591927774201541,104751.2158372779,0.014074738983558242,0.0
operator,"BRIGHAM OIL & GAS, L.P.",2026-10-01,12160.014892980142,6840.683448937991,exponential,0.6591927774201541,104751.2158372779,0.014074738983558242,0.0
operator,"BRIGHAM OIL & GAS, L.P.",2026-11-01,11990.064665433072,6809.337814555623,exponential,0.6591927774201541,104751.2158372779,0.014074738983558242,0.0
operator,"BRIGHAM OIL & GAS, L.P.",2026-12-01,11822.4896882535,6778.199074009705,exponential,0.6591927774201541,104751.2158372779,0.014074738983558242,0.0
operator,"BRIGHAM OIL & GAS, L.P.",2027-01-01,11657.25676457909,6747.265445861302,exponential,0.6591927774201541,104751.2158372779,0.014074738983558242,0.0
operator,"BRIGHAM OIL & GAS, L.P.",2027-02-01,11494.333161511917,6716.5351675766005,exponential,0.6591927774201541,104751.2158372779,0.014074738983558242,0.0
operator,"BRIGHAM OIL & GAS, L.P.",2027-03-01,11333.686603634058,6686.006495288599,exponential,0.6591927774201541,104751.2158372779,0.014074738983558242,0.0
operator,"BRIGHAM OIL & GAS, L.P.",2027-04-01,11175.28526661376,6655.677703562262,exponential,0.6591927774201541,104751.2158372779,0.014074738983558242,0.0
operator,"BRIGHAM OIL & GAS, L.P.",2027-05-01,11019.097770901004,6625.5470851630935,exponential,0.6591927774201541,104751.2158372779,0.014074738983558242,0.0
operator,"BRIGHAM OIL & GAS, L.P.",2027-06-01,10865.093175511149,6595.61295082909,exponential,0.6591927774201541,104751.2158372779,0.014074738983558242,0.0
operator,"BRIGHAM OIL & GAS, L.P.",2027-07-01,10713.240971895493,6565.873629045979,exponential,0.6591927774201541,104751.2158372779,0.014074738983558242,0.0
operator,"BRIGHAM OIL & GAS, L.P.",2027-08-01,10563.511077897478,6536.327465825724,exponential,0.6591927774201541,104751.2158372779,0.014074738983558242,0.0
operator,"BRIGHAM OIL & GAS, L.P.",2027-09-01,10415.873831793358,6506.972824488225,exponential,0.6591927774201541,104751.2158372779,0.014074738983558242,0.0
operator,"BRIGHAM OIL & GAS, L.P.",2027-10-01,10270.299986416185,6477.808085446174,exponential,0.6591927774201541,104751.2158372779,0.014074738983558242,0.0
operator,"BRIGHAM OIL & GAS, L.P.",2027-11-01,10126.760703361875,6448.8316459929965,exponential,0.6591927774201541,104751.2158372779,0.014074738983558242,0.0
operator,"BRIGHAM OIL & GAS, L.P.",2027-12-01,9985.227547276301,6420.041920093842,exponential,0.6591927774201541,104751.2158372779,0.014074738983558242,0.0
operator,"EMERALD OIL, INC",2026-01-01,13770.362451989191,4969.223691722898,exponential,0.731273396231531,127494.87826501064,0.01567294055682143,0.0
operator,"EMERALD OIL, INC",2026-02-01,13556.222861805662,4949.801150310351,exponential,0.731273396231531,127494.87826501064,0.01567294055682143,0.0
operator,"EMERALD OIL, INC",2026-03-01,13345.413304817985,4930.529846366764,exponential,0.731273396231531,127494.87826501064,0.01567294055682143,0.0
operator,"EMERALD OIL, INC",2026-04-01,13137.881996481892,4911.408020282116,exponential,0.731273396231531,127494.87826501064,0.01567294055682143,0.0
operator,"EMERALD OIL, INC",2026-05-01,12933.57795754211,4892.433939637756,exponential,0.731273396231531,127494.87826501064,0.01567294055682143,0.0
operator,"EMERALD OIL, INC",2026-06-01,12732.451001509466,4873.605898683194,exponential,0.731273396231531,127494.87826501064,0.01567294055682143,0.0
operator,"EMERALD OIL, INC",2026-07-01,12534.451722332818,4854.922217824911,exponential,0.731273396231531,127494.87826501064,0.01567294055682143,0.0
operator,"EMERALD OIL, INC",2026-08-01,12339.531482262606,4836.381243126899,exponential,0.731273396231531,127494.87826501064,0.01567294055682143,0.0
operator,"EMERALD OIL, INC",2026-09-01,12147.642399903218,4817.981345822588,exponential,0.731273396231531,127494.87826501064,0.01567294055682143,0.0
operator,"EMERALD OIL, INC",2026-10-01,11958.737338451072,4799.720921837885,exponential,0.731273396231531,127494.87826501064,0.01567294055682143,0.0
operator,"EMERALD OIL, INC",2026-11-01,11772.769894115692,4781.598391325,exponential,0.731273396231531,127494.87826501064,0.01567294055682143,0.0
operator,"EMERALD OIL, INC",2026-12-01,11589.69438472075,4763.61219820682,exponential,0.731273396231531,127494.87826501064,0.01567294055682143,0.0
operator,"EMERALD OIL, INC",2027-01-01,11409.465838482458,4745.760809731497,exponential,0.731273396231531,127494.87826501064,0.01567294055682143,0.0
operator,"EMERALD OIL, INC",2027-02-01,11232.039982962393,4728.042716037037,exponential,0.731273396231531,127494.87826501064,0.01567294055682143,0.0
operator,"EMERALD OIL, INC",2027-03-01,11057.373234192166,4710.456429725597,exponential,0.731273396231531,127494.87826501064,0.01567294055682143,0.0
operator,"EMERALD OIL, INC",2027-04-01,10885.422685967189,4693.000485447248,exponential,0.731273396231531,127494.87826501064,0.01567294055682143,0.0
operator,"EMERALD OIL, INC",2027-05-01,10716.14609930692,4675.673439492955,exponential,0.731273396231531,127494.87826501064,0.01567294055682143,0.0
operator,"EMERALD OIL, INC",2027-06-01,10549.501892079035,4658.473869396552,exponential,0.731273396231531,127494.87826501064,0.01567294055682143,0.0
operator,"EMERALD OIL, INC",2027-07-01,10385.449128784934,4641.400373545454,exponential,0.731273396231531,127494.87826501064,0.01567294055682143,0.0
operator,"EMERALD OIL, INC",2027-08-01,10223.947510504104,4624.451570799914,exponential,0.731273396231531,127494.87826501064,0.01567294055682143,0.0
operator,"EMERALD OIL, INC",2027-09-01,10064.957364994825,4607.62610012058,exponential,0.731273396231531,127494.87826501064,0.01567294055682143,0.0
operator,"EMERALD OIL, INC",2027-10-01,9908.439636948877,4590.922620204154,exponential,0.731273396231531,127494.87826501064,0.01567294055682143,0.0
operator,"EMERALD OIL, INC",2027-11-01,9754.3558783977,4574.339809126957,exponential,0.731273396231531,127494.87826501064,0.01567294055682143,0.0
operator,"EMERALD OIL, INC",2027-12-01,9602.668239267869,4557.876363996182,exponential,0.731273396231531,127494.87826501064,0.01567294055682143,0.0
operator,SM ENERGY COMPANY,2026-01-01,47163.30608996715,11189.526393014794,exponential,0.22726572846008086,90539.99999999993,0.004528996979909164,0.0
operator,SM ENERGY COMPANY,2026-02-01,46950.18659219287,11185.542112405717,exponential,0.22726572846008086,90539.99999999993,0.004528996979909164,0.0
operator,SM ENERGY COMPANY,2026-03-01,46738.03012954266,11181.559250488677,exponential,0.22726572846008086,90539.99999999993,0.004528996979909164,0.0
operator,SM ENERGY COMPANY,2026-04-01,46526.83235029524,11177.577806758514,exponential,0.22726572846008086,90539.99999999993,0.004528996979909164,0.0
operator,SM ENERGY COMPANY,2026-05-01,46316.58892239373,11173.597780710252,exponential,0.22726572846008086,90539.99999999993,0.004528996979909164,0.0
operator,SM ENERGY COMPANY,2026-06-01,46107.29553335674,11169.619171839095,exponential,0.22726572846008086,90539.99999999993,0.004528996979909164,0.0
operator,SM ENERGY COMPANY,2026-07-01,45898.947890189935,11165.641979640423,exponential,0.22726572846008086,90539.99999999993,0.004528996979909164,0.0
operator,SM ENERGY COMPANY,2026-08-01,45691.54171929799,11161.6662036098,exponential,0.22726572846008086,90539.99999999993,0.004528996979909164,0.0
operator,SM ENERGY COMPANY,2026-09-01,45485.07276639691,11157.691843242968,exponential,0.22726572846008086,90539.99999999993,0.004528996979909164,0.0
operator,SM ENERGY COMPANY,2026-10-01,45279.53679642674,11153.718898035848,exponential,0.22726572846008086,90539.99999999993,0.004528996979909164,0.0
operator,SM ENERGY COMPANY,2026-11-01,45074.929593464796,11149.747367484539,exponential,0.22726572846008086,90539.99999999993,0.004528996979909164,0.0
operator,SM ENERGY COMPANY,2026-12-01,44871.24696063907,11145.777251085323,exponential,0.22726572846008086,90539.99999999993,0.004528996979909164,0.0
operator,SM ENERGY COMPANY,2027-01-01,44668.48472004222,11141.80854833466,exponential,0.22726572846008086,90539.99999999993,0.004528996979909164,0.0
operator,SM ENERGY COMPANY,2027-02-01,44466.638712645836,11137.841258729186,exponential,0.22726572846008086,90539.99999999993,0.004528996979909164,0.0
operator,SM ENERGY COMPANY,2027-03-01,44265.70479821516,11133.875381765723,exponential,0.22726572846008086,90539.99999999993,0.004528996979909164,0.0
operator,SM ENERGY COMPANY,2027-04-01,44065.67885522414,11129.910916941268,exponential,0.22726572846008086,90539.99999999993,0.004528996979909164,0.0
operator,SM ENERGY COMPANY,2027-05-01,43866.556780770894,11125.947863752992,exponential,0.22726572846008086,90539.99999999993,0.004528996979909164,0.0
operator,SM ENERGY COMPANY,2027-06-01,43668.334490493544,11121.986221698256,exponential,0.22726572846008086,90539.99999999993,0.004528996979909164,0.0
operator,SM ENERGY COMPANY,2027-07-01,43471.00791848648,11118.025990274593,exponential,0.22726572846008086,90539.99999999993,0.004528996979909164,0.0
operator,SM ENERGY COMPANY,2027-08-01,43274.573017216906,11114.067168979716,exponential,0.22726572846008086,90539.99999999993,0.004528996979909164,0.0
operator,SM ENERGY COMPANY,2027-09-01,43079.02575744185,11110.109757311518,exponential,0.22726572846008086,90539.99999999993,0.004528996979909164,0.0
operator,SM ENERGY COMPANY,2027-10-01,42884.3621281255,11106.153754768067,exponential,0.22726572846008086,90539.99999999993,0.004528996979909164,0.0
operator,SM ENERGY COMPANY,2027-11-01,42690.57813635693,11102.199160847616,exponential,0.22726572846008086,90539.99999999993,0.004528996979909164,0.0
operator,SM ENERGY COMPANY,2027-12-01,42497.66980726825,11098.245975048592,exponential,0.22726572846008086,90539.99999999993,0.004528996979909164,0.0
operator,"RESOLUTE NATURAL RESOURCES COMPANY, LLC",2026-01-01,1352.1717151352975,552.030199191215,exponential,0.4275832742963215,10700.003173926072,0.015322459705958113,0.0
operator,"RESOLUTE NATURAL RESOURCES COMPANY, LLC",2026-02-01,1331.611040830582,549.425123060576,exponential,0.4275832742963215,10700.003173926072,0.015322459705958113,0.0
operator,"RESOLUTE NATURAL RESOURCES COMPANY, LLC",2026-03-01,1311.3630053151062,546.8445185852693,exponential,0.4275832742963215,10700.003173926072,0.015322459705958113,0.0
operator,"RESOLUTE NATURAL RESOURCES COMPANY, LLC",2026-04-01,1291.4228547072084,544.2880425532948,exponential,0.4275832742963215,10700.003173926072,0.015322459705958113,0.0
operator,"RESOLUTE NATURAL RESOURCES COMPANY, LLC",2026-05-01,1271.785907411173,541.7553581407973,exponential,0.4275832742963215,10700.003173926072,0.015322459705958113,0.0
operator,"RESOLUTE NATURAL RESOURCES COMPANY, LLC",2026-06-01,1252.4475530180757,539.2461347641273,exponential,0.4275832742963215,10700.003173926072,0.015322459705958113,0.0
operator,"RESOLUTE NATURAL RESOURCES COMPANY, LLC",2026-07-01,1233.4032512233393,536.7600479359958,exponential,0.4275832742963215,10700.003173926072,0.015322459705958113,0.0
operator,"RESOLUTE NATURAL RESOURCES COMPANY, LLC",2026-08-01,1214.6485307607513,534.2967791255884,exponential,0.4275832742963215,10700.003173926072,0.015322459705958113,0.0
operator,"RESOLUTE NATURAL RESOURCES COMPANY, LLC",2026-09-01,1196.1789883526894,531.8560156225143,exponential,0.4275832742963215,10700.003173926072,0.015322459705958113,0.0
operator,"RESOLUTE NATURAL RESOURCES COMPANY, LLC",2026-10-01,1177.9902876763083,529.437450404467,exponential,0.4275832742963215,10700.003173926072,0.015322459705958113,0.0
operator,"RESOLUTE NATURAL RESOURCES COMPANY, LLC",2026-11-01,1160.0781583454507,527.0407820084798,exponential,0.4275832742963215,10700.003173926072,0.015322459705958113,0.0
operator,"RESOLUTE NATURAL RESOURCES COMPANY, LLC",2026-12-01,1142.438394908032,524.665714405662,exponential,0.4275832742963215,10700.003173926072,0.015322459705958113,0.0
operator,"RESOLUTE NATURAL RESOURCES COMPANY, LLC",2027-01-01,1125.066855858677,522.3119568793073,exponential,0.4275832742963215,10700.003173926072,0.015322459705958113,0.0
operator,"RESOLUTE NATURAL RESOURCES COMPANY, LLC",2027-02-01,1107.959462666366,519.9792239062676,exponential,0.4275832742963215,10700.003173926072,0.015322459705958113,0.0
operator,"RESOLUTE NATURAL RESOURCES COMPANY, LLC",2027-03-01,1091.1121988168688,517.667235041493,exponential,0.4275832742963215,10700.003173926072,0.015322459705958113,0.0
operator,"RESOLUTE NATURAL RESOURCES COMPANY, LLC",2027-04-01,1074.521108869738,515.3757148056371,exponential,0.4275832742963215,10700.003173926072,0.015322459705958113,0.0
operator,"RESOLUTE NATURAL RESOURCES COMPANY, LLC",2027-05-01,1058.1822975296398,513.1043925756347,exponential,0.4275832742963215,10700.003173926072,0.015322459705958113,0.0
operator,"RESOLUTE NATURAL RESOURCES COMPANY, LLC",2027-06-01,1042.0919287318088,510.8530024781604,exponential,0.4275832742963215,10700.003173926072,0.015322459705958113,0.0
operator,"RESOLUTE NATURAL RESOURCES COMPANY, LLC",2027-07-01,1026.2462247414069,508.6212832858799,exponential,0.4275832742963215,10700.003173926072,0.015322459705958113,0.0
operator,"RESOLUTE NATURAL RESOURCES COMPANY, LLC",2027-08-01,1010.6414652665784,506.4089783164083,exponential,0.4275832742963215,10700.003173926072,0.015322459705958113,0.0
operator,"RESOLUTE NATURAL RESOURCES COMPANY, LLC",2027-09-01,995.2739865849911,504.2158353338949,exponential,0.4275832742963215,10700.003173926072,0.015322459705958113,0.0
operator,"RESOLUTE NATURAL RESOURCES COMPANY, LLC",2027-10-01,980.1401806836583,502.041606453153,exponential,0.4275832742963215,10700.003173926072,0.015322459705958113,0.0
operator,"RESOLUTE NATURAL RESOURCES COMPANY, LLC",2027-11-01,965.2364944118408,499.8860480462609,exponential,0.4275832742963215,10700.003173926072,0.015322459705958113,0.0
operator,"RESOLUTE NATURAL RESOURCES COMPANY, LLC",2027-12-01,950.5594286468305,497.74892065155757,exponential,0.4275832742963215,10700.003173926072,0.015322459705958113,0.0
operator,"MISSOURI RIVER RESOURCES ND, LLC",2026-01-01,1303.0224477759225,265.6074110676879,hyperbolic,0.6808404489518551,46071.54298647448,0.11621041071426834,0.6662063294017735
operator,"MISSOURI RIVER RESOURCES ND, LLC",2026-02-01,1289.0685716844032,263.1628452574569,hyperbolic,0.6808404489518551,46071.54298647448,0.11621041071426834,0.6662063294017735
operator,"MISSOURI RIVER RESOURCES ND, LLC",2026-03-01,1275.3619125788862,260.75851897863316,hyperbolic,0.6808404489518551,46071.54298647448,0.11621041071426834,0.6662063294017735
operator,"MISSOURI RIVER RESOURCES ND, LLC",2026-04-01,1261.8963824981772,258.39348207992265,hyperbolic,0.6808404489518551,46071.54298647448,0.11621041071426834,0.6662063294017735
operator,"MISSOURI RIVER RESOURCES ND, LLC",2026-05-01,1248.6660848786244,256.0668135423288,hyperbolic,0.6808404489518551,46071.54298647448,0.11621041071426834,0.6662063294017735
operator,"MISSOURI RIVER RESOURCES ND, LLC",2026-06-01,1235.6653072509896,253.7776203835464,hyperbolic,0.6808404489518551,46071.54298647448,0.11621041071426834,0.6662063294017735
operator,"MISSOURI RIVER RESOURCES ND, LLC",2026-07-01,1222.88851426437,251.52503661106235,hyperbolic,0.6808404489518551,46071.54298647448,0.11621041071426834,0.6662063294017735
operator,"MISSOURI RIVER RESOURCES ND, LLC",2026-08-01,1210.3303410203873,249.30822222146801,hyperbolic,0.6808404489518551,46071.54298647448,0.11621041071426834,0.6662063294017735
operator,"MISSOURI RIVER RESOURCES ND, LLC",2026-09-01,1197.985586701834,247.12636224363536,hyperbolic,0.6808404489518551,46071.54298647448,0.11621041071426834,0.6662063294017735
operator,"MISSOURI RIVER RESOURCES ND, LLC",2026-10-01,1185.8492084808663,244.97866582353967,hyperbolic,0.6808404489518551,46071.54298647448,0.11621041071426834,0.6662063294017735
operator,"MISSOURI RIVER RESOURCES ND, LLC",2026-11-01,1173.9163156926854,242.864365348643,hyperbolic,0.6808404489518551,46071.54298647448,0.11621041071426834,0.6662063294017735
operator,"MISSOURI RIVER RESOURCES ND, LLC",2026-12-01,1162.1821642614548,240.78271560986565,hyperbolic,0.6808404489518551,46071.54298647448,0.11621041071426834,0.6662063294017735
operator,"MISSOURI RIVER RESOURCES ND, LLC",2027-01-01,1150.6421513659236,238.73299299928848,hyperbolic,0.6808404489518551,46071.54298647448,0.11621041071426834,0.6662063294017735
operator,"MISSOURI RIVER RESOURCES ND, LLC",2027-02-01,1139.2918103329544,236.71449474183024,hyperbolic,0.6808404489518551,46071.54298647448,0.11621041071426834,0.6662063294017735
operator,"MISSOURI RIVER RESOURCES ND, LLC",2027-03-01,1128.126805747782,234.7265381592411,hyperbolic,0.6808404489518551,46071.54298647448,0.11621041071426834,0.6662063294017735
operator,"MISSOURI RIVER RESOURCES ND, LLC",2027-04-01,1117.142928770467,232.7684599648481,hyperbolic,0.6808404489518551,46071.54298647448,0.11621041071426834,0.6662063294017735
operator,"MISSOURI RIVER RESOURCES ND, LLC",2027-05-01,1106.3360926485727,230.83961558756957,hyperbolic,0.6808404489518551,46071.54298647448,0.11621041071426834,0.6662063294017735
operator,"MISSOURI RIVER RESOURCES ND, LLC",2027-06-01,1095.7023284166414,228.9393785238011,hyperbolic,0.6808404489518551,46071.54298647448,0.11621041071426834,0.6662063294017735
operator,"MISSOURI RIVER RESOURCES ND, LLC",2027-07-01,1085.237780773553,227.06713971584628,hyperbolic,0.6808404489518551,46071.54298647448,0.11621041071426834,0.6662063294017735
operator,"MISSOURI RIVER RESOURCES ND, LLC",2027-08-01,1074.938704129335,225.22230695564085,hyperbolic,0.6808404489518551,46071.54298647448,0.11621041071426834,0.6662063294017735
operator,"MISSOURI RIVER RESOURCES ND, LLC",2027-09-01,1064.8014588134306,223.40430431258392,hyperbolic,0.6808404489518551,46071.54298647448,0.11621041071426834,0.6662063294017735
operator,"MISSOURI RIVER RESOURCES ND, LLC",2027-10-01,1054.8225074368722,221.61257158435157,hyperbolic,0.6808404489518551,46071.54298647448,0.11621041071426834,0.6662063294017735
operator,"MISSOURI RIVER RESOURCES ND, LLC",2027-11-01,1044.9984114011893,219.84656376963048,hyperbolic,0.6808404489518551,46071.54298647448,0.11621041071426834,0.6662063294017735
operator,"MISSOURI RIVER RESOURCES ND, LLC",2027-12-01,1035.3258275472704,218.10575056176188,hyperbolic,0.6808404489518551,46071.54298647448,0.11621041071426834,0.6662063294017735
operator,SINCLAIR OIL & GAS COMPANY,2026-01-01,3150.994882899028,68.32417955993895,exponential,0.06624971732811014,6104.181444710869,0.004934744628879905,0.0
operator,SINCLAIR OIL & GAS COMPANY,2026-02-01,3135.4838308421276,68.32411124498192,exponential,0.06624971732811014,6104.181444710869,0.004934744628879905,0.0
operator,SINCLAIR OIL & GAS COMPANY,2026-03-01,3120.0491333160503,68.3240429301615,exponential,0.06624971732811014,6104.181444710869,0.004934744628879905,0.0
operator,SINCLAIR OIL & GAS COMPANY,2026-04-01,3104.6904144588407,68.32397461547767,exponential,0.06624971732811014,6104.181444710869,0.004934744628879905,0.0
operator,SINCLAIR OIL & GAS COMPANY,2026-05-01,3089.4073002587547,68.32390630093046,exponential,0.06624971732811014,6104.181444710869,0.004934744628879905,0.0
operator,SINCLAIR OIL & GAS COMPANY,2026-06-01,3074.1994185451563,68.32383798651988,exponential,0.06624971732811014,6104.181444710869,0.004934744628879905,0.0
operator,SINCLAIR OIL & GAS COMPANY,2026-07-01,3059.066398979451,68.32376967224587,exponential,0.06624971732811014,6104.181444710869,0.004934744628879905,0.0
operator,SINCLAIR OIL & GAS COMPANY,2026-08-01,3044.00787304607,68.32370135810851,exponential,0.06624971732811014,6104.181444710869,0.004934744628879905,0.0
operator,SINCLAIR OIL & GAS COMPANY,2026-09-01,3029.023474043495,68.32363304410772,exponential,0.06624971732811014,6104.181444710869,0.004934744628879905,0.0
operator,SINCLAIR OIL & GAS COMPANY,2026-10-01,3014.1128370753268,68.32356473024356,exponential,0.06624971732811014,6104.181444710869,0.004934744628879905,0.0
operator,SINCLAIR OIL & GAS COMPANY,2026-11-01,2999.275599041403,68.32349641651602,exponential,0.06624971732811014,6104.181444710869,0.004934744628879905,0.0
operator,SINCLAIR OIL & GAS COMPANY,2026-12-01,2984.511398628954,68.32342810292506,exponential,0.06624971732811014,6104.181444710869,0.004934744628879905,0.0
operator,SINCLAIR OIL & GAS COMPANY,2027-01-01,2969.8198763038026,68.32335978947073,exponential,0.06624971732811014,6104.181444710869,0.004934744628879905,0.0
operator,SINCLAIR OIL & GAS COMPANY,2027-02-01,2955.200674301613,68.323291476153,exponential,0.06624971732811014,6104.181444710869,0.004934744628879905,0.0
operator,SINCLAIR OIL & GAS COMPANY,2027-03-01,2940.6534366191745,68.32322316297187,exponential,0.06624971732811014,6104.181444710869,0.004934744628879905,0.0
operator,SINCLAIR OIL & GAS COMPANY,2027-04-01,2926.1778090057337,68.32315484992735,exponential,0.06624971732811014,6104.181444710869,0.004934744628879905,0.0
operator,SINCLAIR OIL & GAS COMPANY,2027-05-01,2911.7734389543684,68.32308653701944,exponential,0.06624971732811014,6104.181444710869,0.004934744628879905,0.0
operator,SINCLAIR OIL & GAS COMPANY,2027-06-01,2897.4399756934035,68.32301822424813,exponential,0.06624971732811014,6104.181444710869,0.004934744628879905,0.0
operator,SINCLAIR OIL & GAS COMPANY,2027-07-01,2883.177070177868,68.32294991161343,exponential,0.06624971732811014,6104.181444710869,0.004934744628879905,0.0
operator,SINCLAIR OIL & GAS COMPANY,2027-08-01,2868.984375080995,68.32288159911532,exponential,0.06624971732811014,6104.181444710869,0.004934744628879905,0.0
operator,SINCLAIR OIL & GAS COMPANY,2027-09-01,2854.861544785767,68.32281328675383,exponential,0.06624971732811014,6104.181444710869,0.004934744628879905,0.0
operator,SINCLAIR OIL & GAS COMPANY,2027-10-01,2840.808235376494,68.32274497452894,exponential,0.06624971732811014,6104.181444710869,0.004934744628879905,0.0
operator,SINCLAIR OIL & GAS COMPANY,2027-11-01,2826.824104630443,68.32267666244064,exponential,0.06624971732811014,6104.181444710869,0.004934744628879905,0.0
operator,SINCLAIR OIL & GAS COMPANY,2027-12-01,2812.908812009503,68.32260835048896,exponential,0.06624971732811014,6104.181444710869,0.004934744628879905,0.0
operator,HUNT OIL COMPANY,2026-01-01,2606.919901375986,288.29238948069366,harmonic,0.8156125902382582,24188.430540833735,0.05829963138174537,1.0
operator,HUNT OIL COMPANY,2026-02-01,2590.642193857521,288.2921012295241,harmonic,0.8156125902382582,24188.430540833735,0.05829963138174537,1.0
operator,HUNT OIL COMPANY,2026-03-01,2574.5665022002772,288.291812978931,harmonic,0.8156125902382582,24188.430540833735,0.05829963138174537,1.0
operator,HUNT OIL COMPANY,2026-04-01,2558.6890888942844,288.2915247289142,harmonic,0.8156125902382582,24188.430540833735,0.05829963138174537,1.0
operator,HUNT OIL COMPANY,2026-05-01,2543.0063080617306,288.2912364794739,harmonic,0.8156125902382582,24188.430540833735,0.05829963138174537,1.0
operator,HUNT OIL COMPANY,2026-06-01,2527.5146026658945,288.29094823061007,harmonic,0.8156125902382582,24188.430540833735,0.05829963138174537,1.0
operator,HUNT OIL COMPANY,2026-07-01,2512.2105018214866,288.29065998232255,harmonic,0.8156125902382582,24188.430540833735,0.05829963138174537,1.0
operator,HUNT OIL COMPANY,2026-08-01,2497.090618202107,288.2903717346115,harmonic,0.8156125902382582,24188.430540833735,0.05829963138174537,1.0
operator,HUNT OIL COMPANY,2026-09-01,2482.1516455407727,288.2900834874768,harmonic,0.8156125902382582,24188.430540833735,0.05829963138174537,1.0
operator,HUNT OIL COMPANY,2026-10-01,2467.3903562196256,288.2897952409186,harmonic,0.8156125902382582,24188.430540833735,0.05829963138174537,1.0
operator,HUNT OIL COMPANY,2026-11-01,2452.803598945134,288.28950699493674,harmonic,0.8156125902382582,24188.430540833735,0.05829963138174537,1.0
operator,HUNT OIL COMPANY,2026-12-01,2438.3882965052817,288.28921874953124,harmonic,0.8156125902382582,24188.430540833735,0.05829963138174537,1.0
operator,HUNT OIL COMPANY,2027-01-01,2424.1414436053674,288.2889305047022,harmonic,0.8156125902382582,24188.430540833735,0.05829963138174537,1.0
operator,HUNT OIL COMPANY,2027-02-01,2410.0601047792447,288.2886422604496,harmonic,0.8156125902382582,24188.430540833735,0.05829963138174537,1.0
operator,HUNT OIL COMPANY,2027-03-01,2396.141412372936,288.2883540167733,harmonic,0.8156125902382582,24188.430540833735,0.05829963138174537,1.0
operator,HUNT OIL COMPANY,2027-04-01,2382.3825645977167,288.2880657736735,harmonic,0.8156125902382582,24188.430540833735,0.05829963138174537,1.0
operator,HUNT OIL COMPANY,2027-05-01,2368.7808236498895,288.28777753114997,harmonic,0.8156125902382582,24188.430540833735,0.05829963138174537,1.0
operator,HUNT OIL COMPANY,2027-06-01,2355.3335138946068,288.28748928920294,harmonic,0.8156125902382582,24188.430540833735,0.05829963138174537,1.0
operator,HUNT OIL COMPANY,2027-07-01,2342.038020111202,288.2872010478323,harmonic,0.8156125902382582,24188.430540833735,0.05829963138174537,1.0
operator,HUNT OIL COMPANY,2027-08-01,2328.891785797619,288.286912807038,harmonic,0.8156125902382582,24188.430540833735,0.05829963138174537,1.0
operator,HUNT OIL COMPANY,2027-09-01,2315.8923115316225,288.28662456682014,harmonic,0.8156125902382582,24188.430540833735,0.05829963138174537,1.0
operator,HUNT OIL COMPANY,2027-10-01,2303.0371533865955,288.2863363271786,harmonic,0.8156125902382582,24188.430540833735,0.05829963138174537,1.0
operator,HUNT OIL COMPANY,2027-11-01,2290.323921399802,288.2860480881135,harmonic,0.8156125902382582,24188.430540833735,0.05829963138174537,1.0
operator,HUNT OIL COMPANY,2027-12-01,2277.7502780911077,288.28575984962475,harmonic,0.8156125902382582,24188.430540833735,0.05829963138174537,1.0
operator,LIBERTY RESOURCES LLC,2026-01-01,199.6968634806403,69.99020137112215,hyperbolic,0.745563954889642,4529.86925849857,0.1280383103724245,0.9151245823897459
operator,LIBERTY RESOURCES LLC,2026-02-01,198.23800037614976,69.99013139077819,hyperbolic,0.745563954889642,4529.86925849857,0.1280383103724245,0.9151245823897459
operator,LIBERTY RESOURCES LLC,2026-03-01,196.79941227696546,69.99006141057407,hyperbolic,0.745563954889642,4529.86925849857,0.1280383103724245,0.9151245823897459
operator,LIBERTY RESOURCES LLC,2026-04-01,195.38068550709588,69.98999143050985,hyperbolic,0.745563954889642,4529.86925849857,0.1280383103724245,0.9151245823897459
operator,LIBERTY RESOURCES LLC,2026-05-01,193.98141748675053,69.98992145058548,hyperbolic,0.745563954889642,4529.86925849857,0.1280383103724245,0.9151245823897459
operator,LIBERTY RESOURCES LLC,2026-06-01,192.60121636439027,69.98985147080099,hyperbolic,0.745563954889642,4529.86925849857,0.1280383103724245,0.9151245823897459
operator,LIBERTY RESOURCES LLC,2026-07-01,191.23970066328042,69.98978149115636,hyperbolic,0.745563954889642,4529.86925849857,0.1280383103724245,0.9151245823897459
operator,LIBERTY RESOURCES LLC,2026-08-01,189.89649894188508,69.9897115116516,hyperbolic,0.745563954889642,4529.86925849857,0.1280383103724245,0.9151245823897459
operator,LIBERTY RESOURCES LLC,2026-09-01,188.57124946747575,69.98964153228671,hyperbolic,0.745563954889642,4529.86925849857,0.1280383103724245,0.9151245823897459
operator,LIBERTY RESOURCES LLC,2026-10-01,187.26359990236017,69.9895715530617,hyperbolic,0.745563954889642,4529.86925849857,0.1280383103724245,0.9151245823897459
operator,LIBERTY RESOURCES LLC,2026-11-01,185.97320700216542,69.98950157397655,hyperbolic,0.745563954889642,4529.86925849857,0.1280383103724245,0.9151245823897459
operator,LIBERTY RESOURCES LLC,2026-12-01,184.69973632564137,69.98943159503128,hyperbolic,0.745563954889642,4529.86925849857,0.1280383103724245,0.9151245823897459
operator,LIBERTY RESOURCES LLC,2027-01-01,183.44286195547434,69.98936161622585,hyperbolic,0.745563954889642,4529.86925849857,0.1280383103724245,0.9151245823897459
operator,LIBERTY RESOURCES LLC,2027-02-01,182.2022662296277,69.98929163756029,hyperbolic,0.745563954889642,4529.86925849857,0.1280383103724245,0.9151245823897459
operator,LIBERTY RESOURCES LLC,2027-03-01,180.9776394827512,69.9892216590346,hyperbolic,0.745563954889642,4529.86925849857,0.1280383103724245,0.9151245823897459
operator,BURLINGTON RESOURCES OIL & GAS COMPANY LP,2026-02-01,495045.74065323843,114308.69732096056,exponential,0.047696922139660036,626149.9999998575,0.0016202744506907461,0.0
operator,BURLINGTON RESOURCES OIL & GAS COMPANY LP,2026-03-01,494244.280156057,114260.40307414354,exponential,0.047696922139660036,626149.9999998575,0.0016202744506907461,0.0
operator,BURLINGTON RESOURCES OIL & GAS COMPANY LP,2026-04-01,493444.1171933774,114212.1292311482,exponential,0.047696922139660036,626149.9999998575,0.0016202744506907461,0.0
operator,BURLINGTON RESOURCES OIL & GAS COMPANY LP,2026-05-01,492645.2496645401,114163.87578335413,exponential,0.047696922139660036,626149.9999998575,0.0016202744506907461,0.0
operator,BURLINGTON RESOURCES OIL & GAS COMPANY LP,2026-06-01,491847.6754722861,114115.64272214456,exponential,0.047696922139660036,626149.9999998575,0.0016202744506907461,0.0
operator,BURLINGTON RESOURCES OIL & GAS COMPANY LP,2026-07-01,491051.39252275217,114067.43003890637,exponential,0.047696922139660036,626149.9999998575,0.0016202744506907461,0.0
operator,BURLINGTON RESOURCES OIL & GAS COMPANY LP,2026-08-01,490256.3987254646,114019.2377250301,exponential,0.047696922139660036,626149.9999998575,0.0016202744506907461,0.0
operator,BURLINGTON RESOURCES OIL & GAS COMPANY LP,2026-09-01,489462.6919933342,113971.06577190987,exponential,0.047696922139660036,626149.9999998575,0.0016202744506907461,0.0
operator,BURLINGTON RESOURCES OIL & GAS COMPANY LP,2026-10-01,488670.27024265093,113922.91417094348,exponential,0.047696922139660036,626149.9999998575,0.0016202744506907461,0.0
operator,BURLINGTON RESOURCES OIL & GAS COMPANY LP,2026-11-01,487879.1313930777,113874.78291353236,exponential,0.047696922139660036,626149.9999998575,0.0016202744506907461,0.0
operator,BURLINGTON RESOURCES OIL & GAS COMPANY LP,2026-12-01,487089.273367646,113826.67199108156,exponential,0.047696922139660036,626149.9999998575,0.0016202744506907461,0.0
operator,BURLINGTON RESOURCES OIL & GAS COMPANY LP,2027-01-01,486300.69409274927,113778.5813949998,exponential,0.047696922139660036,626149.9999998575,0.0016202744506907461,0.0
operator,BURLINGTON RESOURCES OIL & GAS COMPANY LP,2027-02-01,485513.39149813855,113730.51111669934,exponential,0.047696922139660036,626149.9999998575,0.0016202744506907461,0.0
operator,BURLINGTON RESOURCES OIL & GAS COMPANY LP,2027-03-01,484727.36351691623,113682.46114759619,exponential,0.047696922139660036,626149.9999998575,0.0016202744506907461,0.0
operator,BURLINGTON RESOURCES OIL & GAS COMPANY LP,2027-04-01,483942.608085531,113634.43147910989,exponential,0.047696922139660036,626149.9999998575,0.0016202744506907461,0.0
operator,BURLINGTON RESOURCES OIL & GAS COMPANY LP,2027-05-01,483159.1231437724,113586.42210266364,exponential,0.047696922139660036,626149.9999998575,0.0016202744506907461,0.0
operator,BURLINGTON RESOURCES OIL & GAS COMPANY LP,2027-06-01,482376.90663476527,113538.43300968426,exponential,0.047696922139660036,626149.9999998575,0.0016202744506907461,0.0
operator,BURLINGTON RESOURCES OIL & GAS COMPANY LP,2027-07-01,481595.95650496474,113490.4641916022,exponential,0.047696922139660036,626149.9999998575,0.0016202744506907461,0.0
operator,BURLINGTON RESOURCES OIL & GAS COMPANY LP,2027-08-01,480816.27070415014,113442.51563985151,exponential,0.047696922139660036,626149.9999998575,0.0016202744506907461,0.0
operator,BURLINGTON RESOURCES OIL & GAS COMPANY LP,2027-09-01,480037.84718542034,113394.58734586992,exponential,0.047696922139660036,626149.9999998575,0.0016202744506907461,0.0
operator,BURLINGTON RESOURCES OIL & GAS COMPANY LP,2027-10-01,479260.6839051879,113346.67930109867,exponential,0.047696922139660036,626149.9999998575,0.0016202744506907461,0.0
operator,BURLINGTON RESOURCES OIL & GAS COMPANY LP,2027-11-01,478484.7788231739,113298.79149698273,exponential,0.047696922139660036,626149.9999998575,0.0016202744506907461,0.0
operator,BURLINGTON RESOURCES OIL & GAS COMPANY LP,2027-12-01,477710.12990240275,113250.92392497059,exponential,0.047696922139660036,626149.9999998575,0.0016202744506907461,0.0
operator,TRIANGLE USA PETROLEUM CORPORATION,2026-01-01,31361.58872743945,12326.780308699519,exponential,0.6805714706026266,305658.9777055159,0.015811709537470752,0.0
operator,TRIANGLE USA PETROLEUM CORPORATION,2026-02-01,30869.60817263158,12224.331307892648,exponential,0.6805714706026266,305658.9777055159,0.015811709537470752,0.0
operator,TRIANGLE USA PETROLEUM CORPORATION,2026-03-01,30385.34549424931,12122.733770120207,exponential,0.6805714706026266,305658.9777055159,0.015811709537470752,0.0
operator,TRIANGLE USA PETROLEUM CORPORATION,2026-04-01,29908.679619181246,12021.98061879488,exponential,0.6805714706026266,305658.9777055159,0.015811709537470752,0.0
operator,TRIANGLE USA PETROLEUM CORPORATION,2026-05-01,29439.49137363355,11922.06483614352,exponential,0.6805714706026266,305658.9777055159,0.015811709537470752,0.0
operator,TRIANGLE USA PETROLEUM CORPORATION,2026-06-01,28977.663453334677,11822.979462718346,exponential,0.6805714706026266,305658.9777055159,0.015811709537470752,0.0
operator,TRIANGLE USA PETROLEUM CORPORATION,2026-07-01,28523.08039420751,11724.71759691217,exponential,0.6805714706026266,305658.9777055159,0.015811709537470752,0.0
operator,TRIANGLE USA PETROLEUM CORPORATION,2026-08-01,28075.628543501556,11627.272394477712,exponential,0.6805714706026266,305658.9777055159,0.015811709537470752,0.0
operator,TRIANGLE USA PETROLEUM CORPORATION,2026-09-01,27635.196031378007,11530.637068050843,exponential,0.6805714706026266,305658.9777055159,0.015811709537470752,0.0
operator,TRIANGLE USA PETROLEUM CORPORATION,2026-10-01,27201.672742940595,11434.80488667784,exponential,0.6805714706026266,305658.9777055159,0.015811709537470752,0.0
operator,TRIANGLE USA PETROLEUM CORPORATION,2026-11-01,26774.950290705092,11339.769175346564,exponential,0.6805714706026266,305658.9777055159,0.015811709537470752,0.0
operator,TRIANGLE USA PETROLEUM CORPORATION,2026-12-01,26354.921987500897,11245.523314521504,exponential,0.6805714706026266,305658.9777055159,0.015811709537470752,0.0
operator,TRIANGLE USA PETROLEUM CORPORATION,2027-01-01,25941.482819797493,11152.060739682724,exponential,0.6805714706026266,305658.9777055159,0.015811709537470752,0.0
operator,TRIANGLE USA PETROLEUM CORPORATION,2027-02-01,25534.529421449522,11059.374940868604,exponential,0.6805714706026266,305658.9777055159,0.015811709537470752,0.0
operator,TRIANGLE USA PETROLEUM CORPORATION,2027-03-01,25133.96004785362,10967.459462222416,exponential,0.6805714706026266,305658.9777055159,0.015811709537470752,0.0
operator,TRIANGLE USA PETROLEUM CORPORATION,2027-04-01,24739.67455051072,10876.307901542656,exponential,0.6805714706026266,305658.9777055159,0.015811709537470752,0.0
operator,TRIANGLE USA PETROLEUM CORPORATION,2027-05-01,24351.57435198738,10785.913909837094,exponential,0.6805714706026266,305658.9777055159,0.015811709537470752,0.0
operator,TRIANGLE USA PETROLEUM CORPORATION,2027-06-01,23969.56242126993,10696.271190880558,exponential,0.6805714706026266,305658.9777055159,0.015811709537470752,0.0
operator,TRIANGLE USA PETROLEUM CORPORATION,2027-07-01,23593.543249505183,10607.373500776386,exponential,0.6805714706026266,305658.9777055159,0.015811709537470752,0.0
operator,TRIANGLE USA PETROLEUM CORPORATION,2027-08-01,23223.42282612182,10519.214647521505,exponential,0.6805714706026266,305658.9777055159,0.015811709537470752,0.0
operator,TRIANGLE USA PETROLEUM CORPORATION,2027-09-01,22859.108615326215,10431.788490575156,exponential,0.6805714706026266,305658.9777055159,0.015811709537470752,0.0
operator,TRIANGLE USA PETROLEUM CORPORATION,2027-10-01,22500.50953296717,10345.08894043117,exponential,0.6805714706026266,305658.9777055159,0.015811709537470752,0.0
operator,TRIANGLE USA PETROLEUM CORPORATION,2027-11-01,22147.535923763386,10259.109958193822,exponential,0.6805714706026266,305658.9777055159,0.015811709537470752,0.0
operator,TRIANGLE USA PETROLEUM CORPORATION,2027-12-01,21800.099538888313,10173.84555515721,exponential,0.6805714706026266,305658.9777055159,0.015811709537470752,0.0
operator,XTO ENERGY INC,2026-01-01,228927.03450703097,32638.63337179446,harmonic,-0.8312022440104445,228959.99999999997,1.0000000000000002e-06,1.0
operator,XTO ENERGY INC,2026-02-01,228926.80561318604,32638.600737893004,harmonic,-0.8312022440104445,228959.99999999997,1.0000000000000002e-06,1.0
operator,XTO ENERGY INC,2026-03-01,228926.57671979888,32638.56810405681,harmonic,-0.8312022440104445,228959.99999999997,1.0000000000000002e-06,1.0
operator,XTO ENERGY INC,2026-04-01,228926.34782686943,32638.53547028587,harmonic,-0.8312022440104445,228959.99999999997,1.0000000000000002e-06,1.0
operator,XTO ENERGY INC,2026-05-01,228926.11893439767,32638.502836580185,harmonic,-0.8312022440104445,228959.99999999997,1.0000000000000002e-06,1.0
operator,XTO ENERGY INC,2026-06-01,228925.89004238366,32638.470202939763,harmonic,-0.8312022440104445,228959.99999999997,1.0000000000000002e-06,1.0
operator,XTO ENERGY INC,2026-07-01,228925.66115082733,32638.437569364592,harmonic,-0.8312022440104445,228959.99999999997,1.0000000000000002e-06,1.0
operator,XTO ENERGY INC,2026-08-01,228925.43225972875,32638.404935854684,harmonic,-0.8312022440104445,228959.99999999997,1.0000000000000002e-06,1.0
operator,XTO ENERGY INC,2026-09-01,228925.2033690879,32638.372302410036,harmonic,-0.8312022440104445,228959.99999999997,1.0000000000000002e-06,1.0
operator,XTO ENERGY INC,2026-10-01,228924.97447890468,32638.339669030636,harmonic,-0.8312022440104445,228959.99999999997,1.0000000000000002e-06,1.0
operator,XTO ENERGY INC,2026-11-01,228924.74558917925,32638.307035716498,harmonic,-0.8312022440104445,228959.99999999997,1.0000000000000002e-06,1.0
operator,XTO ENERGY INC,2026-12-01,228924.5166999115,32638.27440246762,harmonic,-0.8312022440104445,228959.99999999997,1.0000000000000002e-06,1.0
operator,XTO ENERGY INC,2027-01-01,228924.2878111014,32638.241769283988,harmonic,-0.8312022440104445,228959.99999999997,1.0000000000000002e-06,1.0
operator,XTO ENERGY INC,2027-02-01,228924.0589227491,32638.209136165624,harmonic,-0.8312022440104445,228959.99999999997,1.0000000000000002e-06,1.0
operator,XTO ENERGY INC,2027-03-01,228923.83003485444,32638.176503112503,harmonic,-0.8312022440104445,228959.99999999997,1.0000000000000002e-06,1.0
operator,XTO ENERGY INC,2027-04-01,228923.60114741753,32638.143870124648,harmonic,-0.8312022440104445,228959.99999999997,1.0000000000000002e-06,1.0
operator,XTO ENERGY INC,2027-05-01,228923.3722604383,32638.11123720205,harmonic,-0.8312022440104445,228959.99999999997,1.0000000000000002e-06,1.0
operator,XTO ENERGY INC,2027-06-01,228923.14337391674,32638.078604344697,harmonic,-0.8312022440104445,228959.99999999997,1.0000000000000002e-06,1.0
operator,XTO ENERGY INC,2027-07-01,228922.91448785295,32638.04597155261,harmonic,-0.8312022440104445,228959.99999999997,1.0000000000000002e-06,1.0
operator,XTO ENERGY INC,2027-08-01,228922.6856022468,32638.013338825775,harmonic,-0.8312022440104445,228959.99999999997,1.0000000000000002e-06,1.0
operator,XTO ENERGY INC,2027-09-01,228922.45671709836,32637.980706164188,harmonic,-0.8312022440104445,228959.99999999997,1.0000000000000002e-06,1.0
operator,XTO ENERGY INC,2027-10-01,228922.22783240763,32637.948073567863,harmonic,-0.8312022440104445,228959.99999999997,1.0000000000000002e-06,1.0
operator,XTO ENERGY INC,2027-11-01,228921.99894817456,32637.915441036785,harmonic,-0.8312022440104445,228959.99999999997,1.0000000000000002e-06,1.0
operator,XTO ENERGY INC,2027-12-01,228921.7700643992,32637.88280857097,harmonic,-0.8312022440104445,228959.99999999997,1.0000000000000002e-06,1.0
operator,ENERPLUS RESOURCES USA CORPORATION,2026-01-01,107164.81974252984,6219.10444895935,exponential,0.241319197125906,222859.99999999916,0.005084553825601756,0.0
operator,ENERPLUS RESOURCES USA CORPORATION,2026-02-01,106621.3173528314,6219.098230756539,exponential,0.241319197125906,222859.99999999916,0.005084553825601756,0.0
operator,ENERPLUS RESOURCES USA CORPORATION,2026-03-01,106080.57141668099,6219.092012566164,exponential,0.241319197125906,222859.99999999916,0.005084553825601756,0.0
operator,ENERPLUS RESOURCES USA CORPORATION,2026-04-01,105542.5679543128,6219.085794388225,exponential,0.241319197125906,222859.99999999916,0.005084553825601756,0.0
operator,ENERPLUS RESOURCES USA CORPORATION,2026-05-01,105007.29305686138,6219.079576222718,exponential,0.241319197125906,222859.99999999916,0.005084553825601756,0.0
operator,ENERPLUS RESOURCES USA CORPORATION,2026-06-01,104474.73288600224,6219.073358069647,exponential,0.241319197125906,222859.99999999916,0.005084553825601756,0.0
operator,ENERPLUS RESOURCES USA CORPORATION,2026-07-01,103944.87367359396,6219.0671399290095,exponential,0.241319197125906,222859.99999999916,0.005084553825601756,0.0
operator,ENERPLUS RESOURCES USA CORPORATION,2026-08-01,103417.70172132236,6219.060921800807,exponential,0.241319197125906,222859.99999999916,0.005084553825601756,0.0
operator,ENERPLUS RESOURCES USA CORPORATION,2026-09-01,102893.20340034629,6219.054703685039,exponential,0.241319197125906,222859.99999999916,0.005084553825601756,0.0
operator,ENERPLUS RESOURCES USA CORPORATION,2026-10-01,102371.36515094525,6219.048485581705,exponential,0.241319197125906,222859.99999999916,0.005084553825601756,0.0
operator,ENERPLUS RESOURCES USA CORPORATION,2026-11-01,101852.17348216898,6219.042267490806,exponential,0.241319197125906,222859.99999999916,0.005084553825601756,0.0
operator,ENERPLUS RESOURCES USA CORPORATION,2026-12-01,101335.6149714885,6219.036049412341,exponential,0.241319197125906,222859.99999999916,0.005084553825601756,0.0
operator,ENERPLUS RESOURCES USA CORPORATION,2027-01-01,100821.67626444927,6219.029831346309,exponential,0.241319197125906,222859.99999999916,0.005084553825601756,0.0
operator,ENERPLUS RESOURCES USA CORPORATION,2027-02-01,100310.34407432583,6219.023613292712,exponential,0.241319197125906,222859.99999999916,0.005084553825601756,0.0
operator,ENERPLUS RESOURCES USA CORPORATION,2027-03-01,99801.60518177829,6219.017395251549,exponential,0.241319197125906,222859.99999999916,0.005084553825601756,0.0
operator,ENERPLUS RESOURCES USA CORPORATION,2027-04-01,99295.44643451067,6219.01117722282,exponential,0.241319197125906,222859.99999999916,0.005084553825601756,0.0
operator,ENERPLUS RESOURCES USA CORPORATION,2027-05-01,98791.8547469308,6219.004959206526,exponential,0.241319197125906,222859.99999999916,0.005084553825601756,0.0
operator,ENERPLUS RESOURCES USA CORPORATION,2027-06-01,98290.81709981205,6218.998741202665,exponential,0.241319197125906,222859.99999999916,0.005084553825601756,0.0
operator,ENERPLUS RESOURCES USA CORPORATION,2027-07-01,97792.32053995678,6218.992523211239,exponential,0.241319197125906,222859.99999999916,0.005084553825601756,0.0
operator,ENERPLUS RESOURCES USA CORPORATION,2027-08-01,97296.35217986134,6218.986305232247,exponential,0.241319197125906,222859.99999999916,0.005084553825601756,0.0
operator,ENERPLUS RESOURCES USA CORPORATION,2027-09-01,96802.89919738307,6218.980087265687,exponential,0.241319197125906,222859.99999999916,0.005084553825601756,0.0
operator,ENERPLUS RESOURCES USA CORPORATION,2027-10-01,96311.94883540865,6218.973869311563,exponential,0.241319197125906,222859.99999999916,0.005084553825601756,0.0
operator,ENERPLUS RESOURCES USA CORPORATION,2027-11-01,95823.48840152442,6218.967651369871,exponential,0.241319197125906,222859.99999999916,0.005084553825601756,0.0
operator,ENERPLUS RESOURCES USA CORPORATION,2027-12-01,95337.50526768818,6218.961433440614,exponential,0.241319197125906,222859.99999999916,0.005084553825601756,0.0
operator,"HRC OPERATING, LLC",2026-01-01,37081.211071228834,10896.887299868224,exponential,0.22987272199113407,133678.91411023785,0.009292248985508678,0.0
operator,"HRC OPERATING, LLC",2026-02-01,36738.23918320761,10893.702276360229,exponential,0.22987272199113407,133678.91411023785,0.009292248985508678,0.0
operator,"HRC OPERATING, LLC",2026-03-01,36398.439514015656,10890.518183794664,exponential,0.22987272199113407,133678.91411023785,0.009292248985508678,0.0
operator,"HRC OPERATING, LLC",2026-04-01,36061.782723136595,10887.335021899427,exponential,0.22987272199113407,133678.91411023785,0.009292248985508678,0.0
operator,"HRC OPERATING, LLC",2026-05-01,35728.23974143064,10884.152790402493,exponential,0.22987272199113407,133678.91411023785,0.009292248985508678,0.0
operator,"HRC OPERATING, LLC",2026-06-01,35397.78176862452,10880.971489031921,exponential,0.22987272199113407,133678.91411023785,0.009292248985508678,0.0
operator,"HRC OPERATING, LLC",2026-07-01,35070.380270824775,10877.791117515844,exponential,0.22987272199113407,133678.91411023785,0.009292248985508678,0.0
operator,"HRC OPERATING, LLC",2026-08-01,34746.00697805387,10874.61167558248,exponential,0.22987272199113407,133678.91411023785,0.009292248985508678,0.0
operator,"HRC OPERATING, LLC",2026-09-01,34424.63388180921,10871.433162960122,exponential,0.22987272199113407,133678.91411023785,0.009292248985508678,0.0
operator,"HRC OPERATING, LLC",2026-10-01,34106.23323264475,10868.255579377143,exponential,0.22987272199113407,133678.91411023785,0.009292248985508678,0.0
operator,"HRC OPERATING, LLC",2026-11-01,33790.77753777482,10865.078924561998,exponential,0.22987272199113407,133678.91411023785,0.009292248985508678,0.0
operator,"HRC OPERATING, LLC",2026-12-01,33478.239558700334,10861.903198243219,exponential,0.22987272199113407,133678.91411023785,0.009292248985508678,0.0
operator,"HRC OPERATING, LLC",2027-01-01,33168.59230885677,10858.72840014942,exponential,0.22987272199113407,133678.91411023785,0.009292248985508678,0.0
operator,"HRC OPERATING, LLC",2027-02-01,32861.80905128399,10855.554530009289,exponential,0.22987272199113407,133678.91411023785,0.009292248985508678,0.0
operator,"HRC OPERATING, LLC",2027-03-01,32557.863296317613,10852.381587551601,exponential,0.22987272199113407,133678.91411023785,0.009292248985508678,0.0
operator,"HRC OPERATING, LLC",2027-04-01,32256.728799301698,10849.209572505202,exponential,0.22987272199113407,133678.91411023785,0.009292248985508678,0.0
operator,"HRC OPERATING, LLC",2027-05-01,31958.37955832263,10846.038484599025,exponential,0.22987272199113407,133678.91411023785,0.009292248985508678,0.0
operator,"HRC OPERATING, LLC",2027-06-01,31662.789811963958,10842.868323562074,exponential,0.22987272199113407,133678.91411023785,0.009292248985508678,0.0
operator,"HRC OPERATING, LLC",2027-07-01,31369.934037081923,10839.699089123444,exponential,0.22987272199113407,133678.91411023785,0.009292248985508678,0.0
operator,"HRC OPERATING, LLC",2027-08-01,31079.78694660171,10836.530781012292,exponential,0.22987272199113407,133678.91411023785,0.009292248985508678,0.0
operator,"HRC OPERATING, LLC",2027-09-01,30792.323487333942,10833.363398957874,exponential,0.22987272199113407,133678.91411023785,0.009292248985508678,0.0
operator,"HRC OPERATING, LLC",2027-10-01,30507.51883781143,10830.196942689508,exponential,0.22987272199113407,133678.91411023785,0.009292248985508678,0.0
operator,"HRC OPERATING, LLC",2027-11-01,30225.348406145942,10827.031411936603,exponential,0.22987272199113407,133678.91411023785,0.009292248985508678,0.0
operator,"HRC OPERATING, LLC",2027-12-01,29945.78782790477,10823.86680642864,exponential,0.22987272199113407,133678.91411023785,0.009292248985508678,0.0
operator,QEP ENERGY COMPANY,2026-01-01,257575.49748547614,64172.88191575501,exponential,0.27480342049528383,569309.9999999901,0.005507723819339105,0.0
operator,QEP ENERGY COMPANY,2026-02-01,256160.7423992245,63907.82349955945,exponential,0.27480342049528383,569309.9999999901,0.005507723819339105,0.0
operator,QEP ENERGY COMPANY,2026-03-01,254753.75797428816,63643.859875461385,exponential,0.27480342049528383,569309.9999999901,0.005507723819339105,0.0
operator,QEP ENERGY COMPANY,2026-04-01,253354.50152965618,63380.98652155299,exponential,0.27480342049528383,569309.9999999901,0.005507723819339105,0.0
operator,QEP ENERGY COMPANY,2026-05-01,251962.9306187467,63119.19893460358,exponential,0.27480342049528383,569309.9999999901,0.005507723819339105,0.0
operator,QEP ENERGY COMPANY,2026-06-01,250579.00302811927,62858.49262998254,exponential,0.27480342049528383,569309.9999999901,0.005507723819339105,0.0
operator,QEP ENERGY COMPANY,2026-07-01,249202.67677619428,62598.8631415825,exponential,0.27480342049528383,569309.9999999901,0.005507723819339105,0.0
operator,QEP ENERGY COMPANY,2026-08-01,247833.91011197955,62340.30602174281,exponential,0.27480342049528383,569309.9999999901,0.005507723819339105,0.0
operator,QEP ENERGY COMPANY,2026-09-01,246472.6615138037,62082.81684117332,exponential,0.27480342049528383,569309.9999999901,0.005507723819339105,0.0
operator,QEP ENERGY COMPANY,2026-10-01,245118.88968805663,61826.39118887857,exponential,0.27480342049528383,569309.9999999901,0.005507723819339105,0.0
operator,QEP ENERGY COMPANY,2026-11-01,243772.55356793682,61571.0246720822,exponential,0.27480342049528383,569309.9999999901,0.005507723819339105,0.0
operator,QEP ENERGY COMPANY,2026-12-01,242433.61231220563,61316.712916151635,exponential,0.27480342049528383,569309.9999999901,0.005507723819339105,0.0
operator,QEP ENERGY COMPANY,2027-01-01,241102.0253039484,61063.45156452325,exponential,0.27480342049528383,569309.9999999901,0.005507723819339105,0.0
operator,QEP ENERGY COMPANY,2027-02-01,239777.7521493423,60811.23627862765,exponential,0.27480342049528383,569309.9999999901,0.005507723819339105,0.0
operator,QEP ENERGY COMPANY,2027-03-01,238460.7526764309,60560.06273781539,exponential,0.27480342049528383,569309.9999999901,0.005507723819339105,0.0
operator,QEP ENERGY COMPANY,2027-04-01,237150.98693390566,60309.92663928296,exponential,0.27480342049528383,569309.9999999901,0.005507723819339105,0.0
operator,QEP ENERGY COMPANY,2027-05-01,235848.41518989395,60060.82369799906,exponential,0.27480342049528383,569309.9999999901,0.005507723819339105,0.0
operator,QEP ENERGY COMPANY,2027-06-01,234552.99793075386,59812.74964663119,exponential,0.27480342049528383,569309.9999999901,0.005507723819339105,0.0
operator,QEP ENERGY COMPANY,2027-07-01,233264.6958598753,59565.7002354726,exponential,0.27480342049528383,569309.9999999901,0.005507723819339105,0.0
operator,QEP ENERGY COMPANY,2027-08-01,231983.46989648842,59319.67123236937,exponential,0.27480342049528383,569309.9999999901,0.005507723819339105,0.0
operator,QEP ENERGY COMPANY,2027-09-01,230709.28117447745,59074.65842264805,exponential,0.27480342049528383,569309.9999999901,0.005507723819339105,0.0
operator,QEP ENERGY COMPANY,2027-10-01,229442.0910412022,58830.65760904338,exponential,0.27480342049528383,569309.9999999901,0.005507723819339105,0.0
operator,QEP ENERGY COMPANY,2027-11-01,228181.86105632543,58587.66461162639,exponential,0.27480342049528383,569309.9999999901,0.005507723819339105,0.0
operator,QEP ENERGY COMPANY,2027-12-01,226928.55299064654,58345.67526773279,exponential,0.27480342049528383,569309.9999999901,0.005507723819339105,0.0
operator,"PETRO-HUNT, L.L.C.",2026-01-01,71353.40718391906,22763.145711841655,exponential,0.6502956114353535,351398.80686972506,0.011071365864576778,0.0
operator,"PETRO-HUNT, L.L.C.",2026-02-01,70567.78449023976,22659.888815904942,exponential,0.6502956114353535,351398.80686972506,0.011071365864576778,0.0
operator,"PETRO-HUNT, L.L.C.",2026-03-01,69790.8117411277,22557.100308067726,exponential,0.6502956114353535,351398.80686972506,0.011071365864576778,0.0
operator,"PETRO-HUNT, L.L.C.",2026-04-01,69022.39369806493,22454.778063654358,exponential,0.6502956114353535,351398.80686972506,0.011071365864576778,0.0
operator,"PETRO-HUNT, L.L.C.",2026-05-01,68262.43617113848,22352.919967627033,exponential,0.6502956114353535,351398.80686972506,0.011071365864576778,0.0
operator,"PETRO-HUNT, L.L.C.",2026-06-01,67510.84600749503,22251.523914542056,exponential,0.6502956114353535,351398.80686972506,0.011071365864576778,0.0
operator,"PETRO-HUNT, L.L.C.",2026-07-01,66767.53107992238,22150.587808506334,exponential,0.6502956114353535,351398.80686972506,0.011071365864576778,0.0
operator,"PETRO-HUNT, L.L.C.",2026-08-01,66032.40027555703,22050.10956313403,exponential,0.6502956114353535,351398.80686972506,0.011071365864576778,0.0
operator,"PETRO-HUNT, L.L.C.",2026-09-01,65305.36348471568,21950.08710150346,exponential,0.6502956114353535,351398.80686972506,0.011071365864576778,0.0
operator,"PETRO-HUNT, L.L.C.",2026-10-01,64586.33158985012,21850.51835611417,exponential,0.6502956114353535,351398.80686972506,0.011071365864576778,0.0
operator,"PETRO-HUNT, L.L.C.",2026-11-01,63875.21645462336,21751.401268844165,exponential,0.6502956114353535,351398.80686972506,0.011071365864576778,0.0
operator,"PETRO-HUNT, L.L.C.",2026-12-01,63171.930913106335,21652.733790907387,exponential,0.6502956114353535,351398.80686972506,0.011071365864576778,0.0
operator,"PETRO-HUNT, L.L.C.",2027-01-01,62476.38875909324,21554.513882811385,exponential,0.6502956114353535,351398.80686972506,0.011071365864576778,0.0
operator,"PETRO-HUNT, L.L.C.",2027-02-01,61788.50473553486,21456.739514315115,exponential,0.6502956114353535,351398.80686972506,0.011071365864576778,0.0
operator,"PETRO-HUNT, L.L.C.",2027-03-01,61108.194524088,21359.408664387014,exponential,0.6502956114353535,351398.80686972506,0.011071365864576778,0.0
operator,"PETRO-HUNT, L.L.C.",2027-04-01,60435.37473478,21262.519321163196,exponential,0.6502956114353535,351398.80686972506,0.011071365864576778,0.0
operator,"PETRO-HUNT, L.L.C.",2027-05-01,59769.96289578718,21166.06948190589,exponential,0.6502956114353535,351398.80686972506,0.011071365864576778,0.0
operator,"PETRO-HUNT, L.L.C.",2027-06-01,59111.877443325684,21070.057152962036,exponential,0.6502956114353535,351398.80686972506,0.011071365864576778,0.0
operator,"PETRO-HUNT, L.L.C.",2027-07-01,58461.03771165367,20974.48034972204,exponential,0.6502956114353535,351398.80686972506,0.011071365864576778,0.0
operator,"PETRO-HUNT, L.L.C.",2027-08-01,57817.363923183664,20879.337096578816,exponential,0.6502956114353535,351398.80686972506,0.011071365864576778,0.0
operator,"PETRO-HUNT, L.L.C.",2027-09-01,57180.77717870366,20784.625426886898,exponential,0.6502956114353535,351398.80686972506,0.011071365864576778,0.0
operator,"PETRO-HUNT, L.L.C.",2027-10-01,56551.19944770594,20690.343382921805,exponential,0.6502956114353535,351398.80686972506,0.011071365864576778,0.0
operator,"PETRO-HUNT, L.L.C.",2027-11-01,55928.553558822394,20596.489015839587,exponential,0.6502956114353535,351398.80686972506,0.011071365864576778,0.0
operator,"PETRO-HUNT, L.L.C.",2027-12-01,55312.7631903651,20503.06038563652,exponential,0.6502956114353535,351398.80686972506,0.011071365864576778,0.0
operator,OASIS PETROLEUM NORTH AMERICA LLC,2026-01-01,176631.57346730298,87127.00435269154,exponential,0.19900374232392737,609039.9259025265,0.008595956721805256,0.0
operator,OASIS PETROLEUM NORTH AMERICA LLC,2026-02-01,175119.76314315276,87077.65506677135,exponential,0.19900374232392737,609039.9259025265,0.008595956721805256,0.0
operator,OASIS PETROLEUM NORTH AMERICA LLC,2026-03-01,173620.89258062802,87028.3337325986,exponential,0.19900374232392737,609039.9259025265,0.008595956721805256,0.0
operator,OASIS PETROLEUM NORTH AMERICA LLC,2026-04-01,172134.85102679356,86979.04033434125,exponential,0.19900374232392737,609039.9259025265,0.008595956721805256,0.0
operator,OASIS PETROLEUM NORTH AMERICA LLC,2026-05-01,170661.52867666152,86929.77485617621,exponential,0.19900374232392737,609039.9259025265,0.008595956721805256,0.0
operator,OASIS PETROLEUM NORTH AMERICA LLC,2026-06-01,169200.81666507767,86880.53728228937,exponential,0.19900374232392737,609039.9259025265,0.008595956721805256,0.0
operator,OASIS PETROLEUM NORTH AMERICA LLC,2026-07-01,167752.60705867756,86831.32759687555,exponential,0.19900374232392737,609039.9259025265,0.008595956721805256,0.0
operator,OASIS PETROLEUM NORTH AMERICA LLC,2026-08-01,166316.7928479109,86782.14578413857,exponential,0.19900374232392737,609039.9259025265,0.008595956721805256,0.0
operator,OASIS PETROLEUM NORTH AMERICA LLC,2026-09-01,164893.26793913473,86732.99182829117,exponential,0.19900374232392737,609039.9259025265,0.008595956721805256,0.0
operator,OASIS PETROLEUM NORTH AMERICA LLC,2026-10-01,163481.92714677402,86683.86571355502,exponential,0.19900374232392737,609039.9259025265,0.008595956721805256,0.0
operator,OASIS PETROLEUM NORTH AMERICA LLC,2026-11-01,162082.66618554943,86634.76742416073,exponential,0.19900374232392737,609039.9259025265,0.008595956721805256,0.0
operator,OASIS PETROLEUM NORTH AMERICA LLC,2026-12-01,160695.38166277146,86585.69694434786,exponential,0.19900374232392737,609039.9259025265,0.008595956721805256,0.0
operator,OASIS PETROLEUM NORTH AMERICA LLC,2027-01-01,159319.97107070076,86536.65425836488,exponential,0.19900374232392737,609039.9259025265,0.008595956721805256,0.0
operator,OASIS PETROLEUM NORTH AMERICA LLC,2027-02-01,157956.33277897377,86487.63935046922,exponential,0.19900374232392737,609039.9259025265,0.008595956721805256,0.0
operator,OASIS PETROLEUM NORTH AMERICA LLC,2027-03-01,156604.36602709306,86438.65220492717,exponential,0.19900374232392737,609039.9259025265,0.008595956721805256,0.0
operator,OASIS PETROLEUM NORTH AMERICA LLC,2027-04-01,155263.9709169822,86389.69280601395,exponential,0.19900374232392737,609039.9259025265,0.008595956721805256,0.0
operator,OASIS PETROLEUM NORTH AMERICA LLC,2027-05-01,153935.04840560397,86340.76113801372,exponential,0.19900374232392737,609039.9259025265,0.008595956721805256,0.0
operator,OASIS PETROLEUM NORTH AMERICA LLC,2027-06-01,152617.5002976422,86291.85718521949,exponential,0.19900374232392737,609039.9259025265,0.008595956721805256,0.0
operator,OASIS PETROLEUM NORTH AMERICA LLC,2027-07-01,151311.2292382458,86242.9809319332,exponential,0.19900374232392737,609039.9259025265,0.008595956721805256,0.0
operator,OASIS PETROLEUM NORTH AMERICA LLC,2027-08-01,150016.13870583547,86194.13236246568,exponential,0.19900374232392737,609039.9259025265,0.008595956721805256,0.0
operator,OASIS PETROLEUM NORTH AMERICA LLC,2027-09-01,148732.13300497126,86145.31146113663,exponential,0.19900374232392737,609039.9259025265,0.008595956721805256,0.0
operator,OASIS PETROLEUM NORTH AMERICA LLC,2027-10-01,147459.11725928166,86096.51821227465,exponential,0.19900374232392737,609039.9259025265,0.008595956721805256,0.0
operator,OASIS PETROLEUM NORTH AMERICA LLC,2027-11-01,146196.99740445326,86047.75260021721,exponential,0.19900374232392737,609039.9259025265,0.008595956721805256,0.0
operator,OASIS PETROLEUM NORTH AMERICA LLC,2027-12-01,144945.68018128007,85999.01460931065,exponential,0.19900374232392737,609039.9259025265,0.008595956721805256,0.0
operator,"HESS BAKKEN INVESTMENTS II, LLC",2026-01-01,212020.52914644865,6669.072998853159,harmonic,-0.6880993507319115,212049.99999999997,1.0000000000000002e-06,1.0
operator,"HESS BAKKEN INVESTMENTS II, LLC",2026-02-01,212020.31715559817,6669.066330713699,harmonic,-0.6880993507319115,212049.99999999997,1.0000000000000002e-06,1.0
operator,"HESS BAKKEN INVESTMENTS II, LLC",2026-03-01,212020.1051651717,6669.059662587574,harmonic,-0.6880993507319115,212049.99999999997,1.0000000000000002e-06,1.0
operator,"HESS BAKKEN INVESTMENTS II, LLC",2026-04-01,212019.89317516907,6669.052994474783,harmonic,-0.6880993507319115,212049.99999999997,1.0000000000000002e-06,1.0
operator,"HESS BAKKEN INVESTMENTS II, LLC",2026-05-01,212019.68118559042,6669.046326375327,harmonic,-0.6880993507319115,212049.99999999997,1.0000000000000002e-06,1.0
operator,"HESS BAKKEN INVESTMENTS II, LLC",2026-06-01,212019.4691964357,6669.039658289206,harmonic,-0.6880993507319115,212049.99999999997,1.0000000000000002e-06,1.0
operator,"HESS BAKKEN INVESTMENTS II, LLC",2026-07-01,212019.25720770485,6669.032990216418,harmonic,-0.6880993507319115,212049.99999999997,1.0000000000000002e-06,1.0
operator,"HESS BAKKEN INVESTMENTS II, LLC",2026-08-01,212019.04521939793,6669.026322156964,harmonic,-0.6880993507319115,212049.99999999997,1.0000000000000002e-06,1.0
operator,"HESS BAKKEN INVESTMENTS II, LLC",2026-09-01,212018.83323151496,6669.019654110845,harmonic,-0.6880993507319115,212049.99999999997,1.0000000000000002e-06,1.0
operator,"HESS BAKKEN INVESTMENTS II, LLC",2026-10-01,212018.62124405583,6669.012986078059,harmonic,-0.6880993507319115,212049.99999999997,1.0000000000000002e-06,1.0
operator,"HESS BAKKEN INVESTMENTS II, LLC",2026-11-01,212018.40925702068,6669.0063180586085,harmonic,-0.6880993507319115,212049.99999999997,1.0000000000000002e-06,1.0
operator,"HESS BAKKEN INVESTMENTS II, LLC",2026-12-01,212018.19727040938,6668.99965005249,harmonic,-0.6880993507319115,212049.99999999997,1.0000000000000002e-06,1.0
operator,"HESS BAKKEN INVESTMENTS II, LLC",2027-01-01,212017.98528422206,6668.992982059708,harmonic,-0.6880993507319115,212049.99999999997,1.0000000000000002e-06,1.0
operator,"HESS BAKKEN INVESTMENTS II, LLC",2027-02-01,212017.77329845863,6668.986314080259,harmonic,-0.6880993507319115,212049.99999999997,1.0000000000000002e-06,1.0
operator,"HESS BAKKEN INVESTMENTS II, LLC",2027-03-01,212017.56131311905,6668.979646114143,harmonic,-0.6880993507319115,212049.99999999997,1.0000000000000002e-06,1.0
operator,"HESS BAKKEN INVESTMENTS II, LLC",2027-04-01,212017.34932820342,6668.972978161362,harmonic,-0.6880993507319115,212049.99999999997,1.0000000000000002e-06,1.0
operator,"HESS BAKKEN INVESTMENTS II, LLC",2027-05-01,212017.1373437117,6668.966310221916,harmonic,-0.6880993507319115,212049.99999999997,1.0000000000000002e-06,1.0
operator,"HESS BAKKEN INVESTMENTS II, LLC",2027-06-01,212016.92535964385,6668.9596422958,harmonic,-0.6880993507319115,212049.99999999997,1.0000000000000002e-06,1.0
operator,"HESS BAKKEN INVESTMENTS II, LLC",2027-07-01,212016.71337599994,6668.952974383021,harmonic,-0.6880993507319115,212049.99999999997,1.0000000000000002e-06,1.0
operator,"HESS BAKKEN INVESTMENTS II, LLC",2027-08-01,212016.5013927799,6668.946306483574,harmonic,-0.6880993507319115,212049.99999999997,1.0000000000000002e-06,1.0
operator,"HESS BAKKEN INVESTMENTS II, LLC",2027-09-01,212016.2894099838,6668.939638597462,harmonic,-0.6880993507319115,212049.99999999997,1.0000000000000002e-06,1.0
operator,"HESS BAKKEN INVESTMENTS II, LLC",2027-10-01,212016.07742761157,6668.932970724683,harmonic,-0.6880993507319115,212049.99999999997,1.0000000000000002e-06,1.0
operator,"HESS BAKKEN INVESTMENTS II, LLC",2027-11-01,212015.8654456632,6668.926302865238,harmonic,-0.6880993507319115,212049.99999999997,1.0000000000000002e-06,1.0
operator,"HESS BAKKEN INVESTMENTS II, LLC",2027-12-01,212015.65346413877,6668.919635019126,harmonic,-0.6880993507319115,212049.99999999997,1.0000000000000002e-06,1.0
operator,NEWFIELD PRODUCTION COMPANY,2026-01-01,94756.27897593686,40941.811646925235,exponential,0.6077294761297292,440159.63512580114,0.010665481649830857,0.0
operator,NEWFIELD PRODUCTION COMPANY,2026-02-01,93751.02789393086,40855.3263069508,exponential,0.6077294761297292,440159.63512580114,0.010665481649830857,0.0
operator,NEWFIELD PRODUCTION COMPANY,2026-03-01,92756.44132670738,40769.02365830657,exponential,0.6077294761297292,440159.63512580114,0.010665481649830857,0.0
operator,NEWFIELD PRODUCTION COMPANY,2026-04-01,91772.4061364866,40682.903315076,exponential,0.6077294761297292,440159.63512580114,0.010665481649830857,0.0
operator,NEWFIELD PRODUCTION COMPANY,2026-05-01,90798.81038574567,40596.96489215779,exponential,0.6077294761297292,440159.63512580114,0.010665481649830857,0.0
operator,NEWFIELD PRODUCTION COMPANY,2026-06-01,89835.5433244852,40511.208005264096,exponential,0.6077294761297292,440159.63512580114,0.010665481649830857,0.0
operator,NEWFIELD PRODUCTION COMPANY,2026-07-01,88882.49537763126,40425.63227091885,exponential,0.6077294761297292,440159.63512580114,0.010665481649830857,0.0
operator,NEWFIELD PRODUCTION COMPANY,2026-08-01,87939.55813257072,40340.237306456045,exponential,0.6077294761297292,440159.63512580114,0.010665481649830857,0.0
operator,NEWFIELD PRODUCTION COMPANY,2026-09-01,87006.62432681897,40255.02273001802,exponential,0.6077294761297292,440159.63512580114,0.010665481649830857,0.0
operator,NEWFIELD PRODUCTION COMPANY,2026-10-01,86083.58783581835,40169.98816055374,exponential,0.6077294761297292,440159.63512580114,0.010665481649830857,0.0
operator,NEWFIELD PRODUCTION COMPANY,2026-11-01,85170.34366086623,40085.13321781709,exponential,0.6077294761297292,440159.63512580114,0.010665481649830857,0.0
operator,NEWFIELD PRODUCTION COMPANY,2026-12-01,84266.78791717086,40000.45752236521,exponential,0.6077294761297292,440159.63512580114,0.010665481649830857,0.0
operator,NEWFIELD PRODUCTION COMPANY,2027-01-01,83372.8178220343,39915.96069555675,exponential,0.6077294761297292,440159.63512580114,0.010665481649830857,0.0
operator,NEWFIELD PRODUCTION COMPANY,2027-02-01,82488.33168316034,39831.64235955023,exponential,0.6077294761297292,440159.63512580114,0.010665481649830857,0.0
operator,NEWFIELD PRODUCTION COMPANY,2027-03-01,81613.22888708682,39747.50213730228,exponential,0.6077294761297292,440159.63512580114,0.010665481649830857,0.0
operator,NEWFIELD PRODUCTION COMPANY,2027-04-01,80747.40988774029,39663.53965256604,exponential,0.6077294761297292,440159.63512580114,0.010665481649830857,0.0
operator,NEWFIELD PRODUCTION COMPANY,2027-05-01,79890.77619511241,39579.7545298894,exponential,0.6077294761297292,440159.63512580114,0.010665481649830857,0.0
operator,NEWFIELD PRODUCTION COMPANY,2027-06-01,79043.2303640564,39496.14639461336,exponential,0.6077294761297292,440159.63512580114,0.010665481649830857,0.0
operator,NEWFIELD PRODUCTION COMPANY,2027-07-01,78204.67598320218,39412.71487287036,exponential,0.6077294761297292,440159.63512580114,0.010665481649830857,0.0
operator,NEWFIELD PRODUCTION COMPANY,2027-08-01,77375.0176639893,39329.45959158259,exponential,0.6077294761297292,440159.63512580114,0.010665481649830857,0.0
operator,NEWFIELD PRODUCTION COMPANY,2027-09-01,76554.16102981618,39246.380178460335,exponential,0.6077294761297292,440159.63512580114,0.010665481649830857,0.0
operator,NEWFIELD PRODUCTION COMPANY,2027-10-01,75742.01270530434,39163.47626200028,exponential,0.6077294761297292,440159.63512580114,0.010665481649830857,0.0
operator,NEWFIELD PRODUCTION COMPANY,2027-11-01,74938.48030567673,39080.7474714839,exponential,0.6077294761297292,440159.63512580114,0.010665481649830857,0.0
operator,NEWFIELD PRODUCTION COMPANY,2027-12-01,74143.47242624853,38998.19343697575,exponential,0.6077294761297292,440159.63512580114,0.010665481649830857,0.0
operator,"EOG RESOURCES, INC.",2026-01-01,20796.341690009238,5862.536095091068,exponential,0.21330678285005233,82309.99999999657,0.01011555526495594,0.0
operator,"EOG RESOURCES, INC.",2026-02-01,20587.03555498149,5862.530233358029,exponential,0.21330678285005233,82309.99999999657,0.01011555526495594,0.0
operator,"EOG RESOURCES, INC.",2026-03-01,20379.83599517804,5862.524371636714,exponential,0.21330678285005233,82309.99999999657,0.01011555526495594,0.0
operator,"EOG RESOURCES, INC.",2026-04-01,20174.721808835387,5862.51850992712,exponential,0.21330678285005233,82309.99999999657,0.01011555526495594,0.0
operator,"EOG RESOURCES, INC.",2026-05-01,19971.67200757654,5862.512648229247,exponential,0.21330678285005233,82309.99999999657,0.01011555526495594,0.0
operator,"EOG RESOURCES, INC.",2026-06-01,19770.66581426342,5862.506786543097,exponential,0.21330678285005233,82309.99999999657,0.01011555526495594,0.0
operator,"EOG RESOURCES, INC.",2026-07-01,19571.68266087079,5862.500924868667,exponential,0.21330678285005233,82309.99999999657,0.01011555526495594,0.0
operator,"EOG RESOURCES, INC.",2026-08-01,19374.70218638164,5862.495063205961,exponential,0.21330678285005233,82309.99999999657,0.01011555526495594,0.0
operator,"EOG RESOURCES, INC.",2026-09-01,19179.704234703757,5862.489201554976,exponential,0.21330678285005233,82309.99999999657,0.01011555526495594,0.0
operator,"EOG RESOURCES, INC.",2026-10-01,18986.668852607214,5862.483339915711,exponential,0.21330678285005233,82309.99999999657,0.01011555526495594,0.0
operator,"EOG RESOURCES, INC.",2026-11-01,18795.576287682678,5862.47747828817,exponential,0.21330678285005233,82309.99999999657,0.01011555526495594,0.0
operator,"EOG RESOURCES, INC.",2026-12-01,18606.406986320217,5862.471616672349,exponential,0.21330678285005233,82309.99999999657,0.01011555526495594,0.0
operator,"EOG RESOURCES, INC.",2027-01-01,18419.141591708485,5862.46575506825,exponential,0.21330678285005233,82309.99999999657,0.01011555526495594,0.0
operator,"EOG RESOURCES, INC.",2027-02-01,18233.760941854023,5862.4598934758715,exponential,0.21330678285005233,82309.99999999657,0.01011555526495594,0.0
operator,"EOG RESOURCES, INC.",2027-03-01,18050.2460676205,5862.454031895215,exponential,0.21330678285005233,82309.99999999657,0.01011555526495594,0.0
operator,"EOG RESOURCES, INC.",2027-04-01,17868.578190787703,5862.44817032628,exponential,0.21330678285005233,82309.99999999657,0.01011555526495594,0.0
operator,"EOG RESOURCES, INC.",2027-05-01,17688.73872213002,5862.4423087690675,exponential,0.21330678285005233,82309.99999999657,0.01011555526495594,0.0
operator,"EOG RESOURCES, INC.",2027-06-01,17510.709259514322,5862.436447223574,exponential,0.21330678285005233,82309.99999999657,0.01011555526495594,0.0
operator,"EOG RESOURCES, INC.",2027-07-01,17334.471586016956,5862.430585689804,exponential,0.21330678285005233,82309.99999999657,0.01011555526495594,0.0
operator,"EOG RESOURCES, INC.",2027-08-01,17160.007668059665,5862.424724167754,exponential,0.21330678285005233,82309.99999999657,0.01011555526495594,0.0
operator,"EOG RESOURCES, INC.",2027-09-01,16987.299653564332,5862.418862657425,exponential,0.21330678285005233,82309.99999999657,0.01011555526495594,0.0
operator,"EOG RESOURCES, INC.",2027-10-01,16816.32987012622,5862.413001158818,exponential,0.21330678285005233,82309.99999999657,0.01011555526495594,0.0
operator,"EOG RESOURCES, INC.",2027-11-01,16647.08082320569,5862.407139671931,exponential,0.21330678285005233,82309.99999999657,0.01011555526495594,0.0
operator,"EOG RESOURCES, INC.",2027-12-01,16479.535194338012,5862.401278196766,exponential,0.21330678285005233,82309.99999999657,0.01011555526495594,0.0
operator,KODIAK OIL & GAS (USA) INC.,2026-01-01,7618.910495799099,14.99785470677693,harmonic,-0.7539135632315017,7619.999999999999,1.0000000000000002e-06,1.0
operator,KODIAK OIL & GAS (USA) INC.,2026-02-01,7618.90287798557,14.997839711081605,harmonic,-0.7539135632315017,7619.999999999999,1.0000000000000002e-06,1.0
operator,KODIAK OIL & GAS (USA) INC.,2026-03-01,7618.895260187272,14.997824715416264,harmonic,-0.7539135632315017,7619.999999999999,1.0000000000000002e-06,1.0
operator,KODIAK OIL & GAS (USA) INC.,2026-04-01,7618.887642404208,14.997809719780912,harmonic,-0.7539135632315017,7619.999999999999,1.0000000000000002e-06,1.0
operator,KODIAK OIL & GAS (USA) INC.,2026-05-01,7618.880024636378,14.997794724175549,harmonic,-0.7539135632315017,7619.999999999999,1.0000000000000002e-06,1.0
operator,KODIAK OIL & GAS (USA) INC.,2026-06-01,7618.87240688378,14.997779728600166,harmonic,-0.7539135632315017,7619.999999999999,1.0000000000000002e-06,1.0
operator,KODIAK OIL & GAS (USA) INC.,2026-07-01,7618.864789146417,14.997764733054776,harmonic,-0.7539135632315017,7619.999999999999,1.0000000000000002e-06,1.0
operator,KODIAK OIL & GAS (USA) INC.,2026-08-01,7618.857171424284,14.997749737539367,harmonic,-0.7539135632315017,7619.999999999999,1.0000000000000002e-06,1.0
operator,KODIAK OIL & GAS (USA) INC.,2026-09-01,7618.849553717388,14.99773474205395,harmonic,-0.7539135632315017,7619.999999999999,1.0000000000000002e-06,1.0
operator,KODIAK OIL & GAS (USA) INC.,2026-10-01,7618.841936025724,14.997719746598518,harmonic,-0.7539135632315017,7619.999999999999,1.0000000000000002e-06,1.0
operator,KODIAK OIL & GAS (USA) INC.,2026-11-01,7618.834318349291,14.99770475117307,harmonic,-0.7539135632315017,7619.999999999999,1.0000000000000002e-06,1.0
operator,KODIAK OIL & GAS (USA) INC.,2026-12-01,7618.826700688093,14.99768975577761,harmonic,-0.7539135632315017,7619.999999999999,1.0000000000000002e-06,1.0
operator,KODIAK OIL & GAS (USA) INC.,2027-01-01,7618.819083042128,14.997674760412137,harmonic,-0.7539135632315017,7619.999999999999,1.0000000000000002e-06,1.0
operator,KODIAK OIL & GAS (USA) INC.,2027-02-01,7618.811465411394,14.997659765076648,harmonic,-0.7539135632315017,7619.999999999999,1.0000000000000002e-06,1.0
operator,KODIAK OIL & GAS (USA) INC.,2027-03-01,7618.803847795895,14.997644769771147,harmonic,-0.7539135632315017,7619.999999999999,1.0000000000000002e-06,1.0
operator,KODIAK OIL & GAS (USA) INC.,2027-04-01,7618.796230195628,14.997629774495628,harmonic,-0.7539135632315017,7619.999999999999,1.0000000000000002e-06,1.0
operator,KODIAK OIL & GAS (USA) INC.,2027-05-01,7618.788612610594,14.9976147792501,harmonic,-0.7539135632315017,7619.999999999999,1.0000000000000002e-06,1.0
operator,KODIAK OIL & GAS (USA) INC.,2027-06-01,7618.780995040793,14.997599784034556,harmonic,-0.7539135632315017,7619.999999999999,1.0000000000000002e-06,1.0
operator,KODIAK OIL & GAS (USA) INC.,2027-07-01,7618.773377486224,14.997584788848995,harmonic,-0.7539135632315017,7619.999999999999,1.0000000000000002e-06,1.0
operator,KODIAK OIL & GAS (USA) INC.,2027-08-01,7618.765759946888,14.997569793693422,harmonic,-0.7539135632315017,7619.999999999999,1.0000000000000002e-06,1.0
operator,KODIAK OIL & GAS (USA) INC.,2027-09-01,7618.758142422785,14.997554798567835,harmonic,-0.7539135632315017,7619.999999999999,1.0000000000000002e-06,1.0
operator,KODIAK OIL & GAS (USA) INC.,2027-10-01,7618.750524913913,14.99753980347223,harmonic,-0.7539135632315017,7619.999999999999,1.0000000000000002e-06,1.0
operator,KODIAK OIL & GAS (USA) INC.,2027-11-01,7618.742907420275,14.997524808406613,harmonic,-0.7539135632315017,7619.999999999999,1.0000000000000002e-06,1.0
operator,KODIAK OIL & GAS (USA) INC.,2027-12-01,7618.735289941867,14.997509813370979,harmonic,-0.7539135632315017,7619.999999999999,1.0000000000000002e-06,1.0
operator,HESS CORPORATION,2026-01-01,40338.10111631933,12321.787572107402,hyperbolic,0.5521237790377223,288799.9999999469,0.017032975630001626,0.21586374868094385
operator,HESS CORPORATION,2026-02-01,39891.897217385325,12266.940322526552,hyperbolic,0.5521237790377223,288799.9999999469,0.017032975630001626,0.21586374868094385
operator,HESS CORPORATION,2026-03-01,39451.68018619138,12212.579185823706,hyperbolic,0.5521237790377223,288799.9999999469,0.017032975630001626,0.21586374868094385
operator,HESS CORPORATION,2026-04-01,39017.35565851293,12158.69772786152,hyperbolic,0.5521237790377223,288799.9999999469,0.017032975630001626,0.21586374868094385
operator,HESS CORPORATION,2026-05-01,38588.830977672274,12105.289627552602,hyperbolic,0.5521237790377223,288799.9999999469,0.017032975630001626,0.21586374868094385
operator,HESS CORPORATION,2026-06-01,38166.015159674345,12052.348674387467,hyperbolic,0.5521237790377223,288799.9999999469,0.017032975630001626,0.21586374868094385
operator,HESS CORPORATION,2026-07-01,37748.8188591351,11999.868766027073,hyperbolic,0.5521237790377223,288799.9999999469,0.017032975630001626,0.21586374868094385
operator,HESS CORPORATION,2026-08-01,37337.15433598247,11947.843905957978,hyperbolic,0.5521237790377223,288799.9999999469,0.017032975630001626,0.21586374868094385
operator,HESS CORPORATION,2026-09-01,36930.935422910705,11896.268201208231,hyperbolic,0.5521237790377223,288799.9999999469,0.017032975630001626,0.21586374868094385
operator,HESS CORPORATION,2026-10-01,36530.077493569035,11845.135860122185,hyperbolic,0.5521237790377223,288799.9999999469,0.017032975630001626,0.21586374868094385
operator,HESS CORPORATION,2026-11-01,36134.49743146673,11794.44119019242,hyperbolic,0.5521237790377223,288799.9999999469,0.017032975630001626,0.21586374868094385
operator,HESS CORPORATION,2026-12-01,35744.11359957672,11744.178595947118,hyperbolic,0.5521237790377223,288799.9999999469,0.017032975630001626,0.21586374868094385
operator,HESS CORPORATION,2027-01-01,35358.84581062044,11694.342576891244,hyperbolic,0.5521237790377223,288799.9999999469,0.017032975630001626,0.21586374868094385
operator,HESS CORPORATION,2027-02-01,34978.61529801702,11644.927725499887,hyperbolic,0.5521237790377223,288799.9999999469,0.017032975630001626,0.21586374868094385
operator,HESS CORPORATION,2027-03-01,34603.34468748054,11595.92872526229,hyperbolic,0.5521237790377223,288799.9999999469,0.017032975630001626,0.21586374868094385
operator,HESS CORPORATION,2027-04-01,34232.95796924952,11547.340348775057,hyperbolic,0.5521237790377223,288799.9999999469,0.017032975630001626,0.21586374868094385
operator,HESS CORPORATION,2027-05-01,33867.38047093304,11499.15745588307,hyperbolic,0.5521237790377223,288799.9999999469,0.017032975630001626,0.21586374868094385
operator,HESS CORPORATION,2027-06-01,33506.53883095838,11451.374991866789,hyperbolic,0.5521237790377223,288799.9999999469,0.017032975630001626,0.21586374868094385
operator,HESS CORPORATION,2027-07-01,33150.36097260547,11403.987985674537,hyperbolic,0.5521237790377223,288799.9999999469,0.017032975630001626,0.21586374868094385
operator,HESS CORPORATION,2027-08-01,32798.776078614166,11356.99154819851,hyperbolic,0.5521237790377223,288799.9999999469,0.017032975630001626,0.21586374868094385
operator,HESS CORPORATION,2027-09-01,32451.71456635003,11310.380870593217,hyperbolic,0.5521237790377223,288799.9999999469,0.017032975630001626,0.21586374868094385
operator,HESS CORPORATION,2027-10-01,32109.108063515396,11264.15122263519,hyperbolic,0.5521237790377223,288799.9999999469,0.017032975630001626,0.21586374868094385
operator,HESS CORPORATION,2027-11-01,31770.889384392354,11218.297951122728,hyperbolic,0.5521237790377223,288799.9999999469,0.017032975630001626,0.21586374868094385
operator,HESS CORPORATION,2027-12-01,31436.992506604813,11172.816478314588,hyperbolic,0.5521237790377223,288799.9999999469,0.017032975630001626,0.21586374868094385
operator,"ZENERGY, INC",2026-01-01,4450.217202526488,649.0354631673921,harmonic,0.7521594328276545,32075.3077796486,0.04340966806712097,1.0
operator,"ZENERGY, INC",2026-02-01,4423.574993265265,646.3185073134541,harmonic,0.7521594328276545,32075.3077796486,0.04340966806712097,1.0
operator,"ZENERGY, INC",2026-03-01,4397.249884564516,643.6242037701077,harmonic,0.7521594328276545,32075.3077796486,0.04340966806712097,1.0
operator,"ZENERGY, INC",2026-04-01,4371.236248630446,640.9522704218091,harmonic,0.7521594328276545,32075.3077796486,0.04340966806712097,1.0
operator,"ZENERGY, INC",2026-05-01,4345.528590059641,638.3024298183304,harmonic,0.7521594328276545,32075.3077796486,0.04340966806712097,1.0
operator,"ZENERGY, INC",2026-06-01,4320.121541968814,635.6744090787198,harmonic,0.7521594328276545,32075.3077796486,0.04340966806712097,1.0
operator,"ZENERGY, INC",2026-07-01,4295.009862259556,633.0679397976232,harmonic,0.7521594328276545,32075.3077796486,0.04340966806712097,1.0
operator,"ZENERGY, INC",2026-08-01,4270.188430012586,630.4827579539029,harmonic,0.7521594328276545,32075.3077796486,0.04340966806712097,1.0
operator,"ZENERGY, INC",2026-09-01,4245.652242006322,627.9186038214849,harmonic,0.7521594328276545,32075.3077796486,0.04340966806712097,1.0
operator,"ZENERGY, INC",2026-10-01,4221.396409354789,625.3752218823728,harmonic,0.7521594328276545,32075.3077796486,0.04340966806712097,1.0
operator,"ZENERGY, INC",2026-11-01,4197.416154260119,622.852360741768,harmonic,0.7521594328276545,32075.3077796486,0.04340966806712097,1.0
operator,"ZENERGY, INC",2026-12-01,4173.706806875108,620.3497730452362,harmonic,0.7521594328276545,32075.3077796486,0.04340966806712097,1.0
operator,"ZENERGY, INC",2027-01-01,4150.26380227152,617.8672153978612,harmonic,0.7521594328276545,32075.3077796486,0.04340966806712097,1.0
operator,"ZENERGY, INC",2027-02-01,4127.082677509982,615.4044482853342,harmonic,0.7521594328276545,32075.3077796486,0.04340966806712097,1.0
operator,"ZENERGY, INC",2027-03-01,4104.15906880753,612.9612359969219,harmonic,0.7521594328276545,32075.3077796486,0.04340966806712097,1.0
operator,"ZENERGY, INC",2027-04-01,4081.4887087990323,610.5373465502622,harmonic,0.7521594328276545,32075.3077796486,0.04340966806712097,1.0
operator,"ZENERGY, INC",2027-05-01,4059.0674238888782,608.1325516179373,harmonic,0.7521594328276545,32075.3077796486,0.04340966806712097,1.0
operator,"ZENERGY, INC",2027-06-01,4036.8911316894773,605.7466264557758,harmonic,0.7521594328276545,32075.3077796486,0.04340966806712097,1.0
operator,"ZENERGY, INC",2027-07-01,4014.955838543269,603.3793498328342,harmonic,0.7521594328276545,32075.3077796486,0.04340966806712097,1.0
operator,"ZENERGY, INC",2027-08-01,3993.2576371250857,601.0305039630169,harmonic,0.7521594328276545,32075.3077796486,0.04340966806712097,1.0
operator,"ZENERGY, INC",2027-09-01,3971.7927041218445,598.6998744382842,harmonic,0.7521594328276545,32075.3077796486,0.04340966806712097,1.0
operator,"ZENERGY, INC",2027-10-01,3950.557297986666,596.3872501634095,harmonic,0.7521594328276545,32075.3077796486,0.04340966806712097,1.0
operator,"ZENERGY, INC",2027-11-01,3929.54775676467,594.0924232922433,harmonic,0.7521594328276545,32075.3077796486,0.04340966806712097,1.0
operator,"ZENERGY, INC",2027-12-01,3908.7604959877617,591.8151891654423,harmonic,0.7521594328276545,32075.3077796486,0.04340966806712097,1.0
operator,ABRAXAS PETROLEUM CORP.,2026-01-01,24365.71367238906,10426.379841777918,exponential,0.4761133567169956,129596.3621968146,0.011937483909319141,0.0
operator,ABRAXAS PETROLEUM CORP.,2026-02-01,24076.57756983966,10381.384092311033,exponential,0.4761133567169956,129596.3621968146,0.011937483909319141,0.0
operator,ABRAXAS PETROLEUM CORP.,2026-03-01,23790.87250513801,10336.582525053196,exponential,0.4761133567169956,129596.3621968146,0.011937483909319141,0.0
operator,ABRAXAS PETROLEUM CORP.,2026-04-01,23508.55776382262,10291.974301997918,exponential,0.4761133567169956,129596.3621968146,0.011937483909319141,0.0
operator,ABRAXAS PETROLEUM CORP.,2026-05-01,23229.593114570765,10247.558588755172,exponential,0.4761133567169956,129596.3621968146,0.011937483909319141,0.0
operator,ABRAXAS PETROLEUM CORP.,2026-06-01,22953.938803465302,10203.33455453581,exponential,0.4761133567169956,129596.3621968146,0.011937483909319141,0.0
operator,ABRAXAS PETROLEUM CORP.,2026-07-01,22681.555548329532,10159.301372135997,exponential,0.4761133567169956,129596.3621968146,0.011937483909319141,0.0
operator,ABRAXAS PETROLEUM CORP.,2026-08-01,22412.4045331293,10115.458217921765,exponential,0.4761133567169956,129596.3621968146,0.011937483909319141,0.0
well,33-053-05475-0000,2027-07-01,410.3938384802949,221.5043205578943,hyperbolic,0.892812236162152,53829.183592683454,0.18900926853327593,0.6043126654424038
well,33-053-05475-0000,2027-08-01,406.35352798351556,220.0290124692322,hyperbolic,0.892812236162152,53829.183592683454,0.18900926853327593,0.6043126654424038
well,33-053-05475-0000,2027-09-01,402.37665420163285,218.5722321134316,hyperbolic,0.892812236162152,53829.183592683454,0.18900926853327593,0.6043126654424038
well,33-053-05475-0000,2027-10-01,398.4618540027164,217.1336388198303,hyperbolic,0.892812236162152,53829.183592683454,0.18900926853327593,0.6043126654424038
well,33-053-05475-0000,2027-11-01,394.60780134224234,215.7129001440004,hyperbolic,0.892812236162152,53829.183592683454,0.18900926853327593,0.6043126654424038
well,33-053-05475-0000,2027-12-01,390.8132060443843,214.30969162227632,hyperbolic,0.892812236162152,53829.183592683454,0.18900926853327593,0.6043126654424038
well,33-053-07713-0000,2026-01-01,1979.8059790140553,8.332516513381686,harmonic,-0.058634017213518685,8.333333099999999,1.000000000000558e-06,1.0
well,33-053-07713-0000,2026-02-01,1979.8039994040575,8.332508181690011,harmonic,-0.058634017213518685,8.333333099999999,1.000000000000558e-06,1.0
well,33-053-07713-0000,2026-03-01,1979.8020197980188,8.332499850014997,harmonic,-0.058634017213518685,8.333333099999999,1.000000000000558e-06,1.0
well,33-053-07713-0000,2026-04-01,1979.8000401959387,8.332491518356644,harmonic,-0.058634017213518685,8.333333099999999,1.000000000000558e-06,1.0
well,33-053-07713-0000,2026-05-01,1979.7980605978175,8.332483186714954,harmonic,-0.058634017213518685,8.333333099999999,1.000000000000558e-06,1.0
well,33-053-07713-0000,2026-06-01,1979.7960810036552,8.332474855089925,harmonic,-0.058634017213518685,8.333333099999999,1.000000000000558e-06,1.0
well,33-053-07713-0000,2026-07-01,1979.7941014134515,8.332466523481557,harmonic,-0.058634017213518685,8.333333099999999,1.000000000000558e-06,1.0
well,33-053-07713-0000,2026-08-01,1979.7921218272068,8.33245819188985,harmonic,-0.058634017213518685,8.333333099999999,1.000000000000558e-06,1.0
well,33-053-07713-0000,2026-09-01,1979.7901422449208,8.332449860314805,harmonic,-0.058634017213518685,8.333333099999999,1.000000000000558e-06,1.0
well,33-053-07713-0000,2026-10-01,1979.788162666593,8.332441528756421,harmonic,-0.058634017213518685,8.333333099999999,1.000000000000558e-06,1.0
well,33-053-07713-0000,2026-11-01,1979.7861830922247,8.3324331972147,harmonic,-0.058634017213518685,8.333333099999999,1.000000000000558e-06,1.0
well,33-053-07713-0000,2026-12-01,1979.7842035218146,8.332424865689637,harmonic,-0.058634017213518685,8.333333099999999,1.000000000000558e-06,1.0
well,33-053-07713-0000,2027-01-01,1979.7822239553634,8.332416534181238,harmonic,-0.058634017213518685,8.333333099999999,1.000000000000558e-06,1.0
well,33-053-07713-0000,2027-02-01,1979.780244392871,8.3324082026895,harmonic,-0.058634017213518685,8.333333099999999,1.000000000000558e-06,1.0
well,33-053-07713-0000,2027-03-01,1979.778264834337,8.332399871214422,harmonic,-0.058634017213518685,8.333333099999999,1.000000000000558e-06,1.0
well,33-053-07713-0000,2027-04-01,1979.7762852797619,8.332391539756006,harmonic,-0.058634017213518685,8.333333099999999,1.000000000000558e-06,1.0
well,33-053-07713-0000,2027-05-01,1979.7743057291457,8.33238320831425,harmonic,-0.058634017213518685,8.333333099999999,1.000000000000558e-06,1.0
well,33-053-07713-0000,2027-06-01,1979.7723261824874,8.332374876889157,harmonic,-0.058634017213518685,8.333333099999999,1.000000000000558e-06,1.0
well,33-053-07713-0000,2027-07-01,1979.7703466397884,8.332366545480724,harmonic,-0.058634017213518685,8.333333099999999,1.000000000000558e-06,1.0
well,33-053-07713-0000,2027-08-01,1979.768367101048,8.33235821408895,harmonic,-0.058634017213518685,8.333333099999999,1.000000000000558e-06,1.0
well,33-053-07713-0000,2027-09-01,1979.7663875662656,8.332349882713839,harmonic,-0.058634017213518685,8.333333099999999,1.000000000000558e-06,1.0
well,33-053-07713-0000,2027-10-01,1979.7644080354426,8.332341551355388,harmonic,-0.058634017213518685,8.333333099999999,1.000000000000558e-06,1.0
well,33-053-07713-0000,2027-11-01,1979.7624285085774,8.332333220013597,harmonic,-0.058634017213518685,8.333333099999999,1.000000000000558e-06,1.0
well,33-053-07713-0000,2027-12-01,1979.7604489856712,8.332324888688467,harmonic,-0.058634017213518685,8.333333099999999,1.000000000000558e-06,1.0
well,33-053-07425-0000,2026-01-01,2878.328817581086,509.92784255599946,hyperbolic,0.1715046856011443,3063.3334,0.03130795625732685,0.5135998113837429
well,33-053-07425-0000,2026-02-01,2850.985713188159,503.6306262294719,hyperbolic,0.1715046856011443,3063.3334,0.03130795625732685,0.5135998113837429
well,33-053-07425-0000,2026-03-01,2823.9023586032718,497.4503739434145,hyperbolic,0.1715046856011443,3063.3334,0.03130795625732685,0.5135998113837429
well,33-053-07425-0000,2026-04-01,2797.07628629524,491.38419427478016,hyperbolic,0.1715046856011443,3063.3334,0.03130795625732685,0.5135998113837429
well,33-053-07425-0000,2026-05-01,2770.5050521735516,485.42928482960775,hyperbolic,0.1715046856011443,3063.3334,0.03130795625732685,0.5135998113837429
well,33-053-07425-0000,2026-06-01,2744.186235365687,479.5829289680206,hyperbolic,0.1715046856011443,3063.3334,0.03130795625732685,0.5135998113837429
well,33-053-07425-0000,2026-07-01,2718.1174379965614,473.8424926690902,hyperbolic,0.1715046856011443,3063.3334,0.03130795625732685,0.5135998113837429
well,33-053-07425-0000,2026-08-01,2692.296284970051,468.2054215287726,hyperbolic,0.1715046856011443,3063.3334,0.03130795625732685,0.5135998113837429
well,33-053-07425-0000,2026-09-01,2666.7204237526066,462.66923788449924,hyperbolic,0.1715046856011443,3063.3334,0.03130795625732685,0.5135998113837429
well,33-053-07425-0000,2026-10-01,2641.387524158913,457.23153806034253,hyperbolic,0.1715046856011443,3063.3334,0.03130795625732685,0.5135998113837429
well,33-053-07425-0000,2026-11-01,2616.2952781395893,451.8899897270092,hyperbolic,0.1715046856011443,3063.3334,0.03130795625732685,0.5135998113837429
well,33-053-07425-0000,2026-12-01,2591.4413995709097,446.6423293712177,hyperbolic,0.1715046856011443,3063.3334,0.03130795625732685,0.5135998113837429
well,33-053-07425-0000,2027-01-01,2566.8236240465103,441.48635986930867,hyperbolic,0.1715046856011443,3063.3334,0.03130795625732685,0.5135998113837429
well,33-053-07425-0000,2027-02-01,2542.4397086710887,436.41994816020053,hyperbolic,0.1715046856011443,3063.3334,0.03130795625732685,0.5135998113837429
well,33-053-07425-0000,2027-03-01,2518.287431856052,431.44102301307106,hyperbolic,0.1715046856011443,3063.3334,0.03130795625732685,0.5135998113837429
well,33-053-07425-0000,2027-04-01,2494.364593117112,426.5475728853753,hyperbolic,0.1715046856011443,3063.3334,0.03130795625732685,0.5135998113837429
well,33-053-07425-0000,2027-05-01,2470.669012873803,421.73764386704295,hyperbolic,0.1715046856011443,3063.3334,0.03130795625732685,0.5135998113837429
well,33-053-07425-0000,2027-06-01,2447.1985322509004,417.00933770691245,hyperbolic,0.1715046856011443,3063.3334,0.03130795625732685,0.5135998113837429
well,33-053-07425-0000,2027-07-01,2423.9510128817315,412.36080991766045,hyperbolic,0.1715046856011443,3063.3334,0.03130795625732685,0.5135998113837429
well,33-053-07425-0000,2027-08-01,2400.9243367133477,407.7902679556734,hyperbolic,0.1715046856011443,3063.3334,0.03130795625732685,0.5135998113837429
well,33-053-07425-0000,2027-09-01,2378.116405813555,403.295969472493,hyperbolic,0.1715046856011443,3063.3334,0.03130795625732685,0.5135998113837429
well,33-053-07425-0000,2027-10-01,2355.525142179771,398.8762206346323,hyperbolic,0.1715046856011443,3063.3334,0.03130795625732685,0.5135998113837429
well,33-053-07425-0000,2027-11-01,2333.148487549702,394.52937450872065,hyperbolic,0.1715046856011443,3063.3334,0.03130795625732685,0.5135998113837429
well,33-053-07425-0000,2027-12-01,2310.9844032138185,390.2538295090909,hyperbolic,0.1715046856011443,3063.3334,0.03130795625732685,0.5135998113837429
well,33-053-07805-0000,2026-01-01,1108.4737551575856,489.5837195539629,exponential,0.5691120945775634,17649.999999999953,0.027957087975576972,0.0
well,33-053-07805-0000,2026-02-01,1077.9132388665191,486.6988178699583,exponential,0.5691120945775634,17649.999999999953,0.027957087975576972,0.0
well,33-053-07805-0000,2026-03-01,1048.1952731109347,483.84771593427246,exponential,0.5691120945775634,17649.999999999953,0.027957087975576972,0.0
well,33-053-07805-0000,2026-04-01,1019.2966288524864,481.0298232053246,exponential,0.5691120945775634,17649.999999999953,0.027957087975576972,0.0
well,33-053-07805-0000,2026-05-01,991.1947174752096,478.2445628189566,exponential,0.5691120945775634,17649.999999999953,0.027957087975576972,0.0
well,33-053-07805-0000,2026-06-01,963.8675731291409,475.4913711947374,exponential,0.5691120945775634,17649.999999999953,0.027957087975576972,0.0
well,33-053-07805-0000,2026-07-01,937.2938355607158,472.7696976557884,exponential,0.5691120945775634,17649.999999999953,0.027957087975576972,0.0
well,33-053-07805-0000,2026-08-01,911.4527334165363,470.07900406159075,exponential,0.5691120945775634,17649.999999999953,0.027957087975576972,0.0
well,33-053-07805-0000,2026-09-01,886.3240680074457,467.4187644532608,exponential,0.5691120945775634,17649.999999999953,0.027957087975576972,0.0
well,33-053-07805-0000,2026-10-01,861.888197520232,464.78846471080186,exponential,0.5691120945775634,17649.999999999953,0.027957087975576972,0.0
well,33-053-07805-0000,2026-11-01,838.1260216646111,462.18760222186455,exponential,0.5691120945775634,17649.999999999953,0.027957087975576972,0.0
well,33-053-07805-0000,2026-12-01,815.0189667434895,459.615685561566,exponential,0.5691120945775634,17649.999999999953,0.027957087975576972,0.0
well,33-053-07805-0000,2027-01-01,792.5489711348412,457.0722341829402,exponential,0.5691120945775634,17649.999999999953,0.027957087975576972,0.0
well,33-053-07805-0000,2027-02-01,770.6984711738467,454.55677811760955,exponential,0.5691120945775634,17649.999999999953,0.027957087975576972,0.0
well,33-053-07805-0000,2027-03-01,749.4503874242589,452.06885768628683,exponential,0.5691120945775634,17649.999999999953,0.027957087975576972,0.0
well,33-053-07805-0000,2027-04-01,728.7881113282682,449.608023218732,exponential,0.5691120945775634,17649.999999999953,0.027957087975576972,0.0
well,33-053-07805-0000,2027-05-01,708.6954922244295,447.17383478280595,exponential,0.5691120945775634,17649.999999999953,0.027957087975576972,0.0
well,33-053-07805-0000,2027-06-01,689.1568247235007,444.76586192227904,exponential,0.5691120945775634,17649.999999999953,0.027957087975576972,0.0
well,33-053-07805-0000,2027-07-01,670.1568364323315,442.38368340306425,exponential,0.5691120945775634,17649.999999999953,0.027957087975576972,0.0
well,33-053-07805-0000,2027-08-01,651.680676016203,440.026886967563,exponential,0.5691120945775634,17649.999999999953,0.027957087975576972,0.0
well,33-053-07805-0000,2027-09-01,633.7139015902852,437.69506909682116,exponential,0.5691120945775634,17649.999999999953,0.027957087975576972,0.0
well,33-053-07805-0000,2027-10-01,616.2424694311429,435.3878347802078,exponential,0.5691120945775634,17649.999999999953,0.027957087975576972,0.0
well,33-053-07805-0000,2027-11-01,599.2527229994647,433.1047972923404,exponential,0.5691120945775634,17649.999999999953,0.027957087975576972,0.0
well,33-053-07805-0000,2027-12-01,582.7313822654321,430.84557797699154,exponential,0.5691120945775634,17649.999999999953,0.027957087975576972,0.0
well,33-053-06710-0000,2026-01-01,2515.3815507598797,54.99488547565076,exponential,0.6563483083558965,14961.17931057672,0.01917241180937262,0.0
well,33-053-06710-0000,2026-02-01,2467.6149831297603,54.994830485934315,exponential,0.6563483083558965,14961.17931057672,0.01917241180937262,0.0
well,33-053-06710-0000,2026-03-01,2420.7554925919712,54.99477549632785,exponential,0.6563483083558965,14961.17931057672,0.01917241180937262,0.0
well,33-053-06710-0000,2026-04-01,2374.785853942938,54.994720506831335,exponential,0.6563483083558965,14961.17931057672,0.01917241180937262,0.0
well,33-053-06710-0000,2026-05-01,2329.689169082087,54.9946655174448,exponential,0.6563483083558965,14961.17931057672,0.01917241180937262,0.0
well,33-053-06710-0000,2026-06-01,2285.4488608002293,54.99461052816824,exponential,0.6563483083558965,14961.17931057672,0.01917241180937262,0.0
well,33-053-06710-0000,2026-07-01,2242.0486666858956,54.99455553900163,exponential,0.6563483083558965,14961.17931057672,0.01917241180937262,0.0
well,33-053-06710-0000,2026-08-01,2199.4726331473985,54.994500549945,exponential,0.6563483083558965,14961.17931057672,0.01917241180937262,0.0
well,33-053-06710-0000,2026-09-01,2157.705109548406,54.99444556099834,exponential,0.6563483083558965,14961.17931057672,0.01917241180937262,0.0
well,33-053-06710-0000,2026-10-01,2116.730742454889,54.99439057216163,exponential,0.6563483083558965,14961.17931057672,0.01917241180937262,0.0
well,33-053-06710-0000,2026-11-01,2076.534469991302,54.9943355834349,exponential,0.6563483083558965,14961.17931057672,0.01917241180937262,0.0
well,33-053-06710-0000,2026-12-01,2037.1015163039585,54.99428059481813,exponential,0.6563483083558965,14961.17931057672,0.01917241180937262,0.0
well,33-053-06710-0000,2027-01-01,1998.4173861295299,54.99422560631133,exponential,0.6563483083558965,14961.17931057672,0.01917241180937262,0.0
well,33-053-06710-0000,2027-02-01,1960.4678594666964,54.9941706179145,exponential,0.6563483083558965,14961.17931057672,0.01917241180937262,0.0
well,33-053-06710-0000,2027-03-01,1923.2389863489766,54.99411562962762,exponential,0.6563483083558965,14961.17931057672,0.01917241180937262,0.0
well,33-053-06710-0000,2027-04-01,1886.7170817168276,54.994060641450716,exponential,0.6563483083558965,14961.17931057672,0.01917241180937262,0.0
well,33-053-06710-0000,2027-05-01,1850.888720387111,54.99400565338378,exponential,0.6563483083558965,14961.17931057672,0.01917241180937262,0.0
well,33-053-06710-0000,2027-06-01,1815.7407321181,54.993950665426794,exponential,0.6563483083558965,14961.17931057672,0.01917241180937262,0.0
well,33-053-06710-0000,2027-07-01,1781.2601967681926,54.993895677579786,exponential,0.6563483083558965,14961.17931057672,0.01917241180937262,0.0
well,33-053-06710-0000,2027-08-01,1747.4344395465641,54.993840689842735,exponential,0.6563483083558965,14961.17931057672,0.01917241180937262,0.0
well,33-053-06710-0000,2027-09-01,1714.2510263540073,54.99378570221564,exponential,0.6563483083558965,14961.17931057672,0.01917241180937262,0.0
well,33-053-06710-0000,2027-10-01,1681.6977592122478,54.99373071469852,exponential,0.6563483083558965,14961.17931057672,0.01917241180937262,0.0
well,33-053-06710-0000,2027-11-01,1649.762671780059,54.99367572729135,exponential,0.6563483083558965,14961.17931057672,0.01917241180937262,0.0
well,33-053-06710-0000,2027-12-01,1618.4340249545212,54.99362073999416,exponential,0.6563483083558965,14961.17931057672,0.01917241180937262,0.0
well,33-053-05569-0000,2026-01-01,2573.778595453906,1450.255386738705,harmonic,0.3744616377733575,15899.639398587753,0.04622810222998128,1.0
well,33-053-05569-0000,2026-02-01,2554.661437543226,1450.2539366471788,harmonic,0.3744616377733575,15899.639398587753,0.04622810222998128,1.0
well,33-053-05569-0000,2026-03-01,2535.8261773726367,1450.252486558552,harmonic,0.3744616377733575,15899.639398587753,0.04622810222998128,1.0
well,33-053-05569-0000,2026-04-01,2517.266625366747,1450.2510364728253,harmonic,0.3744616377733575,15899.639398587753,0.04622810222998128,1.0
well,33-053-05569-0000,2026-05-01,2498.976771838028,1450.2495863899983,harmonic,0.3744616377733575,15899.639398587753,0.04622810222998128,1.0
well,33-053-05569-0000,2026-06-01,2480.9507804988402,1450.2481363100715,harmonic,0.3744616377733575,15899.639398587753,0.04622810222998128,1.0
well,33-053-05569-0000,2026-07-01,2463.1829822522586,1450.2466862330439,harmonic,0.3744616377733575,15899.639398587753,0.04622810222998128,1.0
well,33-053-05569-0000,2026-08-01,2445.667869247798,1450.2452361589167,harmonic,0.3744616377733575,15899.639398587753,0.04622810222998128,1.0
well,33-053-05569-0000,2026-09-01,2428.4000891889673,1450.243786087689,harmonic,0.3744616377733575,15899.639398587753,0.04622810222998128,1.0
well,33-053-05569-0000,2026-10-01,2411.374439880279,1450.2423360193611,harmonic,0.3744616377733575,15899.639398587753,0.04622810222998128,1.0
well,33-053-05569-0000,2026-11-01,2394.5858640020524,1450.2408859539328,harmonic,0.3744616377733575,15899.639398587753,0.04622810222998128,1.0
well,33-053-05569-0000,2026-12-01,2378.0294441019787,1450.2394358914048,harmonic,0.3744616377733575,15899.639398587753,0.04622810222998128,1.0
well,33-053-05569-0000,2027-01-01,2361.700397793035,1450.237985831776,harmonic,0.3744616377733575,15899.639398587753,0.04622810222998128,1.0
well,33-053-05569-0000,2027-02-01,2345.5940731478913,1450.236535775047,harmonic,0.3744616377733575,15899.639398587753,0.04622810222998128,1.0
well,33-053-05569-0000,2027-03-01,2329.7059442805007,1450.2350857212182,harmonic,0.3744616377733575,15899.639398587753,0.04622810222998128,1.0
well,33-053-05569-0000,2027-04-01,2314.0316071060493,1450.2336356702888,harmonic,0.3744616377733575,15899.639398587753,0.04622810222998128,1.0
well,33-053-05569-0000,2027-05-01,2298.566775270925,1450.2321856222593,harmonic,0.3744616377733575,15899.639398587753,0.04622810222998128,1.0
well,33-053-05569-0000,2027-06-01,2283.3072762448064,1450.2307355771293,harmonic,0.3744616377733575,15899.639398587753,0.04622810222998128,1.0
well,33-053-05569-0000,2027-07-01,2268.2490475673867,1450.2292855348994,harmonic,0.3744616377733575,15899.639398587753,0.04622810222998128,1.0
well,33-053-05569-0000,2027-08-01,2253.3881332426367,1450.2278354955688,harmonic,0.3744616377733575,15899.639398587753,0.04622810222998128,1.0
well,33-053-05569-0000,2027-09-01,2238.720680273892,1450.2263854591383,harmonic,0.3744616377733575,15899.639398587753,0.04622810222998128,1.0
well,33-053-05569-0000,2027-10-01,2224.2429353333787,1450.224935425607,harmonic,0.3744616377733575,15899.639398587753,0.04622810222998128,1.0
well,33-053-05569-0000,2027-11-01,2209.951241560146,1450.2234853949758,harmonic,0.3744616377733575,15899.639398587753,0.04622810222998128,1.0
well,33-053-05569-0000,2027-12-01,2195.84203548065,1450.222035367244,harmonic,0.3744616377733575,15899.639398587753,0.04622810222998128,1.0
well,33-053-05501-0000,2026-01-01,1378.0998805253455,534.7077912604806,hyperbolic,0.8144158236477207,21740.368763280418,0.06497654359556253,0.7015988411295617
well,33-053-05501-0000,2026-02-01,1365.2742875382826,532.2636116998746,hyperbolic,0.8144158236477207,21740.368763280418,0.06497654359556253,0.7015988411295617
well,33-053-05501-0000,2026-03-01,1352.6504866701885,529.8416754299907,hyperbolic,0.8144158236477207,21740.368763280418,0.06497654359556253,0.7015988411295617
well,33-053-05501-0000,2026-04-01,1340.2240228528274,527.4416801881283,hyperbolic,0.8144158236477207,21740.368763280418,0.06497654359556253,0.7015988411295617
well,33-053-05501-0000,2026-05-01,1327.9905672755024,525.0633291634642,hyperbolic,0.8144158236477207,21740.368763280418,0.06497654359556253,0.7015988411295617
well,33-053-05501-0000,2026-06-01,1315.9459130262437,522.7063308746851,hyperbolic,0.8144158236477207,21740.368763280418,0.06497654359556253,0.7015988411295617
well,33-053-05501-0000,2026-07-01,1304.0859709100885,520.3703990509022,hyperbolic,0.8144158236477207,21740.368763280418,0.06497654359556253,0.7015988411295617
well,33-053-05501-0000,2026-08-01,1292.4067654361868,518.0552525157448,hyperbolic,0.8144158236477207,21740.368763280418,0.06497654359556253,0.7015988411295617
well,33-053-05501-0000,2026-09-01,1280.9044309659066,515.760615074533,hyperbolic,0.8144158236477207,21740.368763280418,0.06497654359556253,0.7015988411295617
well,33-053-05501-0000,2026-10-01,1269.5752080145219,513.4862154044373,hyperbolic,0.8144158236477207,21740.368763280418,0.06497654359556253,0.7015988411295617
well,33-053-05501-0000,2026-11-01,1258.4154396994456,511.2317869475304,hyperbolic,0.8144158236477207,21740.368763280418,0.06497654359556253,0.7015988411295617
well,33-053-05501-0000,2026-12-01,1247.421568328345,508.9970678066441,hyperbolic,0.8144158236477207,21740.368763280418,0.06497654359556253,0.7015988411295617
well,33-053-05501-0000,2027-01-01,1236.590132120806,506.78180064394707,hyperbolic,0.8144158236477207,21740.368763280418,0.06497654359556253,0.7015988411295617
well,33-053-05501-0000,2027-02-01,1225.9177620575435,504.58573258215756,hyperbolic,0.8144158236477207,21740.368763280418,0.06497654359556253,0.7015988411295617
well,33-053-05501-0000,2027-03-01,1215.4011788514615,502.408615108315,hyperbolic,0.8144158236477207,21740.368763280418,0.06497654359556253,0.7015988411295617
well,33-053-05501-0000,2027-04-01,1205.037190035143,500.2502039800321,hyperbolic,0.8144158236477207,21740.368763280418,0.06497654359556253,0.7015988411295617
well,33-053-05501-0000,2027-05-01,1194.8226871596353,498.1102591341513,hyperbolic,0.8144158236477207,21740.368763280418,0.06497654359556253,0.7015988411295617
well,33-053-05501-0000,2027-06-01,1184.7546430996379,495.9885445977387,hyperbolic,0.8144158236477207,21740.368763280418,0.06497654359556253,0.7015988411295617
well,33-053-05501-0000,2027-07-01,1174.8301094604587,493.88482840134026,hyperbolic,0.8144158236477207,21740.368763280418,0.06497654359556253,0.7015988411295617
well,33-053-05501-0000,2027-08-01,1165.0462140823147,491.7988824944376,hyperbolic,0.8144158236477207,21740.368763280418,0.06497654359556253,0.7015988411295617
well,33-053-05501-0000,2027-09-01,1155.400158637783,489.7304826630375,hyperbolic,0.8144158236477207,21740.368763280418,0.06497654359556253,0.7015988411295617
well,33-053-05501-0000,2027-10-01,1145.8892163184064,487.6794084493313,hyperbolic,0.8144158236477207,21740.368763280418,0.06497654359556253,0.7015988411295617
well,33-053-05501-0000,2027-11-01,1136.5107296066528,485.6454430733652,hyperbolic,0.8144158236477207,21740.368763280418,0.06497654359556253,0.7015988411295617
well,33-053-05501-0000,2027-12-01,1127.2621081296081,483.6283733566635,hyperbolic,0.8144158236477207,21740.368763280418,0.06497654359556253,0.7015988411295617
well,33-053-07617-0000,2026-01-01,1037.3082498500576,991.2796434097224,hyperbolic,0.8146879092502869,34007.814024392654,0.09468734393302779,0.5268204829255665
well,33-053-07617-0000,2026-02-01,1021.8648434516466,990.8847675062019,hyperbolic,0.8146879092502869,34007.814024392654,0.09468734393302779,0.5268204829255665
well,33-053-07617-0000,2026-03-01,1006.76975140683,990.490206074771,hyperbolic,0.8146879092502869,34007.814024392654,0.09468734393302779,0.5268204829255665
well,33-053-07617-0000,2026-04-01,992.0124887367623,990.0959587399192,hyperbolic,0.8146879092502869,34007.814024392654,0.09468734393302779,0.5268204829255665
well,33-053-07617-0000,2026-05-01,977.5829640071629,989.7020251267342,hyperbolic,0.8146879092502869,34007.814024392654,0.09468734393302779,0.5268204829255665
well,33-053-07617-0000,2026-06-01,963.4714616766202,989.3084048608994,hyperbolic,0.8146879092502869,34007.814024392654,0.09468734393302779,0.5268204829255665
well,33-053-07617-0000,2026-07-01,949.6686253638711,988.9150975686937,hyperbolic,0.8146879092502869,34007.814024392654,0.09468734393302779,0.5268204829255665
well,33-053-07617-0000,2026-08-01,936.1654419796863,988.52210287699,hyperbolic,0.8146879092502869,34007.814024392654,0.09468734393302779,0.5268204829255665
well,33-053-07617-0000,2026-09-01,922.9532266725895,988.1294204132545,hyperbolic,0.8146879092502869,34007.814024392654,0.09468734393302779,0.5268204829255665
well,33-053-07617-0000,2026-10-01,910.0236085409751,987.7370498055446,hyperbolic,0.8146879092502869,34007.814024392654,0.09468734393302779,0.5268204829255665
well,33-053-07617-0000,2026-11-01,897.3685170672786,987.3449906825086,hyperbolic,0.8146879092502869,34007.814024392654,0.09468734393302779,0.5268204829255665
well,33-053-07617-0000,2026-12-01,884.9801692327202,986.9532426733838,hyperbolic,0.8146879092502869,34007.814024392654,0.09468734393302779,0.5268204829255665
well,33-053-07617-0000,2027-01-01,872.8510572738209,986.5618054079957,hyperbolic,0.8146879092502869,34007.814024392654,0.09468734393302779,0.5268204829255665
well,33-053-07617-0000,2027-02-01,860.9739370443433,986.1706785167576,hyperbolic,0.8146879092502869,34007.814024392654,0.09468734393302779,0.5268204829255665
well,33-053-07617-0000,2027-03-01,849.3418169486338,985.7798616306677,hyperbolic,0.8146879092502869,34007.814024392654,0.09468734393302779,0.5268204829255665
well,33-053-07617-0000,2027-04-01,837.9479474144653,985.3893543813093,hyperbolic,0.8146879092502869,34007.814024392654,0.09468734393302779,0.5268204829255665
well,33-053-07617-0000,2027-05-01,826.7858108754822,984.9991564008492,hyperbolic,0.8146879092502869,34007.814024392654,0.09468734393302779,0.5268204829255665
well,33-053-07617-0000,2027-06-01,815.8491122351987,984.6092673220368,hyperbolic,0.8146879092502869,34007.814024392654,0.09468734393302779,0.5268204829255665
well,33-053-07617-0000,2027-07-01,805.1317697862273,984.2196867782025,hyperbolic,0.8146879092502869,34007.814024392654,0.09468734393302779,0.5268204829255665
well,33-053-07617-0000,2027-08-01,794.6279065600295,983.8304144032569,hyperbolic,0.8146879092502869,34007.814024392654,0.09468734393302779,0.5268204829255665
well,33-053-07617-0000,2027-09-01,784.331842083976,983.4414498316892,hyperbolic,0.8146879092502869,34007.814024392654,0.09468734393302779,0.5268204829255665
well,33-053-07617-0000,2027-10-01,774.2380845239077,983.0527926985673,hyperbolic,0.8146879092502869,34007.814024392654,0.09468734393302779,0.5268204829255665
well,33-053-07617-0000,2027-11-01,764.3413231916936,982.6644426395346,hyperbolic,0.8146879092502869,34007.814024392654,0.09468734393302779,0.5268204829255665
well,33-053-07617-0000,2027-12-01,754.636421398501,982.276399290811,hyperbolic,0.8146879092502869,34007.814024392654,0.09468734393302779,0.5268204829255665
well,33-053-06238-0000,2026-01-01,465.5436615637237,89.98884138366842,hyperbolic,0.7730004822759173,31196.923741343824,0.0705645357087143,0.3144063549593361
well,33-053-06238-0000,2026-02-01,456.8930745516456,89.98875140607423,hyperbolic,0.7730004822759173,31196.923741343824,0.0705645357087143,0.3144063549593361
well,33-053-06238-0000,2026-03-01,448.4525400493078,89.98866142865997,hyperbolic,0.7730004822759173,31196.923741343824,0.0705645357087143,0.3144063549593361
well,33-053-06238-0000,2026-04-01,440.2157740903247,89.98857145142566,hyperbolic,0.7730004822759173,31196.923741343824,0.0705645357087143,0.3144063549593361
well,33-053-06238-0000,2026-05-01,432.1767156992195,89.98848147437127,hyperbolic,0.7730004822759173,31196.923741343824,0.0705645357087143,0.3144063549593361
well,33-053-06238-0000,2026-06-01,424.3295177506763,89.9883914974968,hyperbolic,0.7730004822759173,31196.923741343824,0.0705645357087143,0.3144063549593361
well,33-053-06238-0000,2026-07-01,416.66853825324375,89.98830152080228,hyperbolic,0.7730004822759173,31196.923741343824,0.0705645357087143,0.3144063549593361
well,33-053-06238-0000,2026-08-01,409.18833203549434,89.98821154428768,hyperbolic,0.7730004822759173,31196.923741343824,0.0705645357087143,0.3144063549593361
well,33-053-06238-0000,2026-09-01,401.8836428139012,89.98812156795302,hyperbolic,0.7730004822759173,31196.923741343824,0.0705645357087143,0.3144063549593361
well,33-053-06238-0000,2026-10-01,394.74939562287733,89.98803159179828,hyperbolic,0.7730004822759173,31196.923741343824,0.0705645357087143,0.3144063549593361
well,33-053-06238-0000,2026-11-01,387.7806895885193,89.98794161582346,hyperbolic,0.7730004822759173,31196.923741343824,0.0705645357087143,0.3144063549593361
well,33-053-06238-0000,2026-12-01,380.97279102864354,89.98785164002858,hyperbolic,0.7730004822759173,31196.923741343824,0.0705645357087143,0.3144063549593361
well,33-053-06238-0000,2027-01-01,374.32112686266726,89.98776166441364,hyperbolic,0.7730004822759173,31196.923741343824,0.0705645357087143,0.3144063549593361
well,33-053-06238-0000,2027-02-01,367.82127831580885,89.9876716889786,hyperbolic,0.7730004822759173,31196.923741343824,0.0705645357087143,0.3144063549593361
well,33-053-06238-0000,2027-03-01,361.4689749029337,89.9875817137235,hyperbolic,0.7730004822759173,31196.923741343824,0.0705645357087143,0.3144063549593361
well,33-053-06238-0000,2027-04-01,355.260088678184,89.98749173864833,hyperbolic,0.7730004822759173,31196.923741343824,0.0705645357087143,0.3144063549593361
well,33-053-06238-0000,2027-05-01,349.19062873728075,89.98740176375306,hyperbolic,0.7730004822759173,31196.923741343824,0.0705645357087143,0.3144063549593361
well,33-053-06238-0000,2027-06-01,343.2567359601146,89.98731178903773,hyperbolic,0.7730004822759173,31196.923741343824,0.0705645357087143,0.3144063549593361
well,33-053-06238-0000,2027-07-01,337.4546779818901,89.98722181450232,hyperbolic,0.7730004822759173,31196.923741343824,0.0705645357087143,0.3144063549593361
well,33-053-06238-0000,2027-08-01,331.7808443817418,89.98713184014684,hyperbolic,0.7730004822759173,31196.923741343824,0.0705645357087143,0.3144063549593361
well,33-053-06238-0000,2027-09-01,326.23174207831977,89.98704186597129,hyperbolic,0.7730004822759173,31196.923741343824,0.0705645357087143,0.3144063549593361
well,33-053-06238-0000,2027-10-01,320.8039909224021,89.98695189197565,hyperbolic,0.7730004822759173,31196.923741343824,0.0705645357087143,0.3144063549593361
well,33-053-06238-0000,2027-11-01,315.4943194771306,89.98686191815993,hyperbolic,0.7730004822759173,31196.923741343824,0.0705645357087143,0.3144063549593361
well,33-053-06238-0000,2027-12-01,310.2995609769432,89.98677194452415,hyperbolic,0.7730004822759173,31196.923741343824,0.0705645357087143,0.3144063549593361
well,33-053-06120-0000,2026-01-01,1322.5806495511852,1.6664550602073533,harmonic,0.05715998933325883,19107.29455677826,0.10588172254543571,1.0
well,33-053-06120-0000,2026-02-01,1312.9579971856087,1.6664533939655723,harmonic,0.05715998933325883,19107.29455677826,0.10588172254543571,1.0
well,33-053-06120-0000,2026-03-01,1303.4743557929303,1.666451727727123,harmonic,0.05715998933325883,19107.29455677826,0.10588172254543571,1.0
well,33-053-06120-0000,2026-04-01,1294.1267347000385,1.666450061492006,harmonic,0.05715998933325883,19107.29455677826,0.10588172254543571,1.0
well,33-053-06120-0000,2026-05-01,1284.9122284111866,1.6664483952602205,harmonic,0.05715998933325883,19107.29455677826,0.10588172254543571,1.0
well,33-053-06120-0000,2026-06-01,1275.828013597011,1.6664467290317675,harmonic,0.05715998933325883,19107.29455677826,0.10588172254543571,1.0
well,33-053-06120-0000,2026-07-01,1266.8713462103758,1.6664450628066465,harmonic,0.05715998933325883,19107.29455677826,0.10588172254543571,1.0
well,33-053-06120-0000,2026-08-01,1258.0395587228588,1.6664433965848573,harmonic,0.05715998933325883,19107.29455677826,0.10588172254543571,1.0
well,33-053-06120-0000,2026-09-01,1249.3300574760265,1.6664417303664003,harmonic,0.05715998933325883,19107.29455677826,0.10588172254543571,1.0
well,33-053-06120-0000,2026-10-01,1240.7403201419777,1.6664400641512753,harmonic,0.05715998933325883,19107.29455677826,0.10588172254543571,1.0
well,33-053-06120-0000,2026-11-01,1232.267893287933,1.666438397939482,harmonic,0.05715998933325883,19107.29455677826,0.10588172254543571,1.0
well,33-053-06120-0000,2026-12-01,1223.910390039927,1.666436731731021,harmonic,0.05715998933325883,19107.29455677826,0.10588172254543571,1.0
well,33-053-06120-0000,2027-01-01,1215.6654878409333,1.6664350655258917,harmonic,0.05715998933325883,19107.29455677826,0.10588172254543571,1.0
well,33-053-06120-0000,2027-02-01,1207.5309262989963,1.6664333993240943,harmonic,0.05715998933325883,19107.29455677826,0.10588172254543571,1.0
well,33-053-06120-0000,2027-03-01,1199.5045051211866,1.666431733125629,harmonic,0.05715998933325883,19107.29455677826,0.10588172254543571,1.0
well,33-053-06120-0000,2027-04-01,1191.5840821294064,1.6664300669304954,harmonic,0.05715998933325883,19107.29455677826,0.10588172254543571,1.0
well,33-053-06120-0000,2027-05-01,1183.7675713542915,1.666428400738694,harmonic,0.05715998933325883,19107.29455677826,0.10588172254543571,1.0
well,33-053-06120-0000,2027-06-01,1176.052941203647,1.6664267345502246,harmonic,0.05715998933325883,19107.29455677826,0.10588172254543571,1.0
well,33-053-06120-0000,2027-07-01,1168.438212702034,1.6664250683650867,harmonic,0.05715998933325883,19107.29455677826,0.10588172254543571,1.0
well,33-053-06120-0000,2027-08-01,1160.9214577983107,1.6664234021832809,harmonic,0.05715998933325883,19107.29455677826,0.10588172254543571,1.0
well,33-053-06120-0000,2027-09-01,1153.5007977380792,1.6664217360048073,harmonic,0.05715998933325883,19107.29455677826,0.10588172254543571,1.0
well,33-053-06120-0000,2027-10-01,1146.174401498158,1.666420069829665,harmonic,0.05715998933325883,19107.29455677826,0.10588172254543571,1.0
well,33-053-06120-0000,2027-11-01,1138.940484280339,1.6664184036578549,harmonic,0.05715998933325883,19107.29455677826,0.10588172254543571,1.0
well,33-053-06120-0000,2027-12-01,1131.7973060618235,1.6664167374893761,harmonic,0.05715998933325883,19107.29455677826,0.10588172254543571,1.0
well,33-053-07714-0000,2026-01-01,2379.1671562583233,19.998040192061175,exponential,0.2007691095197529,8209.99999995455,0.012638800320020105,0.0
well,33-053-07714-0000,2026-02-01,2349.2865628269674,19.998020196000592,exponential,0.2007691095197529,8209.99999995455,0.012638800320020105,0.0
well,33-053-07714-0000,2026-03-01,2319.781247719987,19.998000199979998,exponential,0.2007691095197529,8209.99999995455,0.012638800320020105,0.0
well,33-053-07714-0000,2026-04-01,2290.6464977170417,19.99798020399939,exponential,0.2007691095197529,8209.99999995455,0.012638800320020105,0.0
well,33-053-07714-0000,2026-05-01,2261.877658792379,19.997960208058775,exponential,0.2007691095197529,8209.99999995455,0.012638800320020105,0.0
well,33-053-07714-0000,2026-06-01,2233.470135371396,19.997940212158145,exponential,0.2007691095197529,8209.99999995455,0.012638800320020105,0.0
well,33-053-07714-0000,2026-07-01,2205.419389596532,19.997920216297498,exponential,0.2007691095197529,8209.99999995455,0.012638800320020105,0.0
well,33-053-07714-0000,2026-08-01,2177.720940602388,19.997900220476847,exponential,0.2007691095197529,8209.99999995455,0.012638800320020105,0.0
well,33-053-07714-0000,2026-09-01,2150.370363799946,19.99788022469618,exponential,0.2007691095197529,8209.99999995455,0.012638800320020105,0.0
well,33-053-07714-0000,2026-10-01,2123.3632901697797,19.997860228955496,exponential,0.2007691095197529,8209.99999995455,0.012638800320020105,0.0
well,33-053-07714-0000,2026-11-01,2096.6954055641377,19.997840233254806,exponential,0.2007691095197529,8209.99999995455,0.012638800320020105,0.0
well,33-053-07714-0000,2026-12-01,2070.362450017801,19.9978202375941,exponential,0.2007691095197529,8209.99999995455,0.012638800320020105,0.0
well,33-053-07714-0000,2027-01-01,2044.360217067587,19.99780024197338,exponential,0.2007691095197529,8209.99999995455,0.012638800320020105,0.0
well,33-053-07714-0000,2027-02-01,2018.6845530804017,19.997780246392647,exponential,0.2007691095197529,8209.99999995455,0.012638800320020105,0.0
well,33-053-07714-0000,2027-03-01,1993.3313565897363,19.9977602508519,exponential,0.2007691095197529,8209.99999995455,0.012638800320020105,0.0
well,33-053-07714-0000,2027-04-01,1968.2965776404915,19.99774025535114,exponential,0.2007691095197529,8209.99999995455,0.012638800320020105,0.0
well,33-053-07714-0000,2027-05-01,1943.57621714203,19.99772025989037,exponential,0.2007691095197529,8209.99999995455,0.012638800320020105,0.0
well,33-053-07714-0000,2027-06-01,1919.1663262293594,19.997700264469582,exponential,0.2007691095197529,8209.99999995455,0.012638800320020105,0.0
well,33-053-07714-0000,2027-07-01,1895.0630056323337,19.997680269088782,exponential,0.2007691095197529,8209.99999995455,0.012638800320020105,0.0
well,33-053-07714-0000,2027-08-01,1871.2624050527772,19.997660273747968,exponential,0.2007691095197529,8209.99999995455,0.012638800320020105,0.0
well,33-053-07714-0000,2027-09-01,1847.7607225494346,19.99764027844714,exponential,0.2007691095197529,8209.99999995455,0.012638800320020105,0.0
well,33-053-07714-0000,2027-10-01,1824.5542039306424,19.997620283186297,exponential,0.2007691095197529,8209.99999995455,0.012638800320020105,0.0
well,33-053-07714-0000,2027-11-01,1801.6391421546282,19.997600287965437,exponential,0.2007691095197529,8209.99999995455,0.012638800320020105,0.0
well,33-053-07714-0000,2027-12-01,1779.0118767373453,19.99758029278457,exponential,0.2007691095197529,8209.99999995455,0.012638800320020105,0.0
well,33-053-04871-0000,2026-01-01,969.4601654786667,654.8874543596596,exponential,0.7186224572039599,19491.557861365425,0.029135896451277662,0.0
well,33-053-04871-0000,2026-02-01,941.6215946620799,650.7229757131158,exponential,0.7186224572039599,19491.557861365425,0.029135896451277662,0.0
well,33-053-04871-0000,2026-03-01,914.5824234007374,646.6111268565141,exponential,0.7186224572039599,19491.557861365425,0.029135896451277662,0.0
well,33-053-04871-0000,2026-04-01,888.3196965058414,642.5509163685061,exponential,0.7186224572039599,19491.557861365425,0.029135896451277662,0.0
well,33-053-04871-0000,2026-05-01,862.8111179592061,638.5413775737501,exponential,0.7186224572039599,19491.557861365425,0.029135896451277662,0.0
well,33-053-04871-0000,2026-06-01,838.0350319848163,634.5815677756202,exponential,0.7186224572039599,19491.557861365425,0.029135896451277662,0.0
well,33-053-04871-0000,2026-07-01,813.9704046639293,630.6705675172873,exponential,0.7186224572039599,19491.557861365425,0.029135896451277662,0.0
well,33-053-04871-0000,2026-08-01,790.5968060781079,626.8074798699588,exponential,0.7186224572039599,19491.557861365425,0.029135896451277662,0.0
well,33-053-04871-0000,2026-09-01,767.8943929650267,622.9914297471162,exponential,0.7186224572039599,19491.557861365425,0.029135896451277662,0.0
well,33-053-04871-0000,2026-10-01,745.8438918723268,619.2215632436516,exponential,0.7186224572039599,19491.557861365425,0.029135896451277662,0.0
well,33-053-04871-0000,2026-11-01,724.426582795213,615.4970469988548,exponential,0.7186224572039599,19491.557861365425,0.029135896451277662,0.0
well,33-053-04871-0000,2026-12-01,703.6242832839123,611.8170675822507,exponential,0.7186224572039599,19491.557861365425,0.029135896451277662,0.0
well,33-053-04871-0000,2027-01-01,683.4193330074894,608.1808309013389,exponential,0.7186224572039599,19491.557861365425,0.029135896451277662,0.0
well,33-053-04871-0000,2027-02-01,663.7945787609242,604.5875616303282,exponential,0.7186224572039599,19491.557861365425,0.029135896451277662,0.0
well,33-053-04871-0000,2027-03-01,644.7333599027174,601.0365026590028,exponential,0.7186224572039599,19491.557861365425,0.029135896451277662,0.0
well,33-053-04871-0000,2027-04-01,626.2194942106643,597.5269145608983,exponential,0.7186224572039599,19491.557861365425,0.029135896451277662,0.0
well,33-053-04871-0000,2027-05-01,608.2372641437867,594.0580750800015,exponential,0.7186224572039599,19491.557861365425,0.029135896451277662,0.0
well,33-053-04871-0000,2027-06-01,590.7714034987614,590.6292786352269,exponential,0.7186224572039599,19491.557861365425,0.029135896451277662,0.0
well,33-053-04871-0000,2027-07-01,573.8070844495157,587.239835841955,exponential,0.7186224572039599,19491.557861365425,0.029135896451277662,0.0
well,33-053-04871-0000,2027-08-01,557.3299049589898,583.8890730499506,exponential,0.7186224572039599,19491.557861365425,0.029135896451277662,0.0
well,33-053-04871-0000,2027-09-01,541.325876552375,580.5763318970114,exponential,0.7186224572039599,19491.557861365425,0.029135896451277662,0.0
well,33-053-04871-0000,2027-10-01,525.7814124414504,577.3009688777255,exponential,0.7186224572039599,19491.557861365425,0.029135896451277662,0.0
well,33-053-04871-0000,2027-11-01,510.68331598993774,574.0623549267442,exponential,0.7186224572039599,19491.557861365425,0.029135896451277662,0.0
well,33-053-04871-0000,2027-12-01,496.0187695100772,570.8598750160031,exponential,0.7186224572039599,19491.557861365425,0.029135896451277662,0.0
well,33-053-06293-0000,2026-01-01,1900.6814139886958,201.32452706641305,hyperbolic,0.837934419183906,24180.775054504607,0.07450688399600296,0.757873919482785
well,33-053-06293-0000,2026-02-01,1880.2702694542188,199.4952122539306,hyperbolic,0.837934419183906,24180.775054504607,0.07450688399600296,0.757873919482785
well,33-053-06293-0000,2026-03-01,1860.2413261417003,197.69884186083218,hyperbolic,0.837934419183906,24180.775054504607,0.07450688399600296,0.757873919482785
well,33-053-06293-0000,2026-04-01,1840.584423823145,195.93453387736622,hyperbolic,0.837934419183906,24180.775054504607,0.07450688399600296,0.757873919482785
well,33-053-06293-0000,2026-05-01,1821.2897509379886,194.20143750028424,hyperbolic,0.837934419183906,24180.775054504607,0.07450688399600296,0.757873919482785
well,33-053-06293-0000,2026-06-01,1802.347829974033,192.4987317647897,hyperbolic,0.837934419183906,24180.775054504607,0.07450688399600296,0.757873919482785
well,33-053-06293-0000,2026-07-01,1783.7495035708657,190.82562424783004,hyperbolic,0.837934419183906,24180.775054504607,0.07450688399600296,0.757873919482785
well,33-053-06293-0000,2026-08-01,1765.4859213047348,189.18134983842768,hyperbolic,0.837934419183906,24180.775054504607,0.07450688399600296,0.757873919482785
well,33-053-06293-0000,2026-09-01,1747.5485271164644,187.5651695710421,hyperbolic,0.837934419183906,24180.775054504607,0.07450688399600296,0.757873919482785
well,33-053-06293-0000,2026-10-01,1729.9290473464532,185.9763695182247,hyperbolic,0.837934419183906,24180.775054504607,0.07450688399600296,0.757873919482785
well,33-053-06293-0000,2026-11-01,1712.6194793430548,184.41425973908065,hyperbolic,0.837934419183906,24180.775054504607,0.07450688399600296,0.757873919482785
well,33-053-06293-0000,2026-12-01,1695.612080612758,182.87817328028387,hyperbolic,0.837934419183906,24180.775054504607,0.07450688399600296,0.757873919482785
well,33-053-06293-0000,2027-01-01,1678.8993584825405,181.36746522660593,hyperbolic,0.837934419183906,24180.775054504607,0.07450688399600296,0.757873919482785
well,33-053-06293-0000,2027-02-01,1662.4740602466031,179.88151179811945,hyperbolic,0.837934419183906,24180.775054504607,0.07450688399600296,0.757873919482785
well,33-053-06293-0000,2027-03-01,1646.329163771387,178.4197094914208,hyperbolic,0.837934419183906,24180.775054504607,0.07450688399600296,0.757873919482785
well,33-053-06293-0000,2027-04-01,1630.4578685343697,176.98147426238828,hyperbolic,0.837934419183906,24180.775054504607,0.07450688399600296,0.757873919482785
well,33-053-06293-0000,2027-05-01,1614.8535870736107,175.56624074815068,hyperbolic,0.837934419183906,24180.775054504607,0.07450688399600296,0.757873919482785
well,33-053-06293-0000,2027-06-01,1599.509936826392,174.17346152608903,hyperbolic,0.837934419183906,24180.775054504607,0.07450688399600296,0.757873919482785
well,33-053-06293-0000,2027-07-01,1584.4207323366,172.80260640783095,hyperbolic,0.837934419183906,24180.775054504607,0.07450688399600296,0.757873919482785
well,33-053-06293-0000,2027-08-01,1569.5799778116832,171.4531617663252,hyperbolic,0.837934419183906,24180.775054504607,0.07450688399600296,0.757873919482785
well,33-053-06293-0000,2027-09-01,1554.9818600111541,170.12462989420132,hyperbolic,0.837934419183906,24180.775054504607,0.07450688399600296,0.757873919482785
well,33-053-06293-0000,2027-10-01,1540.6207414496453,168.81652839173157,hyperbolic,0.837934419183906,24180.775054504607,0.07450688399600296,0.757873919482785
well,33-053-06293-0000,2027-11-01,1526.4911538985248,167.52838958281305,hyperbolic,0.837934419183906,24180.775054504607,0.07450688399600296,0.757873919482785
well,33-053-06293-0000,2027-12-01,1512.5877921709748,166.25975995748544,hyperbolic,0.837934419183906,24180.775054504607,0.07450688399600296,0.757873919482785
well,33-053-05520-0000,2026-01-01,4570.190297860889,94.98793653206042,exponential,0.0038640498883609764,5459.361143750562,0.00139981835876353,0.0
well,33-053-05520-0000,2026-02-01,4563.797337114723,94.98784155628078,exponential,0.0038640498883609764,5459.361143750562,0.00139981835876353,0.0
well,33-053-05520-0000,2026-03-01,4557.413319091821,94.98774658069107,exponential,0.0038640498883609764,5459.361143750562,0.00139981835876353,0.0
well,33-053-05520-0000,2026-04-01,4551.038231282753,94.9876516052913,exponential,0.0038640498883609764,5459.361143750562,0.00139981835876353,0.0
well,33-053-05520-0000,2026-05-01,4544.672061195589,94.98755663008143,exponential,0.0038640498883609764,5459.361143750562,0.00139981835876353,0.0
well,33-053-05520-0000,2026-06-01,4538.314796355869,94.98746165506151,exponential,0.0038640498883609764,5459.361143750562,0.00139981835876353,0.0
well,33-053-05520-0000,2026-07-01,4531.9664243065845,94.98736668023152,exponential,0.0038640498883609764,5459.361143750562,0.00139981835876353,0.0
well,33-053-05520-0000,2026-08-01,4525.626932608155,94.98727170559143,exponential,0.0038640498883609764,5459.361143750562,0.00139981835876353,0.0
well,33-053-05520-0000,2026-09-01,4519.296308838396,94.98717673114128,exponential,0.0038640498883609764,5459.361143750562,0.00139981835876353,0.0
well,33-053-05520-0000,2026-10-01,4512.974540592504,94.98708175688105,exponential,0.0038640498883609764,5459.361143750562,0.00139981835876353,0.0
well,33-053-05520-0000,2026-11-01,4506.661615483027,94.98698678281073,exponential,0.0038640498883609764,5459.361143750562,0.00139981835876353,0.0
well,33-053-05520-0000,2026-12-01,4500.357521139839,94.98689180893035,exponential,0.0038640498883609764,5459.361143750562,0.00139981835876353,0.0
well,33-053-05520-0000,2027-01-01,4494.06224521012,94.9867968352399,exponential,0.0038640498883609764,5459.361143750562,0.00139981835876353,0.0
well,33-053-05520-0000,2027-02-01,4487.775775358327,94.98670186173933,exponential,0.0038640498883609764,5459.361143750562,0.00139981835876353,0.0
well,33-053-05520-0000,2027-03-01,4481.498099266176,94.98660688842872,exponential,0.0038640498883609764,5459.361143750562,0.00139981835876353,0.0
well,33-053-05520-0000,2027-04-01,4475.229204632612,94.986511915308,exponential,0.0038640498883609764,5459.361143750562,0.00139981835876353,0.0
well,33-053-05520-0000,2027-05-01,4468.969079173787,94.98641694237723,exponential,0.0038640498883609764,5459.361143750562,0.00139981835876353,0.0
well,33-053-05520-0000,2027-06-01,4462.7177106230365,94.98632196963636,exponential,0.0038640498883609764,5459.361143750562,0.00139981835876353,0.0
well,33-053-05520-0000,2027-07-01,4456.475086730858,94.9862269970854,exponential,0.0038640498883609764,5459.361143750562,0.00139981835876353,0.0
well,33-053-05520-0000,2027-08-01,4450.241195264877,94.98613202472438,exponential,0.0038640498883609764,5459.361143750562,0.00139981835876353,0.0
well,33-053-05520-0000,2027-09-01,4444.0160240098385,94.98603705255327,exponential,0.0038640498883609764,5459.361143750562,0.00139981835876353,0.0
well,33-053-05520-0000,2027-10-01,4437.799560767569,94.98594208057206,exponential,0.0038640498883609764,5459.361143750562,0.00139981835876353,0.0
well,33-053-05520-0000,2027-11-01,4431.591793356961,94.98584710878079,exponential,0.0038640498883609764,5459.361143750562,0.00139981835876353,0.0
well,33-053-05520-0000,2027-12-01,4425.392709613943,94.9857521371794,exponential,0.0038640498883609764,5459.361143750562,0.00139981835876353,0.0
well,33-053-05926-0000,2026-01-01,2039.736873943261,288.29614979667616,harmonic,-0.058934199973929235,288.33333999999996,1.0000000000003932e-06,1.0
well,33-053-05926-0000,2026-02-01,2039.7348344715185,288.29586153800005,harmonic,-0.058934199973929235,288.33333999999996,1.0000000000003932e-06,1.0
well,33-053-05926-0000,2026-03-01,2039.732795003854,288.2955732799003,harmonic,-0.058934199973929235,288.33333999999996,1.0000000000003932e-06,1.0
well,33-053-05926-0000,2026-04-01,2039.7307555402683,288.295285022377,harmonic,-0.058934199973929235,288.33333999999996,1.0000000000003932e-06,1.0
well,33-053-05926-0000,2026-05-01,2039.7287160807612,288.29499676543014,harmonic,-0.058934199973929235,288.33333999999996,1.0000000000003932e-06,1.0
well,33-053-05926-0000,2026-06-01,2039.7266766253317,288.2947085090597,harmonic,-0.058934199973929235,288.33333999999996,1.0000000000003932e-06,1.0
well,33-053-05926-0000,2026-07-01,2039.7246371739814,288.2944202532658,harmonic,-0.058934199973929235,288.33333999999996,1.0000000000003932e-06,1.0
well,33-053-05926-0000,2026-08-01,2039.7225977267092,288.2941319980482,harmonic,-0.058934199973929235,288.33333999999996,1.0000000000003932e-06,1.0
well,33-053-05926-0000,2026-09-01,2039.7205582835147,288.2938437434071,harmonic,-0.058934199973929235,288.33333999999996,1.0000000000003932e-06,1.0
well,33-053-05926-0000,2026-10-01,2039.7185188443993,288.29355548934245,harmonic,-0.058934199973929235,288.33333999999996,1.0000000000003932e-06,1.0
well,33-053-05926-0000,2026-11-01,2039.7164794093621,288.29326723585416,harmonic,-0.058934199973929235,288.33333999999996,1.0000000000003932e-06,1.0
well,33-053-05926-0000,2026-12-01,2039.7144399784027,288.2929789829423,harmonic,-0.058934199973929235,288.33333999999996,1.0000000000003932e-06,1.0
well,33-053-05926-0000,2027-01-01,2039.712400551522,288.292690730607,harmonic,-0.058934199973929235,288.33333999999996,1.0000000000003932e-06,1.0
well,33-053-05926-0000,2027-02-01,2039.7103611287193,288.2924024788479,harmonic,-0.058934199973929235,288.33333999999996,1.0000000000003932e-06,1.0
well,33-053-05926-0000,2027-03-01,2039.7083217099953,288.2921142276654,harmonic,-0.058934199973929235,288.33333999999996,1.0000000000003932e-06,1.0
well,33-053-05926-0000,2027-04-01,2039.7062822953494,288.2918259770592,harmonic,-0.058934199973929235,288.33333999999996,1.0000000000003932e-06,1.0
well,33-053-05926-0000,2027-05-01,2039.7042428847813,288.29153772702955,harmonic,-0.058934199973929235,288.33333999999996,1.0000000000003932e-06,1.0
well,33-053-05926-0000,2027-06-01,2039.702203478292,288.29124947757623,harmonic,-0.058934199973929235,288.33333999999996,1.0000000000003932e-06,1.0
well,33-053-05926-0000,2027-07-01,2039.7001640758808,288.2909612286993,harmonic,-0.058934199973929235,288.33333999999996,1.0000000000003932e-06,1.0
well,33-053-05926-0000,2027-08-01,2039.6981246775474,288.2906729803989,harmonic,-0.058934199973929235,288.33333999999996,1.0000000000003932e-06,1.0
well,33-053-05926-0000,2027-09-01,2039.6960852832926,288.2903847326748,harmonic,-0.058934199973929235,288.33333999999996,1.0000000000003932e-06,1.0
well,33-053-05926-0000,2027-10-01,2039.6940458931156,288.2900964855271,harmonic,-0.058934199973929235,288.33333999999996,1.0000000000003932e-06,1.0
well,33-053-05926-0000,2027-11-01,2039.6920065070171,288.28980823895586,harmonic,-0.058934199973929235,288.33333999999996,1.0000000000003932e-06,1.0
well,33-053-05926-0000,2027-12-01,2039.6899671249969,288.289519992961,harmonic,-0.058934199973929235,288.33333999999996,1.0000000000003932e-06,1.0
operator,BURLINGTON RESOURCES OIL & GAS COMPANY LP,2026-01-01,495848.5007889881,114357.0119802233,exponential,0.047696922139660036,626149.9999998575,0.0016202744506907461,0.0
operator,LIBERTY RESOURCES LLC,2027-04-01,179.7686797972211,69.98915168064879,hyperbolic,0.745563954889642,4529.86925849857,0.1280383103724245,0.9151245823897459
operator,LIBERTY RESOURCES LLC,2027-05-01,178.5750927633974,69.98908170240283,hyperbolic,0.745563954889642,4529.86925849857,0.1280383103724245,0.9151245823897459
operator,LIBERTY RESOURCES LLC,2027-06-01,177.39659124870198,69.98901172429673,hyperbolic,0.745563954889642,4529.86925849857,0.1280383103724245,0.9151245823897459
operator,LIBERTY RESOURCES LLC,2027-07-01,176.23289517514314,69.98894174633051,hyperbolic,0.745563954889642,4529.86925849857,0.1280383103724245,0.9151245823897459
operator,LIBERTY RESOURCES LLC,2027-08-01,175.08373130492876,69.98887176850415,hyperbolic,0.745563954889642,4529.86925849857,0.1280383103724245,0.9151245823897459
operator,LIBERTY RESOURCES LLC,2027-09-01,173.9488330338275,69.98880179081765,hyperbolic,0.745563954889642,4529.86925849857,0.1280383103724245,0.9151245823897459
operator,LIBERTY RESOURCES LLC,2027-10-01,172.8279401919539,69.988731813271,hyperbolic,0.745563954889642,4529.86925849857,0.1280383103724245,0.9151245823897459
operator,LIBERTY RESOURCES LLC,2027-11-01,171.7207988516698,69.98866183586424,hyperbolic,0.745563954889642,4529.86925849857,0.1280383103724245,0.9151245823897459
operator,LIBERTY RESOURCES LLC,2027-12-01,170.62716114230597,69.98859185859733,hyperbolic,0.745563954889642,4529.86925849857,0.1280383103724245,0.9151245823897459
operator,"G3 OPERATING, LLC",2026-01-01,2797.6728428978377,659.93910398239,harmonic,0.7615074319386281,100025.0980793852,0.24473918723553384,1.0
operator,"G3 OPERATING, LLC",2026-02-01,2778.652180302038,655.953097661431,harmonic,0.7615074319386281,100025.0980793852,0.24473918723553384,1.0
operator,"G3 OPERATING, LLC",2026-03-01,2759.88840444587,652.0149529023986,harmonic,0.7615074319386281,100025.0980793852,0.24473918723553384,1.0
operator,"G3 OPERATING, LLC",2026-04-01,2741.3763460960704,648.123812810639,harmonic,0.7615074319386281,100025.0980793852,0.24473918723553384,1.0
operator,"G3 OPERATING, LLC",2026-05-01,2723.1109737866286,644.2788408254894,harmonic,0.7615074319386281,100025.0980793852,0.24473918723553384,1.0
operator,"G3 OPERATING, LLC",2026-06-01,2705.0873892595478,640.4792201206811,harmonic,0.7615074319386281,100025.0980793852,0.24473918723553384,1.0
operator,"G3 OPERATING, LLC",2026-07-01,2687.300823085484,636.7241530258365,harmonic,0.7615074319386281,100025.0980793852,0.24473918723553384,1.0
operator,"G3 OPERATING, LLC",2026-08-01,2669.746630456022,633.0128604681955,harmonic,0.7615074319386281,100025.0980793852,0.24473918723553384,1.0
operator,"G3 OPERATING, LLC",2026-09-01,2652.4202871398006,629.3445814337546,harmonic,0.7615074319386281,100025.0980793852,0.24473918723553384,1.0
operator,"G3 OPERATING, LLC",2026-10-01,2635.3173855950836,625.7185724470335,harmonic,0.7615074319386281,100025.0980793852,0.24473918723553384,1.0
operator,"G3 OPERATING, LLC",2026-11-01,2618.433631231773,622.1341070687224,harmonic,0.7615074319386281,100025.0980793852,0.24473918723553384,1.0
operator,"G3 OPERATING, LLC",2026-12-01,2601.764838816185,618.5904754104987,harmonic,0.7615074319386281,100025.0980793852,0.24473918723553384,1.0
operator,"G3 OPERATING, LLC",2027-01-01,2585.306929012295,615.0869836663295,harmonic,0.7615074319386281,100025.0980793852,0.24473918723553384,1.0
operator,"G3 OPERATING, LLC",2027-02-01,2569.0559250534143,611.6229536596132,harmonic,0.7615074319386281,100025.0980793852,0.24473918723553384,1.0
operator,"G3 OPERATING, LLC",2027-03-01,2553.007949538624,608.1977224055372,harmonic,0.7615074319386281,100025.0980793852,0.24473918723553384,1.0
operator,"G3 OPERATING, LLC",2027-04-01,2537.1592213485287,604.8106416880588,harmonic,0.7615074319386281,100025.0980793852,0.24473918723553384,1.0
operator,"G3 OPERATING, LLC",2027-05-01,2521.50605267518,601.4610776509429,harmonic,0.7615074319386281,100025.0980793852,0.24473918723553384,1.0
operator,"G3 OPERATING, LLC",2027-06-01,2506.0448461612705,598.1484104023152,harmonic,0.7615074319386281,100025.0980793852,0.24473918723553384,1.0
operator,"G3 OPERATING, LLC",2027-07-01,2490.7720921439395,594.8720336322099,harmonic,0.7615074319386281,100025.0980793852,0.24473918723553384,1.0
operator,"G3 OPERATING, LLC",2027-08-01,2475.684365998747,591.6313542426204,harmonic,0.7615074319386281,100025.0980793852,0.24473918723553384,1.0
operator,"G3 OPERATING, LLC",2027-09-01,2460.778325579605,588.4257919895756,harmonic,0.7615074319386281,100025.0980793852,0.24473918723553384,1.0
operator,"G3 OPERATING, LLC",2027-10-01,2446.050708750632,585.2547791367889,harmonic,0.7615074319386281,100025.0980793852,0.24473918723553384,1.0
operator,"G3 OPERATING, LLC",2027-11-01,2431.4983310061184,582.117760120447,harmonic,0.7615074319386281,100025.0980793852,0.24473918723553384,1.0
operator,"G3 OPERATING, LLC",2027-12-01,2417.118083174943,579.0141912247211,harmonic,0.7615074319386281,100025.0980793852,0.24473918723553384,1.0
operator,TRUE OIL LLC,2026-01-01,229.39022339179937,41.80873517947588,harmonic,0.7994389583016231,5203.525955937047,0.165527986388072,1.0
operator,TRUE OIL LLC,2026-02-01,227.7284724100381,41.33535009494853,harmonic,0.7994389583016231,5203.525955937047,0.165527986388072,1.0
operator,TRUE OIL LLC,2026-03-01,226.09062441662283,40.86988364992644,harmonic,0.7994389583016231,5203.525955937047,0.165527986388072,1.0
operator,TRUE OIL LLC,2026-04-01,224.4761673556236,40.41216104882674,harmonic,0.7994389583016231,5203.525955937047,0.165527986388072,1.0
operator,TRUE OIL LLC,2026-05-01,222.88460369326873,39.962012278882824,harmonic,0.7994389583016231,5203.525955937047,0.165527986388072,1.0
operator,TRUE OIL LLC,2026-06-01,221.31544990674993,39.5192719542541,harmonic,0.7994389583016231,5203.525955937047,0.165527986388072,1.0
operator,TRUE OIL LLC,2026-07-01,219.7682359944698,39.083779166023604,harmonic,0.7994389583016231,5203.525955937047,0.165527986388072,1.0
operator,TRUE OIL LLC,2026-08-01,218.24250500668967,38.655377337830885,harmonic,0.7994389583016231,5203.525955937047,0.165527986388072,1.0
operator,TRUE OIL LLC,2026-09-01,216.73781259559397,38.2339140868999,harmonic,0.7994389583016231,5203.525955937047,0.165527986388072,1.0
operator,TRUE OIL LLC,2026-10-01,215.25372658383907,37.81924109023286,harmonic,0.7994389583016231,5203.525955937047,0.165527986388072,1.0
operator,TRUE OIL LLC,2026-11-01,213.78982655070814,37.41121395575186,harmonic,0.7994389583016231,5203.525955937047,0.165527986388072,1.0
operator,TRUE OIL LLC,2026-12-01,212.34570343503847,37.00969209818078,harmonic,0.7994389583016231,5203.525955937047,0.165527986388072,1.0
operator,TRUE OIL LLC,2027-01-01,210.9209591541339,36.614538619469045,harmonic,0.7994389583016231,5203.525955937047,0.165527986388072,1.0
operator,TRUE OIL LLC,2027-02-01,209.5152062379166,36.225620193568886,harmonic,0.7994389583016231,5203.525955937047,0.165527986388072,1.0
operator,TRUE OIL LLC,2027-03-01,208.12806747761203,35.8428069553857,harmonic,0.7994389583016231,5203.525955937047,0.165527986388072,1.0
operator,TRUE OIL LLC,2027-04-01,206.7591755882975,35.46597239373006,harmonic,0.7994389583016231,5203.525955937047,0.165527986388072,1.0
operator,TRUE OIL LLC,2027-05-01,205.40817288468082,35.0949932481076,harmonic,0.7994389583016231,5203.525955937047,0.165527986388072,1.0
operator,TRUE OIL LLC,2027-06-01,204.07471096950772,34.72974940919032,harmonic,0.7994389583016231,5203.525955937047,0.165527986388072,1.0
operator,TRUE OIL LLC,2027-07-01,202.75845043402705,34.37012382282031,harmonic,0.7994389583016231,5203.525955937047,0.165527986388072,1.0
operator,TRUE OIL LLC,2027-08-01,201.45906056997433,34.016002397403426,harmonic,0.7994389583016231,5203.525955937047,0.165527986388072,1.0
operator,TRUE OIL LLC,2027-09-01,200.17621909255882,33.66727391455695,harmonic,0.7994389583016231,5203.525955937047,0.165527986388072,1.0
operator,TRUE OIL LLC,2027-10-01,198.90961187396755,33.32382994288122,harmonic,0.7994389583016231,5203.525955937047,0.165527986388072,1.0
operator,TRUE OIL LLC,2027-11-01,197.65893268692315,32.98556475473134,harmonic,0.7994389583016231,5203.525955937047,0.165527986388072,1.0
operator,TRUE OIL LLC,2027-12-01,196.4238829578558,32.65237524587038,harmonic,0.7994389583016231,5203.525955937047,0.165527986388072,1.0
operator,"ZAVANNA, LLC",2026-01-01,425.5671361853892,148.31998120169183,hyperbolic,0.5102449759785914,17823.240131938033,0.04530108409529213,0.04628669232634327
operator,"ZAVANNA, LLC",2026-02-01,409.667973744448,148.31983289520647,hyperbolic,0.5102449759785914,17823.240131938033,0.04530108409529213,0.04628669232634327
operator,"ZAVANNA, LLC",2026-03-01,394.3892209289763,148.31968458901778,hyperbolic,0.5102449759785914,17823.240131938033,0.04530108409529213,0.04628669232634327
operator,"ZAVANNA, LLC",2026-04-01,379.70564110412045,148.31953628312564,hyperbolic,0.5102449759785914,17823.240131938033,0.04530108409529213,0.04628669232634327
operator,"ZAVANNA, LLC",2026-05-01,365.5930658388663,148.31938797753006,hyperbolic,0.5102449759785914,17823.240131938033,0.04530108409529213,0.04628669232634327
operator,"ZAVANNA, LLC",2026-06-01,352.02834793502916,148.3192396722311,hyperbolic,0.5102449759785914,17823.240131938033,0.04530108409529213,0.04628669232634327
operator,"ZAVANNA, LLC",2026-07-01,338.9893165986254,148.31909136722868,hyperbolic,0.5102449759785914,17823.240131938033,0.04530108409529213,0.04628669232634327
operator,"ZAVANNA, LLC",2026-08-01,326.4547346524121,148.3189430625229,hyperbolic,0.5102449759785914,17823.240131938033,0.04530108409529213,0.04628669232634327
operator,"ZAVANNA, LLC",2026-09-01,314.4042576933288,148.31879475811368,hyperbolic,0.5102449759785914,17823.240131938033,0.04530108409529213,0.04628669232634327
operator,"ZAVANNA, LLC",2026-10-01,302.8183951032614,148.318646454001,hyperbolic,0.5102449759785914,17823.240131938033,0.04530108409529213,0.04628669232634327
operator,"ZAVANNA, LLC",2026-11-01,291.67847282603736,148.31849815018495,hyperbolic,0.5102449759785914,17823.240131938033,0.04530108409529213,0.04628669232634327
operator,"ZAVANNA, LLC",2026-12-01,280.9665978277491,148.31834984666546,hyperbolic,0.5102449759785914,17823.240131938033,0.04530108409529213,0.04628669232634327
operator,"ZAVANNA, LLC",2027-01-01,270.66562416157365,148.3182015434425,hyperbolic,0.5102449759785914,17823.240131938033,0.04530108409529213,0.04628669232634327
operator,"ZAVANNA, LLC",2027-02-01,260.7591205620484,148.3180532405162,hyperbolic,0.5102449759785914,17823.240131938033,0.04530108409529213,0.04628669232634327
operator,"ZAVANNA, LLC",2027-03-01,251.231339497397,148.3179049378864,hyperbolic,0.5102449759785914,17823.240131938033,0.04530108409529213,0.04628669232634327
operator,"ZAVANNA, LLC",2027-04-01,242.06718761196572,148.31775663555322,hyperbolic,0.5102449759785914,17823.240131938033,0.04530108409529213,0.04628669232634327
operator,"ZAVANNA, LLC",2027-05-01,233.25219749407333,148.31760833351663,hyperbolic,0.5102449759785914,17823.240131938033,0.04530108409529213,0.04628669232634327
operator,"ZAVANNA, LLC",2027-06-01,224.77250070772368,148.31746003177656,hyperbolic,0.5102449759785914,17823.240131938033,0.04530108409529213,0.04628669232634327
operator,"ZAVANNA, LLC",2027-07-01,216.61480202956997,148.31731173033307,hyperbolic,0.5102449759785914,17823.240131938033,0.04530108409529213,0.04628669232634327
operator,"ZAVANNA, LLC",2027-08-01,208.7663548353353,148.3171634291862,hyperbolic,0.5102449759785914,17823.240131938033,0.04530108409529213,0.04628669232634327
operator,"ZAVANNA, LLC",2027-09-01,201.21493758256804,148.31701512833584,hyperbolic,0.5102449759785914,17823.240131938033,0.04530108409529213,0.04628669232634327
operator,"ZAVANNA, LLC",2027-10-01,193.94883133914362,148.3168668277821,hyperbolic,0.5102449759785914,17823.240131938033,0.04530108409529213,0.04628669232634327
operator,"ZAVANNA, LLC",2027-11-01,186.95679830935586,148.3167185275249,hyperbolic,0.5102449759785914,17823.240131938033,0.04530108409529213,0.04628669232634327
operator,"ZAVANNA, LLC",2027-12-01,180.228061311708,148.31657022756426,hyperbolic,0.5102449759785914,17823.240131938033,0.04530108409529213,0.04628669232634327
operator,"HELIS OIL & GAS COMPANY, L.L.C.",2026-01-01,1289.1860525520938,650.6718089336839,exponential,0.49887376921027027,12409.647230707733,0.015725438336000933,0.0
operator,"HELIS OIL & GAS COMPANY, L.L.C.",2026-02-01,1269.0716055329553,648.6802893320786,exponential,0.49887376921027027,12409.647230707733,0.015725438336000933,0.0
operator,"HELIS OIL & GAS COMPANY, L.L.C.",2026-03-01,1249.2709929507353,646.7009234708479,exponential,0.49887376921027027,12409.647230707733,0.015725438336000933,0.0
operator,"HELIS OIL & GAS COMPANY, L.L.C.",2026-04-01,1229.7793182227092,644.7336004316406,exponential,0.49887376921027027,12409.647230707733,0.015725438336000933,0.0
operator,"HELIS OIL & GAS COMPANY, L.L.C.",2026-05-01,1210.5917611647853,642.7782106417064,exponential,0.49887376921027027,12409.647230707733,0.015725438336000933,0.0
operator,"HELIS OIL & GAS COMPANY, L.L.C.",2026-06-01,1191.7035767995033,640.8346458535533,exponential,0.49887376921027027,12409.647230707733,0.015725438336000933,0.0
operator,"HELIS OIL & GAS COMPANY, L.L.C.",2026-07-01,1173.1100941826232,638.9027991249717,exponential,0.49887376921027027,12409.647230707733,0.015725438336000933,0.0
operator,"HELIS OIL & GAS COMPANY, L.L.C.",2026-08-01,1154.806715248031,636.982564799419,exponential,0.49887376921027027,12409.647230707733,0.015725438336000933,0.0
operator,"HELIS OIL & GAS COMPANY, L.L.C.",2026-09-01,1136.788913670657,635.073838486758,exponential,0.49887376921027027,12409.647230707733,0.015725438336000933,0.0
operator,"HELIS OIL & GAS COMPANY, L.L.C.",2026-10-01,1119.052233747145,633.1765170443377,exponential,0.49887376921027027,12409.647230707733,0.015725438336000933,0.0
operator,"HELIS OIL & GAS COMPANY, L.L.C.",2026-11-01,1101.5922892939795,631.2904985584166,exponential,0.49887376921027027,12409.647230707733,0.015725438336000933,0.0
operator,"HELIS OIL & GAS COMPANY, L.L.C.",2026-12-01,1084.4047625628066,629.4156823259121,exponential,0.49887376921027027,12409.647230707733,0.015725438336000933,0.0
operator,"HELIS OIL & GAS COMPANY, L.L.C.",2027-01-01,1067.4854031726773,627.5519688364783,exponential,0.49887376921027027,12409.647230707733,0.015725438336000933,0.0
operator,"HELIS OIL & GAS COMPANY, L.L.C.",2027-02-01,1050.8300270589548,625.6992597548984,exponential,0.49887376921027027,12409.647230707733,0.015725438336000933,0.0
operator,"HELIS OIL & GAS COMPANY, L.L.C.",2027-03-01,1034.4345154386153,623.8574579037901,exponential,0.49887376921027027,12409.647230707733,0.015725438336000933,0.0
operator,"HELIS OIL & GAS COMPANY, L.L.C.",2027-04-01,1018.2948137916983,622.0264672466141,exponential,0.49887376921027027,12409.647230707733,0.015725438336000933,0.0
operator,"HELIS OIL & GAS COMPANY, L.L.C.",2027-05-01,1002.4069308586421,620.2061928709817,exponential,0.49887376921027027,12409.647230707733,0.015725438336000933,0.0
operator,"HELIS OIL & GAS COMPANY, L.L.C.",2027-06-01,986.7669376532716,618.3965409722542,exponential,0.49887376921027027,12409.647230707733,0.015725438336000933,0.0
operator,"HELIS OIL & GAS COMPANY, L.L.C.",2027-07-01,971.3709664911789,616.5974188374295,exponential,0.49887376921027027,12409.647230707733,0.015725438336000933,0.0
operator,"HELIS OIL & GAS COMPANY, L.L.C.",2027-08-01,956.2152100332672,614.8087348293075,exponential,0.49887376921027027,12409.647230707733,0.015725438336000933,0.0
operator,"HELIS OIL & GAS COMPANY, L.L.C.",2027-09-01,941.2959203442168,613.0303983709322,exponential,0.49887376921027027,12409.647230707733,0.015725438336000933,0.0
operator,"HELIS OIL & GAS COMPANY, L.L.C.",2027-10-01,926.6094079656401,611.2623199303015,exponential,0.49887376921027027,12409.647230707733,0.015725438336000933,0.0
operator,"HELIS OIL & GAS COMPANY, L.L.C.",2027-11-01,912.1520410037003,609.5044110053418,exponential,0.49887376921027027,12409.647230707733,0.015725438336000933,0.0
operator,"HELIS OIL & GAS COMPANY, L.L.C.",2027-12-01,897.9202442309639,607.7565841091406,exponential,0.49887376921027027,12409.647230707733,0.015725438336000933,0.0
operator,"PEAK NORTH DAKOTA, LLC",2026-01-01,2075.7641163482845,1013.3165508509909,hyperbolic,0.7410600205937083,39410.346912412766,0.07660932131977342,0.6025816631992257
operator,"PEAK NORTH DAKOTA, LLC",2026-02-01,2049.0589301054342,1007.7713647309276,hyperbolic,0.7410600205937083,39410.346912412766,0.07660932131977342,0.6025816631992257
operator,"PEAK NORTH DAKOTA, LLC",2026-03-01,2022.9001029339786,1002.2865383004876,hyperbolic,0.7410600205937083,39410.346912412766,0.07660932131977342,0.6025816631992257
operator,"PEAK NORTH DAKOTA, LLC",2026-04-01,1997.2723714159163,996.8610913660416,hyperbolic,0.7410600205937083,39410.346912412766,0.07660932131977342,0.6025816631992257
operator,"PEAK NORTH DAKOTA, LLC",2026-05-01,1972.1610109463886,991.4940648431216,hyperbolic,0.7410600205937083,39410.346912412766,0.07660932131977342,0.6025816631992257
operator,"PEAK NORTH DAKOTA, LLC",2026-06-01,1947.5518128047545,986.184520191212,hyperbolic,0.7410600205937083,39410.346912412766,0.07660932131977342,0.6025816631992257
operator,"PEAK NORTH DAKOTA, LLC",2026-07-01,1923.4310623652257,980.9315388666058,hyperbolic,0.7410600205937083,39410.346912412766,0.07660932131977342,0.6025816631992257
operator,"PEAK NORTH DAKOTA, LLC",2026-08-01,1899.7855183824136,975.7342217926548,hyperbolic,0.7410600205937083,39410.346912412766,0.07660932131977342,0.6025816631992257
operator,"PEAK NORTH DAKOTA, LLC",2026-09-01,1876.602393291227,970.5916888467708,hyperbolic,0.7410600205937083,39410.346912412766,0.07660932131977342,0.6025816631992257
operator,"PEAK NORTH DAKOTA, LLC",2026-10-01,1853.8693344644305,965.5030783635648,hyperbolic,0.7410600205937083,39410.346912412766,0.07660932131977342,0.6025816631992257
operator,"PEAK NORTH DAKOTA, LLC",2026-11-01,1831.5744063746924,960.4675466535338,hyperbolic,0.7410600205937083,39410.346912412766,0.07660932131977342,0.6025816631992257
operator,"PEAK NORTH DAKOTA, LLC",2026-12-01,1809.7060736112844,955.4842675367321,hyperbolic,0.7410600205937083,39410.346912412766,0.07660932131977342,0.6025816631992257
operator,"PEAK NORTH DAKOTA, LLC",2027-01-01,1788.253184704673,950.5524318908831,hyperbolic,0.7410600205937083,39410.346912412766,0.07660932131977342,0.6025816631992257
operator,"PEAK NORTH DAKOTA, LLC",2027-02-01,1767.2049567151116,945.6712472134158,hyperbolic,0.7410600205937083,39410.346912412766,0.07660932131977342,0.6025816631992257
operator,"PEAK NORTH DAKOTA, LLC",2027-03-01,1746.550960544028,940.8399371969239,hyperbolic,0.7410600205937083,39410.346912412766,0.07660932131977342,0.6025816631992257
operator,"PEAK NORTH DAKOTA, LLC",2027-04-01,1726.2811069294787,936.0577413175756,hyperbolic,0.7410600205937083,39410.346912412766,0.07660932131977342,0.6025816631992257
operator,"PEAK NORTH DAKOTA, LLC",2027-05-01,1706.3856330892984,931.3239144360085,hyperbolic,0.7410600205937083,39410.346912412766,0.07660932131977342,0.6025816631992257
operator,"PEAK NORTH DAKOTA, LLC",2027-06-01,1686.855089977715,926.637726410278,hyperbolic,0.7410600205937083,39410.346912412766,0.07660932131977342,0.6025816631992257
operator,"PEAK NORTH DAKOTA, LLC",2027-07-01,1667.680330123254,921.9984617204271,hyperbolic,0.7410600205937083,39410.346912412766,0.07660932131977342,0.6025816631992257
operator,"PEAK NORTH DAKOTA, LLC",2027-08-01,1648.8524960176405,917.4054191042843,hyperbolic,0.7410600205937083,39410.346912412766,0.07660932131977342,0.6025816631992257
operator,"PEAK NORTH DAKOTA, LLC",2027-09-01,1630.3630090271818,912.8579112040869,hyperbolic,0.7410600205937083,39410.346912412766,0.07660932131977342,0.6025816631992257
operator,"PEAK NORTH DAKOTA, LLC",2027-10-01,1612.203558799767,908.3552642235669,hyperbolic,0.7410600205937083,39410.346912412766,0.07660932131977342,0.6025816631992257
operator,"PEAK NORTH DAKOTA, LLC",2027-11-01,1594.366093142184,903.8968175951337,hyperbolic,0.7410600205937083,39410.346912412766,0.07660932131977342,0.6025816631992257
operator,"PEAK NORTH DAKOTA, LLC",2027-12-01,1576.842808343887,899.4819236568109,hyperbolic,0.7410600205937083,39410.346912412766,0.07660932131977342,0.6025816631992257
operator,"SLAWSON EXPLORATION COMPANY, INC.",2026-01-01,4825.713946602224,610.0244184371437,hyperbolic,0.2638497799499,19598.3467441956,0.014912454158465495,0.49848330257906875
operator,"SLAWSON EXPLORATION COMPANY, INC.",2026-02-01,4790.126473499607,606.4804255375379,hyperbolic,0.2638497799499,19598.3467441956,0.014912454158465495,0.49848330257906875
operator,"SLAWSON EXPLORATION COMPANY, INC.",2026-03-01,4754.93082397862,602.9773730952321,hyperbolic,0.2638497799499,19598.3467441956,0.014912454158465495,0.49848330257906875
operator,"SLAWSON EXPLORATION COMPANY, INC.",2026-04-01,4720.121269885773,599.5145557637335,hyperbolic,0.2638497799499,19598.3467441956,0.014912454158465495,0.49848330257906875
operator,"SLAWSON EXPLORATION COMPANY, INC.",2026-05-01,4685.692187331551,596.0912843068672,hyperbolic,0.2638497799499,19598.3467441956,0.014912454158465495,0.49848330257906875
operator,"SLAWSON EXPLORATION COMPANY, INC.",2026-06-01,4651.6380544217745,592.7068851414324,hyperbolic,0.2638497799499,19598.3467441956,0.014912454158465495,0.49848330257906875
operator,"SLAWSON EXPLORATION COMPANY, INC.",2026-07-01,4617.953449046283,589.3606998953503,hyperbolic,0.2638497799499,19598.3467441956,0.014912454158465495,0.49848330257906875
operator,"SLAWSON EXPLORATION COMPANY, INC.",2026-08-01,4584.633046723383,586.0520849806944,hyperbolic,0.2638497799499,19598.3467441956,0.014912454158465495,0.49848330257906875
operator,"SLAWSON EXPLORATION COMPANY, INC.",2026-09-01,4551.671618498402,582.7804111810244,hyperbolic,0.2638497799499,19598.3467441956,0.014912454158465495,0.49848330257906875
operator,"SLAWSON EXPLORATION COMPANY, INC.",2026-10-01,4519.064028894804,579.5450632524634,hyperbolic,0.2638497799499,19598.3467441956,0.014912454158465495,0.49848330257906875
operator,"SLAWSON EXPLORATION COMPANY, INC.",2026-11-01,4486.805233916414,576.3454395379908,hyperbolic,0.2638497799499,19598.3467441956,0.014912454158465495,0.49848330257906875
operator,"SLAWSON EXPLORATION COMPANY, INC.",2026-12-01,4454.890279099253,573.1809515944423,hyperbolic,0.2638497799499,19598.3467441956,0.014912454158465495,0.49848330257906875
operator,"SLAWSON EXPLORATION COMPANY, INC.",2027-01-01,4423.3142976116,570.0510238317293,hyperbolic,0.2638497799499,19598.3467441956,0.014912454158465495,0.49848330257906875
operator,"SLAWSON EXPLORATION COMPANY, INC.",2027-02-01,4392.07250840091,566.955093163816,hyperbolic,0.2638497799499,19598.3467441956,0.014912454158465495,0.49848330257906875
operator,"SLAWSON EXPLORATION COMPANY, INC.",2027-03-01,4361.160214386311,563.8926086710075,hyperbolic,0.2638497799499,19598.3467441956,0.014912454158465495,0.49848330257906875
operator,"SLAWSON EXPLORATION COMPANY, INC.",2027-04-01,4330.5728006953295,560.8630312731249,hyperbolic,0.2638497799499,19598.3467441956,0.014912454158465495,0.49848330257906875
operator,"SLAWSON EXPLORATION COMPANY, INC.",2027-05-01,4300.305732943703,557.865833413159,hyperbolic,0.2638497799499,19598.3467441956,0.014912454158465495,0.49848330257906875
operator,"SLAWSON EXPLORATION COMPANY, INC.",2027-06-01,4270.354555557,554.9004987510127,hyperbolic,0.2638497799499,19598.3467441956,0.014912454158465495,0.49848330257906875
operator,"SLAWSON EXPLORATION COMPANY, INC.",2027-07-01,4240.714890132936,551.9665218669611,hyperbolic,0.2638497799499,19598.3467441956,0.014912454158465495,0.49848330257906875
operator,"SLAWSON EXPLORATION COMPANY, INC.",2027-08-01,4211.38243384325,549.0634079744675,hyperbolic,0.2638497799499,19598.3467441956,0.014912454158465495,0.49848330257906875
operator,"SLAWSON EXPLORATION COMPANY, INC.",2027-09-01,4182.352957874063,546.1906726420162,hyperbolic,0.2638497799499,19598.3467441956,0.014912454158465495,0.49848330257906875
operator,"SLAWSON EXPLORATION COMPANY, INC.",2027-10-01,4153.622305903633,543.3478415236317,hyperbolic,0.2638497799499,19598.3467441956,0.014912454158465495,0.49848330257906875
operator,"SLAWSON EXPLORATION COMPANY, INC.",2027-11-01,4125.186392616523,540.5344500977698,hyperbolic,0.2638497799499,19598.3467441956,0.014912454158465495,0.49848330257906875
operator,"SLAWSON EXPLORATION COMPANY, INC.",2027-12-01,4097.041202253166,537.7500434142792,hyperbolic,0.2638497799499,19598.3467441956,0.014912454158465495,0.49848330257906875
operator,GMX RESOURCES INC,2026-01-01,231.45448170522712,16.069115577157294,harmonic,0.9405972011221587,5827.092115747276,0.19036200347521612,1.0
operator,GMX RESOURCES INC,2026-02-01,229.71752852136643,15.788244336984748,harmonic,0.9405972011221587,5827.092115747276,0.19036200347521612,1.0
operator,GMX RESOURCES INC,2026-03-01,228.00645112804978,15.513846157040131,harmonic,0.9405972011221587,5827.092115747276,0.19036200347521612,1.0
operator,GMX RESOURCES INC,2026-04-01,226.32067558395218,15.245736225144165,harmonic,0.9405972011221587,5827.092115747276,0.19036200347521612,1.0
operator,GMX RESOURCES INC,2026-05-01,224.65964479701293,14.983736011594031,harmonic,0.9405972011221587,5827.092115747276,0.19036200347521612,1.0
operator,GMX RESOURCES INC,2026-06-01,223.02281791063288,14.727673021784504,harmonic,0.9405972011221587,5827.092115747276,0.19036200347521612,1.0
operator,GMX RESOURCES INC,2026-07-01,221.40966971651034,14.477380559886642,harmonic,0.9405972011221587,5827.092115747276,0.19036200347521612,1.0
operator,GMX RESOURCES INC,2026-08-01,219.81969009277591,14.232697503031394,harmonic,0.9405972011221587,5827.092115747276,0.19036200347521612,1.0
operator,GMX RESOURCES INC,2026-09-01,218.25238346616388,13.993468085476254,harmonic,0.9405972011221587,5827.092115747276,0.19036200347521612,1.0
operator,GMX RESOURCES INC,2026-10-01,216.70726829702878,13.759541692261621,harmonic,0.9405972011221587,5827.092115747276,0.19036200347521612,1.0
operator,GMX RESOURCES INC,2026-11-01,215.18387658608327,13.53077266189038,harmonic,0.9405972011221587,5827.092115747276,0.19036200347521612,1.0
operator,GMX RESOURCES INC,2026-12-01,213.68175340179565,13.307020097589701,harmonic,0.9405972011221587,5827.092115747276,0.19036200347521612,1.0
operator,GMX RESOURCES INC,2027-01-01,212.20045642744472,13.088147686737694,harmonic,0.9405972011221587,5827.092115747276,0.19036200347521612,1.0
operator,GMX RESOURCES INC,2027-02-01,210.73955552688417,12.874023528060055,harmonic,0.9405972011221587,5827.092115747276,0.19036200347521612,1.0
operator,GMX RESOURCES INC,2027-03-01,209.29863232812193,12.664519966222935,harmonic,0.9405972011221587,5827.092115747276,0.19036200347521612,1.0
operator,GMX RESOURCES INC,2027-04-01,207.87727982386656,12.459513433468082,harmonic,0.9405972011221587,5827.092115747276,0.19036200347521612,1.0
operator,GMX RESOURCES INC,2027-05-01,206.47510198824037,12.258884297955058,harmonic,0.9405972011221587,5827.092115747276,0.19036200347521612,1.0
operator,GMX RESOURCES INC,2027-06-01,205.0917134089006,12.062516718492878,harmonic,0.9405972011221587,5827.092115747276,0.19036200347521612,1.0
operator,GMX RESOURCES INC,2027-07-01,203.7267389338509,11.870298505360143,harmonic,0.9405972011221587,5827.092115747276,0.19036200347521612,1.0
operator,GMX RESOURCES INC,2027-08-01,202.37981333226355,11.68212098692831,harmonic,0.9405972011221587,5827.092115747276,0.19036200347521612,1.0
operator,GMX RESOURCES INC,2027-09-01,201.0505809686678,11.497878881817531,harmonic,0.9405972011221587,5827.092115747276,0.19036200347521612,1.0
operator,GMX RESOURCES INC,2027-10-01,199.73869548989387,11.317470176328461,harmonic,0.9405972011221587,5827.092115747276,0.19036200347521612,1.0
operator,GMX RESOURCES INC,2027-11-01,198.4438195241945,11.140796006906564,harmonic,0.9405972011221587,5827.092115747276,0.19036200347521612,1.0
operator,GMX RESOURCES INC,2027-12-01,197.1656243919938,10.967760547407797,harmonic,0.9405972011221587,5827.092115747276,0.19036200347521612,1.0
operator,PETROSHALE (US) INC.,2026-01-01,1200.4639957620275,479.40821600508156,exponential,0.6289712794103841,21783.209637009895,0.02734369177082378,0.0
operator,PETROSHALE (US) INC.,2026-02-01,1168.0835956034732,475.0642789948598,exponential,0.6289712794103841,21783.209637009895,0.02734369177082378,0.0
operator,PETROSHALE (US) INC.,2026-03-01,1136.5765996603966,470.79580375530105,exponential,0.6289712794103841,21783.209637009895,0.02734369177082378,0.0
operator,PETROSHALE (US) INC.,2026-04-01,1105.9194493936855,466.60086267539424,exponential,0.6289712794103841,21783.209637009895,0.02734369177082378,0.0
operator,PETROSHALE (US) INC.,2026-05-01,1076.0892217142919,462.4775928768547,exponential,0.6289712794103841,21783.209637009895,0.02734369177082378,0.0
operator,PETROSHALE (US) INC.,2026-06-01,1047.0636118430868,458.4241935284946,exponential,0.6289712794103841,21783.209637009895,0.02734369177082378,0.0
operator,PETROSHALE (US) INC.,2026-07-01,1018.820916633041,454.4389232929048,exponential,0.6289712794103841,21783.209637009895,0.02734369177082378,0.0
operator,PETROSHALE (US) INC.,2026-08-01,991.3400183412589,450.5200978979135,exponential,0.6289712794103841,21783.209637009895,0.02734369177082378,0.0
operator,PETROSHALE (US) INC.,2026-09-01,964.6003688387325,446.66608782577924,exponential,0.6289712794103841,21783.209637009895,0.02734369177082378,0.0
operator,PETROSHALE (US) INC.,2026-10-01,938.5819742460143,442.8753161135223,exponential,0.6289712794103841,21783.209637009895,0.02734369177082378,0.0
operator,PETROSHALE (US) INC.,2026-11-01,913.2653799833099,439.14625625821645,exponential,0.6289712794103841,21783.209637009895,0.02734369177082378,0.0
operator,PETROSHALE (US) INC.,2026-12-01,888.631656223821,435.47743022145596,exponential,0.6289712794103841,21783.209637009895,0.02734369177082378,0.0
operator,PETROSHALE (US) INC.,2027-01-01,864.6623837394586,431.8674065275682,exponential,0.6289712794103841,21783.209637009895,0.02734369177082378,0.0
operator,PETROSHALE (US) INC.,2027-02-01,841.3396401283433,428.31479845048517,exponential,0.6289712794103841,21783.209637009895,0.02734369177082378,0.0
operator,PETROSHALE (US) INC.,2027-03-01,818.6459864137918,424.8182622844931,exponential,0.6289712794103841,21783.209637009895,0.02734369177082378,0.0
operator,PETROSHALE (US) INC.,2027-04-01,796.5644540047782,421.37649569437843,exponential,0.6289712794103841,21783.209637009895,0.02734369177082378,0.0
operator,PETROSHALE (US) INC.,2027-05-01,775.0785320081068,417.988236140754,exponential,0.6289712794103841,21783.209637009895,0.02734369177082378,0.0
operator,PETROSHALE (US) INC.,2027-06-01,754.1721548828217,414.6522593766049,exponential,0.6289712794103841,21783.209637009895,0.02734369177082378,0.0
operator,PETROSHALE (US) INC.,2027-07-01,733.8296904276144,411.367378011332,exponential,0.6289712794103841,21783.209637009895,0.02734369177082378,0.0
operator,PETROSHALE (US) INC.,2027-08-01,714.0359280922512,408.13244013878807,exponential,0.6289712794103841,21783.209637009895,0.02734369177082378,0.0
operator,PETROSHALE (US) INC.,2027-09-01,694.7760676042775,404.9463280260088,exponential,0.6289712794103841,21783.209637009895,0.02734369177082378,0.0
operator,PETROSHALE (US) INC.,2027-10-01,676.0357079025,401.8079568595361,exponential,0.6289712794103841,21783.209637009895,0.02734369177082378,0.0
operator,PETROSHALE (US) INC.,2027-11-01,657.800836368965,398.7162735464061,exponential,0.6289712794103841,21783.209637009895,0.02734369177082378,0.0
operator,PETROSHALE (US) INC.,2027-12-01,640.0578183513873,395.6702555670477,exponential,0.6289712794103841,21783.209637009895,0.02734369177082378,0.0
operator,"NORTH RANGE RESOURCES, LLC",2026-01-01,663.6037905018093,22.89005753735953,exponential,0.5343253792730775,491.66668,0.02839905888534282,0.0
operator,"NORTH RANGE RESOURCES, LLC",2026-02-01,659.6596635676382,22.249145173865152,exponential,0.5343253792730775,491.66668,0.02839905888534282,0.0
operator,"NORTH RANGE RESOURCES, LLC",2026-03-01,655.7616483108158,21.626178097620897,exponential,0.5343253792730775,491.66668,0.02839905888534282,0.0
operator,"NORTH RANGE RESOURCES, LLC",2026-04-01,651.9089436392637,21.020653847833646,exponential,0.5343253792730775,491.66668,0.02839905888534282,0.0
operator,"NORTH RANGE RESOURCES, LLC",2026-05-01,648.1007668776556,20.432084032409477,exponential,0.5343253792730775,491.66668,0.02839905888534282,0.0
operator,"NORTH RANGE RESOURCES, LLC",2026-06-01,644.3363532417588,19.85999393403578,exponential,0.5343253792730775,491.66668,0.02839905888534282,0.0
operator,"NORTH RANGE RESOURCES, LLC",2026-07-01,640.614955330666,19.303922127292953,exponential,0.5343253792730775,491.66668,0.02839905888534282,0.0
operator,"NORTH RANGE RESOURCES, LLC",2026-08-01,636.9358426362087,18.763420106486674,exponential,0.5343253792730775,491.66668,0.02839905888534282,0.0
operator,"NORTH RANGE RESOURCES, LLC",2026-09-01,633.2983010688826,18.238051923900894,exponential,0.5343253792730775,491.66668,0.02839905888534282,0.0
operator,"NORTH RANGE RESOURCES, LLC",2026-10-01,629.7016324996355,17.727393838179502,exponential,0.5343253792730775,491.66668,0.02839905888534282,0.0
operator,"NORTH RANGE RESOURCES, LLC",2026-11-01,626.1451543169059,17.231033972553142,exponential,0.5343253792730775,491.66668,0.02839905888534282,0.0
operator,"NORTH RANGE RESOURCES, LLC",2026-12-01,622.6281989983219,16.748571982635617,exponential,0.5343253792730775,491.66668,0.02839905888534282,0.0
operator,"NORTH RANGE RESOURCES, LLC",2027-01-01,619.1501136964985,16.27961873352181,exponential,0.5343253792730775,491.66668,0.02839905888534282,0.0
operator,"NORTH RANGE RESOURCES, LLC",2027-02-01,615.7102598383949,15.823795985926719,exponential,0.5343253792730775,491.66668,0.02839905888534282,0.0
operator,"NORTH RANGE RESOURCES, LLC",2027-03-01,612.3080127377161,15.380736091112531,exponential,0.5343253792730775,491.66668,0.02839905888534282,0.0
operator,"NORTH RANGE RESOURCES, LLC",2027-04-01,608.9427612198682,14.950081694357557,exponential,0.5343253792730775,491.66668,0.02839905888534282,0.0
operator,"NORTH RANGE RESOURCES, LLC",2027-05-01,605.6139072589934,14.531485446727931,exponential,0.5343253792730775,491.66668,0.02839905888534282,0.0
operator,"NORTH RANGE RESOURCES, LLC",2027-06-01,602.3208656266356,14.124609724919637,exponential,0.5343253792730775,491.66668,0.02839905888534282,0.0
operator,"NORTH RANGE RESOURCES, LLC",2027-07-01,599.0630635516035,13.729126358944741,exponential,0.5343253792730775,491.66668,0.02839905888534282,0.0
operator,"NORTH RANGE RESOURCES, LLC",2027-08-01,595.8399403906155,13.344716367442405,exponential,0.5343253792730775,491.66668,0.02839905888534282,0.0
operator,"NORTH RANGE RESOURCES, LLC",2027-09-01,592.6509473093342,12.971069700401031,exponential,0.5343253792730775,491.66668,0.02839905888534282,0.0
operator,"NORTH RANGE RESOURCES, LLC",2027-10-01,589.4955469734055,12.607884989084077,exponential,0.5343253792730775,491.66668,0.02839905888534282,0.0
operator,"NORTH RANGE RESOURCES, LLC",2027-11-01,586.3732132491413,12.254869302957873,exponential,0.5343253792730775,491.66668,0.02839905888534282,0.0
operator,"NORTH RANGE RESOURCES, LLC",2027-12-01,583.2834309134968,11.911737913425354,exponential,0.5343253792730775,491.66668,0.02839905888534282,0.0
operator,"IRON OIL OPERATING, LLC",2026-01-01,1025.123810474929,228.93974834273158,hyperbolic,0.8842827724129014,17694.311684184722,0.13205104860115088,0.8751065526635714
operator,"IRON OIL OPERATING, LLC",2026-02-01,1014.0438851832016,227.0105206251384,hyperbolic,0.8842827724129014,17694.311684184722,0.13205104860115088,0.8751065526635714
operator,"IRON OIL OPERATING, LLC",2026-03-01,1003.1864109003212,225.11353560771087,hyperbolic,0.8842827724129014,17694.311684184722,0.13205104860115088,0.8751065526635714
operator,"IRON OIL OPERATING, LLC",2026-04-01,992.5448979721674,223.2479916926294,hyperbolic,0.8842827724129014,17694.311684184722,0.13205104860115088,0.8751065526635714
operator,"IRON OIL OPERATING, LLC",2026-05-01,982.1131040168502,221.41311363544477,hyperbolic,0.8842827724129014,17694.311684184722,0.13205104860115088,0.8751065526635714
operator,"IRON OIL OPERATING, LLC",2026-06-01,971.8850223353379,219.60815147091313,hyperbolic,0.8842827724129014,17694.311684184722,0.13205104860115088,0.8751065526635714
operator,"IRON OIL OPERATING, LLC",2026-07-01,961.8548709650278,217.83237949094624,hyperbolic,0.8842827724129014,17694.311684184722,0.13205104860115088,0.8751065526635714
operator,"IRON OIL OPERATING, LLC",2026-08-01,952.0170823351542,216.0850952717497,hyperbolic,0.8842827724129014,17694.311684184722,0.13205104860115088,0.8751065526635714
operator,"IRON OIL OPERATING, LLC",2026-09-01,942.3662934859001,214.36561874741042,hyperbolic,0.8842827724129014,17694.311684184722,0.13205104860115088,0.8751065526635714
operator,"IRON OIL OPERATING, LLC",2026-10-01,932.8973368158103,212.67329132736558,hyperbolic,0.8842827724129014,17694.311684184722,0.13205104860115088,0.8751065526635714
operator,"IRON OIL OPERATING, LLC",2026-11-01,923.6052313246079,211.00747505534787,hyperbolic,0.8842827724129014,17694.311684184722,0.13205104860115088,0.8751065526635714
operator,"IRON OIL OPERATING, LLC",2026-12-01,914.4851743208477,209.36755180754955,hyperbolic,0.8842827724129014,17694.311684184722,0.13205104860115088,0.8751065526635714
operator,"IRON OIL OPERATING, LLC",2027-01-01,905.5325335659517,207.75292252788933,hyperbolic,0.8842827724129014,17694.311684184722,0.13205104860115088,0.8751065526635714
operator,"IRON OIL OPERATING, LLC",2027-02-01,896.7428398281563,206.1630064983937,hyperbolic,0.8842827724129014,17694.311684184722,0.13205104860115088,0.8751065526635714
operator,"IRON OIL OPERATING, LLC",2027-03-01,888.1117798217103,204.59724064282585,hyperbolic,0.8842827724129014,17694.311684184722,0.13205104860115088,0.8751065526635714
operator,"IRON OIL OPERATING, LLC",2027-04-01,879.6351895083357,203.05507886180848,hyperbolic,0.8842827724129014,17694.311684184722,0.13205104860115088,0.8751065526635714
operator,"IRON OIL OPERATING, LLC",2027-05-01,871.309047739524,201.53599139779084,hyperbolic,0.8842827724129014,17694.311684184722,0.13205104860115088,0.8751065526635714
operator,"IRON OIL OPERATING, LLC",2027-06-01,863.1294702196631,200.03946422830873,hyperbolic,0.8842827724129014,17694.311684184722,0.13205104860115088,0.8751065526635714
operator,"IRON OIL OPERATING, LLC",2027-07-01,855.0927037713251,198.56499848607777,hyperbolic,0.8842827724129014,17694.311684184722,0.13205104860115088,0.8751065526635714
operator,"IRON OIL OPERATING, LLC",2027-08-01,847.1951208852713,197.11210990454566,hyperbolic,0.8842827724129014,17694.311684184722,0.13205104860115088,0.8751065526635714
operator,"IRON OIL OPERATING, LLC",2027-09-01,839.4332145388663,195.68032828760852,hyperbolic,0.8842827724129014,17694.311684184722,0.13205104860115088,0.8751065526635714
operator,"IRON OIL OPERATING, LLC",2027-10-01,831.8035932676571,194.26919700227197,hyperbolic,0.8842827724129014,17694.311684184722,0.13205104860115088,0.8751065526635714
operator,"IRON OIL OPERATING, LLC",2027-11-01,824.3029764758438,192.87827249310698,hyperbolic,0.8842827724129014,17694.311684184722,0.13205104860115088,0.8751065526635714
operator,"IRON OIL OPERATING, LLC",2027-12-01,816.9281899722845,191.50712381741536,hyperbolic,0.8842827724129014,17694.311684184722,0.13205104860115088,0.8751065526635714
basin,Three Forks,2026-01-01,1331615.0614631975,309482.0997126414,exponential,0.09216020223577415,1901589.999999136,0.0024742905615546423,0.0
basin,Three Forks,2026-02-01,1328324.331674675,309481.79027541,exponential,0.09216020223577415,1901589.999999136,0.0024742905615546423,0.0
basin,Three Forks,2026-03-01,1325041.7340430005,309481.4808387975,exponential,0.09216020223577415,1901589.999999136,0.0024742905615546423,0.0
basin,Three Forks,2026-04-01,1321767.2484717278,309481.17140280374,exponential,0.09216020223577415,1901589.999999136,0.0024742905615546423,0.0
basin,Three Forks,2026-05-01,1318500.854914073,309480.86196742876,exponential,0.09216020223577415,1901589.999999136,0.0024742905615546423,0.0
basin,Three Forks,2026-06-01,1315242.533372793,309480.5525326726,exponential,0.09216020223577415,1901589.999999136,0.0024742905615546423,0.0
basin,Three Forks,2026-07-01,1311992.2639000628,309480.24309853517,exponential,0.09216020223577415,1901589.999999136,0.0024742905615546423,0.0
basin,Three Forks,2026-08-01,1308750.0265973522,309479.93366501655,exponential,0.09216020223577415,1901589.999999136,0.0024742905615546423,0.0
basin,Three Forks,2026-09-01,1305515.801615306,309479.6242321167,exponential,0.09216020223577415,1901589.999999136,0.0024742905615546423,0.0
basin,Three Forks,2026-10-01,1302289.5691536202,309479.31479983556,exponential,0.09216020223577415,1901589.999999136,0.0024742905615546423,0.0
basin,Three Forks,2026-11-01,1299071.3094609224,309479.00536817324,exponential,0.09216020223577415,1901589.999999136,0.0024742905615546423,0.0
basin,Three Forks,2026-12-01,1295861.0028346512,309478.69593712967,exponential,0.09216020223577415,1901589.999999136,0.0024742905615546423,0.0
basin,Three Forks,2027-01-01,1292658.6296209337,309478.3865067049,exponential,0.09216020223577415,1901589.999999136,0.0024742905615546423,0.0
basin,Three Forks,2027-02-01,1289464.1702144665,309478.0770768989,exponential,0.09216020223577415,1901589.999999136,0.0024742905615546423,0.0
basin,Three Forks,2027-03-01,1286277.605058396,309477.76764771156,exponential,0.09216020223577415,1901589.999999136,0.0024742905615546423,0.0
basin,Three Forks,2027-04-01,1283098.9146441978,309477.4582191431,exponential,0.09216020223577415,1901589.999999136,0.0024742905615546423,0.0
basin,Three Forks,2027-05-01,1279928.0795115575,309477.1487911934,exponential,0.09216020223577415,1901589.999999136,0.0024742905615546423,0.0
basin,Three Forks,2027-06-01,1276765.0802482513,309476.83936386235,exponential,0.09216020223577415,1901589.999999136,0.0024742905615546423,0.0
basin,Three Forks,2027-07-01,1273609.8974900288,309476.52993715013,exponential,0.09216020223577415,1901589.999999136,0.0024742905615546423,0.0
basin,Three Forks,2027-08-01,1270462.5119204917,309476.2205110566,exponential,0.09216020223577415,1901589.999999136,0.0024742905615546423,0.0
basin,Three Forks,2027-09-01,1267322.9042709777,309475.91108558193,exponential,0.09216020223577415,1901589.999999136,0.0024742905615546423,0.0
basin,Three Forks,2027-10-01,1264191.0553204417,309475.60166072595,exponential,0.09216020223577415,1901589.999999136,0.0024742905615546423,0.0
basin,Three Forks,2027-11-01,1261066.9458953384,309475.29223648866,exponential,0.09216020223577415,1901589.999999136,0.0024742905615546423,0.0
basin,Three Forks,2027-12-01,1257950.5568695047,309474.9828128702,exponential,0.09216020223577415,1901589.999999136,0.0024742905615546423,0.0
basin,Bakken,2026-01-01,1735732.3120814087,495322.0120952582,exponential,0.3561783733105818,3863569.9999827757,0.005556682085214006,0.0
basin,Bakken,2026-02-01,1726114.1467297904,495321.51684505737,exponential,0.3561783733105818,3863569.9999827757,0.005556682085214006,0.0
basin,Bakken,2026-03-01,1716549.2782512482,495321.0215958469,exponential,0.3561783733105818,3863569.9999827757,0.005556682085214006,0.0
basin,Bakken,2026-04-01,1707037.4113132963,495320.5263476269,exponential,0.3561783733105818,3863569.9999827757,0.005556682085214006,0.0
basin,Bakken,2026-05-01,1697578.2522199673,495320.03110039706,exponential,0.3561783733105818,3863569.9999827757,0.005556682085214006,0.0
basin,Bakken,2026-06-01,1688171.5089027423,495319.5358541577,exponential,0.3561783733105818,3863569.9999827757,0.005556682085214006,0.0
basin,Bakken,2026-07-01,1678816.8909115342,495319.0406089085,exponential,0.3561783733105818,3863569.9999827757,0.005556682085214006,0.0
basin,Bakken,2026-08-01,1669514.109405719,495318.54536464985,exponential,0.3561783733105818,3863569.9999827757,0.005556682085214006,0.0
basin,Bakken,2026-09-01,1660262.8771452163,495318.05012138153,exponential,0.3561783733105818,3863569.9999827757,0.005556682085214006,0.0
basin,Bakken,2026-10-01,1651062.9084816226,495317.5548791034,exponential,0.3561783733105818,3863569.9999827757,0.005556682085214006,0.0
basin,Bakken,2026-11-01,1641913.9193493882,495317.0596378157,exponential,0.3561783733105818,3863569.9999827757,0.005556682085214006,0.0
basin,Bakken,2026-12-01,1632815.62725705,495316.56439751835,exponential,0.3561783733105818,3863569.9999827757,0.005556682085214006,0.0
basin,Bakken,2027-01-01,1623767.7512785057,495316.06915821123,exponential,0.3561783733105818,3863569.9999827757,0.005556682085214006,0.0
basin,Bakken,2027-02-01,1614770.0120443408,495315.5739198945,exponential,0.3561783733105818,3863569.9999827757,0.005556682085214006,0.0
basin,Bakken,2027-03-01,1605822.131733204,495315.07868256804,exponential,0.3561783733105818,3863569.9999827757,0.005556682085214006,0.0
basin,Bakken,2027-04-01,1596923.8340632266,495314.58344623196,exponential,0.3561783733105818,3863569.9999827757,0.005556682085214006,0.0
basin,Bakken,2027-05-01,1588074.8442834937,495314.0882108862,exponential,0.3561783733105818,3863569.9999827757,0.005556682085214006,0.0
basin,Bakken,2027-06-01,1579274.8891655598,495313.59297653066,exponential,0.3561783733105818,3863569.9999827757,0.005556682085214006,0.0
basin,Bakken,2027-07-01,1570523.6969950122,495313.0977431655,exponential,0.3561783733105818,3863569.9999827757,0.005556682085214006,0.0
basin,Bakken,2027-08-01,1561820.9975630823,495312.6025107907,exponential,0.3561783733105818,3863569.9999827757,0.005556682085214006,0.0
basin,Bakken,2027-09-01,1553166.5221583017,495312.10727940605,exponential,0.3561783733105818,3863569.9999827757,0.005556682085214006,0.0
basin,Bakken,2027-10-01,1544560.0035582057,495311.61204901186,exponential,0.3561783733105818,3863569.9999827757,0.005556682085214006,0.0
basin,Bakken,2027-11-01,1536001.176021081,495311.1168196078,exponential,0.3561783733105818,3863569.9999827757,0.005556682085214006,0.0
basin,Bakken,2027-12-01,1527489.7752777627,495310.6215911942,exponential,0.3561783733105818,3863569.9999827757,0.005556682085214006,0.0
basin,Middle Bakken / Three Forks Shale,2026-01-01,2575.589391731983,149.1269701556791,harmonic,0.4596537773846092,4807.034399215654,0.25813642347402005,1.0
basin,Middle Bakken / Three Forks Shale,2026-02-01,2557.7651593200985,147.9422372937496,harmonic,0.4596537773846092,4807.034399215654,0.25813642347402005,1.0
basin,Middle Bakken / Three Forks Shale,2026-03-01,2540.1859346910956,146.77618018262277,harmonic,0.4596537773846092,4807.034399215654,0.25813642347402005,1.0
basin,Middle Bakken / Three Forks Shale,2026-04-01,2522.8467005973253,145.6283606778187,harmonic,0.4596537773846092,4807.034399215654,0.25813642347402005,1.0
basin,Middle Bakken / Three Forks Shale,2026-05-01,2505.7425758527247,144.49835423402425,harmonic,0.4596537773846092,4807.034399215654,0.25813642347402005,1.0
basin,Middle Bakken / Three Forks Shale,2026-06-01,2488.868810751594,143.3857493815402,harmonic,0.4596537773846092,4807.034399215654,0.25813642347402005,1.0
basin,Middle Bakken / Three Forks Shale,2026-07-01,2472.220782671243,142.29014722673134,harmonic,0.4596537773846092,4807.034399215654,0.25813642347402005,1.0
basin,Middle Bakken / Three Forks Shale,2026-08-01,2455.7939918499424,141.2111609752049,harmonic,0.4596537773846092,4807.034399215654,0.25813642347402005,1.0
basin,Middle Bakken / Three Forks Shale,2026-09-01,2439.58405733209,140.1484154765203,harmonic,0.4596537773846092,4807.034399215654,0.25813642347402005,1.0
basin,Middle Bakken / Three Forks Shale,2026-10-01,2423.5867130729107,139.10154678930402,harmonic,0.4596537773846092,4807.034399215654,0.25813642347402005,1.0
basin,Middle Bakken / Three Forks Shale,2026-11-01,2407.797804195414,138.070201765711,harmonic,0.4596537773846092,4807.034399215654,0.25813642347402005,1.0
basin,Middle Bakken / Three Forks Shale,2026-12-01,2392.2132833927167,137.05403765423546,harmonic,0.4596537773846092,4807.034399215654,0.25813642347402005,1.0
basin,Middle Bakken / Three Forks Shale,2027-01-01,2376.829207469182,136.052721719933,harmonic,0.4596537773846092,4807.034399215654,0.25813642347402005,1.0
basin,Middle Bakken / Three Forks Shale,2027-02-01,2361.641734014167,135.06593088116978,harmonic,0.4596537773846092,4807.034399215654,0.25813642347402005,1.0
basin,Middle Bakken / Three Forks Shale,2027-03-01,2346.647118202484,134.0933513620659,harmonic,0.4596537773846092,4807.034399215654,0.25813642347402005,1.0
basin,Middle Bakken / Three Forks Shale,2027-04-01,2331.8417097159822,133.1346783598475,harmonic,0.4596537773846092,4807.034399215654,0.25813642347402005,1.0
basin,Middle Bakken / Three Forks Shale,2027-05-01,2317.2219497809333,132.18961572636678,harmonic,0.4596537773846092,4807.034399215654,0.25813642347402005,1.0
basin,Middle Bakken / Three Forks Shale,2027-06-01,2302.784368316167,131.2578756630907,harmonic,0.4596537773846092,4807.034399215654,0.25813642347402005,1.0
basin,Middle Bakken / Three Forks Shale,2027-07-01,2288.525581187158,130.33917842889886,harmonic,0.4596537773846092,4807.034399215654,0.25813642347402005,1.0
basin,Middle Bakken / Three Forks Shale,2027-08-01,2274.442287561508,129.43325206006708,harmonic,0.4596537773846092,4807.034399215654,0.25813642347402005,1.0
basin,Middle Bakken / Three Forks Shale,2027-09-01,2260.531267361462,128.53983210184782,harmonic,0.4596537773846092,4807.034399215654,0.25813642347402005,1.0
basin,Middle Bakken / Three Forks Shale,2027-10-01,2246.7893788093575,127.65866135109141,harmonic,0.4596537773846092,4807.034399215654,0.25813642347402005,1.0
basin,Middle Bakken / Three Forks Shale,2027-11-01,2233.2135560620463,126.78948960938104,harmonic,0.4596537773846092,4807.034399215654,0.25813642347402005,1.0
basin,Middle Bakken / Three Forks Shale,2027-12-01,2219.8008069305733,125.9320734461848,harmonic,0.4596537773846092,4807.034399215654,0.25813642347402005,1.0
basin,Duperow,2026-01-01,663.6037905018093,22.89005753735953,exponential,0.5343253792730775,491.66668,0.02839905888534282,0.0
basin,Duperow,2026-02-01,659.6596635676382,22.249145173865152,exponential,0.5343253792730775,491.66668,0.02839905888534282,0.0
basin,Duperow,2026-03-01,655.7616483108158,21.626178097620897,exponential,0.5343253792730775,491.66668,0.02839905888534282,0.0
basin,Duperow,2026-04-01,651.9089436392637,21.020653847833646,exponential,0.5343253792730775,491.66668,0.02839905888534282,0.0
basin,Duperow,2026-05-01,648.1007668776556,20.432084032409477,exponential,0.5343253792730775,491.66668,0.02839905888534282,0.0
basin,Duperow,2026-06-01,644.3363532417588,19.85999393403578,exponential,0.5343253792730775,491.66668,0.02839905888534282,0.0
basin,Duperow,2026-07-01,640.614955330666,19.303922127292953,exponential,0.5343253792730775,491.66668,0.02839905888534282,0.0
basin,Duperow,2026-08-01,636.9358426362087,18.763420106486674,exponential,0.5343253792730775,491.66668,0.02839905888534282,0.0
basin,Duperow,2026-09-01,633.2983010688826,18.238051923900894,exponential,0.5343253792730775,491.66668,0.02839905888534282,0.0
basin,Duperow,2026-10-01,629.7016324996355,17.727393838179502,exponential,0.5343253792730775,491.66668,0.02839905888534282,0.0
basin,Duperow,2026-11-01,626.1451543169059,17.231033972553142,exponential,0.5343253792730775,491.66668,0.02839905888534282,0.0
basin,Duperow,2026-12-01,622.6281989983219,16.748571982635617,exponential,0.5343253792730775,491.66668,0.02839905888534282,0.0
basin,Duperow,2027-01-01,619.1501136964985,16.27961873352181,exponential,0.5343253792730775,491.66668,0.02839905888534282,0.0
basin,Duperow,2027-02-01,615.7102598383949,15.823795985926719,exponential,0.5343253792730775,491.66668,0.02839905888534282,0.0
basin,Duperow,2027-03-01,612.3080127377161,15.380736091112531,exponential,0.5343253792730775,491.66668,0.02839905888534282,0.0
basin,Duperow,2027-04-01,608.9427612198682,14.950081694357557,exponential,0.5343253792730775,491.66668,0.02839905888534282,0.0
basin,Duperow,2027-05-01,605.6139072589934,14.531485446727931,exponential,0.5343253792730775,491.66668,0.02839905888534282,0.0
basin,Duperow,2027-06-01,602.3208656266356,14.124609724919637,exponential,0.5343253792730775,491.66668,0.02839905888534282,0.0
basin,Duperow,2027-07-01,599.0630635516035,13.729126358944741,exponential,0.5343253792730775,491.66668,0.02839905888534282,0.0
basin,Duperow,2027-08-01,595.8399403906155,13.344716367442405,exponential,0.5343253792730775,491.66668,0.02839905888534282,0.0
basin,Duperow,2027-09-01,592.6509473093342,12.971069700401031,exponential,0.5343253792730775,491.66668,0.02839905888534282,0.0
basin,Duperow,2027-10-01,589.4955469734055,12.607884989084077,exponential,0.5343253792730775,491.66668,0.02839905888534282,0.0
basin,Duperow,2027-11-01,586.3732132491413,12.254869302957873,exponential,0.5343253792730775,491.66668,0.02839905888534282,0.0
basin,Duperow,2027-12-01,583.2834309134968,11.911737913425354,exponential,0.5343253792730775,491.66668,0.02839905888534282,0.0
well,33-053-07502-0000,2027-10-01,882.567427632453,243.78862288393503,hyperbolic,0.9612159557994637,61417.90189867083,0.22475560327269742,0.7329919577290913
well,33-053-07502-0000,2027-11-01,873.7948374369332,239.800082621162,hyperbolic,0.9612159557994637,61417.90189867083,0.22475560327269742,0.7329919577290913
well,33-053-07502-0000,2027-12-01,865.1722678494075,235.883696525108,hyperbolic,0.9612159557994637,61417.90189867083,0.22475560327269742,0.7329919577290913
well,33-053-06628-0000,2026-01-01,4151.181138009445,735.7621311285474,harmonic,0.42672058932435997,15794.396227384244,0.02983825234181242,1.0
well,33-053-06628-0000,2026-02-01,4118.879752479122,732.7547333835382,harmonic,0.42672058932435997,15794.396227384244,0.02983825234181242,1.0
well,33-053-06628-0000,2026-03-01,4087.077176015794,729.7718207880735,harmonic,0.42672058932435997,15794.396227384244,0.02983825234181242,1.0
well,33-053-06628-0000,2026-04-01,4055.761942976776,726.8130955305838,harmonic,0.42672058932435997,15794.396227384244,0.02983825234181242,1.0
well,33-053-06628-0000,2026-05-01,4024.9229364469825,723.8782646096864,harmonic,0.42672058932435997,15794.396227384244,0.02983825234181242,1.0
well,33-053-06628-0000,2026-06-01,3994.5493750807827,720.967039737459,harmonic,0.42672058932435997,15794.396227384244,0.02983825234181242,1.0
well,33-053-06628-0000,2026-07-01,3964.6308005351843,718.0791372450383,harmonic,0.42672058932435997,15794.396227384244,0.02983825234181242,1.0
well,33-053-06628-0000,2026-08-01,3935.1570654635457,715.2142779904797,harmonic,0.42672058932435997,15794.396227384244,0.02983825234181242,1.0
well,33-053-06628-0000,2026-09-01,3906.118322040887,712.3721872688121,harmonic,0.42672058932435997,15794.396227384244,0.02983825234181242,1.0
well,33-053-06628-0000,2026-10-01,3877.505010993531,709.5525947242296,harmonic,0.42672058932435997,15794.396227384244,0.02983825234181242,1.0
well,33-053-06628-0000,2026-11-01,3849.3078511073913,706.7552342643602,harmonic,0.42672058932435997,15794.396227384244,0.02983825234181242,1.0
well,33-053-06628-0000,2026-12-01,3821.5178291907423,703.9798439765545,harmonic,0.42672058932435997,15794.396227384244,0.02983825234181242,1.0
well,33-053-06628-0000,2027-01-01,3794.1261904686485,701.2261660461386,harmonic,0.42672058932435997,15794.396227384244,0.02983825234181242,1.0
well,33-053-06628-0000,2027-02-01,3767.124429387552,698.4939466765787,harmonic,0.42672058932435997,15794.396227384244,0.02983825234181242,1.0
well,33-053-06628-0000,2027-03-01,3740.5042808097396,695.7829360115051,harmonic,0.42672058932435997,15794.396227384244,0.02983825234181242,1.0
well,33-053-06628-0000,2027-04-01,3714.2577115785293,693.0928880585434,harmonic,0.42672058932435997,15794.396227384244,0.02983825234181242,1.0
well,33-053-06628-0000,2027-05-01,3688.376912436095,690.4235606149081,harmonic,0.42672058932435997,15794.396227384244,0.02983825234181242,1.0
well,33-053-06628-0000,2027-06-01,3662.8542902768554,687.7747151947071,harmonic,0.42672058932435997,15794.396227384244,0.02983825234181242,1.0
well,33-053-06628-0000,2027-07-01,3637.682460720279,685.1461169579146,harmonic,0.42672058932435997,15794.396227384244,0.02983825234181242,1.0
well,33-053-06628-0000,2027-08-01,3612.85424098784,682.537534640965,harmonic,0.42672058932435997,15794.396227384244,0.02983825234181242,1.0
well,33-053-06628-0000,2027-09-01,3588.362643069705,679.9487404889278,harmonic,0.42672058932435997,15794.396227384244,0.02983825234181242,1.0
well,33-053-06628-0000,2027-10-01,3564.2008671674853,677.3795101892198,harmonic,0.42672058932435997,15794.396227384244,0.02983825234181242,1.0
well,33-053-06628-0000,2027-11-01,3540.3622954001266,674.8296228068135,harmonic,0.42672058932435997,15794.396227384244,0.02983825234181242,1.0
well,33-053-06628-0000,2027-12-01,3516.840485760709,672.2988607209045,harmonic,0.42672058932435997,15794.396227384244,0.02983825234181242,1.0
well,33-053-05332-0000,2026-01-01,1353.0389032248625,105.66159646821852,hyperbolic,0.8766042104922397,39537.99925659181,0.1552292958567413,0.8909458844981453
well,33-053-05332-0000,2026-02-01,1342.728398694509,104.66213053198456,hyperbolic,0.8766042104922397,39537.99925659181,0.1552292958567413,0.8909458844981453
well,33-053-05332-0000,2026-03-01,1332.5654613807772,103.67878563589422,hyperbolic,0.8766042104922397,39537.99925659181,0.1552292958567413,0.8909458844981453
well,33-053-05332-0000,2026-04-01,1322.54700495643,102.71119565619294,hyperbolic,0.8766042104922397,39537.99925659181,0.1552292958567413,0.8909458844981453
well,33-053-05332-0000,2026-05-01,1312.670027749897,101.75900516166718,hyperbolic,0.8766042104922397,39537.99925659181,0.1552292958567413,0.8909458844981453
well,33-053-05332-0000,2026-06-01,1302.9316098790318,100.82186903285326,hyperbolic,0.8766042104922397,39537.99925659181,0.1552292958567413,0.8909458844981453
well,33-053-05332-0000,2026-07-01,1293.3289105000958,99.89945209721571,hyperbolic,0.8766042104922397,39537.99925659181,0.1552292958567413,0.8909458844981453
well,33-053-05332-0000,2026-08-01,1283.8591651666156,98.99142877952525,hyperbolic,0.8766042104922397,39537.99925659181,0.1552292958567413,0.8909458844981453
well,33-053-05332-0000,2026-09-01,1274.519683293044,98.09748276670898,hyperbolic,0.8766042104922397,39537.99925659181,0.1552292958567413,0.8909458844981453
well,33-053-05332-0000,2026-10-01,1265.3078457184138,97.21730668648442,hyperbolic,0.8766042104922397,39537.99925659181,0.1552292958567413,0.8909458844981453
well,33-053-05332-0000,2026-11-01,1256.2211023654324,96.35060179912637,hyperbolic,0.8766042104922397,39537.99925659181,0.1552292958567413,0.8909458844981453
well,33-053-05332-0000,2026-12-01,1247.2569699906921,95.49707770174943,hyperbolic,0.8766042104922397,39537.99925659181,0.1552292958567413,0.8909458844981453
well,33-053-05332-0000,2027-01-01,1238.413030021897,94.65645204452258,hyperbolic,0.8766042104922397,39537.99925659181,0.1552292958567413,0.8909458844981453
well,33-053-05332-0000,2027-02-01,1229.6869264782167,93.82845025826256,hyperbolic,0.8766042104922397,39537.99925659181,0.1552292958567413,0.8909458844981453
well,33-053-05332-0000,2027-03-01,1221.0763639700726,93.0128052928816,hyperbolic,0.8766042104922397,39537.99925659181,0.1552292958567413,0.8909458844981453
well,33-053-05332-0000,2027-04-01,1212.5791057748495,92.20925736619249,hyperbolic,0.8766042104922397,39537.99925659181,0.1552292958567413,0.8909458844981453
well,33-053-05332-0000,2027-05-01,1204.192971985199,91.41755372259978,hyperbolic,0.8766042104922397,39537.99925659181,0.1552292958567413,0.8909458844981453
well,33-053-05332-0000,2027-06-01,1195.9158377267704,90.63744840122983,hyperbolic,0.8766042104922397,39537.99925659181,0.1552292958567413,0.8909458844981453
well,33-053-05332-0000,2027-07-01,1187.7456314423584,89.8687020130752,hyperbolic,0.8766042104922397,39537.99925659181,0.1552292958567413,0.8909458844981453
well,33-053-05332-0000,2027-08-01,1179.680333239606,89.11108152675102,hyperbolic,0.8766042104922397,39537.99925659181,0.1552292958567413,0.8909458844981453
well,33-053-05332-0000,2027-09-01,1171.717973299539,88.36436006248029,hyperbolic,0.8766042104922397,39537.99925659181,0.1552292958567413,0.8909458844981453
well,33-053-05332-0000,2027-10-01,1163.8566303433436,87.62831669394535,hyperbolic,0.8766042104922397,39537.99925659181,0.1552292958567413,0.8909458844981453
well,33-053-05332-0000,2027-11-01,1156.094430154926,86.90273625765974,hyperbolic,0.8766042104922397,39537.99925659181,0.1552292958567413,0.8909458844981453
well,33-053-05332-0000,2027-12-01,1148.4295441568956,86.1874091695326,hyperbolic,0.8766042104922397,39537.99925659181,0.1552292958567413,0.8909458844981453
well,33-053-05132-0000,2026-01-01,1616.371214953858,72.90252377565598,hyperbolic,0.6746986540348712,19409.471404496955,0.04384002690101348,0.6103361377647297
well,33-053-05132-0000,2026-02-01,1600.9464391480606,71.4641540347742,hyperbolic,0.6746986540348712,19409.471404496955,0.04384002690101348,0.6103361377647297
well,33-053-05132-0000,2026-03-01,1585.7573257094873,70.05930186053106,hyperbolic,0.6746986540348712,19409.471404496955,0.04384002690101348,0.6103361377647297
well,33-053-05132-0000,2026-04-01,1570.798938114711,68.68706734247274,hyperbolic,0.6746986540348712,19409.471404496955,0.04384002690101348,0.6103361377647297
well,33-053-05132-0000,2026-05-01,1556.0664709138134,67.34657790013283,hyperbolic,0.6746986540348712,19409.471404496955,0.04384002690101348,0.6103361377647297
well,33-053-05132-0000,2026-06-01,1541.5552455239329,66.03698735750169,hyperbolic,0.6746986540348712,19409.471404496955,0.04384002690101348,0.6103361377647297
well,33-053-05132-0000,2026-07-01,1527.2607061808492,64.75747505205129,hyperbolic,0.6746986540348712,19409.471404496955,0.04384002690101348,0.6103361377647297
well,33-053-05132-0000,2026-08-01,1513.1784160418126,63.50724497690541,hyperbolic,0.6746986540348712,19409.471404496955,0.04384002690101348,0.6103361377647297
well,33-053-05132-0000,2026-09-01,1499.3040534331485,62.285524954808544,hyperbolic,0.6746986540348712,19409.471404496955,0.04384002690101348,0.6103361377647297
well,33-053-05132-0000,2026-10-01,1485.633408236491,61.09156584260633,hyperbolic,0.6746986540348712,19409.471404496955,0.04384002690101348,0.6103361377647297
well,33-053-05132-0000,2026-11-01,1472.1623784077753,59.92464076500605,hyperbolic,0.6746986540348712,19409.471404496955,0.04384002690101348,0.6103361377647297
well,33-053-05132-0000,2026-12-01,1458.886966623417,58.78404437644018,hyperbolic,0.6746986540348712,19409.471404496955,0.04384002690101348,0.6103361377647297
well,33-053-05132-0000,2027-01-01,1445.803277048355,57.66909214990703,hyperbolic,0.6746986540348712,19409.471404496955,0.04384002690101348,0.6103361377647297
well,33-053-05132-0000,2027-02-01,1432.9075122208935,56.57911969171153,hyperbolic,0.6746986540348712,19409.471404496955,0.04384002690101348,0.6103361377647297
well,33-053-05132-0000,2027-03-01,1420.1959700495097,55.51348208107539,hyperbolic,0.6746986540348712,19409.471404496955,0.04384002690101348,0.6103361377647297
well,33-053-05132-0000,2027-04-01,1407.6650409170243,54.47155323363157,hyperbolic,0.6746986540348712,19409.471404496955,0.04384002690101348,0.6103361377647297
well,33-053-05132-0000,2027-05-01,1395.3112048877422,53.45272528785834,hyperbolic,0.6746986540348712,19409.471404496955,0.04384002690101348,0.6103361377647297
well,33-053-05132-0000,2027-06-01,1383.1310290133695,52.45640801355028,hyperbolic,0.6746986540348712,19409.471404496955,0.04384002690101348,0.6103361377647297
well,33-053-05132-0000,2027-07-01,1371.1211647337147,51.48202824146202,hyperbolic,0.6746986540348712,19409.471404496955,0.04384002690101348,0.6103361377647297
well,33-053-05132-0000,2027-08-01,1359.2783453683478,50.52902931329597,hyperbolic,0.6746986540348712,19409.471404496955,0.04384002690101348,0.6103361377647297
well,33-053-05132-0000,2027-09-01,1347.5993836955843,49.59687055124183,hyperbolic,0.6746986540348712,19409.471404496955,0.04384002690101348,0.6103361377647297
well,33-053-05132-0000,2027-10-01,1336.0811696153078,48.685026746308544,hyperbolic,0.6746986540348712,19409.471404496955,0.04384002690101348,0.6103361377647297
well,33-053-05132-0000,2027-11-01,1324.7206678923098,47.79298766472121,hyperbolic,0.6746986540348712,19409.471404496955,0.04384002690101348,0.6103361377647297
well,33-053-05132-0000,2027-12-01,1313.5149159769724,46.92025757168635,hyperbolic,0.6746986540348712,19409.471404496955,0.04384002690101348,0.6103361377647297
well,33-053-04469-0000,2026-01-01,4036.077231909216,259.2264408692457,harmonic,0.4250517667329978,12405.582056400124,0.019562953865113874,1.0
well,33-053-04469-0000,2026-02-01,4010.5513454067736,257.0553915513759,harmonic,0.4250517667329978,12405.582056400124,0.019562953865113874,1.0
well,33-053-04469-0000,2026-03-01,3985.346303094539,254.9204057407513,harmonic,0.4250517667329978,12405.582056400124,0.019562953865113874,1.0
well,33-053-04469-0000,2026-04-01,3960.456093540741,252.82059225757163,harmonic,0.4250517667329978,12405.582056400124,0.019562953865113874,1.0
well,33-053-04469-0000,2026-05-01,3935.8748545574704,250.75508904521382,harmonic,0.4250517667329978,12405.582056400124,0.019562953865113874,1.0
well,33-053-04469-0000,2026-06-01,3911.5968685977145,248.72306199021483,harmonic,0.4250517667329978,12405.582056400124,0.019562953865113874,1.0
well,33-053-04469-0000,2026-07-01,3887.6165583217003,246.72370379916705,harmonic,0.4250517667329978,12405.582056400124,0.019562953865113874,1.0
well,33-053-04469-0000,2026-08-01,3863.928482325335,244.7562329293506,harmonic,0.4250517667329978,12405.582056400124,0.019562953865113874,1.0
well,33-053-04469-0000,2026-09-01,3840.5273310238576,242.8198925701261,harmonic,0.4250517667329978,12405.582056400124,0.019562953865113874,1.0
well,33-053-04469-0000,2026-10-01,3817.4079226841804,240.91394967229886,harmonic,0.4250517667329978,12405.582056400124,0.019562953865113874,1.0
well,33-053-04469-0000,2026-11-01,3794.5651995996695,239.0376940228394,harmonic,0.4250517667329978,12405.582056400124,0.019562953865113874,1.0
well,33-053-04469-0000,2026-12-01,3771.9942244014537,237.19043736250686,harmonic,0.4250517667329978,12405.582056400124,0.019562953865113874,1.0
well,33-053-04469-0000,2027-01-01,3749.6901765005987,235.37151254407203,harmonic,0.4250517667329978,12405.582056400124,0.019562953865113874,1.0
well,33-053-04469-0000,2027-02-01,3727.648348655766,233.58027272897704,harmonic,0.4250517667329978,12405.582056400124,0.019562953865113874,1.0
well,33-053-04469-0000,2027-03-01,3705.8641436612206,231.81609062040022,harmonic,0.4250517667329978,12405.582056400124,0.019562953865113874,1.0
well,33-053-04469-0000,2027-04-01,3684.333071150301,230.0783577308149,harmonic,0.4250517667329978,12405.582056400124,0.019562953865113874,1.0
well,33-053-04469-0000,2027-05-01,3663.0507445096646,228.36648368224675,harmonic,0.4250517667329978,12405.582056400124,0.019562953865113874,1.0
well,33-053-04469-0000,2027-06-01,3642.0128778998833,226.679895537538,harmonic,0.4250517667329978,12405.582056400124,0.019562953865113874,1.0
well,33-053-04469-0000,2027-07-01,3621.2152833781047,225.0180371610282,harmonic,0.4250517667329978,12405.582056400124,0.019562953865113874,1.0
well,33-053-04469-0000,2027-08-01,3600.653868118753,223.38036860715258,harmonic,0.4250517667329978,12405.582056400124,0.019562953865113874,1.0
well,33-053-04469-0000,2027-09-01,3580.3246317283715,221.76636553554573,harmonic,0.4250517667329978,12405.582056400124,0.019562953865113874,1.0
well,33-053-04469-0000,2027-10-01,3560.223663650926,220.17551865132006,harmonic,0.4250517667329978,12405.582056400124,0.019562953865113874,1.0
well,33-053-04469-0000,2027-11-01,3540.347140660012,218.60733316926388,harmonic,0.4250517667329978,12405.582056400124,0.019562953865113874,1.0
well,33-053-04469-0000,2027-12-01,3520.6913244346138,217.06132830077456,harmonic,0.4250517667329978,12405.582056400124,0.019562953865113874,1.0
well,33-053-05974-0000,2026-01-01,1517.150211209817,348.28664958895496,harmonic,0.45290740886132375,27452.430576920375,0.12757264703966623,1.0
well,33-053-05974-0000,2026-02-01,1506.5287863441533,348.28630134931774,harmonic,0.45290740886132375,27452.430576920375,0.12757264703966623,1.0
well,33-053-05974-0000,2026-03-01,1496.0550467260923,348.2859531103769,harmonic,0.45290740886132375,27452.430576920375,0.12757264703966623,1.0
well,33-053-05974-0000,2026-04-01,1485.7259333953439,348.2856048721324,harmonic,0.45290740886132375,27452.430576920375,0.12757264703966623,1.0
well,33-053-05974-0000,2026-05-01,1475.5384712914583,348.28525663458436,harmonic,0.45290740886132375,27452.430576920375,0.12757264703966623,1.0
well,33-053-05974-0000,2026-06-01,1465.4897663969543,348.28490839773264,harmonic,0.45290740886132375,27452.430576920375,0.12757264703966623,1.0
well,33-053-05974-0000,2026-07-01,1455.577002996394,348.28456016157725,harmonic,0.45290740886132375,27452.430576920375,0.12757264703966623,1.0
well,33-053-05974-0000,2026-08-01,1445.7974410459474,348.28421192611836,harmonic,0.45290740886132375,27452.430576920375,0.12757264703966623,1.0
well,33-053-05974-0000,2026-09-01,1436.1484136482923,348.2838636913557,harmonic,0.45290740886132375,27452.430576920375,0.12757264703966623,1.0
well,33-053-05974-0000,2026-10-01,1426.627324627952,348.2835154572895,harmonic,0.45290740886132375,27452.430576920375,0.12757264703966623,1.0
well,33-053-05974-0000,2026-11-01,1417.231646202448,348.2831672239197,harmonic,0.45290740886132375,27452.430576920375,0.12757264703966623,1.0
well,33-053-05974-0000,2026-12-01,1407.9589167448758,348.28281899124613,harmonic,0.45290740886132375,27452.430576920375,0.12757264703966623,1.0
well,33-053-05974-0000,2027-01-01,1398.8067386337418,348.2824707592691,harmonic,0.45290740886132375,27452.430576920375,0.12757264703966623,1.0
well,33-053-05974-0000,2027-02-01,1389.7727761861252,348.28212252798835,harmonic,0.45290740886132375,27452.430576920375,0.12757264703966623,1.0
well,33-053-05974-0000,2027-03-01,1380.8547536704086,348.2817742974039,harmonic,0.45290740886132375,27452.430576920375,0.12757264703966623,1.0
well,33-053-05974-0000,2027-04-01,1372.0504533950398,348.28142606751584,harmonic,0.45290740886132375,27452.430576920375,0.12757264703966623,1.0
well,33-053-05974-0000,2027-05-01,1363.3577138699409,348.2810778383241,harmonic,0.45290740886132375,27452.430576920375,0.12757264703966623,1.0
well,33-053-05974-0000,2027-06-01,1354.7744280373731,348.2807296098288,harmonic,0.45290740886132375,27452.430576920375,0.12757264703966623,1.0
well,33-053-05974-0000,2027-07-01,1346.298541569209,348.2803813820299,harmonic,0.45290740886132375,27452.430576920375,0.12757264703966623,1.0
well,33-053-05974-0000,2027-08-01,1337.9280512277232,348.2800331549272,harmonic,0.45290740886132375,27452.430576920375,0.12757264703966623,1.0
well,33-053-05974-0000,2027-09-01,1329.6610032871583,348.2796849285209,harmonic,0.45290740886132375,27452.430576920375,0.12757264703966623,1.0
well,33-053-05974-0000,2027-10-01,1321.4954920134467,348.279336702811,harmonic,0.45290740886132375,27452.430576920375,0.12757264703966623,1.0
well,33-053-05974-0000,2027-11-01,1313.4296581996077,348.2789884777973,harmonic,0.45290740886132375,27452.430576920375,0.12757264703966623,1.0
well,33-053-05974-0000,2027-12-01,1305.4616877544584,348.2786402534801,harmonic,0.45290740886132375,27452.430576920375,0.12757264703966623,1.0
well,33-053-07803-0000,2026-01-01,284.3239648258482,177.47956011755093,exponential,0.8149625749532126,35583.90121479946,0.05083720307623821,0.0
well,33-053-07803-0000,2026-02-01,270.2309884880968,173.3533772857691,exponential,0.8149625749532126,35583.90121479946,0.05083720307623821,0.0
well,33-053-07803-0000,2026-03-01,256.8365532746507,169.3231231612142,exponential,0.8149625749532126,35583.90121479946,0.05083720307623821,0.0
well,33-053-07803-0000,2026-04-01,244.10603486693813,165.38656751870107,exponential,0.8149625749532126,35583.90121479946,0.05083720307623821,0.0
well,33-053-07803-0000,2026-05-01,232.00652515663555,161.54153198305394,exponential,0.8149625749532126,35583.90121479946,0.05083720307623821,0.0
well,33-053-07803-0000,2026-06-01,220.5067471789362,157.78588882365727,exponential,0.8149625749532126,35583.90121479946,0.05083720307623821,0.0
well,33-053-07803-0000,2026-07-01,209.57697426228907,154.11755977703123,exponential,0.8149625749532126,35583.90121479946,0.05083720307623821,0.0
well,33-053-07803-0000,2026-08-01,199.1889531856096,150.53451489678184,exponential,0.8149625749532126,35583.90121479946,0.05083720307623821,0.0
well,33-053-07803-0000,2026-09-01,189.31583114432934,147.03477143028738,exponential,0.8149625749532126,35583.90121479946,0.05083720307623821,0.0
well,33-053-07803-0000,2026-10-01,179.93208633649022,143.61639272150092,exponential,0.8149625749532126,35583.90121479946,0.05083720307623821,0.0
well,33-053-07803-0000,2026-11-01,171.01346198945146,140.27748713926138,exponential,0.8149625749532126,35583.90121479946,0.05083720307623821,0.0
well,33-053-07803-0000,2026-12-01,162.53690365666884,137.01620703052015,exponential,0.8149625749532126,35583.90121479946,0.05083720307623821,0.0
well,33-053-07803-0000,2027-01-01,154.4804996224614,133.83074769790318,exponential,0.8149625749532126,35583.90121479946,0.05083720307623821,0.0
well,33-053-07803-0000,2027-02-01,146.82342426071037,130.71934640104467,exponential,0.8149625749532126,35583.90121479946,0.05083720307623821,0.0
well,33-053-07803-0000,2027-03-01,139.54588420107723,127.68028138113769,exponential,0.8149625749532126,35583.90121479946,0.05083720307623821,0.0
well,33-053-07803-0000,2027-04-01,132.62906716357932,124.7118709081627,exponential,0.8149625749532126,35583.90121479946,0.05083720307623821,0.0
well,33-053-07803-0000,2027-05-01,126.0550933292624,121.81247235026773,exponential,0.8149625749532126,35583.90121479946,0.05083720307623821,0.0
well,33-053-07803-0000,2027-06-01,119.80696912126433,118.98048126478345,exponential,0.8149625749532126,35583.90121479946,0.05083720307623821,0.0
well,33-053-07803-0000,2027-07-01,113.86854327679538,116.21433051037133,exponential,0.8149625749532126,35583.90121479946,0.05083720307623821,0.0
well,33-053-07803-0000,2027-08-01,108.2244650964808,113.51248937981343,exponential,0.8149625749532126,35583.90121479946,0.05083720307623821,0.0
well,33-053-07803-0000,2027-09-01,102.86014476314303,110.87346275296363,exponential,0.8149625749532126,35583.90121479946,0.05083720307623821,0.0
well,33-053-07803-0000,2027-10-01,97.76171562744719,108.29579026939156,exponential,0.8149625749532126,35583.90121479946,0.05083720307623821,0.0
well,33-053-07803-0000,2027-11-01,92.91599836291942,105.77804552026183,exponential,0.8149625749532126,35583.90121479946,0.05083720307623821,0.0
well,33-053-07803-0000,2027-12-01,88.31046689767963,103.318835259001,exponential,0.8149625749532126,35583.90121479946,0.05083720307623821,0.0
well,33-053-07858-0000,2026-01-01,626.3108053822239,1596.5198201765438,exponential,0.8138874998721352,34016.25881080555,0.043421164646808105,0.0
well,33-053-07858-0000,2026-02-01,599.6976295627928,1596.5182238051864,exponential,0.8138874998721352,34016.25881080555,0.043421164646808105,0.0
well,33-053-07858-0000,2026-03-01,574.2152998362428,1596.5166274370208,exponential,0.8138874998721352,34016.25881080555,0.043421164646808105,0.0
well,33-053-07858-0000,2026-04-01,549.8157643317851,1596.5150310720483,exponential,0.8138874998721352,34016.25881080555,0.043421164646808105,0.0
well,33-053-07858-0000,2026-05-01,526.4530129969637,1596.5134347102676,exponential,0.8138874998721352,34016.25881080555,0.043421164646808105,0.0
well,33-053-07858-0000,2026-06-01,504.08299083678844,1596.51183835168,exponential,0.8138874998721352,34016.25881080555,0.043421164646808105,0.0
well,33-053-07858-0000,2026-07-01,482.6635148395046,1596.5102419962845,exponential,0.8138874998721352,34016.25881080555,0.043421164646808105,0.0
well,33-053-07858-0000,2026-08-01,462.1541944323478,1596.508645644081,exponential,0.8138874998721352,34016.25881080555,0.043421164646808105,0.0
well,33-053-07858-0000,2026-09-01,442.5163553172946,1596.5070492950706,exponential,0.8138874998721352,34016.25881080555,0.043421164646808105,0.0
well,33-053-07858-0000,2026-10-01,423.7129665431763,1596.5054529492522,exponential,0.8138874998721352,34016.25881080555,0.043421164646808105,0.0
well,33-053-07858-0000,2026-11-01,405.70857067664724,1596.503856606626,exponential,0.8138874998721352,34016.25881080555,0.043421164646808105,0.0
well,33-053-07858-0000,2026-12-01,388.46921694032056,1596.5022602671925,exponential,0.8138874998721352,34016.25881080555,0.043421164646808105,0.0
well,33-053-07858-0000,2027-01-01,371.9623971920007,1596.500663930951,exponential,0.8138874998721352,34016.25881080555,0.043421164646808105,0.0
well,33-053-07858-0000,2027-02-01,356.1569846242794,1596.4990675979022,exponential,0.8138874998721352,34016.25881080555,0.043421164646808105,0.0
well,33-053-07858-0000,2027-03-01,341.02317506891046,1596.4974712680457,exponential,0.8138874998721352,34016.25881080555,0.043421164646808105,0.0
well,33-053-07858-0000,2027-04-01,326.5324307952731,1596.495874941381,exponential,0.8138874998721352,34016.25881080555,0.043421164646808105,0.0
well,33-053-07858-0000,2027-05-01,312.6574266969527,1596.4942786179092,exponential,0.8138874998721352,34016.25881080555,0.043421164646808105,0.0
well,33-053-07858-0000,2027-06-01,299.371998764955,1596.4926822976297,exponential,0.8138874998721352,34016.25881080555,0.043421164646808105,0.0
well,33-053-07858-0000,2027-07-01,286.6510947503996,1596.491085980542,exponential,0.8138874998721352,34016.25881080555,0.043421164646808105,0.0
well,33-053-07858-0000,2027-08-01,274.4707269236474,1596.489489666647,exponential,0.8138874998721352,34016.25881080555,0.043421164646808105,0.0
well,33-053-07858-0000,2027-09-01,262.8079268407904,1596.4878933559444,exponential,0.8138874998721352,34016.25881080555,0.043421164646808105,0.0
well,33-053-07858-0000,2027-10-01,251.64070203219742,1596.4862970484335,exponential,0.8138874998721352,34016.25881080555,0.043421164646808105,0.0
well,33-053-07858-0000,2027-11-01,240.94799453145285,1596.4847007441153,exponential,0.8138874998721352,34016.25881080555,0.043421164646808105,0.0
well,33-053-07858-0000,2027-12-01,230.7096411664784,1596.4831044429889,exponential,0.8138874998721352,34016.25881080555,0.043421164646808105,0.0
well,33-053-07856-0000,2026-01-01,796.799211976493,477.7704799300433,exponential,0.7950897987074992,28319.015716882506,0.03923830850724492,0.0
well,33-053-07856-0000,2026-02-01,766.1396078227527,467.91474770209044,exponential,0.7950897987074992,28319.015716882506,0.03923830850724492,0.0
well,33-053-07856-0000,2026-03-01,736.6597379266962,458.2623253516405,exponential,0.7950897987074992,28319.015716882506,0.03923830850724492,0.0
well,33-053-07856-0000,2026-04-01,708.314207934509,448.8090188822117,exponential,0.7950897987074992,28319.015716882506,0.03923830850724492,0.0
well,33-053-07856-0000,2026-05-01,681.0593701970656,439.55072081356377,exponential,0.7950897987074992,28319.015716882506,0.03923830850724492,0.0
well,33-053-07856-0000,2026-06-01,654.8532565594256,430.4834083969899,exponential,0.7950897987074992,28319.015716882506,0.03923830850724492,0.0
well,33-053-07856-0000,2026-07-01,629.6555137364923,421.6031418674243,exponential,0.7950897987074992,28319.015716882506,0.03923830850724492,0.0
well,33-053-07856-0000,2026-08-01,605.4273411753096,412.9060627316072,exponential,0.7950897987074992,28319.015716882506,0.03923830850724492,0.0
well,33-053-07856-0000,2026-09-01,582.1314313083276,404.38839209156066,exponential,0.7950897987074992,28319.015716882506,0.03923830850724492,0.0
well,33-053-07856-0000,2026-10-01,559.7319121056278,396.04642900265156,exponential,0.7950897987074992,28319.015716882506,0.03923830850724492,0.0
well,33-053-07856-0000,2026-11-01,538.1942918376487,387.87654886552247,exponential,0.7950897987074992,28319.015716882506,0.03923830850724492,0.0
well,33-053-07856-0000,2026-12-01,517.4854059633592,379.875201851197,exponential,0.7950897987074992,28319.015716882506,0.03923830850724492,0.0
well,33-053-07856-0000,2027-01-01,497.573366062092,372.038911358672,exponential,0.7950897987074992,28319.015716882506,0.03923830850724492,0.0
well,33-053-07856-0000,2027-02-01,478.42751073040034,364.36427250432695,exponential,0.7950897987074992,28319.015716882506,0.03923830850724492,0.0
well,33-053-07856-0000,2027-03-01,460.0183583683289,356.84795064249636,exponential,0.7950897987074992,28319.015716882506,0.03923830850724492,0.0
well,33-053-07856-0000,2027-04-01,442.3175617823975,349.4866799165587,exponential,0.7950897987074992,28319.015716882506,0.03923830850724492,0.0
well,33-053-07856-0000,2027-05-01,425.29786453538776,342.27726183991615,exponential,0.7950897987074992,28319.015716882506,0.03923830850724492,0.0
well,33-053-07856-0000,2027-06-01,408.9330589757272,335.21656390624497,exponential,0.7950897987074992,28319.015716882506,0.03923830850724492,0.0
well,33-053-07856-0000,2027-07-01,393.19794588183555,328.3015182284163,exponential,0.7950897987074992,28319.015716882506,0.03923830850724492,0.0
well,33-053-07856-0000,2027-08-01,378.0682956592943,321.5291202054923,exponential,0.7950897987074992,28319.015716882506,0.03923830850724492,0.0
well,33-053-07856-0000,2027-09-01,363.5208110310898,314.8964272172218,exponential,0.7950897987074992,28319.015716882506,0.03923830850724492,0.0
well,33-053-07856-0000,2027-10-01,349.5330911634795,308.4005573454658,exponential,0.7950897987074992,28319.015716882506,0.03923830850724492,0.0
well,33-053-07856-0000,2027-11-01,336.0835971722359,302.03868812199806,exponential,0.7950897987074992,28319.015716882506,0.03923830850724492,0.0
well,33-053-07856-0000,2027-12-01,323.1516189561608,295.80805530213775,exponential,0.7950897987074992,28319.015716882506,0.03923830850724492,0.0
well,33-053-05634-0000,2026-01-01,0.00999867017672772,73.32358296346571,harmonic,-0.1690232456621672,73.33333499999986,1.0000000000005442e-06,1.0
well,33-053-05634-0000,2026-02-01,0.009998660179395475,73.32350964970679,harmonic,-0.1690232456621672,73.33333499999986,1.0000000000005442e-06,1.0
well,33-053-05634-0000,2026-03-01,0.00999865018208321,73.32343633609449,harmonic,-0.1690232456621672,73.33333499999986,1.0000000000005442e-06,1.0
well,33-053-05634-0000,2026-04-01,0.009998640184790925,73.32336302262877,harmonic,-0.1690232456621672,73.33333499999986,1.0000000000005442e-06,1.0
well,33-053-05634-0000,2026-05-01,0.009998630187518625,73.32328970930968,harmonic,-0.1690232456621672,73.33333499999986,1.0000000000005442e-06,1.0
well,33-053-05634-0000,2026-06-01,0.009998620190266306,73.3232163961372,harmonic,-0.1690232456621672,73.33333499999986,1.0000000000005442e-06,1.0
well,33-053-05634-0000,2026-07-01,0.009998610193033969,73.3231430831113,harmonic,-0.1690232456621672,73.33333499999986,1.0000000000005442e-06,1.0
well,33-053-05634-0000,2026-08-01,0.009998600195821612,73.32306977023202,harmonic,-0.1690232456621672,73.33333499999986,1.0000000000005442e-06,1.0
well,33-053-05634-0000,2026-09-01,0.009998590198629236,73.32299645749934,harmonic,-0.1690232456621672,73.33333499999986,1.0000000000005442e-06,1.0
well,33-053-05634-0000,2026-10-01,0.009998580201456846,73.32292314491328,harmonic,-0.1690232456621672,73.33333499999986,1.0000000000005442e-06,1.0
well,33-053-05634-0000,2026-11-01,0.009998570204304436,73.32284983247382,harmonic,-0.1690232456621672,73.33333499999986,1.0000000000005442e-06,1.0
well,33-053-05634-0000,2026-12-01,0.009998560207172005,73.32277652018095,harmonic,-0.1690232456621672,73.33333499999986,1.0000000000005442e-06,1.0
well,33-053-05634-0000,2027-01-01,0.009998550210059555,73.3227032080347,harmonic,-0.1690232456621672,73.33333499999986,1.0000000000005442e-06,1.0
well,33-053-05634-0000,2027-02-01,0.009998540212967089,73.32262989603504,harmonic,-0.1690232456621672,73.33333499999986,1.0000000000005442e-06,1.0
well,33-053-05634-0000,2027-03-01,0.009998530215894603,73.32255658418198,harmonic,-0.1690232456621672,73.33333499999986,1.0000000000005442e-06,1.0
well,33-053-05634-0000,2027-04-01,0.009998520218842101,73.32248327247554,harmonic,-0.1690232456621672,73.33333499999986,1.0000000000005442e-06,1.0
well,33-053-05634-0000,2027-05-01,0.009998510221809576,73.32240996091568,harmonic,-0.1690232456621672,73.33333499999986,1.0000000000005442e-06,1.0
well,33-053-05634-0000,2027-06-01,0.009998500224797032,73.32233664950243,harmonic,-0.1690232456621672,73.33333499999986,1.0000000000005442e-06,1.0
well,33-053-05634-0000,2027-07-01,0.009998490227804472,73.32226333823579,harmonic,-0.1690232456621672,73.33333499999986,1.0000000000005442e-06,1.0
well,33-053-05634-0000,2027-08-01,0.009998480230831892,73.32219002711572,harmonic,-0.1690232456621672,73.33333499999986,1.0000000000005442e-06,1.0
well,33-053-05634-0000,2027-09-01,0.009998470233879293,73.32211671614229,harmonic,-0.1690232456621672,73.33333499999986,1.0000000000005442e-06,1.0
well,33-053-05634-0000,2027-10-01,0.009998460236946671,73.32204340531544,harmonic,-0.1690232456621672,73.33333499999986,1.0000000000005442e-06,1.0
well,33-053-05634-0000,2027-11-01,0.009998450240034035,73.32197009463519,harmonic,-0.1690232456621672,73.33333499999986,1.0000000000005442e-06,1.0
well,33-053-05634-0000,2027-12-01,0.009998440243141378,73.32189678410154,harmonic,-0.1690232456621672,73.33333499999986,1.0000000000005442e-06,1.0
well,33-053-06151-0000,2026-01-01,1309.3934341576248,73.32416947881515,harmonic,0.46911876222372384,30326.798606522843,0.17728761678743596,1.0
well,33-053-06151-0000,2026-02-01,1299.4467010615735,73.32409616388334,harmonic,0.46911876222372384,30326.798606522843,0.17728761678743596,1.0
well,33-053-06151-0000,2026-03-01,1289.6499482386012,73.32402284909816,harmonic,0.46911876222372384,30326.798606522843,0.17728761678743596,1.0
well,33-053-06151-0000,2026-04-01,1279.999808890135,73.32394953445959,harmonic,0.46911876222372384,30326.798606522843,0.17728761678743596,1.0
well,33-053-06151-0000,2026-05-01,1270.493016240918,73.32387621996762,harmonic,0.46911876222372384,30326.798606522843,0.17728761678743596,1.0
well,33-053-06151-0000,2026-06-01,1261.1263998519348,73.32380290562226,harmonic,0.46911876222372384,30326.798606522843,0.17728761678743596,1.0
well,33-053-06151-0000,2026-07-01,1251.8968820952412,73.3237295914235,harmonic,0.46911876222372384,30326.798606522843,0.17728761678743596,1.0
well,33-053-06151-0000,2026-08-01,1242.8014747824643,73.32365627737137,harmonic,0.46911876222372384,30326.798606522843,0.17728761678743596,1.0
well,33-053-06151-0000,2026-09-01,1233.837275939208,73.32358296346585,harmonic,0.46911876222372384,30326.798606522843,0.17728761678743596,1.0
well,33-053-06151-0000,2026-10-01,1225.0014667180583,73.32350964970692,harmonic,0.46911876222372384,30326.798606522843,0.17728761678743596,1.0
well,33-053-06151-0000,2026-11-01,1216.2913084432835,73.32343633609462,harmonic,0.46911876222372384,30326.798606522843,0.17728761678743596,1.0
well,33-053-06151-0000,2026-12-01,1207.704139780724,73.32336302262893,harmonic,0.46911876222372384,30326.798606522843,0.17728761678743596,1.0
well,33-053-06151-0000,2027-01-01,1199.2373740267265,73.3232897093098,harmonic,0.46911876222372384,30326.798606522843,0.17728761678743596,1.0
well,33-053-06151-0000,2027-02-01,1190.8884965103227,73.32321639613733,harmonic,0.46911876222372384,30326.798606522843,0.17728761678743596,1.0
well,33-053-06151-0000,2027-03-01,1182.6550621031704,73.32314308311145,harmonic,0.46911876222372384,30326.798606522843,0.17728761678743596,1.0
well,33-053-06151-0000,2027-04-01,1174.5346928320798,73.32306977023215,harmonic,0.46911876222372384,30326.798606522843,0.17728761678743596,1.0
well,33-053-06151-0000,2027-05-01,1166.525075589225,73.32299645749949,harmonic,0.46911876222372384,30326.798606522843,0.17728761678743596,1.0
well,33-053-06151-0000,2027-06-01,1158.6239599354108,73.3229231449134,harmonic,0.46911876222372384,30326.798606522843,0.17728761678743596,1.0
well,33-053-06151-0000,2027-07-01,1150.8291559920137,73.32284983247395,harmonic,0.46911876222372384,30326.798606522843,0.17728761678743596,1.0
well,33-053-06151-0000,2027-08-01,1143.1385324174473,73.3227765201811,harmonic,0.46911876222372384,30326.798606522843,0.17728761678743596,1.0
well,33-053-06151-0000,2027-09-01,1135.5500144642247,73.32270320803482,harmonic,0.46911876222372384,30326.798606522843,0.17728761678743596,1.0
well,33-053-06151-0000,2027-10-01,1128.0615821128965,73.32262989603517,harmonic,0.46911876222372384,30326.798606522843,0.17728761678743596,1.0
well,33-053-06151-0000,2027-11-01,1120.6712682793427,73.32255658418212,harmonic,0.46911876222372384,30326.798606522843,0.17728761678743596,1.0
well,33-053-06151-0000,2027-12-01,1113.377157092072,73.32248327247567,harmonic,0.46911876222372384,30326.798606522843,0.17728761678743596,1.0
well,33-053-06709-0000,2026-01-01,1505.787068478902,321.85637470703847,hyperbolic,0.9339436254233066,45640.470647930866,0.1887665321732334,0.8899582829887737
well,33-053-06709-0000,2026-02-01,1492.2528481430252,319.49083130686597,hyperbolic,0.9339436254233066,45640.470647930866,0.1887665321732334,0.8899582829887737
well,33-053-06709-0000,2026-03-01,1478.9467117584506,317.15980621199975,hyperbolic,0.9339436254233066,45640.470647930866,0.1887665321732334,0.8899582829887737
well,33-053-06709-0000,2026-04-01,1465.8630501022342,314.86254935185593,hyperbolic,0.9339436254233066,45640.470647930866,0.1887665321732334,0.8899582829887737
well,33-053-06709-0000,2026-05-01,1452.99643463724,312.59833223126725,hyperbolic,0.9339436254233066,45640.470647930866,0.1887665321732334,0.8899582829887737
well,33-053-06709-0000,2026-06-01,1440.3416103364518,310.3664471602637,hyperbolic,0.9339436254233066,45640.470647930866,0.1887665321732334,0.8899582829887737
well,33-053-06709-0000,2026-07-01,1427.89348884526,308.16620651661435,hyperbolic,0.9339436254233066,45640.470647930866,0.1887665321732334,0.8899582829887737
well,33-053-06709-0000,2026-08-01,1415.6471419633415,305.99694203951674,hyperbolic,0.9339436254233066,45640.470647930866,0.1887665321732334,0.8899582829887737
well,33-053-06709-0000,2026-09-01,1403.5977954288883,303.85800415290856,hyperbolic,0.9339436254233066,45640.470647930866,0.1887665321732334,0.8899582829887737
well,33-053-06709-0000,2026-10-01,1391.7408229889968,301.74876131696357,hyperbolic,0.9339436254233066,45640.470647930866,0.1887665321732334,0.8899582829887737
well,33-053-06709-0000,2026-11-01,1380.0717407409998,299.6685994064102,hyperbolic,0.9339436254233066,45640.470647930866,0.1887665321732334,0.8899582829887737
well,33-053-06709-0000,2026-12-01,1368.5862017304512,297.6169211143889,hyperbolic,0.9339436254233066,45640.470647930866,0.1887665321732334,0.8899582829887737
well,33-053-06709-0000,2027-01-01,1357.2799907923193,295.59314538063165,hyperbolic,0.9339436254233066,45640.470647930866,0.1887665321732334,0.8899582829887737
well,33-053-06709-0000,2027-02-01,1346.149019622743,293.5967068428135,hyperbolic,0.9339436254233066,45640.470647930866,0.1887665321732334,0.8899582829887737
well,33-053-06709-0000,2027-03-01,1335.1893220694533,291.62705530998943,hyperbolic,0.9339436254233066,45640.470647930866,0.1887665321732334,0.8899582829887737
well,33-053-06709-0000,2027-04-01,1324.3970496296508,289.68365525708384,hyperbolic,0.9339436254233066,45640.470647930866,0.1887665321732334,0.8899582829887737
well,33-053-06709-0000,2027-05-01,1313.7684671447896,287.76598533946026,hyperbolic,0.9339436254233066,45640.470647930866,0.1887665321732334,0.8899582829887737
well,33-053-06709-0000,2027-06-01,1303.2999486823155,285.87353792664356,hyperbolic,0.9339436254233066,45640.470647930866,0.1887665321732334,0.8899582829887737
well,33-053-06709-0000,2027-07-01,1292.98797359498,284.00581865432144,hyperbolic,0.9339436254233066,45640.470647930866,0.1887665321732334,0.8899582829887737
well,33-053-06709-0000,2027-08-01,1282.8291227488953,282.16234599379334,hyperbolic,0.9339436254233066,45640.470647930866,0.1887665321732334,0.8899582829887737
well,33-053-06709-0000,2027-09-01,1272.820074911967,280.3426508380789,hyperbolic,0.9339436254233066,45640.470647930866,0.1887665321732334,0.8899582829887737
well,33-053-06709-0000,2027-10-01,1262.957603294841,278.54627610393993,hyperbolic,0.9339436254233066,45640.470647930866,0.1887665321732334,0.8899582829887737
well,33-053-06709-0000,2027-11-01,1253.2385722369147,276.77277634910524,hyperbolic,0.9339436254233066,45640.470647930866,0.1887665321732334,0.8899582829887737
well,33-053-06709-0000,2027-12-01,1243.6599340303903,275.0217174040262,hyperbolic,0.9339436254233066,45640.470647930866,0.1887665321732334,0.8899582829887737
well,33-053-06288-0000,2026-01-01,1311.3880892406808,261.6355235116574,exponential,0.3861134335021952,12599.999999999998,0.019013534685945542,0.0
well,33-053-06288-0000,2026-02-01,1286.689513997648,261.6352618761936,exponential,0.3861134335021952,12599.999999999998,0.019013534685945542,0.0
well,33-053-06288-0000,2026-03-01,1262.45610968612,261.6350002409915,exponential,0.3861134335021952,12599.999999999998,0.019013534685945542,0.0
well,33-053-06288-0000,2026-04-01,1238.6791153150923,261.6347386060509,exponential,0.3861134335021952,12599.999999999998,0.019013534685945542,0.0
well,33-053-06288-0000,2026-05-01,1215.3499348973437,261.63447697137207,exponential,0.3861134335021952,12599.999999999998,0.019013534685945542,0.0
well,33-053-06288-0000,2026-06-01,1192.4601343417683,261.6342153369548,exponential,0.3861134335021952,12599.999999999998,0.019013534685945542,0.0
well,33-053-06288-0000,2026-07-01,1170.0014384042368,261.6339537027992,exponential,0.3861134335021952,12599.999999999998,0.019013534685945542,0.0
well,33-053-06288-0000,2026-08-01,1147.9657276958867,261.63369206890525,exponential,0.3861134335021952,12599.999999999998,0.019013534685945542,0.0
well,33-053-06288-0000,2026-09-01,1126.3450357477568,261.6334304352729,exponential,0.3861134335021952,12599.999999999998,0.019013534685945542,0.0
well,33-053-06288-0000,2026-10-01,1105.1315461307056,261.6331688019022,exponential,0.3861134335021952,12599.999999999998,0.019013534685945542,0.0
well,33-053-06288-0000,2026-11-01,1084.3175896295738,261.6329071687931,exponential,0.3861134335021952,12599.999999999998,0.019013534685945542,0.0
well,33-053-06288-0000,2026-12-01,1063.895641470569,261.63264553594564,exponential,0.3861134335021952,12599.999999999998,0.019013534685945542,0.0
well,33-053-06288-0000,2027-01-01,1043.8583186008682,261.6323839033598,exponential,0.3861134335021952,12599.999999999998,0.019013534685945542,0.0
well,33-053-06288-0000,2027-02-01,1024.1983770194581,261.63212227103566,exponential,0.3861134335021952,12599.999999999998,0.019013534685945542,0.0
well,33-053-06288-0000,2027-03-01,1004.9087091582427,261.63186063897314,exponential,0.3861134335021952,12599.999999999998,0.019013534685945542,0.0
well,33-053-06288-0000,2027-04-01,985.9823413124782,261.6315990071722,exponential,0.3861134335021952,12599.999999999998,0.019013534685945542,0.0
well,33-053-06288-0000,2027-05-01,967.4124311196018,261.63133737563294,exponential,0.3861134335021952,12599.999999999998,0.019013534685945542,0.0
well,33-053-06288-0000,2027-06-01,949.1922650855429,261.6310757443553,exponential,0.3861134335021952,12599.999999999998,0.019013534685945542,0.0
well,33-053-06288-0000,2027-07-01,931.3152561576255,261.6308141133393,exponential,0.3861134335021952,12599.999999999998,0.019013534685945542,0.0
well,33-053-06288-0000,2027-08-01,913.7749413431821,261.63055248258485,exponential,0.3861134335021952,12599.999999999998,0.019013534685945542,0.0
well,33-053-06288-0000,2027-09-01,896.5649793730151,261.6302908520921,exponential,0.3861134335021952,12599.999999999998,0.019013534685945542,0.0
well,33-053-06288-0000,2027-10-01,879.6791484088694,261.630029221861,exponential,0.3861134335021952,12599.999999999998,0.019013534685945542,0.0
well,33-053-06288-0000,2027-11-01,863.111343794079,261.6297675918915,exponential,0.3861134335021952,12599.999999999998,0.019013534685945542,0.0
well,33-053-06288-0000,2027-12-01,846.8555758465782,261.62950596218366,exponential,0.3861134335021952,12599.999999999998,0.019013534685945542,0.0
well,33-053-05973-0000,2026-01-01,1407.1895656012205,1066.4478295306803,harmonic,0.4563354826150714,27130.842957680044,0.1364191202948808,1.0
well,33-053-05973-0000,2026-02-01,1397.3027806797909,1066.446763083384,harmonic,0.4563354826150714,27130.842957680044,0.1364191202948808,1.0
well,33-053-05973-0000,2026-03-01,1387.553953767535,1066.445696637154,harmonic,0.4563354826150714,27130.842957680044,0.1364191202948808,1.0
well,33-053-05973-0000,2026-04-01,1377.9402173177075,1066.4446301919909,harmonic,0.4563354826150714,27130.842957680044,0.1364191202948808,1.0
well,33-053-05973-0000,2026-05-01,1368.4587827084877,1066.443563747894,harmonic,0.4563354826150714,27130.842957680044,0.1364191202948808,1.0
well,33-053-05973-0000,2026-06-01,1359.1069375461736,1066.4424973048633,harmonic,0.4563354826150714,27130.842957680044,0.1364191202948808,1.0
well,33-053-05973-0000,2026-07-01,1349.8820430782014,1066.441430862899,harmonic,0.4563354826150714,27130.842957680044,0.1364191202948808,1.0
well,33-053-05973-0000,2026-08-01,1340.7815317108104,1066.4403644220015,harmonic,0.4563354826150714,27130.842957680044,0.1364191202948808,1.0
well,33-053-05973-0000,2026-09-01,1331.8029046264478,1066.4392979821703,harmonic,0.4563354826150714,27130.842957680044,0.1364191202948808,1.0
well,33-053-05973-0000,2026-10-01,1322.9437294962631,1066.4382315434057,harmonic,0.4563354826150714,27130.842957680044,0.1364191202948808,1.0
well,33-053-05973-0000,2026-11-01,1314.2016382833049,1066.4371651057072,harmonic,0.4563354826150714,27130.842957680044,0.1364191202948808,1.0
well,33-053-05973-0000,2026-12-01,1305.5743251322394,1066.4360986690754,harmonic,0.4563354826150714,27130.842957680044,0.1364191202948808,1.0
well,33-053-05973-0000,2027-01-01,1297.0595443416519,1066.43503223351,harmonic,0.4563354826150714,27130.842957680044,0.1364191202948808,1.0
well,33-053-05973-0000,2027-02-01,1288.6551084151758,1066.4339657990108,harmonic,0.4563354826150714,27130.842957680044,0.1364191202948808,1.0
well,33-053-05973-0000,2027-03-01,1280.3588861879052,1066.4328993655784,harmonic,0.4563354826150714,27130.842957680044,0.1364191202948808,1.0
well,33-053-05973-0000,2027-04-01,1272.1688010247142,1066.4318329332123,harmonic,0.4563354826150714,27130.842957680044,0.1364191202948808,1.0
well,33-053-05973-0000,2027-05-01,1264.0828290872862,1066.4307665019126,harmonic,0.4563354826150714,27130.842957680044,0.1364191202948808,1.0
well,33-053-05973-0000,2027-06-01,1256.098997666814,1066.429700071679,harmonic,0.4563354826150714,27130.842957680044,0.1364191202948808,1.0
well,33-053-05973-0000,2027-07-01,1248.2153835794886,1066.4286336425123,harmonic,0.4563354826150714,27130.842957680044,0.1364191202948808,1.0
well,33-053-05973-0000,2027-08-01,1240.430111622031,1066.4275672144117,harmonic,0.4563354826150714,27130.842957680044,0.1364191202948808,1.0
well,33-053-05973-0000,2027-09-01,1232.741353084665,1066.426500787378,harmonic,0.4563354826150714,27130.842957680044,0.1364191202948808,1.0
well,33-053-05973-0000,2027-10-01,1225.1473243190528,1066.4254343614102,harmonic,0.4563354826150714,27130.842957680044,0.1364191202948808,1.0
well,33-053-05973-0000,2027-11-01,1217.6462853588382,1066.424367936509,harmonic,0.4563354826150714,27130.842957680044,0.1364191202948808,1.0
well,33-053-05973-0000,2027-12-01,1210.2365385905557,1066.4233015126745,harmonic,0.4563354826150714,27130.842957680044,0.1364191202948808,1.0
well,33-053-05539-0000,2026-01-01,1260.7524033950879,30.15581575032119,hyperbolic,0.8589174867772832,32387.94961986129,0.09296772083009956,0.6906521287837555
well,33-053-05539-0000,2026-02-01,1248.4014827791193,29.112423655324413,hyperbolic,0.8589174867772832,32387.94961986129,0.09296772083009956,0.6906521287837555
well,33-053-05539-0000,2026-03-01,1236.2537482002988,28.10513295691778,hyperbolic,0.8589174867772832,32387.94961986129,0.09296772083009956,0.6906521287837555
well,33-053-05539-0000,2026-04-01,1224.304522959819,27.132694545737728,hyperbolic,0.8589174867772832,32387.94961986129,0.09296772083009956,0.6906521287837555
well,33-053-05539-0000,2026-05-01,1212.5492683003404,26.193902531640635,hyperbolic,0.8589174867772832,32387.94961986129,0.09296772083009956,0.6906521287837555
well,33-053-05539-0000,2026-06-01,1200.9835784554461,25.2875927483167,hyperbolic,0.8589174867772832,32387.94961986129,0.09296772083009956,0.6906521287837555
well,33-053-05539-0000,2026-07-01,1189.603175908001,24.412641309644055,hyperbolic,0.8589174867772832,32387.94961986129,0.09296772083009956,0.6906521287837555
well,33-053-05539-0000,2026-08-01,1178.4039068472953,23.567963215992975,hyperbolic,0.8589174867772832,32387.94961986129,0.09296772083009956,0.6906521287837555
well,33-053-05539-0000,2026-09-01,1167.3817368154184,22.75251100875232,hyperbolic,0.8589174867772832,32387.94961986129,0.09296772083009956,0.6906521287837555
well,33-053-05539-0000,2026-10-01,1156.5327465338062,21.96527347140908,hyperbolic,0.8589174867772832,32387.94961986129,0.09296772083009956,0.6906521287837555
well,33-053-05539-0000,2026-11-01,1145.8531279014105,21.205274375570795,hyperbolic,0.8589174867772832,32387.94961986129,0.09296772083009956,0.6906521287837555
well,33-053-05539-0000,2026-12-01,1135.3391801563873,20.47157127037548,hyperbolic,0.8589174867772832,32387.94961986129,0.09296772083009956,0.6906521287837555
well,33-053-05539-0000,2027-01-01,1124.9873061936369,19.763254313788245,hyperbolic,0.8589174867772832,32387.94961986129,0.09296772083009956,0.6906521287837555
well,33-053-05539-0000,2027-02-01,1114.7940090309294,19.07944514433484,hyperbolic,0.8589174867772832,32387.94961986129,0.09296772083009956,0.6906521287837555
well,33-053-05539-0000,2027-03-01,1104.7558884167345,18.419295791873314,hyperbolic,0.8589174867772832,32387.94961986129,0.09296772083009956,0.6906521287837555
well,33-053-05539-0000,2027-04-01,1094.869637573236,17.781987626053148,hyperbolic,0.8589174867772832,32387.94961986129,0.09296772083009956,0.6906521287837555
well,33-053-05539-0000,2027-05-01,1085.132040068339,17.166730341157553,hyperbolic,0.8589174867772832,32387.94961986129,0.09296772083009956,0.6906521287837555
well,33-053-05539-0000,2027-06-01,1075.539966810812,16.57276097607036,hyperbolic,0.8589174867772832,32387.94961986129,0.09296772083009956,0.6906521287837555
well,33-053-05539-0000,2027-07-01,1066.090373162996,15.999342968151979,hyperbolic,0.8589174867772832,32387.94961986129,0.09296772083009956,0.6906521287837555
well,33-053-05539-0000,2027-08-01,1056.7802961657976,15.445765239851452,hyperbolic,0.8589174867772832,32387.94961986129,0.09296772083009956,0.6906521287837555
well,33-053-05539-0000,2027-09-01,1047.6068518709558,14.911341316921591,hyperbolic,0.8589174867772832,32387.94961986129,0.09296772083009956,0.6906521287837555
well,33-053-05539-0000,2027-10-01,1038.567232775819,14.39540847714394,hyperbolic,0.8589174867772832,32387.94961986129,0.09296772083009956,0.6906521287837555
well,33-053-05539-0000,2027-11-01,1029.6587053561109,13.897326928507951,hyperbolic,0.8589174867772832,32387.94961986129,0.09296772083009956,0.6906521287837555
well,33-053-05539-0000,2027-12-01,1020.878607692382,13.416479015825095,hyperbolic,0.8589174867772832,32387.94961986129,0.09296772083009956,0.6906521287837555
well,33-053-07707-0000,2026-01-01,2720.2018795968365,1108.5107100624734,exponential,0.2709017238274076,9159.99999987628,0.01278042190188225,0.0
well,33-053-07707-0000,2026-02-01,2685.65776628778,1097.0857826207307,exponential,0.2709017238274076,9159.99999987628,0.01278042190188225,0.0
well,33-053-07707-0000,2026-03-01,2651.5523320978214,1085.7786068306987,exponential,0.2709017238274076,9159.99999987628,0.01278042190188225,0.0
well,33-053-07707-0000,2026-04-01,2617.8800061973434,1074.5879690784138,exponential,0.2709017238274076,9159.99999987628,0.01278042190188225,0.0
well,33-053-05920-0000,2026-01-01,3421.967634531019,491.43922819150436,exponential,0.39527460704575534,11649.99999999836,0.01038212256476855,0.0
well,33-053-05920-0000,2026-02-01,3386.62413487719,485.3269196596244,exponential,0.39527460704575534,11649.99999999836,0.01038212256476855,0.0
well,33-053-05920-0000,2026-03-01,3351.645677532696,479.29063337718196,exponential,0.39527460704575534,11649.99999999836,0.01038212256476855,0.0
well,33-053-05920-0000,2026-04-01,3317.0284921893076,473.3294238123244,exponential,0.39527460704575534,11649.99999999836,0.01038212256476855,0.0
well,33-053-05920-0000,2026-05-01,3282.768847480102,467.44235719331516,exponential,0.39527460704575534,11649.99999999836,0.01038212256476855,0.0
well,33-053-05920-0000,2026-06-01,3248.8630505772576,461.628511362267,exponential,0.39527460704575534,11649.99999999836,0.01038212256476855,0.0
well,33-053-05920-0000,2026-07-01,3215.307446794012,455.8869756306931,exponential,0.39527460704575534,11649.99999999836,0.01038212256476855,0.0
well,33-053-05920-0000,2026-08-01,3182.0984191907173,450.2168506368566,exponential,0.39527460704575534,11649.99999999836,0.01038212256476855,0.0
well,33-053-05920-0000,2026-09-01,3149.2323881849825,444.6172482048924,exponential,0.39527460704575534,11649.99999999836,0.01038212256476855,0.0
well,33-053-05920-0000,2026-10-01,3116.705811165823,439.0872912056829,exponential,0.39527460704575534,11649.99999999836,0.01038212256476855,0.0
well,33-053-05920-0000,2026-11-01,3084.5151821118097,433.626113419463,exponential,0.39527460704575534,11649.99999999836,0.01038212256476855,0.0
well,33-053-05920-0000,2026-12-01,3052.657031213156,428.2328594001342,exponential,0.39527460704575534,11649.99999999836,0.01038212256476855,0.0
well,33-053-05920-0000,2027-01-01,3021.1279244977063,422.90668434126655,exponential,0.39527460704575534,11649.99999999836,0.01038212256476855,0.0
well,33-053-05920-0000,2027-02-01,2989.9244634607962,417.6467539437671,exponential,0.39527460704575534,11649.99999999836,0.01038212256476855,0.0
well,33-053-05920-0000,2027-03-01,2959.043284698921,412.45224428519424,exponential,0.39527460704575534,11649.99999999836,0.01038212256476855,0.0
well,33-053-05920-0000,2027-04-01,2928.4810595472054,407.3223416906968,exponential,0.39527460704575534,11649.99999999836,0.01038212256476855,0.0
well,33-053-05920-0000,2027-05-01,2898.2344937206003,402.25624260556003,exponential,0.39527460704575534,11649.99999999836,0.01038212256476855,0.0
well,33-053-05920-0000,2027-06-01,2868.300326958802,397.25315346933456,exponential,0.39527460704575534,11649.99999999836,0.01038212256476855,0.0
well,33-053-05920-0000,2027-07-01,2838.675332674821,392.31229059153316,exponential,0.39527460704575534,11649.99999999836,0.01038212256476855,0.0
well,33-053-05920-0000,2027-08-01,2809.3563176072007,387.43288002887147,exponential,0.39527460704575534,11649.99999999836,0.01038212256476855,0.0
well,33-053-05920-0000,2027-09-01,2780.340121475807,382.6141574640369,exponential,0.39527460704575534,11649.99999999836,0.01038212256476855,0.0
well,33-053-05920-0000,2027-10-01,2751.6236166411913,377.8553680859653,exponential,0.39527460704575534,11649.99999999836,0.01038212256476855,0.0
well,33-053-05920-0000,2027-11-01,2723.2037077674604,373.15576647160566,exponential,0.39527460704575534,11649.99999999836,0.01038212256476855,0.0
well,33-053-05920-0000,2027-12-01,2695.077331488634,368.5146164691566,exponential,0.39527460704575534,11649.99999999836,0.01038212256476855,0.0
well,33-053-05661-0000,2026-01-01,1168.7692978998452,146.2957636447576,hyperbolic,0.7660442060497301,42266.314039937526,0.07428827118392772,0.4903024895534217
well,33-053-05661-0000,2026-02-01,1153.9610591646497,142.12032089759145,hyperbolic,0.7660442060497301,42266.314039937526,0.07428827118392772,0.4903024895534217
well,33-053-05661-0000,2026-03-01,1139.4307031076512,138.0640499001773,hyperbolic,0.7660442060497301,42266.314039937526,0.07428827118392772,0.4903024895534217
well,33-053-05661-0000,2026-04-01,1125.171342118139,134.1235493590959,hyperbolic,0.7660442060497301,42266.314039937526,0.07428827118392772,0.4903024895534217
well,33-053-05661-0000,2026-05-01,1111.176300263688,130.29551505760034,hyperbolic,0.7660442060497301,42266.314039937526,0.07428827118392772,0.4903024895534217
well,33-053-05661-0000,2026-06-01,1097.439105540996,126.57673708494077,hyperbolic,0.7660442060497301,42266.314039937526,0.07428827118392772,0.4903024895534217
well,33-053-05661-0000,2026-07-01,1083.9534824553748,122.96409714476698,hyperbolic,0.7660442060497301,42266.314039937526,0.07428827118392772,0.4903024895534217
well,33-053-05661-0000,2026-08-01,1070.7133449130883,119.45456594035225,hyperbolic,0.7660442060497301,42266.314039937526,0.07428827118392772,0.4903024895534217
well,33-053-05661-0000,2026-09-01,1057.7127894115454,116.04520063444579,hyperbolic,0.7660442060497301,42266.314039937526,0.07428827118392772,0.4903024895534217
well,33-053-05661-0000,2026-10-01,1044.9460885131905,112.73314238162367,hyperbolic,0.7660442060497301,42266.314039937526,0.07428827118392772,0.4903024895534217
well,33-053-05661-0000,2026-11-01,1032.4076845896682,109.51561393106911,hyperbolic,0.7660442060497301,42266.314039937526,0.07428827118392772,0.4903024895534217
well,33-053-05661-0000,2026-12-01,1020.0921838235535,106.38991729777281,hyperbolic,0.7660442060497301,42266.314039937526,0.07428827118392772,0.4903024895534217
well,33-053-05661-0000,2027-01-01,1007.9943504556067,103.35343150019851,hyperbolic,0.7660442060497301,42266.314039937526,0.07428827118392772,0.4903024895534217
well,33-053-05661-0000,2027-02-01,996.1091012661467,100.40361036251923,hyperbolic,0.7660442060497301,42266.314039937526,0.07428827118392772,0.4903024895534217
well,33-053-05661-0000,2027-03-01,984.4315002797157,97.53798037957955,hyperbolic,0.7660442060497301,42266.314039937526,0.07428827118392772,0.4903024895534217
well,33-053-05661-0000,2027-04-01,972.9567536827827,94.75413864279419,hyperbolic,0.7660442060497301,42266.314039937526,0.07428827118392772,0.4903024895534217
well,33-053-05661-0000,2027-05-01,961.6802049447515,92.04975082524436,hyperbolic,0.7660442060497301,42266.314039937526,0.07428827118392772,0.4903024895534217
well,33-053-05661-0000,2027-06-01,950.597330133036,89.42254922428064,hyperbolic,0.7660442060497301,42266.314039937526,0.07428827118392772,0.4903024895534217
well,33-053-05661-0000,2027-07-01,939.7037334134368,86.87033085999296,hyperbolic,0.7660442060497301,42266.314039937526,0.07428827118392772,0.4903024895534217
well,33-053-05661-0000,2027-08-01,928.9951427275003,84.39095562795234,hyperbolic,0.7660442060497301,42266.314039937526,0.07428827118392772,0.4903024895534217
well,33-053-05661-0000,2027-09-01,918.4674056389466,81.98234450467474,hyperbolic,0.7660442060497301,42266.314039937526,0.07428827118392772,0.4903024895534217
well,33-053-05661-0000,2027-10-01,908.1164853416622,79.6424778043037,hyperbolic,0.7660442060497301,42266.314039937526,0.07428827118392772,0.4903024895534217
well,33-053-05661-0000,2027-11-01,897.9384568221163,77.36939348504879,hyperbolic,0.7660442060497301,42266.314039937526,0.07428827118392772,0.4903024895534217
well,33-053-05661-0000,2027-12-01,887.9295031694193,75.16118550396023,hyperbolic,0.7660442060497301,42266.314039937526,0.07428827118392772,0.4903024895534217
well,33-053-05917-0000,2026-01-01,1351.3880300719939,143.87135587962587,exponential,0.6345771442387098,21503.890590963576,0.020962891225857025,0.0
well,33-053-05917-0000,2026-02-01,1323.3538946682895,142.60822054932456,exponential,0.6345771442387098,21503.890590963576,0.020962891225857025,0.0
well,33-053-05917-0000,2026-03-01,1295.9013189131426,141.36442963284273,exponential,0.6345771442387098,21503.890590963576,0.020962891225857025,0.0
well,33-053-05917-0000,2026-04-01,1269.0182385277744,140.13956211900407,exponential,0.6345771442387098,21503.890590963576,0.020962891225857025,0.0
well,33-053-05917-0000,2026-05-01,1242.6928395032155,138.93320883941752,exponential,0.6345771442387098,21503.890590963576,0.020962891225857025,0.0
well,33-053-05917-0000,2026-06-01,1216.913552908535,137.7449720609377,exponential,0.6345771442387098,21503.890590963576,0.020962891225857025,0.0
well,33-053-05917-0000,2026-07-01,1191.6690498067699,136.57446509467738,exponential,0.6345771442387098,21503.890590963576,0.020962891225857025,0.0
well,33-053-05917-0000,2026-08-01,1166.948236276324,135.42131192079856,exponential,0.6345771442387098,21503.890590963576,0.020962891225857025,0.0
well,33-053-05917-0000,2026-09-01,1142.7402485356442,134.28514682834918,exponential,0.6345771442387098,21503.890590963576,0.020962891225857025,0.0
well,33-053-05917-0000,2026-10-01,1119.0344481690358,133.16561406945146,exponential,0.6345771442387098,21503.890590963576,0.020962891225857025,0.0
well,33-053-05917-0000,2026-11-01,1095.8204174515156,132.06236752718345,exponential,0.6345771442387098,21503.890590963576,0.020962891225857025,0.0
well,33-053-05917-0000,2026-12-01,1073.0879547706506,130.9750703965296,exponential,0.6345771442387098,21503.890590963576,0.020962891225857025,0.0
well,33-053-05917-0000,2027-01-01,1050.8270701433673,129.90339487780872,exponential,0.6345771442387098,21503.890590963576,0.020962891225857025,0.0
well,33-053-05917-0000,2027-02-01,1029.0279808257662,128.8470218820178,exponential,0.6345771442387098,21503.890590963576,0.020962891225857025,0.0
well,33-053-05917-0000,2027-03-01,1007.6811070140061,127.80564074755769,exponential,0.6345771442387098,21503.890590963576,0.020962891225857025,0.0
well,33-053-05917-0000,2027-04-01,986.7770676343764,126.77894896783586,exponential,0.6345771442387098,21503.890590963576,0.020962891225857025,0.0
well,33-053-05917-0000,2027-05-01,966.3066762206989,125.76665192926434,exponential,0.6345771442387098,21503.890590963576,0.020962891225857025,0.0
well,33-053-05917-0000,2027-06-01,946.2609368772543,124.76846265919671,exponential,0.6345771442387098,21503.890590963576,0.020962891225857025,0.0
well,33-053-05917-0000,2027-07-01,926.6310403254549,123.78410158337003,exponential,0.6345771442387098,21503.890590963576,0.020962891225857025,0.0
well,33-053-05917-0000,2027-08-01,907.4083600325305,122.81329629243874,exponential,0.6345771442387098,21503.890590963576,0.020962891225857025,0.0
well,33-053-05917-0000,2027-09-01,888.5844484205193,121.8557813172087,exponential,0.6345771442387098,21503.890590963576,0.020962891225857025,0.0
well,33-053-05917-0000,2027-10-01,870.1510331539066,120.91129791219758,exponential,0.6345771442387098,21503.890590963576,0.020962891225857025,0.0
well,33-053-05917-0000,2027-11-01,852.1000135042726,119.9795938471668,exponential,0.6345771442387098,21503.890590963576,0.020962891225857025,0.0
well,33-053-05917-0000,2027-12-01,834.4234567903552,119.06042320628666,exponential,0.6345771442387098,21503.890590963576,0.020962891225857025,0.0
well,33-053-05921-0000,2026-01-01,1337.9736205863408,419.73401848776814,exponential,0.6644027110190036,21299.99999999979,0.022872320882309803,0.0
well,33-053-05921-0000,2026-02-01,1307.7183813477186,416.1013653319057,exponential,0.6644027110190036,21299.99999999979,0.022872320882309803,0.0
well,33-053-05921-0000,2026-03-01,1278.1472957331302,412.5230973437918,exponential,0.6644027110190036,21299.99999999979,0.022872320882309803,0.0
well,33-053-05921-0000,2026-04-01,1249.244893159859,408.99806113689016,exponential,0.6644027110190036,21299.99999999979,0.022872320882309803,0.0
well,33-053-05921-0000,2026-05-01,1220.9960528773313,405.52513488800423,exponential,0.6644027110190036,21299.99999999979,0.022872320882309803,0.0
well,33-053-05921-0000,2026-06-01,1193.3859960564591,402.1032272815837,exponential,0.6644027110190036,21299.99999999979,0.022872320882309803,0.0
well,33-053-05921-0000,2026-07-01,1166.4002780578583,398.7312764956794,exponential,0.6644027110190036,21299.99999999979,0.022872320882309803,0.0
well,33-053-05921-0000,2026-08-01,1140.0247808749086,395.4082492276593,exponential,0.6644027110190036,21299.99999999979,0.022872320882309803,0.0
well,33-053-05921-0000,2026-09-01,1114.245705747693,392.13313975788935,exponential,0.6644027110190036,21299.99999999979,0.022872320882309803,0.0
well,33-053-05921-0000,2026-10-01,1089.049565943957,388.9049690496782,exponential,0.6644027110190036,21299.99999999979,0.022872320882309803,0.0
well,33-053-05921-0000,2026-11-01,1064.4231797033133,385.7227838838709,exponential,0.6644027110190036,21299.99999999979,0.022872320882309803,0.0
well,33-053-05921-0000,2026-12-01,1040.3536633409904,382.58565602655517,exponential,0.6644027110190036,21299.99999999979,0.022872320882309803,0.0
well,33-053-05921-0000,2027-01-01,1016.8284245075337,379.4926814284244,exponential,0.6644027110190036,21299.99999999979,0.022872320882309803,0.0
well,33-053-05921-0000,2027-02-01,993.8351556009127,376.4429794544102,exponential,0.6644027110190036,21299.99999999979,0.022872320882309803,0.0
well,33-053-05921-0000,2027-03-01,971.361827327608,373.4356921422691,exponential,0.6644027110190036,21299.99999999979,0.022872320882309803,0.0
well,33-053-05921-0000,2027-04-01,949.3966824092929,370.4699834888705,exponential,0.6644027110190036,21299.99999999979,0.022872320882309803,0.0
well,33-053-05921-0000,2027-05-01,927.9282294318268,367.545038762995,exponential,0.6644027110190036,21299.99999999979,0.022872320882309803,0.0
well,33-053-05921-0000,2027-06-01,906.9452368333423,364.6600638435101,exponential,0.6644027110190036,21299.99999999979,0.022872320882309803,0.0
well,33-053-05921-0000,2027-07-01,886.4367270282709,361.8142845818443,exponential,0.6644027110190036,21299.99999999979,0.022872320882309803,0.0
well,33-053-05921-0000,2027-08-01,866.391970664249,359.00694618773383,exponential,0.6644027110190036,21299.99999999979,0.022872320882309803,0.0
well,33-053-05921-0000,2027-09-01,846.8004810088843,356.2373126372638,exponential,0.6644027110190036,21299.99999999979,0.022872320882309803,0.0
well,33-053-05921-0000,2027-10-01,827.6520084634564,353.50466610227187,exponential,0.6644027110190036,21299.99999999979,0.022872320882309803,0.0
well,33-053-05921-0000,2027-11-01,808.9365352006769,350.80830640022805,exponential,0.6644027110190036,21299.99999999979,0.022872320882309803,0.0
well,33-053-05921-0000,2027-12-01,790.6442699237027,348.1475504637448,exponential,0.6644027110190036,21299.99999999979,0.022872320882309803,0.0
well,33-053-05653-0000,2026-01-01,918.9826483127307,377.46346680086504,exponential,0.7308510521106037,25848.99319294751,0.026909352338747694,0.0
well,33-053-05653-0000,2026-02-01,894.5831796987544,374.7003043721822,exponential,0.7308510521106037,25848.99319294751,0.026909352338747694,0.0
well,33-053-05653-0000,2026-03-01,870.8315297021785,371.9741131951223,exponential,0.7308510521106037,25848.99319294751,0.026909352338747694,0.0
well,33-053-05653-0000,2026-04-01,847.7104984008362,369.28417727643284,exponential,0.7308510521106037,25848.99319294751,0.026909352338747694,0.0
well,33-053-05653-0000,2026-05-01,825.203342539466,366.62979872329413,exponential,0.7308510521106037,25848.99319294751,0.026909352338747694,0.0
well,33-053-05653-0000,2026-06-01,803.2937634049662,364.01029717997613,exponential,0.7308510521106037,25848.99319294751,0.026909352338747694,0.0
well,33-053-05653-0000,2026-07-01,781.9658950235684,361.42500928528074,exponential,0.7308510521106037,25848.99319294751,0.026909352338747694,0.0
well,33-053-05653-0000,2026-08-01,761.2042926713831,358.87328814988257,exponential,0.7308510521106037,25848.99319294751,0.026909352338747694,0.0
well,33-053-05653-0000,2026-09-01,740.9939216899944,356.354502852728,exponential,0.7308510521106037,25848.99319294751,0.026909352338747694,0.0
well,33-053-05653-0000,2026-10-01,721.3201465990097,353.86803795568966,exponential,0.7308510521106037,25848.99319294751,0.026909352338747694,0.0
well,33-053-05653-0000,2026-11-01,702.1687204976741,351.41329303571024,exponential,0.7308510521106037,25848.99319294751,0.026909352338747694,0.0
well,33-053-05653-0000,2026-12-01,683.5257747478772,348.98968223370997,exponential,0.7308510521106037,25848.99319294751,0.026909352338747694,0.0
well,33-053-05653-0000,2027-01-01,665.377808931085,346.59663381956307,exponential,0.7308510521106037,25848.99319294751,0.026909352338747694,0.0
well,33-053-05653-0000,2027-02-01,647.7116810719162,344.23358977248347,exponential,0.7308510521106037,25848.99319294751,0.026909352338747694,0.0
well,33-053-05653-0000,2027-03-01,630.5145981212903,341.9000053761862,exponential,0.7308510521106037,25848.99319294751,0.026909352338747694,0.0
well,33-053-05653-0000,2027-04-01,613.7741066922522,339.5953488282276,exponential,0.7308510521106037,25848.99319294751,0.026909352338747694,0.0
well,33-053-05653-0000,2027-05-01,597.4780840417651,337.31910086294863,exponential,0.7308510521106037,25848.99319294751,0.026909352338747694,0.0
well,33-053-05653-0000,2027-06-01,581.6147292919431,335.0707543874737,exponential,0.7308510521106037,25848.99319294751,0.026909352338747694,0.0
well,33-053-05653-0000,2027-07-01,566.1725548843633,332.8498141302439,exponential,0.7308510521106037,25848.99319294751,0.026909352338747694,0.0
well,33-053-05653-0000,2027-08-01,551.1403782612692,330.65579630158675,exponential,0.7308510521106037,25848.99319294751,0.026909352338747694,0.0
well,33-053-05653-0000,2027-09-01,536.5073137676461,328.48822826584416,exponential,0.7308510521106037,25848.99319294751,0.026909352338747694,0.0
well,33-053-05653-0000,2027-10-01,522.262764768297,326.346648224606,exponential,0.7308510521106037,25848.99319294751,0.026909352338747694,0.0
well,33-053-05653-0000,2027-11-01,508.396415974216,324.2306049106133,exponential,0.7308510521106037,25848.99319294751,0.026909352338747694,0.0
well,33-053-05653-0000,2027-12-01,494.89822597270097,322.1396572919178,exponential,0.7308510521106037,25848.99319294751,0.026909352338747694,0.0
well,33-053-07712-0000,2026-01-01,6415.003252996567,904.5384684928708,harmonic,0.0024826295376578766,1066.6665999962281,0.0018289644348307866,1.0
well,33-053-07712-0000,2026-02-01,6414.850405564849,903.1377282996492,harmonic,0.0024826295376578766,1066.6665999962281,0.0018289644348307866,1.0
well,33-053-07712-0000,2026-03-01,6414.697561778685,901.7413196842423,harmonic,0.0024826295376578766,1066.6665999962281,0.0018289644348307866,1.0
well,33-053-07712-0000,2026-04-01,6414.544721637989,900.3492225855413,harmonic,0.0024826295376578766,1066.6665999962281,0.0018289644348307866,1.0
well,33-053-07712-0000,2026-05-01,6414.391885142674,898.9614170661268,harmonic,0.0024826295376578766,1066.6665999962281,0.0018289644348307866,1.0
well,33-053-07712-0000,2026-06-01,6414.2390522926535,897.577883311317,harmonic,0.0024826295376578766,1066.6665999962281,0.0018289644348307866,1.0
well,33-053-07712-0000,2026-07-01,6414.086223087839,896.198601628225,harmonic,0.0024826295376578766,1066.6665999962281,0.0018289644348307866,1.0
well,33-053-07712-0000,2026-08-01,6413.933397528145,894.8235524448232,harmonic,0.0024826295376578766,1066.6665999962281,0.0018289644348307866,1.0
well,33-053-07712-0000,2026-09-01,6413.780575613485,893.4527163090195,harmonic,0.0024826295376578766,1066.6665999962281,0.0018289644348307866,1.0
well,33-053-07712-0000,2026-10-01,6413.627757342378,892.0860738877383,harmonic,0.0024826295376578766,1066.6665999962281,0.0018289644348307866,1.0
well,33-053-07712-0000,2026-11-01,6413.474942717522,890.7236059660127,harmonic,0.0024826295376578766,1066.6665999962281,0.0018289644348307866,1.0
well,33-053-07712-0000,2026-12-01,6413.322131737436,889.3652934460833,harmonic,0.0024826295376578766,1066.6665999962281,0.0018289644348307866,1.0
well,33-053-07712-0000,2027-01-01,6413.169324402036,888.0111173465062,harmonic,0.0024826295376578766,1066.6665999962281,0.0018289644348307866,1.0
well,33-053-07712-0000,2027-02-01,6413.016520711234,886.661058801269,harmonic,0.0024826295376578766,1066.6665999962281,0.0018289644348307866,1.0
well,33-053-07712-0000,2027-03-01,6412.863720664944,885.3150990589139,harmonic,0.0024826295376578766,1066.6665999962281,0.0018289644348307866,1.0
well,33-053-07712-0000,2027-04-01,6412.710924263076,883.9732194816706,harmonic,0.0024826295376578766,1066.6665999962281,0.0018289644348307866,1.0
well,33-053-07712-0000,2027-05-01,6412.558131505544,882.6354015445953,harmonic,0.0024826295376578766,1066.6665999962281,0.0018289644348307866,1.0
well,33-053-07712-0000,2027-06-01,6412.405342392264,881.3016268347186,harmonic,0.0024826295376578766,1066.6665999962281,0.0018289644348307866,1.0
well,33-053-07712-0000,2027-07-01,6412.252556923145,879.9718770502,harmonic,0.0024826295376578766,1066.6665999962281,0.0018289644348307866,1.0
well,33-053-07712-0000,2027-08-01,6412.099775098102,878.6461339994917,harmonic,0.0024826295376578766,1066.6665999962281,0.0018289644348307866,1.0
well,33-053-07712-0000,2027-09-01,6411.946996917048,877.3243796005089,harmonic,0.0024826295376578766,1066.6665999962281,0.0018289644348307866,1.0
well,33-053-07712-0000,2027-10-01,6411.7942223798955,876.006595879807,harmonic,0.0024826295376578766,1066.6665999962281,0.0018289644348307866,1.0
well,33-053-07712-0000,2027-11-01,6411.641451485166,874.692764971768,harmonic,0.0024826295376578766,1066.6665999962281,0.0018289644348307866,1.0
well,33-053-07712-0000,2027-12-01,6411.488684235556,873.3828691177918,harmonic,0.0024826295376578766,1066.6665999962281,0.0018289644348307866,1.0
well,33-053-07859-0000,2026-01-01,1861.9142906217266,547.8083707439939,hyperbolic,0.708525403953981,28434.609090792957,0.031096647737299987,0.03515381974628996
well,33-053-07859-0000,2026-02-01,1810.0675484405454,541.794462763457,hyperbolic,0.708525403953981,28434.609090792957,0.031096647737299987,0.03515381974628996
well,33-053-07859-0000,2026-03-01,1759.71381475784,535.900373309061,hyperbolic,0.708525403953981,28434.609090792957,0.031096647737299987,0.03515381974628996
well,33-053-07859-0000,2026-04-01,1710.808679512312,530.1226625553901,hyperbolic,0.708525403953981,28434.609090792957,0.031096647737299987,0.03515381974628996
well,33-053-07859-0000,2026-05-01,1663.3090956883466,524.4580191117388,hyperbolic,0.708525403953981,28434.609090792957,0.031096647737299987,0.03515381974628996
well,33-053-07859-0000,2026-06-01,1617.173336192846,518.9032541379383,hyperbolic,0.708525403953981,28434.609090792957,0.031096647737299987,0.03515381974628996
well,33-053-07859-0000,2026-07-01,1572.3609521371238,513.4552957787722,hyperbolic,0.708525403953981,28434.609090792957,0.031096647737299987,0.03515381974628996
well,33-053-07859-0000,2026-08-01,1528.8327324765464,508.1111838971239,hyperbolic,0.708525403953981,28434.609090792957,0.031096647737299987,0.03515381974628996
well,33-053-07859-0000,2026-09-01,1486.55066496271,502.86806508739795,hyperbolic,0.708525403953981,28434.609090792957,0.031096647737299987,0.03515381974628996
well,33-053-07859-0000,2026-10-01,1445.4778983640263,497.72318795204103,hyperbolic,0.708525403953981,28434.609090792957,0.031096647737299987,0.03515381974628996
well,33-053-07859-0000,2026-11-01,1405.5787059124054,492.67389862518115,hyperbolic,0.708525403953981,28434.609090792957,0.031096647737299987,0.03515381974628996
well,33-053-07859-0000,2026-12-01,1366.818449935171,487.7176365284961,hyperbolic,0.708525403953981,28434.609090792957,0.031096647737299987,0.03515381974628996
well,33-053-07859-0000,2027-01-01,1329.1635476325155,482.85193034543903,hyperbolic,0.708525403953981,28434.609090792957,0.031096647737299987,0.03515381974628996
well,33-053-07859-0000,2027-02-01,1292.5814379623996,478.0743942008807,hyperbolic,0.708525403953981,28434.609090792957,0.031096647737299987,0.03515381974628996
well,33-053-07859-0000,2027-03-01,1257.0405495960924,473.38272403409877,hyperbolic,0.708525403953981,28434.609090792957,0.031096647737299987,0.03515381974628996
well,33-053-07859-0000,2027-04-01,1222.5102699085526,468.7746941538412,hyperbolic,0.708525403953981,28434.609090792957,0.031096647737299987,0.03515381974628996
well,33-053-07859-0000,2027-05-01,1188.9609149694863,464.24815396493733,hyperbolic,0.708525403953981,28434.609090792957,0.031096647737299987,0.03515381974628996
well,33-053-07859-0000,2027-06-01,1156.3637005016762,459.80102485661416,hyperbolic,0.708525403953981,28434.609090792957,0.031096647737299987,0.03515381974628996
well,33-053-07859-0000,2027-07-01,1124.6907137745732,455.43129724331675,hyperbolic,0.708525403953981,28434.609090792957,0.031096647737299987,0.03515381974628996
well,33-053-07859-0000,2027-08-01,1093.9148864022218,451.1370277494195,hyperbolic,0.708525403953981,28434.609090792957,0.031096647737299987,0.03515381974628996
well,33-053-07859-0000,2027-09-01,1064.0099680154622,446.91633652976924,hyperbolic,0.708525403953981,28434.609090792957,0.031096647737299987,0.03515381974628996
well,33-053-07859-0000,2027-10-01,1034.9505007795542,442.7674047185063,hyperbolic,0.708525403953981,28434.609090792957,0.031096647737299987,0.03515381974628996
well,33-053-07859-0000,2027-11-01,1006.7117947293497,438.68847199908873,hyperbolic,0.708525403953981,28434.609090792957,0.031096647737299987,0.03515381974628996
well,33-053-07859-0000,2027-12-01,979.2699038949106,434.6778342888827,hyperbolic,0.708525403953981,28434.609090792957,0.031096647737299987,0.03515381974628996
well,33-053-07411-0000,2026-01-01,956.3478945148913,432.8412323673076,exponential,0.68130462270463,33765.30696118443,0.03460259592061626,0.0
well,33-053-07411-0000,2026-02-01,923.8217643679583,429.86970365970706,exponential,0.68130462270463,33765.30696118443,0.03460259592061626,0.0
well,33-053-07411-0000,2026-03-01,892.401873015927,426.918575002286,exponential,0.68130462270463,33765.30696118443,0.03460259592061626,0.0
well,33-053-07411-0000,2026-04-01,862.05059642342,423.98770634522907,exponential,0.68130462270463,33765.30696118443,0.03460259592061626,0.0
well,33-053-07411-0000,2026-05-01,832.7315901775472,421.0769586001865,exponential,0.68130462270463,33765.30696118443,0.03460259592061626,0.0
well,33-053-07411-0000,2026-06-01,804.4097459669558,418.1861936336738,exponential,0.68130462270463,33765.30696118443,0.03460259592061626,0.0
well,33-053-07411-0000,2026-07-01,777.0511495410658,415.3152742605162,exponential,0.68130462270463,33765.30696118443,0.03460259592061626,0.0
well,33-053-07411-0000,2026-08-01,750.6230400991379,412.4640642373388,exponential,0.68130462270463,33765.30696118443,0.03460259592061626,0.0
well,33-053-07411-0000,2026-09-01,725.0937710605566,409.6324282561003,exponential,0.68130462270463,33765.30696118443,0.03460259592061626,0.0
well,33-053-07411-0000,2026-10-01,700.4327721693431,406.82023193767236,exponential,0.68130462270463,33765.30696118443,0.03460259592061626,0.0
well,33-053-07411-0000,2026-11-01,676.6105128875221,404.02734182546214,exponential,0.68130462270463,33765.30696118443,0.03460259592061626,0.0
well,33-053-07411-0000,2026-12-01,653.598467033512,401.25362537907904,exponential,0.68130462270463,33765.30696118443,0.03460259592061626,0.0
well,33-053-07411-0000,2027-01-01,631.369078623187,398.49895096804477,exponential,0.68130462270463,33765.30696118443,0.03460259592061626,0.0
well,33-053-07411-0000,2027-02-01,609.8957288727137,395.76318786554674,exponential,0.68130462270463,33765.30696118443,0.03460259592061626,0.0
well,33-053-07411-0000,2027-03-01,589.1527043236448,393.046206242234,exponential,0.68130462270463,33765.30696118443,0.03460259592061626,0.0
well,33-053-07411-0000,2027-04-01,569.115166052105,390.3478771600563,exponential,0.68130462270463,33765.30696118443,0.03460259592061626,0.0
well,33-053-07411-0000,2027-05-01,549.759119925194,387.6680725661452,exponential,0.68130462270463,33765.30696118443,0.03460259592061626,0.0
well,33-053-07411-0000,2027-06-01,531.061387868994,385.00666528673673,exponential,0.68130462270463,33765.30696118443,0.03460259592061626,0.0
well,33-053-07411-0000,2027-07-01,512.9995801137738,382.36352902113646,exponential,0.68130462270463,33765.30696118443,0.03460259592061626,0.0
well,33-053-07411-0000,2027-08-01,495.55206838315337,379.738538335726,exponential,0.68130462270463,33765.30696118443,0.03460259592061626,0.0
well,33-053-07411-0000,2027-09-01,478.6979599951294,377.1315686580097,exponential,0.68130462270463,33765.30696118443,0.03460259592061626,0.0
well,33-053-07411-0000,2027-10-01,462.41707284394147,374.5424962707037,exponential,0.68130462270463,33765.30696118443,0.03460259592061626,0.0
well,33-053-07411-0000,2027-11-01,446.6899112328257,371.9711983058639,exponential,0.68130462270463,33765.30696118443,0.03460259592061626,0.0
well,33-053-07411-0000,2027-12-01,431.49764252871506,369.4175527390559,exponential,0.68130462270463,33765.30696118443,0.03460259592061626,0.0
well,33-053-05783-0000,2026-01-01,0.009998810141593149,349.95835495575983,harmonic,-0.17571539066315123,349.99999999999966,1.0000000000013383e-06,1.0
well,33-053-05783-0000,2026-02-01,0.009998800143982722,349.9580050393949,harmonic,-0.17571539066315123,349.99999999999966,1.0000000000013383e-06,1.0
well,33-053-05783-0000,2026-03-01,0.009998790146392284,349.9576551237296,harmonic,-0.17571539066315123,349.99999999999966,1.0000000000013383e-06,1.0
well,33-053-05783-0000,2026-04-01,0.009998780148821843,349.9573052087641,harmonic,-0.17571539066315123,349.99999999999966,1.0000000000013383e-06,1.0
well,33-053-05783-0000,2026-05-01,0.009998770151271392,349.9569552944984,harmonic,-0.17571539066315123,349.99999999999966,1.0000000000013383e-06,1.0
well,33-053-05783-0000,2026-06-01,0.009998760153740934,349.95660538093233,harmonic,-0.17571539066315123,349.99999999999966,1.0000000000013383e-06,1.0
well,33-053-05783-0000,2026-07-01,0.00999875015623047,349.9562554680661,harmonic,-0.17571539066315123,349.99999999999966,1.0000000000013383e-06,1.0
well,33-053-05783-0000,2026-08-01,0.009998740158739996,349.9559055558996,harmonic,-0.17571539066315123,349.99999999999966,1.0000000000013383e-06,1.0
well,33-053-05783-0000,2026-09-01,0.009998730161269518,349.95555564443276,harmonic,-0.17571539066315123,349.99999999999966,1.0000000000013383e-06,1.0
well,33-053-05783-0000,2026-10-01,0.00999872016381903,349.9552057336657,harmonic,-0.17571539066315123,349.99999999999966,1.0000000000013383e-06,1.0
well,33-053-05783-0000,2026-11-01,0.009998710166388534,349.95485582359834,harmonic,-0.17571539066315123,349.99999999999966,1.0000000000013383e-06,1.0
well,33-053-05783-0000,2026-12-01,0.009998700168978032,349.95450591423077,harmonic,-0.17571539066315123,349.99999999999966,1.0000000000013383e-06,1.0
well,33-053-05783-0000,2027-01-01,0.00999869017158752,349.9541560055629,harmonic,-0.17571539066315123,349.99999999999966,1.0000000000013383e-06,1.0
well,33-053-05783-0000,2027-02-01,0.009998680174217001,349.9538060975947,harmonic,-0.17571539066315123,349.99999999999966,1.0000000000013383e-06,1.0
well,33-053-05783-0000,2027-03-01,0.009998670176866476,349.9534561903263,harmonic,-0.17571539066315123,349.99999999999966,1.0000000000013383e-06,1.0
well,33-053-05783-0000,2027-04-01,0.00999866017953594,349.9531062837576,harmonic,-0.17571539066315123,349.99999999999966,1.0000000000013383e-06,1.0
well,33-053-05783-0000,2027-05-01,0.009998650182225398,349.9527563778886,harmonic,-0.17571539066315123,349.99999999999966,1.0000000000013383e-06,1.0
well,33-053-05783-0000,2027-06-01,0.009998640184934848,349.9524064727193,harmonic,-0.17571539066315123,349.99999999999966,1.0000000000013383e-06,1.0
well,33-053-05783-0000,2027-07-01,0.009998630187664288,349.9520565682497,harmonic,-0.17571539066315123,349.99999999999966,1.0000000000013383e-06,1.0
well,33-053-05783-0000,2027-08-01,0.009998620190413721,349.9517066644799,harmonic,-0.17571539066315123,349.99999999999966,1.0000000000013383e-06,1.0
well,33-053-05783-0000,2027-09-01,0.009998610193183145,349.9513567614098,harmonic,-0.17571539066315123,349.99999999999966,1.0000000000013383e-06,1.0
well,33-053-05783-0000,2027-10-01,0.009998600195972563,349.9510068590393,harmonic,-0.17571539066315123,349.99999999999966,1.0000000000013383e-06,1.0
well,33-053-05783-0000,2027-11-01,0.00999859019878197,349.9506569573686,harmonic,-0.17571539066315123,349.99999999999966,1.0000000000013383e-06,1.0
well,33-053-05783-0000,2027-12-01,0.009998580201611368,349.9503070563976,harmonic,-0.17571539066315123,349.99999999999966,1.0000000000013383e-06,1.0
well,33-053-06781-0000,2026-01-01,5159.268201015386,524.9506546384639,exponential,0.24069691963013884,11329.99999999985,0.008368716245879763,0.0
well,33-053-06781-0000,2026-02-01,5116.271912213275,524.9501297376748,exponential,0.24069691963013884,11329.99999999985,0.008368716245879763,0.0
well,33-053-06781-0000,2026-03-01,5073.633945711678,524.9496048379353,exponential,0.24069691963013884,11329.99999999985,0.008368716245879763,0.0
well,33-053-06781-0000,2026-04-01,5031.351315325633,524.9490799392457,exponential,0.24069691963013884,11329.99999999985,0.008368716245879763,0.0
well,33-053-06781-0000,2026-05-01,4989.421059756433,524.9485550416058,exponential,0.24069691963013884,11329.99999999985,0.008368716245879763,0.0
well,33-053-06781-0000,2026-06-01,4947.8402423842335,524.9480301450155,exponential,0.24069691963013884,11329.99999999985,0.008368716245879763,0.0
well,33-053-06781-0000,2026-07-01,4906.605951062377,524.947505249475,exponential,0.24069691963013884,11329.99999999985,0.008368716245879763,0.0
well,33-053-06781-0000,2026-08-01,4865.715297913445,524.9469803549841,exponential,0.24069691963013884,11329.99999999985,0.008368716245879763,0.0
well,33-053-06781-0000,2026-09-01,4825.165419127001,524.9464554615428,exponential,0.24069691963013884,11329.99999999985,0.008368716245879763,0.0
well,33-053-06781-0000,2026-10-01,4784.953474759016,524.9459305691513,exponential,0.24069691963013884,11329.99999999985,0.008368716245879763,0.0
well,33-053-06781-0000,2026-11-01,4745.0766485329805,524.9454056778094,exponential,0.24069691963013884,11329.99999999985,0.008368716245879763,0.0
well,33-053-06781-0000,2026-12-01,4705.532147642656,524.9448807875171,exponential,0.24069691963013884,11329.99999999985,0.008368716245879763,0.0
well,33-053-06781-0000,2027-01-01,4666.317202556484,524.9443558982747,exponential,0.24069691963013884,11329.99999999985,0.008368716245879763,0.0
well,33-053-06781-0000,2027-02-01,4627.429066823612,524.9438310100818,exponential,0.24069691963013884,11329.99999999985,0.008368716245879763,0.0
well,33-053-06781-0000,2027-03-01,4588.865016881553,524.9433061229386,exponential,0.24069691963013884,11329.99999999985,0.008368716245879763,0.0
well,33-053-06781-0000,2027-04-01,4550.622351865436,524.9427812368451,exponential,0.24069691963013884,11329.99999999985,0.008368716245879763,0.0
well,33-053-06781-0000,2027-05-01,4512.698393418841,524.9422563518011,exponential,0.24069691963013884,11329.99999999985,0.008368716245879763,0.0
well,33-053-06781-0000,2027-06-01,4475.090485506228,524.941731467807,exponential,0.24069691963013884,11329.99999999985,0.008368716245879763,0.0
well,33-053-06781-0000,2027-07-01,4437.795994226915,524.9412065848625,exponential,0.24069691963013884,11329.99999999985,0.008368716245879763,0.0
well,33-053-06781-0000,2027-08-01,4400.812307630611,524.9406817029675,exponential,0.24069691963013884,11329.99999999985,0.008368716245879763,0.0
well,33-053-06781-0000,2027-09-01,4364.136835534486,524.9401568221222,exponential,0.24069691963013884,11329.99999999985,0.008368716245879763,0.0
well,33-053-06781-0000,2027-10-01,4327.767009341763,524.9396319423265,exponential,0.24069691963013884,11329.99999999985,0.008368716245879763,0.0
well,33-053-06781-0000,2027-11-01,4291.70028186183,524.9391070635805,exponential,0.24069691963013884,11329.99999999985,0.008368716245879763,0.0
well,33-053-06781-0000,2027-12-01,4255.934127131841,524.9385821858842,exponential,0.24069691963013884,11329.99999999985,0.008368716245879763,0.0
well,33-053-04102-0000,2026-01-01,917.2274766483152,398.386211419588,hyperbolic,0.6776604351044171,21049.658952903796,0.024394804087397776,0.017369442404389486
well,33-053-04102-0000,2026-02-01,896.2841592944525,397.665984631899,hyperbolic,0.6776604351044171,21049.658952903796,0.024394804087397776,0.017369442404389486
well,33-053-04102-0000,2026-03-01,875.827159611943,396.9470599139374,hyperbolic,0.6776604351044171,21049.658952903796,0.024394804087397776,0.017369442404389486
well,33-053-04102-0000,2026-04-01,855.8449967453608,396.22943491174243,hyperbolic,0.6776604351044171,21049.658952903796,0.024394804087397776,0.017369442404389486
well,33-053-04102-0000,2026-05-01,836.3264653165319,395.5131072756091,hyperbolic,0.6776604351044171,21049.658952903796,0.024394804087397776,0.017369442404389486
well,33-053-04102-0000,2026-06-01,817.2606287081284,394.7980746600802,hyperbolic,0.6776604351044171,21049.658952903796,0.024394804087397776,0.017369442404389486
well,33-053-04102-0000,2026-07-01,798.63681251366,394.08433472393875,hyperbolic,0.6776604351044171,21049.658952903796,0.024394804087397776,0.017369442404389486
well,33-053-04102-0000,2026-08-01,780.444598149526,393.37188513020055,hyperbolic,0.6776604351044171,21049.658952903796,0.024394804087397776,0.017369442404389486
well,33-053-04102-0000,2026-09-01,762.6738166252518,392.6607235461062,hyperbolic,0.6776604351044171,21049.658952903796,0.024394804087397776,0.017369442404389486
well,33-053-04102-0000,2026-10-01,745.3145424677867,391.9508476431137,hyperbolic,0.6776604351044171,21049.658952903796,0.024394804087397776,0.017369442404389486
well,33-053-04102-0000,2026-11-01,728.3570877960422,391.2422550968906,hyperbolic,0.6776604351044171,21049.658952903796,0.024394804087397776,0.017369442404389486
well,33-053-04102-0000,2026-12-01,711.7919965419396,390.5349435873066,hyperbolic,0.6776604351044171,21049.658952903796,0.024394804087397776,0.017369442404389486
well,33-053-04102-0000,2027-01-01,695.6100388141612,389.82891079842585,hyperbolic,0.6776604351044171,21049.658952903796,0.024394804087397776,0.017369442404389486
well,33-053-04102-0000,2027-02-01,679.802205401194,389.1241544184995,hyperbolic,0.6776604351044171,21049.658952903796,0.024394804087397776,0.017369442404389486
well,33-053-04102-0000,2027-03-01,664.3597024100457,388.4206721399578,hyperbolic,0.6776604351044171,21049.658952903796,0.024394804087397776,0.017369442404389486
well,33-053-04102-0000,2027-04-01,649.2739460372725,387.718461659403,hyperbolic,0.6776604351044171,21049.658952903796,0.024394804087397776,0.017369442404389486
well,33-053-04102-0000,2027-05-01,634.5365574690422,387.01752067760134,hyperbolic,0.6776604351044171,21049.658952903796,0.024394804087397776,0.017369442404389486
well,33-053-04102-0000,2027-06-01,620.1393579068828,386.317846899476,hyperbolic,0.6776604351044171,21049.658952903796,0.024394804087397776,0.017369442404389486
well,33-053-04102-0000,2027-07-01,606.0743637161229,385.61943803409906,hyperbolic,0.6776604351044171,21049.658952903796,0.024394804087397776,0.017369442404389486
well,33-053-04102-0000,2027-08-01,592.3337816938391,384.92229179468467,hyperbolic,0.6776604351044171,21049.658952903796,0.024394804087397776,0.017369442404389486
well,33-053-04102-0000,2027-09-01,578.910004453356,384.22640589858065,hyperbolic,0.6776604351044171,21049.658952903796,0.024394804087397776,0.017369442404389486
well,33-053-04102-0000,2027-10-01,565.7956059224194,383.5317780672621,hyperbolic,0.6776604351044171,21049.658952903796,0.024394804087397776,0.017369442404389486
well,33-053-04102-0000,2027-11-01,552.9833369520957,382.83840602632284,hyperbolic,0.6776604351044171,21049.658952903796,0.024394804087397776,0.017369442404389486
well,33-053-04102-0000,2027-12-01,540.4661210337678,382.146287505469,hyperbolic,0.6776604351044171,21049.658952903796,0.024394804087397776,0.017369442404389486
well,33-053-06629-0000,2026-01-01,4689.9016072816075,1401.9366162113965,hyperbolic,0.5656243232003983,16481.727298207636,0.014886518691825546,0.13477110459049296
well,33-053-06629-0000,2026-02-01,4631.381876023792,1401.93521440513,hyperbolic,0.5656243232003983,16481.727298207636,0.014886518691825546,0.13477110459049296
well,33-053-06629-0000,2026-03-01,4573.689360546627,1401.9338126016667,hyperbolic,0.5656243232003983,16481.727298207636,0.014886518691825546,0.13477110459049296
well,33-053-06629-0000,2026-04-01,4516.811000794404,1401.9324108010064,hyperbolic,0.5656243232003983,16481.727298207636,0.014886518691825546,0.13477110459049296
well,33-053-06629-0000,2026-05-01,4460.733964409929,1401.9310090031497,hyperbolic,0.5656243232003983,16481.727298207636,0.014886518691825546,0.13477110459049296
well,33-053-06629-0000,2026-06-01,4405.4456423909305,1401.9296072080963,hyperbolic,0.5656243232003983,16481.727298207636,0.014886518691825546,0.13477110459049296
well,33-053-06629-0000,2026-07-01,4350.933644836488,1401.9282054158462,hyperbolic,0.5656243232003983,16481.727298207636,0.014886518691825546,0.13477110459049296
well,33-053-06629-0000,2026-08-01,4297.1857967813385,1401.9268036263998,hyperbolic,0.5656243232003983,16481.727298207636,0.014886518691825546,0.13477110459049296
well,33-053-06629-0000,2026-09-01,4244.190134116242,1401.9254018397562,hyperbolic,0.5656243232003983,16481.727298207636,0.014886518691825546,0.13477110459049296
well,33-053-06629-0000,2026-10-01,4191.934899592379,1401.924000055916,hyperbolic,0.5656243232003983,16481.727298207636,0.014886518691825546,0.13477110459049296
well,33-053-06629-0000,2026-11-01,4140.408538907954,1401.922598274879,hyperbolic,0.5656243232003983,16481.727298207636,0.014886518691825546,0.13477110459049296
well,33-053-06629-0000,2026-12-01,4089.599696875232,1401.9211964966453,hyperbolic,0.5656243232003983,16481.727298207636,0.014886518691825546,0.13477110459049296
well,33-053-06629-0000,2027-01-01,4039.497213666101,1401.9197947212149,hyperbolic,0.5656243232003983,16481.727298207636,0.014886518691825546,0.13477110459049296
well,33-053-06629-0000,2027-02-01,3990.090121134578,1401.918392948588,hyperbolic,0.5656243232003983,16481.727298207636,0.014886518691825546,0.13477110459049296
well,33-053-06629-0000,2027-03-01,3941.3676392144016,1401.9169911787642,hyperbolic,0.5656243232003983,16481.727298207636,0.014886518691825546,0.13477110459049296
well,33-053-06629-0000,2027-04-01,3893.319172390203,1401.9155894117434,hyperbolic,0.5656243232003983,16481.727298207636,0.014886518691825546,0.13477110459049296
well,33-053-06629-0000,2027-05-01,3845.9343062405246,1401.914187647526,hyperbolic,0.5656243232003983,16481.727298207636,0.014886518691825546,0.13477110459049296
well,33-053-06629-0000,2027-06-01,3799.2028040511427,1401.9127858861118,hyperbolic,0.5656243232003983,16481.727298207636,0.014886518691825546,0.13477110459049296
well,33-053-06629-0000,2027-07-01,3753.1146034972035,1401.9113841275007,hyperbolic,0.5656243232003983,16481.727298207636,0.014886518691825546,0.13477110459049296
well,33-053-06629-0000,2027-08-01,3707.659813392581,1401.9099823716933,hyperbolic,0.5656243232003983,16481.727298207636,0.014886518691825546,0.13477110459049296
well,33-053-06629-0000,2027-09-01,3662.828710505015,1401.9085806186888,hyperbolic,0.5656243232003983,16481.727298207636,0.014886518691825546,0.13477110459049296
well,33-053-06629-0000,2027-10-01,3618.611736435663,1401.9071788684873,hyperbolic,0.5656243232003983,16481.727298207636,0.014886518691825546,0.13477110459049296
well,33-053-06629-0000,2027-11-01,3574.9994945615254,1401.9057771210892,hyperbolic,0.5656243232003983,16481.727298207636,0.014886518691825546,0.13477110459049296
well,33-053-06629-0000,2027-12-01,3531.9827470395253,1401.904375376494,hyperbolic,0.5656243232003983,16481.727298207636,0.014886518691825546,0.13477110459049296
well,33-053-07853-0000,2026-01-01,6289.427636042954,73.32666227373308,exponential,-0.2976643592997885,6289.999999999999,1.0000000000000002e-06,0.0
well,33-053-07853-0000,2026-02-01,6289.421346618463,73.32658895381624,exponential,-0.2976643592997885,6289.999999999999,1.0000000000000002e-06,0.0
well,33-053-07853-0000,2026-03-01,6289.415057200261,73.32651563404603,exponential,-0.2976643592997885,6289.999999999999,1.0000000000000002e-06,0.0
well,33-053-07853-0000,2026-04-01,6289.408767788348,73.32644231442244,exponential,-0.2976643592997885,6289.999999999999,1.0000000000000002e-06,0.0
well,33-053-07853-0000,2026-05-01,6289.402478382725,73.32636899494547,exponential,-0.2976643592997885,6289.999999999999,1.0000000000000002e-06,0.0
well,33-053-07853-0000,2026-06-01,6289.396188983392,73.32629567561513,exponential,-0.2976643592997885,6289.999999999999,1.0000000000000002e-06,0.0
well,33-053-07853-0000,2026-07-01,6289.389899590347,73.32622235643142,exponential,-0.2976643592997885,6289.999999999999,1.0000000000000002e-06,0.0
well,33-053-07853-0000,2026-08-01,6289.383610203592,73.32614903739433,exponential,-0.2976643592997885,6289.999999999999,1.0000000000000002e-06,0.0
well,33-053-07853-0000,2026-09-01,6289.377320823127,73.32607571850386,exponential,-0.2976643592997885,6289.999999999999,1.0000000000000002e-06,0.0
well,33-053-07853-0000,2026-10-01,6289.371031448951,73.32600239976001,exponential,-0.2976643592997885,6289.999999999999,1.0000000000000002e-06,0.0
well,33-053-07853-0000,2026-11-01,6289.364742081064,73.3259290811628,exponential,-0.2976643592997885,6289.999999999999,1.0000000000000002e-06,0.0
well,33-053-07853-0000,2026-12-01,6289.358452719467,73.3258557627122,exponential,-0.2976643592997885,6289.999999999999,1.0000000000000002e-06,0.0
well,33-053-07853-0000,2027-01-01,6289.3521633641585,73.32578244440822,exponential,-0.2976643592997885,6289.999999999999,1.0000000000000002e-06,0.0
well,33-053-07853-0000,2027-02-01,6289.34587401514,73.32570912625086,exponential,-0.2976643592997885,6289.999999999999,1.0000000000000002e-06,0.0
well,33-053-07853-0000,2027-03-01,6289.339584672411,73.32563580824012,exponential,-0.2976643592997885,6289.999999999999,1.0000000000000002e-06,0.0
well,33-053-07853-0000,2027-04-01,6289.33329533597,73.32556249037602,exponential,-0.2976643592997885,6289.999999999999,1.0000000000000002e-06,0.0
well,33-053-07853-0000,2027-05-01,6289.32700600582,73.32548917265851,exponential,-0.2976643592997885,6289.999999999999,1.0000000000000002e-06,0.0
well,33-053-07853-0000,2027-06-01,6289.320716681958,73.32541585508764,exponential,-0.2976643592997885,6289.999999999999,1.0000000000000002e-06,0.0
well,33-053-07853-0000,2027-07-01,6289.314427364387,73.32534253766339,exponential,-0.2976643592997885,6289.999999999999,1.0000000000000002e-06,0.0
well,33-053-07853-0000,2027-08-01,6289.308138053104,73.32526922038575,exponential,-0.2976643592997885,6289.999999999999,1.0000000000000002e-06,0.0
well,33-053-07853-0000,2027-09-01,6289.30184874811,73.32519590325474,exponential,-0.2976643592997885,6289.999999999999,1.0000000000000002e-06,0.0
well,33-053-07853-0000,2027-10-01,6289.295559449407,73.32512258627034,exponential,-0.2976643592997885,6289.999999999999,1.0000000000000002e-06,0.0
well,33-053-07853-0000,2027-11-01,6289.289270156992,73.32504926943254,exponential,-0.2976643592997885,6289.999999999999,1.0000000000000002e-06,0.0
well,33-053-07853-0000,2027-12-01,6289.282980870866,73.32497595274138,exponential,-0.2976643592997885,6289.999999999999,1.0000000000000002e-06,0.0
well,33-053-07852-0000,2026-01-01,4299.604418197041,1350.2555977882603,exponential,-0.012836516623765393,1463.3332999999996,0.0008741631458213502,0.0
well,33-053-07852-0000,2026-02-01,4299.6001185947725,1349.0757698634113,exponential,-0.012836516623765393,1463.3332999999996,0.0008741631458213502,0.0
well,33-053-07852-0000,2026-03-01,4299.595818996804,1347.8969728499949,exponential,-0.012836516623765393,1463.3332999999996,0.0008741631458213502,0.0
well,33-053-07852-0000,2026-04-01,4299.591519403135,1346.7192058472197,exponential,-0.012836516623765393,1463.3332999999996,0.0008741631458213502,0.0
well,33-053-07852-0000,2026-05-01,4299.587219813765,1345.5424679550817,exponential,-0.012836516623765393,1463.3332999999996,0.0008741631458213502,0.0
well,33-053-07852-0000,2026-06-01,4299.582920228695,1344.3667582743637,exponential,-0.012836516623765393,1463.3332999999996,0.0008741631458213502,0.0
well,33-053-07852-0000,2026-07-01,4299.578620647924,1343.192075906634,exponential,-0.012836516623765393,1463.3332999999996,0.0008741631458213502,0.0
well,33-053-07852-0000,2026-08-01,4299.574321071454,1342.0184199542455,exponential,-0.012836516623765393,1463.3332999999996,0.0008741631458213502,0.0
well,33-053-07852-0000,2026-09-01,4299.570021499282,1340.8457895203358,exponential,-0.012836516623765393,1463.3332999999996,0.0008741631458213502,0.0
well,33-053-07852-0000,2026-10-01,4299.565721931411,1339.6741837088261,exponential,-0.012836516623765393,1463.3332999999996,0.0008741631458213502,0.0
well,33-053-07852-0000,2026-11-01,4299.5614223678385,1338.503601624421,exponential,-0.012836516623765393,1463.3332999999996,0.0008741631458213502,0.0
well,33-053-07852-0000,2026-12-01,4299.557122808566,1337.334042372607,exponential,-0.012836516623765393,1463.3332999999996,0.0008741631458213502,0.0
well,33-053-07852-0000,2027-01-01,4299.552823253593,1336.1655050596519,exponential,-0.012836516623765393,1463.3332999999996,0.0008741631458213502,0.0
well,33-053-07852-0000,2027-02-01,4299.54852370292,1334.997988792605,exponential,-0.012836516623765393,1463.3332999999996,0.0008741631458213502,0.0
well,33-053-07852-0000,2027-03-01,4299.544224156545,1333.8314926792953,exponential,-0.012836516623765393,1463.3332999999996,0.0008741631458213502,0.0
well,33-053-07852-0000,2027-04-01,4299.539924614472,1332.666015828332,exponential,-0.012836516623765393,1463.3332999999996,0.0008741631458213502,0.0
well,33-053-07852-0000,2027-05-01,4299.535625076696,1331.5015573491028,exponential,-0.012836516623765393,1463.3332999999996,0.0008741631458213502,0.0
well,33-053-07852-0000,2027-06-01,4299.531325543221,1330.3381163517738,exponential,-0.012836516623765393,1463.3332999999996,0.0008741631458213502,0.0
well,33-053-07852-0000,2027-07-01,4299.527026014045,1329.175691947288,exponential,-0.012836516623765393,1463.3332999999996,0.0008741631458213502,0.0
well,33-053-07852-0000,2027-08-01,4299.522726489169,1328.0142832473662,exponential,-0.012836516623765393,1463.3332999999996,0.0008741631458213502,0.0
well,33-053-07852-0000,2027-09-01,4299.518426968592,1326.8538893645043,exponential,-0.012836516623765393,1463.3332999999996,0.0008741631458213502,0.0
well,33-053-07852-0000,2027-10-01,4299.514127452315,1325.6945094119749,exponential,-0.012836516623765393,1463.3332999999996,0.0008741631458213502,0.0
well,33-053-07852-0000,2027-11-01,4299.509827940337,1324.5361425038243,exponential,-0.012836516623765393,1463.3332999999996,0.0008741631458213502,0.0
well,33-053-07852-0000,2027-12-01,4299.505528432659,1323.3787877548737,exponential,-0.012836516623765393,1463.3332999999996,0.0008741631458213502,0.0
well,33-053-07503-0000,2026-01-01,1007.3835104769724,920.7371995067936,hyperbolic,0.9460308072447292,58559.38933029915,0.14578505741683365,0.5670151750491019
well,33-053-07503-0000,2026-02-01,992.8780131755834,914.3663612063996,hyperbolic,0.9460308072447292,58559.38933029915,0.14578505741683365,0.5670151750491019
well,33-053-07503-0000,2026-03-01,978.697162111144,908.0775246295404,hyperbolic,0.9460308072447292,58559.38933029915,0.14578505741683365,0.5670151750491019
well,33-053-07503-0000,2026-04-01,964.8311418203331,901.8691520285005,hyperbolic,0.9460308072447292,58559.38933029915,0.14578505741683365,0.5670151750491019
well,33-053-07503-0000,2026-05-01,951.2705094596139,895.739743429054,hyperbolic,0.9460308072447292,58559.38933029915,0.14578505741683365,0.5670151750491019
well,33-053-07503-0000,2026-06-01,938.0061778255258,889.6878354856553,hyperbolic,0.9460308072447292,58559.38933029915,0.14578505741683365,0.5670151750491019
well,33-053-07503-0000,2026-07-01,925.0293992758355,883.7120003778194,hyperbolic,0.9460308072447292,58559.38933029915,0.14578505741683365,0.5670151750491019
well,33-053-07503-0000,2026-08-01,912.3317504971114,877.8108447459869,hyperbolic,0.9460308072447292,58559.38933029915,0.14578505741683365,0.5670151750491019
well,33-053-07503-0000,2026-09-01,899.9051180679721,871.9830086652344,hyperbolic,0.9460308072447292,58559.38933029915,0.14578505741683365,0.5670151750491019
well,33-053-07503-0000,2026-10-01,887.7416847706676,866.2271646552769,hyperbolic,0.9460308072447292,58559.38933029915,0.14578505741683365,0.5670151750491019
well,33-053-07503-0000,2026-11-01,875.8339166068057,860.5420167252797,hyperbolic,0.9460308072447292,58559.38933029915,0.14578505741683365,0.5670151750491019
well,33-053-07503-0000,2026-12-01,864.1745504759626,854.9262994520624,hyperbolic,0.9460308072447292,58559.38933029915,0.14578505741683365,0.5670151750491019
well,33-053-07503-0000,2027-01-01,852.7565824786188,849.3787770903476,hyperbolic,0.9460308072447292,58559.38933029915,0.14578505741683365,0.5670151750491019
well,33-053-07503-0000,2027-02-01,841.5732568073853,843.8982427137643,hyperbolic,0.9460308072447292,58559.38933029915,0.14578505741683365,0.5670151750491019
well,33-053-07503-0000,2027-03-01,830.6180551928014,838.4835173853793,hyperbolic,0.9460308072447292,58559.38933029915,0.14578505741683365,0.5670151750491019
well,33-053-07503-0000,2027-04-01,819.8846868721653,833.133449356581,hyperbolic,0.9460308072447292,58559.38933029915,0.14578505741683365,0.5670151750491019
well,33-053-07503-0000,2027-05-01,809.367079051857,827.8469132931971,hyperbolic,0.9460308072447292,58559.38933029915,0.14578505741683365,0.5670151750491019
well,33-053-07503-0000,2027-06-01,799.0593678354909,822.6228095277718,hyperbolic,0.9460308072447292,58559.38933029915,0.14578505741683365,0.5670151750491019
well,33-053-07503-0000,2027-07-01,788.9558895919672,817.4600633369865,hyperbolic,0.9460308072447292,58559.38933029915,0.14578505741683365,0.5670151750491019
well,33-053-07503-0000,2027-08-01,779.0511727391146,812.3576242432392,hyperbolic,0.9460308072447292,58559.38933029915,0.14578505741683365,0.5670151750491019
well,33-053-07503-0000,2027-09-01,769.3399299201169,807.3144653394539,hyperbolic,0.9460308072447292,58559.38933029915,0.14578505741683365,0.5670151750491019
well,33-053-07503-0000,2027-10-01,759.8170505513233,802.3295826362233,hyperbolic,0.9460308072447292,58559.38933029915,0.14578505741683365,0.5670151750491019
well,33-053-07503-0000,2027-11-01,750.4775937213466,797.4019944304326,hyperbolic,0.9460308072447292,58559.38933029915,0.14578505741683365,0.5670151750491019
well,33-053-07503-0000,2027-12-01,741.3167814225734,792.5307406945456,hyperbolic,0.9460308072447292,58559.38933029915,0.14578505741683365,0.5670151750491019
well,33-053-05785-0000,2026-01-01,0.00999891011879705,349.96185415789677,harmonic,-0.25983146327544326,349.99999999999994,1.0000000000000235e-06,1.0
well,33-053-05785-0000,2026-02-01,0.00999890012098669,349.9615042345341,harmonic,-0.25983146327544326,349.99999999999994,1.0000000000000235e-06,1.0
well,33-053-05785-0000,2026-03-01,0.009998890123196325,349.9611543118713,harmonic,-0.25983146327544326,349.99999999999994,1.0000000000000235e-06,1.0
well,33-053-05785-0000,2026-04-01,0.009998880125425953,349.9608043899082,harmonic,-0.25983146327544326,349.99999999999994,1.0000000000000235e-06,1.0
well,33-053-05785-0000,2026-05-01,0.009998870127675571,349.96045446864497,harmonic,-0.25983146327544326,349.99999999999994,1.0000000000000235e-06,1.0
well,33-053-05785-0000,2026-06-01,0.009998860129945185,349.96010454808146,harmonic,-0.25983146327544326,349.99999999999994,1.0000000000000235e-06,1.0
well,33-053-05785-0000,2026-07-01,0.009998850132234791,349.9597546282177,harmonic,-0.25983146327544326,349.99999999999994,1.0000000000000235e-06,1.0
well,33-053-05785-0000,2026-08-01,0.009998840134544391,349.9594047090537,harmonic,-0.25983146327544326,349.99999999999994,1.0000000000000235e-06,1.0
well,33-053-05785-0000,2026-09-01,0.009998830136873985,349.95905479058945,harmonic,-0.25983146327544326,349.99999999999994,1.0000000000000235e-06,1.0
well,33-053-05785-0000,2026-10-01,0.009998820139223569,349.9587048728249,harmonic,-0.25983146327544326,349.99999999999994,1.0000000000000235e-06,1.0
well,33-053-05785-0000,2026-11-01,0.009998810141593149,349.9583549557602,harmonic,-0.25983146327544326,349.99999999999994,1.0000000000000235e-06,1.0
well,33-053-05785-0000,2026-12-01,0.009998800143982722,349.95800503939523,harmonic,-0.25983146327544326,349.99999999999994,1.0000000000000235e-06,1.0
well,33-053-05785-0000,2027-01-01,0.009998790146392284,349.95765512373,harmonic,-0.25983146327544326,349.99999999999994,1.0000000000000235e-06,1.0
well,33-053-05785-0000,2027-02-01,0.009998780148821843,349.95730520876447,harmonic,-0.25983146327544326,349.99999999999994,1.0000000000000235e-06,1.0
well,33-053-05785-0000,2027-03-01,0.009998770151271392,349.9569552944987,harmonic,-0.25983146327544326,349.99999999999994,1.0000000000000235e-06,1.0
well,33-053-05785-0000,2027-04-01,0.009998760153740934,349.95660538093273,harmonic,-0.25983146327544326,349.99999999999994,1.0000000000000235e-06,1.0
well,33-053-05785-0000,2027-05-01,0.00999875015623047,349.95625546806644,harmonic,-0.25983146327544326,349.99999999999994,1.0000000000000235e-06,1.0
well,33-053-05785-0000,2027-06-01,0.009998740158739996,349.9559055558999,harmonic,-0.25983146327544326,349.99999999999994,1.0000000000000235e-06,1.0
well,33-053-05785-0000,2027-07-01,0.009998730161269518,349.9555556444331,harmonic,-0.25983146327544326,349.99999999999994,1.0000000000000235e-06,1.0
well,33-053-05785-0000,2027-08-01,0.00999872016381903,349.95520573366605,harmonic,-0.25983146327544326,349.99999999999994,1.0000000000000235e-06,1.0
well,33-053-05785-0000,2027-09-01,0.009998710166388534,349.9548558235987,harmonic,-0.25983146327544326,349.99999999999994,1.0000000000000235e-06,1.0
well,33-053-05785-0000,2027-10-01,0.009998700168978032,349.9545059142311,harmonic,-0.25983146327544326,349.99999999999994,1.0000000000000235e-06,1.0
well,33-053-05785-0000,2027-11-01,0.00999869017158752,349.95415600556316,harmonic,-0.25983146327544326,349.99999999999994,1.0000000000000235e-06,1.0
well,33-053-05785-0000,2027-12-01,0.009998680174217001,349.9538060975951,harmonic,-0.25983146327544326,349.99999999999994,1.0000000000000235e-06,1.0
well,33-053-04311-0000,2026-01-01,1580.3622695942802,139.84381446763857,hyperbolic,0.8464951155924089,33721.12789128941,0.09478514673405132,0.7882624898823011
well,33-053-04311-0000,2026-02-01,1567.042545440745,138.84021803772836,hyperbolic,0.8464951155924089,33721.12789128941,0.09478514673405132,0.7882624898823011
well,33-053-04311-0000,2026-03-01,1553.9222505466848,137.8509236924317,hyperbolic,0.8464951155924089,33721.12789128941,0.09478514673405132,0.7882624898823011
well,33-053-04311-0000,2026-04-01,1540.9971109729067,136.87562786983537,hyperbolic,0.8464951155924089,33721.12789128941,0.09478514673405132,0.7882624898823011
well,33-053-04311-0000,2026-05-01,1528.2629716174397,135.91403553848008,hyperbolic,0.8464951155924089,33721.12789128941,0.09478514673405132,0.7882624898823011
well,33-053-04311-0000,2026-06-01,1515.7157921635644,134.9658598998058,hyperbolic,0.8464951155924089,33721.12789128941,0.09478514673405132,0.7882624898823011
well,33-053-04311-0000,2026-07-01,1503.3516431911721,134.03082210296589,hyperbolic,0.8464951155924089,33721.12789128941,0.09478514673405132,0.7882624898823011
well,33-053-04311-0000,2026-08-01,1491.1667024438614,133.10865097141422,hyperbolic,0.8464951155924089,33721.12789128941,0.09478514673405132,0.7882624898823011
well,33-053-04311-0000,2026-09-01,1479.1572512445903,132.19908274070215,hyperbolic,0.8464951155924089,33721.12789128941,0.09478514673405132,0.7882624898823011
well,33-053-04311-0000,2026-10-01,1467.319671053069,131.30186080695248,hyperbolic,0.8464951155924089,33721.12789128941,0.09478514673405132,0.7882624898823011
well,33-053-04311-0000,2026-11-01,1455.650440158437,130.41673548550722,hyperbolic,0.8464951155924089,33721.12789128941,0.09478514673405132,0.7882624898823011
well,33-053-04311-0000,2026-12-01,1444.146130501099,129.54346377927195,hyperbolic,0.8464951155924089,33721.12789128941,0.09478514673405132,0.7882624898823011
well,33-053-04311-0000,2027-01-01,1432.8034046179048,128.6818091563048,hyperbolic,0.8464951155924089,33721.12789128941,0.09478514673405132,0.7882624898823011
well,33-053-04311-0000,2027-02-01,1421.6190127051575,127.83154133622354,hyperbolic,0.8464951155924089,33721.12789128941,0.09478514673405132,0.7882624898823011
well,33-053-04311-0000,2027-03-01,1410.5897897942161,126.99243608502475,hyperbolic,0.8464951155924089,33721.12789128941,0.09478514673405132,0.7882624898823011
well,33-053-04311-0000,2027-04-01,1399.7126530347111,126.16427501793106,hyperbolic,0.8464951155924089,33721.12789128941,0.09478514673405132,0.7882624898823011
well,33-053-04311-0000,2027-05-01,1388.9845990806537,125.34684540990315,hyperbolic,0.8464951155924089,33721.12789128941,0.09478514673405132,0.7882624898823011
well,33-053-04311-0000,2027-06-01,1378.4027015749446,124.5399400134701,hyperbolic,0.8464951155924089,33721.12789128941,0.09478514673405132,0.7882624898823011
well,33-053-04311-0000,2027-07-01,1367.964108728011,123.74335688355123,hyperbolic,0.8464951155924089,33721.12789128941,0.09478514673405132,0.7882624898823011
well,33-053-04311-0000,2027-08-01,1357.6660409865167,122.95689920895786,hyperbolic,0.8464951155924089,33721.12789128941,0.09478514673405132,0.7882624898823011
well,33-053-04311-0000,2027-09-01,1347.5057887882788,122.18037515028003,hyperbolic,0.8464951155924089,33721.12789128941,0.09478514673405132,0.7882624898823011
well,33-053-04311-0000,2027-10-01,1337.4807103997173,121.41359768387748,hyperbolic,0.8464951155924089,33721.12789128941,0.09478514673405132,0.7882624898823011
well,33-053-04311-0000,2027-11-01,1327.5882298323422,120.65638445170838,hyperbolic,0.8464951155924089,33721.12789128941,0.09478514673405132,0.7882624898823011
well,33-053-04311-0000,2027-12-01,1317.8258348349455,119.90855761674288,hyperbolic,0.8464951155924089,33721.12789128941,0.09478514673405132,0.7882624898823011
well,33-053-06421-0000,2026-01-01,2136.475534528519,331.75437037862434,exponential,0.45360858911188284,17168.37359688567,0.018279924754756777,0.0
well,33-053-06421-0000,2026-02-01,2097.775715051927,327.7918375549583,exponential,0.45360858911188284,17168.37359688567,0.018279924754756777,0.0
well,33-053-06421-0000,2026-03-01,2059.776898700956,323.89859710165393,exponential,0.45360858911188284,17168.37359688567,0.018279924754756777,0.0
well,33-053-06421-0000,2026-04-01,2022.4663876028844,320.0730575303033,exponential,0.45360858911188284,17168.37359688567,0.018279924754756777,0.0
well,33-053-06421-0000,2026-05-01,1985.831713892483,316.31367253124057,exponential,0.45360858911188284,17168.37359688567,0.018279924754756777,0.0
well,33-053-06421-0000,2026-06-01,1949.8606355456893,312.61893944885435,exponential,0.45360858911188284,17168.37359688567,0.018279924754756777,0.0
well,33-053-06421-0000,2026-07-01,1914.5411322887583,308.987397816438,exponential,0.45360858911188284,17168.37359688567,0.018279924754756777,0.0
well,33-053-06421-0000,2026-08-01,1879.861401581504,305.41762794794073,exponential,0.45360858911188284,17168.37359688567,0.018279924754756777,0.0
well,33-053-06421-0000,2026-09-01,1845.8098546733038,301.9082495841132,exponential,0.45360858911188284,17168.37359688567,0.018279924754756777,0.0
well,33-053-06421-0000,2026-10-01,1812.375112730547,298.4579205906633,exponential,0.45360858911188284,17168.37359688567,0.018279924754756777,0.0
well,33-053-06421-0000,2026-11-01,1779.5460030342272,295.0653357061569,exponential,0.45360858911188284,17168.37359688567,0.018279924754756777,0.0
well,33-053-06421-0000,2026-12-01,1747.3115552464053,291.7292253375062,exponential,0.45360858911188284,17168.37359688567,0.018279924754756777,0.0
well,33-053-06421-0000,2027-01-01,1715.660997744316,288.4483544009947,exponential,0.45360858911188284,17168.37359688567,0.018279924754756777,0.0
well,33-053-06421-0000,2027-02-01,1684.583754020864,285.2215212068849,exponential,0.45360858911188284,17168.37359688567,0.018279924754756777,0.0
well,33-053-06421-0000,2027-03-01,1654.0694391503234,282.04755638575074,exponential,0.45360858911188284,17168.37359688567,0.018279924754756777,0.0
well,33-053-06421-0000,2027-04-01,1624.107856318066,278.925321854762,exponential,0.45360858911188284,17168.37359688567,0.018279924754756777,0.0
well,33-053-06421-0000,2027-05-01,1594.688993413139,275.85370982223577,exponential,0.45360858911188284,17168.37359688567,0.018279924754756777,0.0
well,33-053-06421-0000,2027-06-01,1565.8030196825682,272.831641828847,exponential,0.45360858911188284,17168.37359688567,0.018279924754756777,0.0
well,33-053-06421-0000,2027-07-01,1537.440282446266,269.8580678239657,exponential,0.45360858911188284,17168.37359688567,0.018279924754756777,0.0
well,33-053-06421-0000,2027-08-01,1509.5913038714461,266.93196527566226,exponential,0.45360858911188284,17168.37359688567,0.018279924754756777,0.0
well,33-053-06421-0000,2027-09-01,1482.2467778054584,264.05233831298597,exponential,0.45360858911188284,17168.37359688567,0.018279924754756777,0.0
well,33-053-06421-0000,2027-10-01,1455.3975666660044,261.21821689919136,exponential,0.45360858911188284,17168.37359688567,0.018279924754756777,0.0
well,33-053-06421-0000,2027-11-01,1429.0346983876764,258.4286560346433,exponential,0.45360858911188284,17168.37359688567,0.018279924754756777,0.0
well,33-053-06421-0000,2027-12-01,1403.1493634238027,255.68273498819272,exponential,0.45360858911188284,17168.37359688567,0.018279924754756777,0.0
well,33-053-05259-0000,2026-01-01,1885.6489672771324,244.2579034608633,hyperbolic,0.4018502466183156,15006.79858207294,0.0183280348144935,0.16532914717663966
well,33-053-05259-0000,2026-02-01,1861.3068236100687,241.00477919107098,hyperbolic,0.4018502466183156,15006.79858207294,0.0183280348144935,0.16532914717663966
well,33-053-05259-0000,2026-03-01,1837.3300884599464,237.7949813290008,hyperbolic,0.4018502466183156,15006.79858207294,0.0183280348144935,0.16532914717663966
well,33-053-05259-0000,2026-04-01,1813.7125116588782,234.62793283625828,hyperbolic,0.4018502466183156,15006.79858207294,0.0183280348144935,0.16532914717663966
well,33-053-05259-0000,2026-05-01,1790.4479629732575,231.50306435967636,hyperbolic,0.4018502466183156,15006.79858207294,0.0183280348144935,0.16532914717663966
well,33-053-05259-0000,2026-06-01,1767.5304295534004,228.41981412896095,hyperbolic,0.4018502466183156,15006.79858207294,0.0183280348144935,0.16532914717663966
well,33-053-05259-0000,2026-07-01,1744.9540134427195,225.37762785569905,hyperbolic,0.4018502466183156,15006.79858207294,0.0183280348144935,0.16532914717663966
well,33-053-05259-0000,2026-08-01,1722.712929144863,222.3759586337118,hyperbolic,0.4018502466183156,15006.79858207294,0.0183280348144935,0.16532914717663966
well,33-053-05259-0000,2026-09-01,1700.801501247401,219.4142668407354,hyperbolic,0.4018502466183156,15006.79858207294,0.0183280348144935,0.16532914717663966
well,33-053-05259-0000,2026-10-01,1679.214162100588,216.49202004141065,hyperbolic,0.4018502466183156,15006.79858207294,0.0183280348144935,0.16532914717663966
well,33-053-05259-0000,2026-11-01,1657.9454495498314,213.608692891565,hyperbolic,0.4018502466183156,15006.79858207294,0.0183280348144935,0.16532914717663966
well,33-053-05259-0000,2026-12-01,1636.9900047205251,210.76376704376943,hyperbolic,0.4018502466183156,15006.79858207294,0.0183280348144935,0.16532914717663966
well,33-053-05259-0000,2027-01-01,1616.3425698538977,207.9567310541528,hyperbolic,0.4018502466183156,15006.79858207294,0.0183280348144935,0.16532914717663966
well,33-053-05259-0000,2027-02-01,1595.9979861926397,205.18708029045771,hyperbolic,0.4018502466183156,15006.79858207294,0.0183280348144935,0.16532914717663966
well,33-053-05259-0000,2027-03-01,1575.9511919150223,202.4543168413206,hyperbolic,0.4018502466183156,15006.79858207294,0.0183280348144935,0.16532914717663966
well,33-053-05259-0000,2027-04-01,1556.1972201163335,199.75794942676015,hyperbolic,0.4018502466183156,15006.79858207294,0.0183280348144935,0.16532914717663966
well,33-053-05259-0000,2027-05-01,1536.731196836426,197.09749330985798,hyperbolic,0.4018502466183156,15006.79858207294,0.0183280348144935,0.16532914717663966
well,33-053-05259-0000,2027-06-01,1517.5483391322396,194.47247020961564,hyperbolic,0.4018502466183156,15006.79858207294,0.0183280348144935,0.16532914717663966
well,33-053-05259-0000,2027-07-01,1498.6439531941883,191.88240821497183,hyperbolic,0.4018502466183156,15006.79858207294,0.0183280348144935,0.16532914717663966
well,33-053-05259-0000,2027-08-01,1480.0134325053202,189.3268416999651,hyperbolic,0.4018502466183156,15006.79858207294,0.0183280348144935,0.16532914717663966
well,33-053-05259-0000,2027-09-01,1461.6522560421902,186.80531124002658,hyperbolic,0.4018502466183156,15006.79858207294,0.0183280348144935,0.16532914717663966
well,33-053-05259-0000,2027-10-01,1443.5559865164137,184.3173635293871,hyperbolic,0.4018502466183156,15006.79858207294,0.0183280348144935,0.16532914717663966
well,33-053-05259-0000,2027-11-01,1425.7202686559235,181.86255129958494,hyperbolic,0.4018502466183156,15006.79858207294,0.0183280348144935,0.16532914717663966
well,33-053-05259-0000,2027-12-01,1408.1408275249216,179.44043323905785,hyperbolic,0.4018502466183156,15006.79858207294,0.0183280348144935,0.16532914717663966
well,33-053-07854-0000,2026-01-01,4364.323305804656,139.9868412369237,exponential,0.16919292340908876,9249.999999999622,0.007991068101678388,0.0
well,33-053-07854-0000,2026-02-01,4329.586677280676,139.98670126337996,exponential,0.16919292340908876,9249.999999999622,0.007991068101678388,0.0
well,33-053-07854-0000,2026-03-01,4295.126525377849,139.9865612901161,exponential,0.16919292340908876,9249.999999999622,0.007991068101678388,0.0
well,33-053-07854-0000,2026-04-01,4260.940649556709,139.9864213171322,exponential,0.16919292340908876,9249.999999999622,0.007991068101678388,0.0
well,33-053-07854-0000,2026-05-01,4227.026866792375,139.98628134442822,exponential,0.16919292340908876,9249.999999999622,0.007991068101678388,0.0
well,33-053-07854-0000,2026-06-01,4193.383011435151,139.98614137200414,exponential,0.16919292340908876,9249.999999999622,0.007991068101678388,0.0
well,33-053-07854-0000,2026-07-01,4160.006935072234,139.98600139986,exponential,0.16919292340908876,9249.999999999622,0.007991068101678388,0.0
well,33-053-07854-0000,2026-08-01,4126.896506390521,139.98586142799576,exponential,0.16919292340908876,9249.999999999622,0.007991068101678388,0.0
well,33-053-07854-0000,2026-09-01,4094.0496110405043,139.9857214564114,exponential,0.16919292340908876,9249.999999999622,0.007991068101678388,0.0
well,33-053-07854-0000,2026-10-01,4061.464151501264,139.98558148510702,exponential,0.16919292340908876,9249.999999999622,0.007991068101678388,0.0
well,33-053-07854-0000,2026-11-01,4029.1380469465166,139.98544151408248,exponential,0.16919292340908876,9249.999999999622,0.007991068101678388,0.0
well,33-053-07854-0000,2026-12-01,3997.069233111742,139.98530154333793,exponential,0.16919292340908876,9249.999999999622,0.007991068101678388,0.0
well,33-053-07854-0000,2027-01-01,3965.2556621623653,139.98516157287327,exponential,0.16919292340908876,9249.999999999622,0.007991068101678388,0.0
well,33-053-07854-0000,2027-02-01,3933.695302562986,139.98502160268848,exponential,0.16919292340908876,9249.999999999622,0.007991068101678388,0.0
well,33-053-07854-0000,2027-03-01,3902.3861389476515,139.98488163278364,exponential,0.16919292340908876,9249.999999999622,0.007991068101678388,0.0
well,33-053-07854-0000,2027-04-01,3871.3261719911557,139.9847416631587,exponential,0.16919292340908876,9249.999999999622,0.007991068101678388,0.0
well,33-053-07854-0000,2027-05-01,3840.5134182813736,139.98460169381366,exponential,0.16919292340908876,9249.999999999622,0.007991068101678388,0.0
well,33-053-07854-0000,2027-06-01,3809.945910192601,139.98446172474854,exponential,0.16919292340908876,9249.999999999622,0.007991068101678388,0.0
well,33-053-07854-0000,2027-07-01,3779.6216957599086,139.98432175596332,exponential,0.16919292340908876,9249.999999999622,0.007991068101678388,0.0
well,33-053-07854-0000,2027-08-01,3749.5388385544925,139.984181787458,exponential,0.16919292340908876,9249.999999999622,0.007991068101678388,0.0
well,33-053-07854-0000,2027-09-01,3719.695417560022,139.98404181923257,exponential,0.16919292340908876,9249.999999999622,0.007991068101678388,0.0
well,33-053-07854-0000,2027-10-01,3690.089527049967,139.98390185128707,exponential,0.16919292340908876,9249.999999999622,0.007991068101678388,0.0
well,33-053-07854-0000,2027-11-01,3660.7192764659,139.98376188362147,exponential,0.16919292340908876,9249.999999999622,0.007991068101678388,0.0
well,33-053-07854-0000,2027-12-01,3631.5827902967744,139.9836219162358,exponential,0.16919292340908876,9249.999999999622,0.007991068101678388,0.0
well,33-053-07703-0000,2026-01-01,2076.7230966947704,57.91819662491742,harmonic,0.8786448591707436,78052.61616035605,0.3771598778714799,1.0
well,33-053-07703-0000,2026-02-01,2056.090267050027,57.329447879499426,harmonic,0.8786448591707436,78052.61616035605,0.3771598778714799,1.0
well,33-053-07703-0000,2026-03-01,2035.8633901134556,56.75254815757897,harmonic,0.8786448591707436,78052.61616035605,0.3771598778714799,1.0
well,33-053-07703-0000,2026-04-01,2016.0306018658805,56.18714331671863,harmonic,0.8786448591707436,78052.61616035605,0.3771598778714799,1.0
well,33-053-07703-0000,2026-05-01,1996.5804961312308,55.63289318803294,harmonic,0.8786448591707436,78052.61616035605,0.3771598778714799,1.0
well,33-053-07703-0000,2026-06-01,1977.5021027018627,55.089470893719806,harmonic,0.8786448591707436,78052.61616035605,0.3771598778714799,1.0
well,33-053-07703-0000,2026-07-01,1958.7848667061562,54.556562204203324,harmonic,0.8786448591707436,78052.61616035605,0.3771598778714799,1.0
well,33-053-07703-0000,2026-08-01,1940.4186291368528,54.033864932231005,harmonic,0.8786448591707436,78052.61616035605,0.3771598778714799,1.0
well,33-053-07703-0000,2026-09-01,1922.3936084646523,53.52108836147092,harmonic,0.8786448591707436,78052.61616035605,0.3771598778714799,1.0
well,33-053-07703-0000,2026-10-01,1904.7003832671542,53.01795270733835,harmonic,0.8786448591707436,78052.61616035605,0.3771598778714799,1.0
well,33-053-07703-0000,2026-11-01,1887.329875808324,52.52418860795079,harmonic,0.8786448591707436,78052.61616035605,0.3771598778714799,1.0
well,33-053-07703-0000,2026-12-01,1870.2733365083511,52.03953664326542,harmonic,0.8786448591707436,78052.61616035605,0.3771598778714799,1.0
well,33-053-07703-0000,2027-01-01,1853.522329248077,51.563746880595254,harmonic,0.8786448591707436,78052.61616035605,0.3771598778714799,1.0
well,33-053-07703-0000,2027-02-01,1837.0687174561344,51.09657844483114,harmonic,0.8786448591707436,78052.61616035605,0.3771598778714799,1.0
well,33-053-07703-0000,2027-03-01,1820.9046509305865,50.63779911181669,harmonic,0.8786448591707436,78052.61616035605,0.3771598778714799,1.0
well,33-053-07703-0000,2027-04-01,1805.0225533502248,50.18718492343409,harmonic,0.8786448591707436,78052.61616035605,0.3771598778714799,1.0
well,33-053-07703-0000,2027-05-01,1789.4151104337832,49.744519823060095,harmonic,0.8786448591707436,78052.61616035605,0.3771598778714799,1.0
well,33-053-07703-0000,2027-06-01,1774.0752587081813,49.309595310145745,harmonic,0.8786448591707436,78052.61616035605,0.3771598778714799,1.0
well,33-053-07703-0000,2027-07-01,1758.996174849572,48.88221011275938,harmonic,0.8786448591707436,78052.61616035605,0.3771598778714799,1.0
well,33-053-07703-0000,2027-08-01,1744.1712655633912,48.462169877012464,harmonic,0.8786448591707436,78052.61616035605,0.3771598778714799,1.0
well,33-053-07703-0000,2027-09-01,1729.5941579718788,48.04928687236147,harmonic,0.8786448591707436,78052.61616035605,0.3771598778714799,1.0
well,33-053-07703-0000,2027-10-01,1715.2586904796294,47.64337971184683,harmonic,0.8786448591707436,78052.61616035605,0.3771598778714799,1.0
well,33-053-07703-0000,2027-11-01,1701.1589040896688,47.244273086393314,harmonic,0.8786448591707436,78052.61616035605,0.3771598778714799,1.0
well,33-053-07703-0000,2027-12-01,1687.289034144334,46.85179751235386,harmonic,0.8786448591707436,78052.61616035605,0.3771598778714799,1.0
well,33-053-05504-0000,2026-01-01,5739.852409076566,2332.630840499886,harmonic,0.005565715918267822,7026.372822242607,0.0017648680264695403,1.0
well,33-053-05504-0000,2026-02-01,5731.589046391226,2332.6285081675824,harmonic,0.005565715918267822,7026.372822242607,0.0017648680264695403,1.0
well,33-053-05504-0000,2026-03-01,5723.349442156682,2332.6261758399437,harmonic,0.005565715918267822,7026.372822242607,0.0017648680264695403,1.0
well,33-053-05504-0000,2026-04-01,5715.133494056172,2332.6238435169685,harmonic,0.005565715918267822,7026.372822242607,0.0017648680264695403,1.0
well,33-053-05504-0000,2026-05-01,5706.941100359597,2332.621511198657,harmonic,0.005565715918267822,7026.372822242607,0.0017648680264695403,1.0
well,33-053-05504-0000,2026-06-01,5698.772159919325,2332.6191788850106,harmonic,0.005565715918267822,7026.372822242607,0.0017648680264695403,1.0
well,33-053-05504-0000,2026-07-01,5690.626572166033,2332.6168465760275,harmonic,0.005565715918267822,7026.372822242607,0.0017648680264695403,1.0
well,33-053-05504-0000,2026-08-01,5682.504237104571,2332.6145142717082,harmonic,0.005565715918267822,7026.372822242607,0.0017648680264695403,1.0
well,33-053-05504-0000,2026-09-01,5674.4050553098805,2332.612181972054,harmonic,0.005565715918267822,7026.372822242607,0.0017648680264695403,1.0
well,33-053-05504-0000,2026-10-01,5666.328927922926,2332.6098496770624,harmonic,0.005565715918267822,7026.372822242607,0.0017648680264695403,1.0
well,33-053-05504-0000,2026-11-01,5658.275756646682,2332.6075173867353,harmonic,0.005565715918267822,7026.372822242607,0.0017648680264695403,1.0
well,33-053-05504-0000,2026-12-01,5650.24544374214,2332.6051851010725,harmonic,0.005565715918267822,7026.372822242607,0.0017648680264695403,1.0
well,33-053-05504-0000,2027-01-01,5642.237892024359,2332.602852820073,harmonic,0.005565715918267822,7026.372822242607,0.0017648680264695403,1.0
well,33-053-05504-0000,2027-02-01,5634.25300485854,2332.600520543738,harmonic,0.005565715918267822,7026.372822242607,0.0017648680264695403,1.0
well,33-053-05504-0000,2027-03-01,5626.290686156139,2332.598188272066,harmonic,0.005565715918267822,7026.372822242607,0.0017648680264695403,1.0
well,33-053-05504-0000,2027-04-01,5618.3508403710175,2332.5958560050585,harmonic,0.005565715918267822,7026.372822242607,0.0017648680264695403,1.0
well,33-053-05504-0000,2027-05-01,5610.433372495616,2332.593523742715,harmonic,0.005565715918267822,7026.372822242607,0.0017648680264695403,1.0
well,33-053-05504-0000,2027-06-01,5602.538188057165,2332.5911914850353,harmonic,0.005565715918267822,7026.372822242607,0.0017648680264695403,1.0
well,33-053-05504-0000,2027-07-01,5594.6651931139295,2332.5888592320193,harmonic,0.005565715918267822,7026.372822242607,0.0017648680264695403,1.0
well,33-053-05504-0000,2027-08-01,5586.814294251482,2332.586526983667,harmonic,0.005565715918267822,7026.372822242607,0.0017648680264695403,1.0
well,33-053-05504-0000,2027-09-01,5578.985398579007,2332.584194739979,harmonic,0.005565715918267822,7026.372822242607,0.0017648680264695403,1.0
well,33-053-05504-0000,2027-10-01,5571.178413725639,2332.5818625009547,harmonic,0.005565715918267822,7026.372822242607,0.0017648680264695403,1.0
well,33-053-05504-0000,2027-11-01,5563.393247836829,2332.579530266594,harmonic,0.005565715918267822,7026.372822242607,0.0017648680264695403,1.0
well,33-053-05504-0000,2027-12-01,5555.629809570738,2332.5771980368963,harmonic,0.005565715918267822,7026.372822242607,0.0017648680264695403,1.0
well,33-053-06118-0000,2026-01-01,6398.986594324861,1008.5804666348639,harmonic,-2.452128717900237e-05,6399.786467649151,1.0000000000001937e-06,1.0
well,33-053-06118-0000,2026-02-01,6398.980196144436,1008.5794581814622,harmonic,-2.452128717900237e-05,6399.786467649151,1.0000000000001937e-06,1.0
well,33-053-06118-0000,2026-03-01,6398.973797976808,1008.578449730077,harmonic,-2.452128717900237e-05,6399.786467649151,1.0000000000001937e-06,1.0
well,33-053-06118-0000,2026-04-01,6398.967399821973,1008.5774412807084,harmonic,-2.452128717900237e-05,6399.786467649151,1.0000000000001937e-06,1.0
well,33-053-06118-0000,2026-05-01,6398.961001679934,1008.5764328333568,harmonic,-2.452128717900237e-05,6399.786467649151,1.0000000000001937e-06,1.0
well,33-053-06118-0000,2026-06-01,6398.954603550689,1008.5754243880214,harmonic,-2.452128717900237e-05,6399.786467649151,1.0000000000001937e-06,1.0
well,33-053-06118-0000,2026-07-01,6398.948205434238,1008.574415944703,harmonic,-2.452128717900237e-05,6399.786467649151,1.0000000000001937e-06,1.0
well,33-053-06118-0000,2026-08-01,6398.941807330583,1008.5734075034009,harmonic,-2.452128717900237e-05,6399.786467649151,1.0000000000001937e-06,1.0
well,33-053-06118-0000,2026-09-01,6398.9354092397225,1008.5723990641154,harmonic,-2.452128717900237e-05,6399.786467649151,1.0000000000001937e-06,1.0
well,33-053-06118-0000,2026-10-01,6398.929011161655,1008.5713906268469,harmonic,-2.452128717900237e-05,6399.786467649151,1.0000000000001937e-06,1.0
well,33-053-06118-0000,2026-11-01,6398.9226130963825,1008.5703821915946,harmonic,-2.452128717900237e-05,6399.786467649151,1.0000000000001937e-06,1.0
well,33-053-06118-0000,2026-12-01,6398.916215043904,1008.569373758359,harmonic,-2.452128717900237e-05,6399.786467649151,1.0000000000001937e-06,1.0
well,33-053-06118-0000,2027-01-01,6398.909817004221,1008.5683653271401,harmonic,-2.452128717900237e-05,6399.786467649151,1.0000000000001937e-06,1.0
well,33-053-06118-0000,2027-02-01,6398.903418977332,1008.5673568979377,harmonic,-2.452128717900237e-05,6399.786467649151,1.0000000000001937e-06,1.0
well,33-053-06118-0000,2027-03-01,6398.897020963236,1008.5663484707518,harmonic,-2.452128717900237e-05,6399.786467649151,1.0000000000001937e-06,1.0
well,33-053-06118-0000,2027-04-01,6398.890622961936,1008.5653400455827,harmonic,-2.452128717900237e-05,6399.786467649151,1.0000000000001937e-06,1.0
well,33-053-06118-0000,2027-05-01,6398.88422497343,1008.56433162243,harmonic,-2.452128717900237e-05,6399.786467649151,1.0000000000001937e-06,1.0
well,33-053-06118-0000,2027-06-01,6398.8778269977165,1008.563323201294,harmonic,-2.452128717900237e-05,6399.786467649151,1.0000000000001937e-06,1.0
well,33-053-06118-0000,2027-07-01,6398.871429034799,1008.5623147821743,harmonic,-2.452128717900237e-05,6399.786467649151,1.0000000000001937e-06,1.0
well,33-053-06118-0000,2027-08-01,6398.865031084675,1008.5613063650713,harmonic,-2.452128717900237e-05,6399.786467649151,1.0000000000001937e-06,1.0
well,33-053-06118-0000,2027-09-01,6398.858633147344,1008.5602979499849,harmonic,-2.452128717900237e-05,6399.786467649151,1.0000000000001937e-06,1.0
well,33-053-06118-0000,2027-10-01,6398.852235222808,1008.559289536915,harmonic,-2.452128717900237e-05,6399.786467649151,1.0000000000001937e-06,1.0
well,33-053-06118-0000,2027-11-01,6398.845837311065,1008.5582811258615,harmonic,-2.452128717900237e-05,6399.786467649151,1.0000000000001937e-06,1.0
well,33-053-06118-0000,2027-12-01,6398.839439412118,1008.5572727168247,harmonic,-2.452128717900237e-05,6399.786467649151,1.0000000000001937e-06,1.0
well,33-053-05208-0000,2026-01-01,2313.6112272171363,498.1455462665313,hyperbolic,0.7179661309995381,15585.142445770838,0.029148488553956606,0.7230129647210501
well,33-053-05208-0000,2026-02-01,2296.7375606221663,495.59615308785396,hyperbolic,0.7179661309995381,15585.142445770838,0.029148488553956606,0.7230129647210501
well,33-053-05208-0000,2026-03-01,2280.074821258009,493.0727214480997,hyperbolic,0.7179661309995381,15585.142445770838,0.029148488553956606,0.7230129647210501
well,33-053-05208-0000,2026-04-01,2263.6192855860113,490.57485679039445,hyperbolic,0.7179661309995381,15585.142445770838,0.029148488553956606,0.7230129647210501
well,33-053-05208-0000,2026-05-01,2247.3673147873237,488.10217251273247,hyperbolic,0.7179661309995381,15585.142445770838,0.029148488553956606,0.7230129647210501
well,33-053-05208-0000,2026-06-01,2231.3153524077634,485.6542897685039,hyperbolic,0.7179661309995381,15585.142445770838,0.029148488553956606,0.7230129647210501
well,33-053-05208-0000,2026-07-01,2215.459922079913,483.2308372729941,hyperbolic,0.7179661309995381,15585.142445770838,0.029148488553956606,0.7230129647210501
well,33-053-05208-0000,2026-08-01,2199.7976253195384,480.83145111564903,hyperbolic,0.7179661309995381,15585.142445770838,0.029148488553956606,0.7230129647210501
well,33-053-05208-0000,2026-09-01,2184.3251393935293,478.45577457790455,hyperbolic,0.7179661309995381,15585.142445770838,0.029148488553956606,0.7230129647210501
well,33-053-05208-0000,2026-10-01,2169.0392152567097,476.1034579563907,hyperbolic,0.7179661309995381,15585.142445770838,0.029148488553956606,0.7230129647210501
well,33-053-05208-0000,2026-11-01,2153.9366755549336,473.77415839132465,hyperbolic,0.7179661309995381,15585.142445770838,0.029148488553956606,0.7230129647210501
well,33-053-05208-0000,2026-12-01,2139.0144126920327,471.46753969991744,hyperbolic,0.7179661309995381,15585.142445770838,0.029148488553956606,0.7230129647210501
well,33-053-05208-0000,2027-01-01,2124.269386958263,469.18327221462346,hyperbolic,0.7179661309995381,15585.142445770838,0.029148488553956606,0.7230129647210501
well,33-053-05208-0000,2027-02-01,2109.6986247179893,466.92103262606884,hyperbolic,0.7179661309995381,15585.142445770838,0.029148488553956606,0.7230129647210501
well,33-053-05208-0000,2027-03-01,2095.299216654461,464.6805038305025,hyperbolic,0.7179661309995381,15585.142445770838,0.029148488553956606,0.7230129647210501
well,33-053-05208-0000,2027-04-01,2081.068316069608,462.46137478161853,hyperbolic,0.7179661309995381,15585.142445770838,0.029148488553956606,0.7230129647210501
well,33-053-05208-0000,2027-05-01,2067.0031372368594,460.2633403466037,hyperbolic,0.7179661309995381,15585.142445770838,0.029148488553956606,0.7230129647210501
well,33-053-05208-0000,2027-06-01,2053.1009538050967,458.08610116627074,hyperbolic,0.7179661309995381,15585.142445770838,0.029148488553956606,0.7230129647210501
well,33-053-05208-0000,2027-07-01,2039.3590972519087,455.92936351914335,hyperbolic,0.7179661309995381,15585.142445770838,0.029148488553956606,0.7230129647210501
well,33-053-05208-0000,2027-08-01,2025.7749553843896,453.79283918936176,hyperbolic,0.7179661309995381,15585.142445770838,0.029148488553956606,0.7230129647210501
well,33-053-05208-0000,2027-09-01,2012.3459708858068,451.67624533828564,hyperbolic,0.7179661309995381,15585.142445770838,0.029148488553956606,0.7230129647210501
well,33-053-05208-0000,2027-10-01,1999.0696399065187,449.5793043796735,hyperbolic,0.7179661309995381,15585.142445770838,0.029148488553956606,0.7230129647210501
well,33-053-05208-0000,2027-11-01,1985.94351069759,447.5017438583225,hyperbolic,0.7179661309995381,15585.142445770838,0.029148488553956606,0.7230129647210501
well,33-053-05208-0000,2027-12-01,1972.9651822856174,445.4432963320582,hyperbolic,0.7179661309995381,15585.142445770838,0.029148488553956606,0.7230129647210501
well,33-053-04870-0000,2026-01-01,1874.2913961946026,603.1982690223448,exponential,0.655719928344389,19690.123444631103,0.022614293231504323,0.0
well,33-053-04870-0000,2026-02-01,1832.3812907424297,597.7543034010223,exponential,0.655719928344389,19690.123444631103,0.022614293231504323,0.0
well,33-053-04870-0000,2026-03-01,1791.40831648692,592.3928572235523,exponential,0.655719928344389,19690.123444631103,0.022614293231504323,0.0
well,33-053-04870-0000,2026-04-01,1751.3515186996076,587.1121798147254,exponential,0.655719928344389,19690.123444631103,0.022614293231504323,0.0
well,33-053-04870-0000,2026-05-01,1712.1904112103732,581.9105681151976,exponential,0.655719928344389,19690.123444631103,0.022614293231504323,0.0
well,33-053-04870-0000,2026-06-01,1673.9049659302434,576.786365104971,exponential,0.655719928344389,19690.123444631103,0.022614293231504323,0.0
well,33-053-04870-0000,2026-07-01,1636.4756026084644,571.7379582882762,exponential,0.655719928344389,19690.123444631103,0.022614293231504323,0.0
well,33-053-04870-0000,2026-08-01,1599.8831788186108,566.7637782371153,exponential,0.655719928344389,19690.123444631103,0.022614293231504323,0.0
well,33-053-04870-0000,2026-09-01,1564.1089801686137,561.8622971908488,exponential,0.655719928344389,19690.123444631103,0.022614293231504323,0.0
well,33-053-04870-0000,2026-10-01,1529.134710729695,557.0320277093612,exponential,0.655719928344389,19690.123444631103,0.022614293231504323,0.0
well,33-053-04870-0000,2026-11-01,1494.9424836793148,552.2715213774414,exponential,0.655719928344389,19690.123444631103,0.022614293231504323,0.0
well,33-053-04870-0000,2026-12-01,1461.5148121533507,547.5793675581507,exponential,0.655719928344389,19690.123444631103,0.022614293231504323,0.0
well,33-053-04870-0000,2027-01-01,1428.8346003028237,542.9541921930422,exponential,0.655719928344389,19690.123444631103,0.022614293231504323,0.0
well,33-053-04870-0000,2027-02-01,1396.885134550601,538.3946566472189,exponential,0.655719928344389,19690.123444631103,0.022614293231504323,0.0
well,33-053-04870-0000,2027-03-01,1365.6500750436053,533.8994565972982,exponential,0.655719928344389,19690.123444631103,0.022614293231504323,0.0
well,33-053-04870-0000,2027-04-01,1335.1134472961537,529.4673209604581,exponential,0.655719928344389,19690.123444631103,0.022614293231504323,0.0
well,33-053-04870-0000,2027-05-01,1305.2596340201596,525.0970108628172,exponential,0.655719928344389,19690.123444631103,0.022614293231504323,0.0
well,33-053-04870-0000,2027-06-01,1276.0733671380115,520.7873186454942,exponential,0.655719928344389,19690.123444631103,0.022614293231504323,0.0
well,33-053-04870-0000,2027-07-01,1247.5397199740512,516.5370669067611,exponential,0.655719928344389,19690.123444631103,0.022614293231504323,0.0
well,33-053-04870-0000,2027-08-01,1219.644099620652,512.3451075787899,exponential,0.655719928344389,19690.123444631103,0.022614293231504323,0.0
well,33-053-04870-0000,2027-09-01,1192.3722394749977,508.21032103755283,exponential,0.655719928344389,19690.123444631103,0.022614293231504323,0.0
well,33-053-04870-0000,2027-10-01,1165.7101919427407,504.1316152445125,exponential,0.655719928344389,19690.123444631103,0.022614293231504323,0.0
well,33-053-04870-0000,2027-11-01,1139.644321304811,500.1079249187951,exponential,0.655719928344389,19690.123444631103,0.022614293231504323,0.0
well,33-053-04870-0000,2027-12-01,1114.1612967437272,496.13821073860476,exponential,0.655719928344389,19690.123444631103,0.022614293231504323,0.0
well,33-053-04808-0000,2026-01-01,2935.357460060602,711.3769857118137,harmonic,0.14089214860512755,12306.491510943199,0.022967639035178115,1.0
well,33-053-04808-0000,2026-02-01,2919.3644061094715,710.2304192943316,harmonic,0.14089214860512755,12306.491510943199,0.022967639035178115,1.0
well,33-053-04808-0000,2026-03-01,2903.5446814687493,709.0857008626236,harmonic,0.14089214860512755,12306.491510943199,0.022967639035178115,1.0
well,33-053-04808-0000,2026-04-01,2887.895483566085,707.9428274381871,harmonic,0.14089214860512755,12306.491510943199,0.022967639035178115,1.0
well,33-053-04808-0000,2026-05-01,2872.414069925184,706.8017960473194,harmonic,0.14089214860512755,12306.491510943199,0.022967639035178115,1.0
well,33-053-04808-0000,2026-06-01,2857.097756563582,705.6626037211115,harmonic,0.14089214860512755,12306.491510943199,0.022967639035178115,1.0
well,33-053-04808-0000,2026-07-01,2841.943916441414,704.5252474954387,harmonic,0.14089214860512755,12306.491510943199,0.022967639035178115,1.0
well,33-053-04808-0000,2026-08-01,2826.949977959278,703.3897244109545,harmonic,0.14089214860512755,12306.491510943199,0.022967639035178115,1.0
well,33-053-04808-0000,2026-09-01,2812.113423503413,702.2560315130818,harmonic,0.14089214860512755,12306.491510943199,0.022967639035178115,1.0
well,33-053-04808-0000,2026-10-01,2797.4317880364374,701.1241658520055,harmonic,0.14089214860512755,12306.491510943199,0.022967639035178115,1.0
well,33-053-04808-0000,2026-11-01,2782.9026577320146,699.994124482665,harmonic,0.14089214860512755,12306.491510943199,0.022967639035178115,1.0
well,33-053-04808-0000,2026-12-01,2768.5236686518356,698.8659044647464,harmonic,0.14089214860512755,12306.491510943199,0.022967639035178115,1.0
well,33-053-04808-0000,2027-01-01,2754.292505463414,697.739502862675,harmonic,0.14089214860512755,12306.491510943199,0.022967639035178115,1.0
well,33-053-04808-0000,2027-02-01,2740.2069001972195,696.6149167456073,harmonic,0.14089214860512755,12306.491510943199,0.022967639035178115,1.0
well,33-053-04808-0000,2027-03-01,2726.264631041758,695.4921431874236,harmonic,0.14089214860512755,12306.491510943199,0.022967639035178115,1.0
well,33-053-04808-0000,2027-04-01,2712.4635211752457,694.3711792667207,harmonic,0.14089214860512755,12306.491510943199,0.022967639035178115,1.0
well,33-053-04808-0000,2027-05-01,2698.8014376325946,693.2520220668035,harmonic,0.14089214860512755,12306.491510943199,0.022967639035178115,1.0
well,33-053-04808-0000,2027-06-01,2685.276290206462,692.1346686756785,harmonic,0.14089214860512755,12306.491510943199,0.022967639035178115,1.0
well,33-053-04808-0000,2027-07-01,2671.8860303811857,691.0191161860453,harmonic,0.14089214860512755,12306.491510943199,0.022967639035178115,1.0
well,33-053-04808-0000,2027-08-01,2658.6286502984526,689.9053616952891,harmonic,0.14089214860512755,12306.491510943199,0.022967639035178115,1.0
well,33-053-04808-0000,2027-09-01,2645.502181753608,688.7934023054739,harmonic,0.14089214860512755,12306.491510943199,0.022967639035178115,1.0
well,33-053-04808-0000,2027-10-01,2632.5046952215557,687.6832351233344,harmonic,0.14089214860512755,12306.491510943199,0.022967639035178115,1.0
well,33-053-04808-0000,2027-11-01,2619.63429891123,686.5748572602678,harmonic,0.14089214860512755,12306.491510943199,0.022967639035178115,1.0
well,33-053-04808-0000,2027-12-01,2606.889137847668,685.4682658323283,harmonic,0.14089214860512755,12306.491510943199,0.022967639035178115,1.0
well,33-053-06747-0000,2026-01-01,13.139598437016698,337.75312508740154,exponential,0.8139138073411262,47111.35878977014,0.06764164431366447,0.0
well,33-053-06747-0000,2026-02-01,12.280207352105077,330.8931701783777,exponential,0.8139138073411262,47111.35878977014,0.06764164431366447,0.0
well,33-053-06747-0000,2026-03-01,11.477024456535464,324.1725447910028,exponential,0.8139138073411262,47111.35878977014,0.06764164431366447,0.0
well,33-053-06747-0000,2026-04-01,10.726373472295897,317.58841906475135,exponential,0.8139138073411262,47111.35878977014,0.06764164431366447,0.0
well,33-053-06747-0000,2026-05-01,10.02481856712055,311.1380206151483,exponential,0.8139138073411262,47111.35878977014,0.06764164431366447,0.0
well,33-053-06747-0000,2026-06-01,9.36914862821519,304.81863336639816,exponential,0.8139138073411262,47111.35878977014,0.06764164431366447,0.0
well,33-053-06747-0000,2026-07-01,8.756362564554616,298.62759640772407,exponential,0.8139138073411262,47111.35878977014,0.06764164431366447,0.0
well,33-053-06747-0000,2026-08-01,8.183655570478434,292.56230287293585,exponential,0.8139138073411262,47111.35878977014,0.06764164431366447,0.0
well,33-053-06747-0000,2026-09-01,7.648406287711681,286.62019884275355,exponential,0.8139138073411262,47111.35878977014,0.06764164431366447,0.0
well,33-053-06747-0000,2026-10-01,7.148164807049369,280.7987822694267,exponential,0.8139138073411262,47111.35878977014,0.06764164431366447,0.0
well,33-053-06747-0000,2026-11-01,6.6806414547868735,275.0956019231942,exponential,0.8139138073411262,47111.35878977014,0.06764164431366447,0.0
well,33-053-06747-0000,2026-12-01,6.243696312570013,269.5082563601427,exponential,0.8139138073411262,47111.35878977014,0.06764164431366447,0.0
well,33-053-06747-0000,2027-01-01,5.8353294226959775,264.03439291102796,exponential,0.8139138073411262,47111.35878977014,0.06764164431366447,0.0
well,33-053-06747-0000,2027-02-01,5.453671634033305,258.6717066906342,exponential,0.8139138073411262,47111.35878977014,0.06764164431366447,0.0
well,33-053-06747-0000,2027-03-01,5.096976046661324,253.4179396272538,exponential,0.8139138073411262,47111.35878977014,0.06764164431366447,0.0
well,33-053-06747-0000,2027-04-01,4.763610016070267,248.27087951187863,exponential,0.8139138073411262,47111.35878977014,0.06764164431366447,0.0
well,33-053-06747-0000,2027-05-01,4.452047680323887,243.22835906670304,exponential,0.8139138073411262,47111.35878977014,0.06764164431366447,0.0
well,33-053-06747-0000,2027-06-01,4.160862975980631,238.28825503254592,exponential,0.8139138073411262,47111.35878977014,0.06764164431366447,0.0
well,33-053-06747-0000,2027-07-01,3.8887231108061524,233.448487274808,exponential,0.8139138073411262,47111.35878977014,0.06764164431366447,0.0
well,33-053-06747-0000,2027-08-01,3.6343824634008506,228.7070179075872,exponential,0.8139138073411262,47111.35878977014,0.06764164431366447,0.0
well,33-053-06747-0000,2027-09-01,3.3966768818203086,224.06185043558415,exponential,0.8139138073411262,47111.35878977014,0.06764164431366447,0.0
well,33-053-06747-0000,2027-10-01,3.174518355092571,219.51102891343598,exponential,0.8139138073411262,47111.35878977014,0.06764164431366447,0.0
well,33-053-06747-0000,2027-11-01,2.9668900332430117,215.0526371221241,exponential,0.8139138073411262,47111.35878977014,0.06764164431366447,0.0
well,33-053-06747-0000,2027-12-01,2.7728415730329115,210.68479776211026,exponential,0.8139138073411262,47111.35878977014,0.06764164431366447,0.0
well,33-053-04786-0000,2026-01-01,1925.3071034656539,132.56262738528207,harmonic,0.5475921834740916,28077.336271615117,0.11511273470753534,1.0
well,33-053-04786-0000,2026-02-01,1910.2287865624278,131.51980854137895,harmonic,0.5475921834740916,28077.336271615117,0.11511273470753534,1.0
well,33-053-04786-0000,2026-03-01,1895.3848103610512,130.49326854196744,harmonic,0.5475921834740916,28077.336271615117,0.11511273470753534,1.0
well,33-053-04786-0000,2026-04-01,1880.769753952972,129.4826291596909,harmonic,0.5475921834740916,28077.336271615117,0.11511273470753534,1.0
well,33-053-04786-0000,2026-05-01,1866.3783623498257,128.48752379426801,harmonic,0.5475921834740916,28077.336271615117,0.11511273470753534,1.0
well,33-053-04786-0000,2026-06-01,1852.2055401836485,127.50759702911586,harmonic,0.5475921834740916,28077.336271615117,0.11511273470753534,1.0
well,33-053-04786-0000,2026-07-01,1838.2463456919618,126.54250420810813,harmonic,0.5475921834740916,28077.336271615117,0.11511273470753534,1.0
well,33-053-04786-0000,2026-08-01,1824.49598497281,125.59191103140999,harmonic,0.5475921834740916,28077.336271615117,0.11511273470753534,1.0
well,33-053-04786-0000,2026-09-01,1810.9498064957238,124.65549316939354,harmonic,0.5475921834740916,28077.336271615117,0.11511273470753534,1.0
well,33-053-04786-0000,2026-10-01,1797.6032958554065,123.73293589369747,harmonic,0.5475921834740916,28077.336271615117,0.11511273470753534,1.0
well,33-053-04786-0000,2026-11-01,1784.4520707557099,122.82393372454949,harmonic,0.5475921834740916,28077.336271615117,0.11511273470753534,1.0
well,33-053-04786-0000,2026-12-01,1771.4918762121945,121.9281900935205,harmonic,0.5475921834740916,28077.336271615117,0.11511273470753534,1.0
well,33-053-04786-0000,2027-01-01,1758.718579962241,121.04541702092939,harmonic,0.5475921834740916,28077.336271615117,0.11511273470753534,1.0
well,33-053-04786-0000,2027-02-01,1746.1281680723112,120.1753348071607,harmonic,0.5475921834740916,28077.336271615117,0.11511273470753534,1.0
well,33-053-04786-0000,2027-03-01,1733.7167407325499,119.31767173720011,harmonic,0.5475921834740916,28077.336271615117,0.11511273470753534,1.0
well,33-053-04786-0000,2027-04-01,1721.4805082294727,118.47216379773246,harmonic,0.5475921834740916,28077.336271615117,0.11511273470753534,1.0
well,33-053-04786-0000,2027-05-01,1709.4157870880003,117.63855440618316,harmonic,0.5475921834740916,28077.336271615117,0.11511273470753534,1.0
well,33-053-04786-0000,2027-06-01,1697.5189963745959,116.8165941511191,harmonic,0.5475921834740916,28077.336271615117,0.11511273470753534,1.0
well,33-053-04786-0000,2027-07-01,1685.7866541537012,116.00604054345713,harmonic,0.5475921834740916,28077.336271615117,0.11511273470753534,1.0
well,33-053-04786-0000,2027-08-01,1674.215374090115,115.20665777795894,harmonic,0.5475921834740916,28077.336271615117,0.11511273470753534,1.0
well,33-053-04786-0000,2027-09-01,1662.8018621903443,114.41821650451946,harmonic,0.5475921834740916,28077.336271615117,0.11511273470753534,1.0
well,33-053-04786-0000,2027-10-01,1651.542913676345,113.64049360878293,harmonic,0.5475921834740916,28077.336271615117,0.11511273470753534,1.0
well,33-053-04786-0000,2027-11-01,1640.4354099854133,112.8732720016457,harmonic,0.5475921834740916,28077.336271615117,0.11511273470753534,1.0
well,33-053-04786-0000,2027-12-01,1629.476315890336,112.11634041722847,harmonic,0.5475921834740916,28077.336271615117,0.11511273470753534,1.0
well,33-053-07634-0000,2026-01-01,2504.739211303764,832.247569280871,exponential,0.4202441659319526,12919.999999999998,0.016243483925753775,0.0
well,33-053-07634-0000,2026-02-01,2464.3821769550937,824.8193497987685,exponential,0.4202441659319526,12919.999999999998,0.016243483925753775,0.0
well,33-053-07634-0000,2026-03-01,2424.675386038581,817.4574308343377,exponential,0.4202441659319526,12919.999999999998,0.016243483925753775,0.0
well,33-053-07634-0000,2026-04-01,2385.6083616565093,810.1612206228018,exponential,0.4202441659319526,12919.999999999998,0.016243483925753775,0.0
well,33-053-07634-0000,2026-05-01,2347.1707957177646,802.9301326811762,exponential,0.4202441659319526,12919.999999999998,0.016243483925753775,0.0
well,33-053-07634-0000,2026-06-01,2309.352546217981,795.7635857611257,exponential,0.4202441659319526,12919.999999999998,0.016243483925753775,0.0
well,33-053-07634-0000,2026-07-01,2272.1436345635025,788.6610038022428,exponential,0.4202441659319526,12919.999999999998,0.016243483925753775,0.0
well,33-053-07634-0000,2026-08-01,2235.5342429384705,781.621815885743,exponential,0.4202441659319526,12919.999999999998,0.016243483925753775,0.0
well,33-053-07634-0000,2026-09-01,2199.514711714325,774.645456188573,exponential,0.4202441659319526,12919.999999999998,0.016243483925753775,0.0
well,33-053-07634-0000,2026-10-01,2164.075536901049,767.7313639379291,exponential,0.4202441659319526,12919.999999999998,0.016243483925753775,0.0
well,33-053-07634-0000,2026-11-01,2129.207367639478,760.878983366181,exponential,0.4202441659319526,12919.999999999998,0.016243483925753775,0.0
well,33-053-07634-0000,2026-12-01,2094.9010037340154,754.0877636661984,exponential,0.4202441659319526,12919.999999999998,0.016243483925753775,0.0
well,33-053-07634-0000,2027-01-01,2061.1473932250983,747.3571589470756,exponential,0.4202441659319526,12919.999999999998,0.016243483925753775,0.0
well,33-053-07634-0000,2027-02-01,2027.9376300007823,740.6866281902523,exponential,0.4202441659319526,12919.999999999998,0.016243483925753775,0.0
well,33-053-05925-0000,2026-12-01,1057.54432251743,231.5447672417309,exponential,0.5264674018201843,10829.999999999995,0.01661693226719197,0.0
well,33-053-05925-0000,2027-01-01,1040.1163806242407,229.07239420924878,exponential,0.5264674018201843,10829.999999999995,0.01661693226719197,0.0
well,33-053-05925-0000,2027-02-01,1022.9756448104229,226.63301367904575,exponential,0.5264674018201843,10829.999999999995,0.01661693226719197,0.0
well,33-053-05925-0000,2027-03-01,1006.1173820253091,224.22609787481423,exponential,0.5264674018201843,10829.999999999995,0.01661693226719197,0.0
well,33-053-05925-0000,2027-04-01,989.5369372171664,221.85112885536512,exponential,0.5264674018201843,10829.999999999995,0.01661693226719197,0.0
well,33-053-05925-0000,2027-05-01,973.2297320478042,219.50759830554176,exponential,0.5264674018201843,10829.999999999995,0.01661693226719197,0.0
well,33-053-05925-0000,2027-06-01,957.1912636283647,217.19500733212564,exponential,0.5264674018201843,10829.999999999995,0.01661693226719197,0.0
well,33-053-05925-0000,2027-07-01,941.4171032759424,214.91286626460035,exponential,0.5264674018201843,10829.999999999995,0.01661693226719197,0.0
well,33-053-05925-0000,2027-08-01,925.9028952906999,212.66069446064623,exponential,0.5264674018201843,10829.999999999995,0.01661693226719197,0.0
well,33-053-05925-0000,2027-09-01,910.644355753132,210.43802011623987,exponential,0.5264674018201843,10829.999999999995,0.01661693226719197,0.0
well,33-053-05925-0000,2027-10-01,895.6372713411547,208.2443800802399,exponential,0.5264674018201843,10829.999999999995,0.01661693226719197,0.0
well,33-053-05925-0000,2027-11-01,880.8774981666824,206.079319673339,exponential,0.5264674018201843,10829.999999999995,0.01661693226719197,0.0
well,33-053-05925-0000,2027-12-01,866.3609606313829,203.94239251126993,exponential,0.5264674018201843,10829.999999999995,0.01661693226719197,0.0
well,33-053-05121-0000,2026-01-01,1431.2782800117652,81.55526734073628,hyperbolic,0.47691994283873484,16844.199968999255,0.03576161886678282,0.4697087838220933
well,33-053-05121-0000,2026-02-01,1415.3327843035988,80.64341809467885,hyperbolic,0.47691994283873484,16844.199968999255,0.03576161886678282,0.4697087838220933
well,33-053-05121-0000,2026-03-01,1399.647014613155,79.74774193918225,hyperbolic,0.47691994283873484,16844.199968999255,0.03576161886678282,0.4697087838220933
well,33-053-05121-0000,2026-04-01,1384.215417310875,78.86784738799531,hyperbolic,0.47691994283873484,16844.199968999255,0.03576161886678282,0.4697087838220933
well,33-053-05121-0000,2026-05-01,1369.0325855186013,78.00335493073501,hyperbolic,0.47691994283873484,16844.199968999255,0.03576161886678282,0.4697087838220933
well,33-053-05121-0000,2026-06-01,1354.0932544994616,77.15389659106691,hyperbolic,0.47691994283873484,16844.199968999255,0.03576161886678282,0.4697087838220933
well,33-053-05121-0000,2026-07-01,1339.3922972153446,76.31911550393369,hyperbolic,0.47691994283873484,16844.199968999255,0.03576161886678282,0.4697087838220933
well,33-053-05121-0000,2026-08-01,1324.92472004506,75.49866551089357,hyperbolic,0.47691994283873484,16844.199968999255,0.03576161886678282,0.4697087838220933
well,33-053-05121-0000,2026-09-01,1310.6856586565852,74.69221077268224,hyperbolic,0.47691994283873484,16844.199968999255,0.03576161886678282,0.4697087838220933
well,33-053-05121-0000,2026-10-01,1296.6703740271118,73.89942539816091,hyperbolic,0.47691994283873484,16844.199968999255,0.03576161886678282,0.4697087838220933
well,33-053-05121-0000,2026-11-01,1282.8742486048843,73.1199930888587,hyperbolic,0.47691994283873484,16844.199968999255,0.03576161886678282,0.4697087838220933
well,33-053-05121-0000,2026-12-01,1269.2927826071013,72.35360679836009,hyperbolic,0.47691994283873484,16844.199968999255,0.03576161886678282,0.4697087838220933
well,33-053-05121-0000,2027-01-01,1255.9215904484067,71.59996840582959,hyperbolic,0.47691994283873484,16844.199968999255,0.03576161886678282,0.4697087838220933
well,33-053-05121-0000,2027-02-01,1242.756397294741,70.85878840300265,hyperbolic,0.47691994283873484,16844.199968999255,0.03576161886678282,0.4697087838220933
well,33-053-05121-0000,2027-03-01,1229.793035737564,70.1297855940084,hyperbolic,0.47691994283873484,16844.199968999255,0.03576161886678282,0.4697087838220933
well,33-053-05121-0000,2027-04-01,1217.0274425836765,69.41268680742282,hyperbolic,0.47691994283873484,16844.199968999255,0.03576161886678282,0.4697087838220933
well,33-053-05121-0000,2027-05-01,1204.4556557560793,68.70722661998317,hyperbolic,0.47691994283873484,16844.199968999255,0.03576161886678282,0.4697087838220933
well,33-053-05121-0000,2027-06-01,1192.0738113015161,68.01314709142342,hyperbolic,0.47691994283873484,16844.199968999255,0.03576161886678282,0.4697087838220933
well,33-053-05121-0000,2027-07-01,1179.878140500527,67.33019750991967,hyperbolic,0.47691994283873484,16844.199968999255,0.03576161886678282,0.4697087838220933
well,33-053-05121-0000,2027-08-01,1167.8649670760326,66.65813414766004,hyperbolic,0.47691994283873484,16844.199968999255,0.03576161886678282,0.4697087838220933
well,33-053-05121-0000,2027-09-01,1156.0307044966332,65.99672002607849,hyperbolic,0.47691994283873484,16844.199968999255,0.03576161886678282,0.4697087838220933
well,33-053-05121-0000,2027-10-01,1144.3718533709787,65.3457246903166,hyperbolic,0.47691994283873484,16844.199968999255,0.03576161886678282,0.4697087838220933
well,33-053-05121-0000,2027-11-01,1132.8849989297134,64.70492399249777,hyperbolic,0.47691994283873484,16844.199968999255,0.03576161886678282,0.4697087838220933
well,33-053-05121-0000,2027-12-01,1121.5668085916634,64.07409988342093,hyperbolic,0.47691994283873484,16844.199968999255,0.03576161886678282,0.4697087838220933
well,33-053-07804-0000,2026-01-01,1613.3658959191525,737.1713318356485,hyperbolic,0.5605222938738308,32397.497825615585,0.09042010877134539,0.5996577233749044
well,33-053-07804-0000,2026-02-01,1589.5095162995628,732.3266601385407,hyperbolic,0.5605222938738308,32397.497825615585,0.09042010877134539,0.5996577233749044
well,33-053-07804-0000,2026-03-01,1566.2124658898747,727.5452508070448,hyperbolic,0.5605222938738308,32397.497825615585,0.09042010877134539,0.5996577233749044
well,33-053-07804-0000,2026-04-01,1543.4568720483462,722.8258727465178,hyperbolic,0.5605222938738308,32397.497825615585,0.09042010877134539,0.5996577233749044
well,33-053-07804-0000,2026-05-01,1521.2255826632138,718.1673265994826,hyperbolic,0.5605222938738308,32397.497825615585,0.09042010877134539,0.5996577233749044
well,33-053-07804-0000,2026-06-01,1499.502131183637,713.5684437294619,hyperbolic,0.5605222938738308,32397.497825615585,0.09042010877134539,0.5996577233749044
well,33-053-07804-0000,2026-07-01,1478.2707036302559,709.028085243606,hyperbolic,0.5605222938738308,32397.497825615585,0.09042010877134539,0.5996577233749044
well,33-053-07804-0000,2026-08-01,1457.5161074575806,704.5451410523987,hyperbolic,0.5605222938738308,32397.497825615585,0.09042010877134539,0.5996577233749044
well,33-053-07804-0000,2026-09-01,1437.2237421496627,700.1185289648097,hyperbolic,0.5605222938738308,32397.497825615585,0.09042010877134539,0.5996577233749044
well,33-053-07804-0000,2026-10-01,1417.3795714390187,695.7471938173447,hyperbolic,0.5605222938738308,32397.497825615585,0.09042010877134539,0.5996577233749044
well,33-053-07804-0000,2026-11-01,1397.9700970465976,691.430106635521,hyperbolic,0.5605222938738308,32397.497825615585,0.09042010877134539,0.5996577233749044
well,33-053-07804-0000,2026-12-01,1378.9823338478066,687.166263826368,hyperbolic,0.5605222938738308,32397.497825615585,0.09042010877134539,0.5996577233749044
well,33-053-07804-0000,2027-01-01,1360.403786376257,682.9546864006229,hyperbolic,0.5605222938738308,32397.497825615585,0.09042010877134539,0.5996577233749044
well,33-053-07804-0000,2027-02-01,1342.2224265830284,678.7944192233548,hyperbolic,0.5605222938738308,32397.497825615585,0.09042010877134539,0.5996577233749044
well,33-053-07804-0000,2027-03-01,1324.426672774917,674.6845302918113,hyperbolic,0.5605222938738308,32397.497825615585,0.09042010877134539,0.5996577233749044
well,33-053-07804-0000,2027-04-01,1307.0053696603582,670.6241100393432,hyperbolic,0.5605222938738308,32397.497825615585,0.09042010877134539,0.5996577233749044
well,33-053-07804-0000,2027-05-01,1289.9477694365637,666.612270664312,hyperbolic,0.5605222938738308,32397.497825615585,0.09042010877134539,0.5996577233749044
well,33-053-07804-0000,2027-06-01,1273.2435138558735,662.6481454829434,hyperbolic,0.5605222938738308,32397.497825615585,0.09042010877134539,0.5996577233749044
well,33-053-07804-0000,2027-07-01,1256.8826172134716,658.7308883051338,hyperbolic,0.5605222938738308,32397.497825615585,0.09042010877134539,0.5996577233749044
well,33-053-07804-0000,2027-08-01,1240.8554502024472,654.8596728322668,hyperbolic,0.5605222938738308,32397.497825615585,0.09042010877134539,0.5996577233749044
well,33-053-07804-0000,2027-09-01,1225.1527245857314,651.0336920761383,hyperbolic,0.5605222938738308,32397.497825615585,0.09042010877134539,0.5996577233749044
well,33-053-07804-0000,2027-10-01,1209.7654786377423,647.2521577981335,hyperbolic,0.5605222938738308,32397.497825615585,0.09042010877134539,0.5996577233749044
well,33-053-07804-0000,2027-11-01,1194.685063311619,643.5142999678352,hyperbolic,0.5605222938738308,32397.497825615585,0.09042010877134539,0.5996577233749044
well,33-053-07804-0000,2027-12-01,1179.9031290907697,639.8193662402855,hyperbolic,0.5605222938738308,32397.497825615585,0.09042010877134539,0.5996577233749044
well,33-053-05473-0000,2026-01-01,301.7413326950405,873.55399836282,hyperbolic,0.8228766218182894,40884.37138528798,0.10033198960963892,0.3444017198414827
well,33-053-05473-0000,2026-02-01,296.2274455763552,868.8639755851605,hyperbolic,0.8228766218182894,40884.37138528798,0.10033198960963892,0.3444017198414827
well,33-053-05473-0000,2026-03-01,290.8481701112941,864.1991330638972,hyperbolic,0.8228766218182894,40884.37138528798,0.10033198960963892,0.3444017198414827
well,33-053-05473-0000,2026-04-01,285.59940381305154,859.5593356087891,hyperbolic,0.8228766218182894,40884.37138528798,0.10033198960963892,0.3444017198414827
well,33-053-05473-0000,2026-05-01,280.47719379094934,854.9444487554169,hyperbolic,0.8228766218182894,40884.37138528798,0.10033198960963892,0.3444017198414827
well,33-053-05473-0000,2026-06-01,275.4777304106373,850.3543387612879,hyperbolic,0.8228766218182894,40884.37138528798,0.10033198960963892,0.3444017198414827
well,33-053-05473-0000,2026-07-01,270.59734126001086,845.7888726019586,hyperbolic,0.8228766218182894,40884.37138528798,0.10033198960963892,0.3444017198414827
well,33-053-05473-0000,2026-08-01,265.83248540434,841.2479179671809,hyperbolic,0.8228766218182894,40884.37138528798,0.10033198960963892,0.3444017198414827
well,33-053-05473-0000,2026-09-01,261.1797479150857,836.7313432570664,hyperbolic,0.8228766218182894,40884.37138528798,0.10033198960963892,0.3444017198414827
well,33-053-05473-0000,2026-10-01,256.6358346578069,832.2390175782737,hyperbolic,0.8228766218182894,40884.37138528798,0.10033198960963892,0.3444017198414827
well,33-053-05473-0000,2026-11-01,252.19756732541515,827.770810740214,hyperbolic,0.8228766218182894,40884.37138528798,0.10033198960963892,0.3444017198414827
well,33-053-05473-0000,2026-12-01,247.86187870384614,823.3265932512786,hyperbolic,0.8228766218182894,40884.37138528798,0.10033198960963892,0.3444017198414827
well,33-053-05473-0000,2027-01-01,243.62580815796804,818.9062363150865,hyperbolic,0.8228766218182894,40884.37138528798,0.10033198960963892,0.3444017198414827
well,33-053-05473-0000,2027-02-01,239.4864973262513,814.5096118267511,hyperbolic,0.8228766218182894,40884.37138528798,0.10033198960963892,0.3444017198414827
well,33-053-05473-0000,2027-03-01,235.4411860133886,810.1365923691679,hyperbolic,0.8228766218182894,40884.37138528798,0.10033198960963892,0.3444017198414827
well,33-053-05473-0000,2027-04-01,231.48720827067126,805.787051209322,hyperbolic,0.8228766218182894,40884.37138528798,0.10033198960963892,0.3444017198414827
well,33-053-05473-0000,2027-05-01,227.62198865450836,801.4608622946154,hyperbolic,0.8228766218182894,40884.37138528798,0.10033198960963892,0.3444017198414827
well,33-053-05473-0000,2027-06-01,223.8430386540204,797.1579002492132,hyperbolic,0.8228766218182894,40884.37138528798,0.10033198960963892,0.3444017198414827
well,33-053-05473-0000,2027-07-01,220.14795327915027,792.8780403704111,hyperbolic,0.8228766218182894,40884.37138528798,0.10033198960963892,0.3444017198414827
well,33-053-05473-0000,2027-08-01,216.5344078012108,788.6211586250208,hyperbolic,0.8228766218182894,40884.37138528798,0.10033198960963892,0.3444017198414827
well,33-053-05473-0000,2027-09-01,213.0001546382408,784.3871316457756,hyperbolic,0.8228766218182894,40884.37138528798,0.10033198960963892,0.3444017198414827
well,33-053-05473-0000,2027-10-01,209.54302037796344,780.1758367277552,hyperbolic,0.8228766218182894,40884.37138528798,0.10033198960963892,0.3444017198414827
well,33-053-05473-0000,2027-11-01,206.16090293153474,775.9871518248293,hyperbolic,0.8228766218182894,40884.37138528798,0.10033198960963892,0.3444017198414827
well,33-053-05473-0000,2027-12-01,202.85176881164705,771.8209555461212,hyperbolic,0.8228766218182894,40884.37138528798,0.10033198960963892,0.3444017198414827
well,33-053-03493-0000,2026-01-01,866.1233437559551,58.32656911798231,hyperbolic,0.7654324936785681,20863.3296307056,0.03565149536290155,0.1581972034923913
well,33-053-03493-0000,2026-02-01,847.6877491648443,58.32651079823661,hyperbolic,0.7654324936785681,20863.3296307056,0.03565149536290155,0.1581972034923913
well,33-053-03493-0000,2026-03-01,829.7051094854623,58.32645247860752,hyperbolic,0.7654324936785681,20863.3296307056,0.03565149536290155,0.1581972034923913
well,33-053-03493-0000,2026-04-01,812.1628180841114,58.32639415909507,hyperbolic,0.7654324936785681,20863.3296307056,0.03565149536290155,0.1581972034923913
well,33-053-03493-0000,2026-05-01,795.0486600479778,58.32633583969924,hyperbolic,0.7654324936785681,20863.3296307056,0.03565149536290155,0.1581972034923913
well,33-053-03493-0000,2026-06-01,778.3507987523749,58.32627752042003,hyperbolic,0.7654324936785681,20863.3296307056,0.03565149536290155,0.1581972034923913
well,33-053-03493-0000,2026-07-01,762.0577629315713,58.326219201257445,hyperbolic,0.7654324936785681,20863.3296307056,0.03565149536290155,0.1581972034923913
well,33-053-03493-0000,2026-08-01,746.1584342327301,58.32616088221148,hyperbolic,0.7654324936785681,20863.3296307056,0.03565149536290155,0.1581972034923913
well,33-053-03493-0000,2026-09-01,730.6420352333683,58.32610256328215,hyperbolic,0.7654324936785681,20863.3296307056,0.03565149536290155,0.1581972034923913
well,33-053-03493-0000,2026-10-01,715.4981179036165,58.32604424446944,hyperbolic,0.7654324936785681,20863.3296307056,0.03565149536290155,0.1581972034923913
well,33-053-03493-0000,2026-11-01,700.7165524953675,58.325985925773345,hyperbolic,0.7654324936785681,20863.3296307056,0.03565149536290155,0.1581972034923913
well,33-053-03493-0000,2026-12-01,686.2875168411839,58.32592760719388,hyperbolic,0.7654324936785681,20863.3296307056,0.03565149536290155,0.1581972034923913
well,33-053-03493-0000,2027-01-01,672.2014860465573,58.32586928873105,hyperbolic,0.7654324936785681,20863.3296307056,0.03565149536290155,0.1581972034923913
well,33-053-03493-0000,2027-02-01,658.4492225598531,58.325810970384815,hyperbolic,0.7654324936785681,20863.3296307056,0.03565149536290155,0.1581972034923913
well,33-053-03493-0000,2027-03-01,645.0217666049181,58.325752652155224,hyperbolic,0.7654324936785681,20863.3296307056,0.03565149536290155,0.1581972034923913
well,33-053-03493-0000,2027-04-01,631.9104269619812,58.32569433404223,hyperbolic,0.7654324936785681,20863.3296307056,0.03565149536290155,0.1581972034923913
well,33-053-03493-0000,2027-05-01,619.1067720830953,58.32563601604588,hyperbolic,0.7654324936785681,20863.3296307056,0.03565149536290155,0.1581972034923913
well,33-053-03493-0000,2027-06-01,606.6026215289529,58.32557769816614,hyperbolic,0.7654324936785681,20863.3296307056,0.03565149536290155,0.1581972034923913
well,33-053-03493-0000,2027-07-01,594.3900377144589,58.32551938040302,hyperbolic,0.7654324936785681,20863.3296307056,0.03565149536290155,0.1581972034923913
well,33-053-03493-0000,2027-08-01,582.4613179509853,58.325461062756524,hyperbolic,0.7654324936785681,20863.3296307056,0.03565149536290155,0.1581972034923913
well,33-053-03493-0000,2027-09-01,570.8089867737403,58.325402745226654,hyperbolic,0.7654324936785681,20863.3296307056,0.03565149536290155,0.1581972034923913
well,33-053-03493-0000,2027-10-01,559.4257885431731,58.325344427813384,hyperbolic,0.7654324936785681,20863.3296307056,0.03565149536290155,0.1581972034923913
well,33-053-03493-0000,2027-11-01,548.3046803097807,58.32528611051675,hyperbolic,0.7654324936785681,20863.3296307056,0.03565149536290155,0.1581972034923913
well,33-053-03493-0000,2027-12-01,537.4388249321647,58.32522779333673,hyperbolic,0.7654324936785681,20863.3296307056,0.03565149536290155,0.1581972034923913
well,33-053-04065-0000,2026-01-01,0.00999876015202484,64.99194099931607,harmonic,-0.620344008037069,64.99999999999999,1.0000000000000002e-06,1.0
well,33-053-04065-0000,2026-02-01,0.009998750154500543,64.99187601549805,harmonic,-0.620344008037069,64.99999999999999,1.0000000000000002e-06,1.0
well,33-053-04065-0000,2026-03-01,0.009998740156996243,64.99181103180997,harmonic,-0.620344008037069,64.99999999999999,1.0000000000000002e-06,1.0
well,33-053-04065-0000,2026-04-01,0.009998730159511934,64.99174604825185,harmonic,-0.620344008037069,64.99999999999999,1.0000000000000002e-06,1.0
well,33-053-04065-0000,2026-05-01,0.009998720162047618,64.9916810648237,harmonic,-0.620344008037069,64.99999999999999,1.0000000000000002e-06,1.0
well,33-053-04065-0000,2026-06-01,0.009998710164603295,64.99161608152546,harmonic,-0.620344008037069,64.99999999999999,1.0000000000000002e-06,1.0
well,33-053-04065-0000,2026-07-01,0.009998700167178963,64.9915510983572,harmonic,-0.620344008037069,64.99999999999999,1.0000000000000002e-06,1.0
well,33-053-04065-0000,2026-08-01,0.009998690169774624,64.99148611531888,harmonic,-0.620344008037069,64.99999999999999,1.0000000000000002e-06,1.0
well,33-053-04065-0000,2026-09-01,0.009998680172390279,64.99142113241051,harmonic,-0.620344008037069,64.99999999999999,1.0000000000000002e-06,1.0
well,33-053-04065-0000,2026-10-01,0.009998670175025922,64.99135614963208,harmonic,-0.620344008037069,64.99999999999999,1.0000000000000002e-06,1.0
well,33-053-04065-0000,2026-11-01,0.00999866017768156,64.9912911669836,harmonic,-0.620344008037069,64.99999999999999,1.0000000000000002e-06,1.0
well,33-053-04065-0000,2026-12-01,0.009998650180357187,64.99122618446508,harmonic,-0.620344008037069,64.99999999999999,1.0000000000000002e-06,1.0
well,33-053-04065-0000,2027-01-01,0.00999864018305281,64.99116120207651,harmonic,-0.620344008037069,64.99999999999999,1.0000000000000002e-06,1.0
well,33-053-04065-0000,2027-02-01,0.009998630185768423,64.99109621981786,harmonic,-0.620344008037069,64.99999999999999,1.0000000000000002e-06,1.0
well,33-053-04065-0000,2027-03-01,0.009998620188504026,64.99103123768919,harmonic,-0.620344008037069,64.99999999999999,1.0000000000000002e-06,1.0
well,33-053-04065-0000,2027-04-01,0.009998610191259624,64.99096625569045,harmonic,-0.620344008037069,64.99999999999999,1.0000000000000002e-06,1.0
well,33-053-04065-0000,2027-05-01,0.009998600194035213,64.99090127382165,harmonic,-0.620344008037069,64.99999999999999,1.0000000000000002e-06,1.0
well,33-053-04065-0000,2027-06-01,0.009998590196830793,64.9908362920828,harmonic,-0.620344008037069,64.99999999999999,1.0000000000000002e-06,1.0
well,33-053-04065-0000,2027-07-01,0.009998580199646365,64.99077131047389,harmonic,-0.620344008037069,64.99999999999999,1.0000000000000002e-06,1.0
well,33-053-04065-0000,2027-08-01,0.009998570202481929,64.99070632899495,harmonic,-0.620344008037069,64.99999999999999,1.0000000000000002e-06,1.0
well,33-053-04065-0000,2027-09-01,0.009998560205337481,64.99064134764593,harmonic,-0.620344008037069,64.99999999999999,1.0000000000000002e-06,1.0
well,33-053-04065-0000,2027-10-01,0.009998550208213029,64.99057636642685,harmonic,-0.620344008037069,64.99999999999999,1.0000000000000002e-06,1.0
well,33-053-04065-0000,2027-11-01,0.009998540211108565,64.99051138533773,harmonic,-0.620344008037069,64.99999999999999,1.0000000000000002e-06,1.0
well,33-053-04065-0000,2027-12-01,0.009998530214024096,64.99044640437855,harmonic,-0.620344008037069,64.99999999999999,1.0000000000000002e-06,1.0
well,33-053-05918-0000,2026-01-01,677.6828726106954,208.58921107091692,exponential,0.71984780554023,15749.999999999998,0.025370291977821615,0.0
well,33-053-05918-0000,2026-02-01,660.7061233895254,205.26282484728915,exponential,0.71984780554023,15749.999999999998,0.025370291977821615,0.0
well,33-053-05918-0000,2026-03-01,644.1546616084939,201.98948472921936,exponential,0.71984780554023,15749.999999999998,0.025370291977821615,0.0
well,33-053-05918-0000,2026-04-01,628.0178333194053,198.7683447868831,exponential,0.71984780554023,15749.999999999998,0.025370291977821615,0.0
well,33-053-05918-0000,2026-05-01,612.2852514679367,195.59857258055547,exponential,0.71984780554023,15749.999999999998,0.025370291977821615,0.0
well,33-053-05918-0000,2026-06-01,596.9467892076345,192.4793489454844,exponential,0.71984780554023,15749.999999999998,0.025370291977821615,0.0
well,33-053-05918-0000,2026-07-01,581.9925733814033,189.4098677801933,exponential,0.71984780554023,15749.999999999998,0.025370291977821615,0.0
well,33-053-05918-0000,2026-08-01,567.4129781662893,186.38933583816012,exponential,0.71984780554023,15749.999999999998,0.025370291977821615,0.0
well,33-053-05918-0000,2026-09-01,553.1986188774719,183.41697252281878,exponential,0.71984780554023,15749.999999999998,0.025370291977821615,0.0
well,33-053-05918-0000,2026-10-01,539.3403459274698,180.49200968582906,exponential,0.71984780554023,15749.999999999998,0.025370291977821615,0.0
well,33-053-05918-0000,2026-11-01,525.8292389366786,177.61369142856452,exponential,0.71984780554023,15749.999999999998,0.025370291977821615,0.0
well,33-053-05918-0000,2026-12-01,512.6566009914447,174.7812739067647,exponential,0.71984780554023,15749.999999999998,0.025370291977821615,0.0
well,33-053-05918-0000,2027-01-01,499.81395304598175,171.99402513830415,exponential,0.71984780554023,15749.999999999998,0.025370291977821615,0.0
well,33-053-05918-0000,2027-02-01,487.2930284645252,169.2512248140254,exponential,0.71984780554023,15749.999999999998,0.025370291977821615,0.0
well,33-053-05918-0000,2027-03-01,475.085767700213,166.55216411159006,exponential,0.71984780554023,15749.999999999998,0.025370291977821615,0.0
well,33-053-05918-0000,2027-04-01,463.1843131072667,163.89614551229712,exponential,0.71984780554023,15749.999999999998,0.025370291977821615,0.0
well,33-053-05918-0000,2027-05-01,451.58100388313164,161.2824826208236,exponential,0.71984780554023,15749.999999999998,0.025370291977821615,0.0
well,33-053-05918-0000,2027-06-01,440.26837113732483,158.71049998783874,exponential,0.71984780554023,15749.999999999998,0.025370291977821615,0.0
well,33-053-05918-0000,2027-07-01,429.23913308381253,156.17953293544824,exponential,0.71984780554023,15749.999999999998,0.025370291977821615,0.0
well,33-053-05918-0000,2027-08-01,418.4861903538248,153.6889273854206,exponential,0.71984780554023,15749.999999999998,0.025370291977821615,0.0
well,33-053-05918-0000,2027-09-01,408.00262142608966,151.23803969015444,exponential,0.71984780554023,15749.999999999998,0.025370291977821615,0.0
well,33-053-05918-0000,2027-10-01,397.781678171545,148.82623646633968,exponential,0.71984780554023,15749.999999999998,0.025370291977821615,0.0
well,33-053-05918-0000,2027-11-01,387.81678150966064,146.45289443127302,exponential,0.71984780554023,15749.999999999998,0.025370291977821615,0.0
well,33-053-05918-0000,2027-12-01,378.10151717357485,144.11740024178215,exponential,0.71984780554023,15749.999999999998,0.025370291977821615,0.0
well,33-053-04976-0000,2026-01-01,1467.6016897043428,68.32390630093046,harmonic,0.5730056634057996,24448.323440927976,0.11346877724385376,1.0
well,33-053-04976-0000,2026-02-01,1457.6729167350031,68.32383798651988,harmonic,0.5730056634057996,24448.323440927976,0.11346877724385376,1.0
well,33-053-04976-0000,2026-03-01,1447.877583359861,68.32376967224587,harmonic,0.5730056634057996,24448.323440927976,0.11346877724385376,1.0
well,33-053-04976-0000,2026-04-01,1438.2130174557328,68.32370135810851,harmonic,0.5730056634057996,24448.323440927976,0.11346877724385376,1.0
well,33-053-04976-0000,2026-05-01,1428.6766177719264,68.32363304410772,harmonic,0.5730056634057996,24448.323440927976,0.11346877724385376,1.0
well,33-053-04976-0000,2026-06-01,1419.265851596036,68.32356473024356,harmonic,0.5730056634057996,24448.323440927976,0.11346877724385376,1.0
well,33-053-04976-0000,2026-07-01,1409.9782525113887,68.32349641651602,harmonic,0.5730056634057996,24448.323440927976,0.11346877724385376,1.0
well,33-053-04976-0000,2026-08-01,1400.8114182419692,68.32342810292506,harmonic,0.5730056634057996,24448.323440927976,0.11346877724385376,1.0
well,33-053-04976-0000,2026-09-01,1391.763008580866,68.32335978947073,harmonic,0.5730056634057996,24448.323440927976,0.11346877724385376,1.0
well,33-053-04976-0000,2026-10-01,1382.8307433984899,68.323291476153,harmonic,0.5730056634057996,24448.323440927976,0.11346877724385376,1.0
well,33-053-04976-0000,2026-11-01,1374.0124007270024,68.32322316297187,harmonic,0.5730056634057996,24448.323440927976,0.11346877724385376,1.0
well,33-053-04976-0000,2026-12-01,1365.3058149175718,68.32315484992735,harmonic,0.5730056634057996,24448.323440927976,0.11346877724385376,1.0
well,33-053-04976-0000,2027-01-01,1356.7088748672504,68.32308653701944,harmonic,0.5730056634057996,24448.323440927976,0.11346877724385376,1.0
well,33-053-04976-0000,2027-02-01,1348.219522312422,68.32301822424813,harmonic,0.5730056634057996,24448.323440927976,0.11346877724385376,1.0
well,33-053-04976-0000,2027-03-01,1339.835750185919,68.32294991161343,harmonic,0.5730056634057996,24448.323440927976,0.11346877724385376,1.0
well,33-053-04976-0000,2027-04-01,1331.55560103506,68.32288159911532,harmonic,0.5730056634057996,24448.323440927976,0.11346877724385376,1.0
well,33-053-04976-0000,2027-05-01,1323.377165497985,68.32281328675383,harmonic,0.5730056634057996,24448.323440927976,0.11346877724385376,1.0
well,33-053-04976-0000,2027-06-01,1315.2985808357973,68.32274497452894,harmonic,0.5730056634057996,24448.323440927976,0.11346877724385376,1.0
well,33-053-04976-0000,2027-07-01,1307.3180295181442,68.32267666244064,harmonic,0.5730056634057996,24448.323440927976,0.11346877724385376,1.0
well,33-053-04976-0000,2027-08-01,1299.4337378599785,68.32260835048896,harmonic,0.5730056634057996,24448.323440927976,0.11346877724385376,1.0
well,33-053-04976-0000,2027-09-01,1291.6439747073512,68.32254003867388,harmonic,0.5730056634057996,24448.323440927976,0.11346877724385376,1.0
well,33-053-04976-0000,2027-10-01,1283.9470501701974,68.3224717269954,harmonic,0.5730056634057996,24448.323440927976,0.11346877724385376,1.0
well,33-053-04976-0000,2027-11-01,1276.3413144001565,68.32240341545352,harmonic,0.5730056634057996,24448.323440927976,0.11346877724385376,1.0
well,33-053-04976-0000,2027-12-01,1268.8251564115785,68.32233510404824,harmonic,0.5730056634057996,24448.323440927976,0.11346877724385376,1.0
well,33-053-06818-0000,2026-01-01,952.9652125334784,2433.5105557542356,exponential,0.735420473723159,19511.03268598059,0.028216420219182123,0.0
well,33-053-06818-0000,2026-02-01,926.4517620424241,2433.508122506471,exponential,0.735420473723159,19511.03268598059,0.028216420219182123,0.0
well,33-053-06818-0000,2026-03-01,900.6759702273592,2433.505689263572,exponential,0.735420473723159,19511.03268598059,0.028216420219182123,0.0
well,33-053-06818-0000,2026-04-01,875.6173139080797,2433.5032560255386,exponential,0.735420473723159,19511.03268598059,0.028216420219182123,0.0
well,33-053-06818-0000,2026-05-01,851.2558409014287,2433.5008227923718,exponential,0.735420473723159,19511.03268598059,0.028216420219182123,0.0
well,33-053-06818-0000,2026-06-01,827.5721541349847,2433.49838956407,exponential,0.735420473723159,19511.03268598059,0.028216420219182123,0.0
well,33-053-06818-0000,2026-07-01,804.5473962027402,2433.495956340635,exponential,0.735420473723159,19511.03268598059,0.028216420219182123,0.0
well,33-053-06818-0000,2026-08-01,782.1632343504746,2433.493523122065,exponential,0.735420473723159,19511.03268598059,0.028216420219182123,0.0
well,33-053-06818-0000,2026-09-01,760.4018458788615,2433.4910899083616,exponential,0.735420473723159,19511.03268598059,0.028216420219182123,0.0
well,33-053-06818-0000,2026-10-01,739.2459039526946,2433.488656699524,exponential,0.735420473723159,19511.03268598059,0.028216420219182123,0.0
well,33-053-06818-0000,2026-11-01,718.6785638049282,2433.486223495552,exponential,0.735420473723159,19511.03268598059,0.028216420219182123,0.0
well,33-053-06818-0000,2026-12-01,698.6834493245508,2433.4837902964464,exponential,0.735420473723159,19511.03268598059,0.028216420219182123,0.0
well,33-053-06818-0000,2027-01-01,679.244640017611,2433.481357102206,exponential,0.735420473723159,19511.03268598059,0.028216420219182123,0.0
well,33-053-06818-0000,2027-02-01,660.3466583310147,2433.4789239128318,exponential,0.735420473723159,19511.03268598059,0.028216420219182123,0.0
well,33-053-06818-0000,2027-03-01,641.9744573290001,2433.4764907283225,exponential,0.735420473723159,19511.03268598059,0.028216420219182123,0.0
well,33-053-06818-0000,2027-04-01,624.1134087124789,2433.47405754868,exponential,0.735420473723159,19511.03268598059,0.028216420219182123,0.0
well,33-053-06818-0000,2027-05-01,606.7492911717032,2433.471624373903,exponential,0.735420473723159,19511.03268598059,0.028216420219182123,0.0
well,33-053-06818-0000,2027-06-01,589.8682790629866,2433.4691912039916,exponential,0.735420473723159,19511.03268598059,0.028216420219182123,0.0
well,33-053-06818-0000,2027-07-01,573.4569314004606,2433.4667580389464,exponential,0.735420473723159,19511.03268598059,0.028216420219182123,0.0
well,33-053-06818-0000,2027-08-01,557.5021811541036,2433.464324878766,exponential,0.735420473723159,19511.03268598059,0.028216420219182123,0.0
well,33-053-06818-0000,2027-09-01,541.9913248455215,2433.461891723452,exponential,0.735420473723159,19511.03268598059,0.028216420219182123,0.0
well,33-053-06818-0000,2027-10-01,526.9120124331937,2433.4594585730033,exponential,0.735420473723159,19511.03268598059,0.028216420219182123,0.0
well,33-053-06818-0000,2027-11-01,512.2522374791331,2433.457025427421,exponential,0.735420473723159,19511.03268598059,0.028216420219182123,0.0
well,33-053-06818-0000,2027-12-01,498.0003275891299,2433.4545922867037,exponential,0.735420473723159,19511.03268598059,0.028216420219182123,0.0
well,33-053-06032-0000,2026-01-01,951.1952886134682,165.34165096938133,hyperbolic,0.9216428699837932,49981.58549501088,0.21926284960056527,0.8028257043425426
well,33-053-06032-0000,2026-02-01,942.597502647505,164.06486102138635,hyperbolic,0.9216428699837932,49981.58549501088,0.21926284960056527,0.8028257043425426
well,33-053-06032-0000,2026-03-01,934.1388133380324,162.80724218398998,hyperbolic,0.9216428699837932,49981.58549501088,0.21926284960056527,0.8028257043425426
well,33-053-06032-0000,2026-04-01,925.8159915124613,161.5683688275296,hyperbolic,0.9216428699837932,49981.58549501088,0.21926284960056527,0.8028257043425426
well,33-053-06032-0000,2026-05-01,917.6259053657102,160.3478277864982,hyperbolic,0.9216428699837932,49981.58549501088,0.21926284960056527,0.8028257043425426
well,33-053-06032-0000,2026-06-01,909.5655168584108,159.14521790753665,hyperbolic,0.9216428699837932,49981.58549501088,0.21926284960056527,0.8028257043425426
well,33-053-06032-0000,2026-07-01,901.6318782726374,157.96014961692836,hyperbolic,0.9216428699837932,49981.58549501088,0.21926284960056527,0.8028257043425426
well,33-053-06032-0000,2026-08-01,893.8221289172261,156.79224450662224,hyperbolic,0.9216428699837932,49981.58549501088,0.21926284960056527,0.8028257043425426
well,33-053-06032-0000,2026-09-01,886.133491975197,155.64113493786508,hyperbolic,0.9216428699837932,49981.58549501088,0.21926284960056527,0.8028257043425426
well,33-053-06032-0000,2026-10-01,878.5632714862178,154.50646366157736,hyperbolic,0.9216428699837932,49981.58549501088,0.21926284960056527,0.8028257043425426
well,33-053-06032-0000,2026-11-01,871.1088494574453,153.3878834546527,hyperbolic,0.9216428699837932,49981.58549501088,0.21926284960056527,0.8028257043425426
well,33-053-06032-0000,2026-12-01,863.7676830964502,152.28505677140907,hyperbolic,0.9216428699837932,49981.58549501088,0.21926284960056527,0.8028257043425426
well,33-053-06032-0000,2027-01-01,856.5373021602803,151.19765540946014,hyperbolic,0.9216428699837932,49981.58549501088,0.21926284960056527,0.8028257043425426
well,33-053-06032-0000,2027-02-01,849.4153064150465,150.12536018931664,hyperbolic,0.9216428699837932,49981.58549501088,0.21926284960056527,0.8028257043425426
well,33-053-06032-0000,2027-03-01,842.3993632007201,149.0678606470646,hyperbolic,0.9216428699837932,49981.58549501088,0.21926284960056527,0.8028257043425426
well,33-053-06032-0000,2027-04-01,835.4872050961201,148.02485473950273,hyperbolic,0.9216428699837932,49981.58549501088,0.21926284960056527,0.8028257043425426
well,33-053-06032-0000,2027-05-01,828.6766276793393,146.99604856115346,hyperbolic,0.9216428699837932,49981.58549501088,0.21926284960056527,0.8028257043425426
well,33-053-06032-0000,2027-06-01,821.9654873791143,145.98115607259524,hyperbolic,0.9216428699837932,49981.58549501088,0.21926284960056527,0.8028257043425426
well,33-053-06032-0000,2027-07-01,815.3516994128819,144.97989883959042,hyperbolic,0.9216428699837932,49981.58549501088,0.21926284960056527,0.8028257043425426
well,33-053-06032-0000,2027-08-01,808.8332358074903,143.9920057825133,hyperbolic,0.9216428699837932,49981.58549501088,0.21926284960056527,0.8028257043425426
well,33-053-06032-0000,2027-09-01,802.4081234987466,143.01721293560615,hyperbolic,0.9216428699837932,49981.58549501088,0.21926284960056527,0.8028257043425426
well,33-053-06032-0000,2027-10-01,796.0744425061812,142.05526321561783,hyperbolic,0.9216428699837932,49981.58549501088,0.21926284960056527,0.8028257043425426
well,33-053-06032-0000,2027-11-01,789.8303241795951,141.105906199401,hyperbolic,0.9216428699837932,49981.58549501088,0.21926284960056527,0.8028257043425426
well,33-053-06032-0000,2027-12-01,783.6739495141381,140.1688979100666,hyperbolic,0.9216428699837932,49981.58549501088,0.21926284960056527,0.8028257043425426
well,33-053-05401-0000,2026-01-01,5194.947995965005,921.6380258340553,harmonic,-1.3206675919086308e-05,5195.607754360499,1.0000000000086443e-06,1.0
well,33-053-05401-0000,2026-02-01,5194.942801681878,921.6371043139786,harmonic,-1.3206675919086308e-05,5195.607754360499,1.0000000000086443e-06,1.0
well,33-053-05401-0000,2026-03-01,5194.937607409137,921.6361827957445,harmonic,-1.3206675919086308e-05,5195.607754360499,1.0000000000086443e-06,1.0
well,33-053-05401-0000,2026-04-01,5194.932413146784,921.6352612793531,harmonic,-1.3206675919086308e-05,5195.607754360499,1.0000000000086443e-06,1.0
well,33-053-05401-0000,2026-05-01,5194.927218894817,921.6343397648046,harmonic,-1.3206675919086308e-05,5195.607754360499,1.0000000000086443e-06,1.0
well,33-053-05401-0000,2026-06-01,5194.922024653239,921.6334182520989,harmonic,-1.3206675919086308e-05,5195.607754360499,1.0000000000086443e-06,1.0
well,33-053-05401-0000,2026-07-01,5194.9168304220475,921.632496741236,harmonic,-1.3206675919086308e-05,5195.607754360499,1.0000000000086443e-06,1.0
well,33-053-05401-0000,2026-08-01,5194.911636201242,921.6315752322159,harmonic,-1.3206675919086308e-05,5195.607754360499,1.0000000000086443e-06,1.0
well,33-053-05401-0000,2026-09-01,5194.9064419908245,921.6306537250385,harmonic,-1.3206675919086308e-05,5195.607754360499,1.0000000000086443e-06,1.0
well,33-053-05401-0000,2026-10-01,5194.901247790793,921.6297322197039,harmonic,-1.3206675919086308e-05,5195.607754360499,1.0000000000086443e-06,1.0
well,33-053-05401-0000,2026-11-01,5194.896053601149,921.628810716212,harmonic,-1.3206675919086308e-05,5195.607754360499,1.0000000000086443e-06,1.0
well,33-053-05401-0000,2026-12-01,5194.890859421892,921.6278892145629,harmonic,-1.3206675919086308e-05,5195.607754360499,1.0000000000086443e-06,1.0
well,33-053-05401-0000,2027-01-01,5194.885665253022,921.6269677147565,harmonic,-1.3206675919086308e-05,5195.607754360499,1.0000000000086443e-06,1.0
well,33-053-05401-0000,2027-02-01,5194.88047109454,921.6260462167928,harmonic,-1.3206675919086308e-05,5195.607754360499,1.0000000000086443e-06,1.0
well,33-053-05401-0000,2027-03-01,5194.875276946443,921.6251247206721,harmonic,-1.3206675919086308e-05,5195.607754360499,1.0000000000086443e-06,1.0
well,33-053-05401-0000,2027-04-01,5194.870082808734,921.6242032263939,harmonic,-1.3206675919086308e-05,5195.607754360499,1.0000000000086443e-06,1.0
well,33-053-05401-0000,2027-05-01,5194.864888681411,921.6232817339585,harmonic,-1.3206675919086308e-05,5195.607754360499,1.0000000000086443e-06,1.0
well,33-053-05401-0000,2027-06-01,5194.859694564475,921.6223602433657,harmonic,-1.3206675919086308e-05,5195.607754360499,1.0000000000086443e-06,1.0
well,33-053-05401-0000,2027-07-01,5194.854500457926,921.6214387546157,harmonic,-1.3206675919086308e-05,5195.607754360499,1.0000000000086443e-06,1.0
well,33-053-05401-0000,2027-08-01,5194.849306361763,921.6205172677084,harmonic,-1.3206675919086308e-05,5195.607754360499,1.0000000000086443e-06,1.0
well,33-053-05401-0000,2027-09-01,5194.844112275988,921.619595782644,harmonic,-1.3206675919086308e-05,5195.607754360499,1.0000000000086443e-06,1.0
well,33-053-05401-0000,2027-10-01,5194.838918200598,921.6186742994221,harmonic,-1.3206675919086308e-05,5195.607754360499,1.0000000000086443e-06,1.0
well,33-053-05401-0000,2027-11-01,5194.833724135596,921.6177528180428,harmonic,-1.3206675919086308e-05,5195.607754360499,1.0000000000086443e-06,1.0
well,33-053-05401-0000,2027-12-01,5194.82853008098,921.6168313385062,harmonic,-1.3206675919086308e-05,5195.607754360499,1.0000000000086443e-06,1.0
well,33-053-07711-0000,2026-01-01,3105.6434357127337,13.332054122804207,exponential,0.03436064686096307,5819.999999999592,0.006542493147434689,0.0
well,33-053-07711-0000,2026-02-01,3085.3911074161265,13.332040792043168,exponential,0.03436064686096307,5819.999999999592,0.006542493147434689,0.0
well,33-053-07711-0000,2026-03-01,3065.270847339817,13.33202746130879,exponential,0.03436064686096307,5819.999999999592,0.006542493147434689,0.0
well,33-053-07711-0000,2026-04-01,3045.281794248763,13.332014130601067,exponential,0.03436064686096307,5819.999999999592,0.006542493147434689,0.0
well,33-053-07711-0000,2026-05-01,3025.423092524155,13.332000799920005,exponential,0.03436064686096307,5819.999999999592,0.006542493147434689,0.0
well,33-053-07711-0000,2026-06-01,3005.6938921267906,13.331987469265602,exponential,0.03436064686096307,5819.999999999592,0.006542493147434689,0.0
well,33-053-07711-0000,2026-07-01,2986.0933485606915,13.331974138637856,exponential,0.03436064686096307,5819.999999999592,0.006542493147434689,0.0
well,33-053-07711-0000,2026-08-01,2966.620622836952,13.33196080803677,exponential,0.03436064686096307,5819.999999999592,0.006542493147434689,0.0
well,33-053-07711-0000,2026-09-01,2947.27488143783,13.33194747746234,exponential,0.03436064686096307,5819.999999999592,0.006542493147434689,0.0
well,33-053-07711-0000,2026-10-01,2928.0552962810675,13.331934146914572,exponential,0.03436064686096307,5819.999999999592,0.006542493147434689,0.0
well,33-053-07711-0000,2026-11-01,2908.961044684443,13.33192081639346,exponential,0.03436064686096307,5819.999999999592,0.006542493147434689,0.0
well,33-053-07711-0000,2026-12-01,2889.9913093305618,13.331907485899006,exponential,0.03436064686096307,5819.999999999592,0.006542493147434689,0.0
well,33-053-07711-0000,2027-01-01,2871.1452782318656,13.331894155431211,exponential,0.03436064686096307,5819.999999999592,0.006542493147434689,0.0
well,33-053-07711-0000,2027-02-01,2852.4221446958804,13.331880824990074,exponential,0.03436064686096307,5819.999999999592,0.006542493147434689,0.0
well,33-053-07711-0000,2027-03-01,2833.8211072906847,13.331867494575594,exponential,0.03436064686096307,5819.999999999592,0.006542493147434689,0.0
well,33-053-07711-0000,2027-04-01,2815.3413698106046,13.331854164187773,exponential,0.03436064686096307,5819.999999999592,0.006542493147434689,0.0
well,33-053-07711-0000,2027-05-01,2796.982141242133,13.33184083382661,exponential,0.03436064686096307,5819.999999999592,0.006542493147434689,0.0
well,33-053-07711-0000,2027-06-01,2778.742635730071,13.331827503492102,exponential,0.03436064686096307,5819.999999999592,0.006542493147434689,0.0
well,33-053-07711-0000,2027-07-01,2760.622072543889,13.331814173184254,exponential,0.03436064686096307,5819.999999999592,0.006542493147434689,0.0
well,33-053-07711-0000,2027-08-01,2742.619676044309,13.331800842903062,exponential,0.03436064686096307,5819.999999999592,0.006542493147434689,0.0
well,33-053-07711-0000,2027-09-01,2724.7346756501033,13.33178751264853,exponential,0.03436064686096307,5819.999999999592,0.006542493147434689,0.0
well,33-053-07711-0000,2027-10-01,2706.966305805112,13.331774182420656,exponential,0.03436064686096307,5819.999999999592,0.006542493147434689,0.0
well,33-053-07711-0000,2027-11-01,2689.3138059454695,13.331760852219434,exponential,0.03436064686096307,5819.999999999592,0.006542493147434689,0.0
well,33-053-07711-0000,2027-12-01,2671.7764204670534,13.331747522044875,exponential,0.03436064686096307,5819.999999999592,0.006542493147434689,0.0
well,33-053-07851-0000,2026-01-01,1642.5167291110488,96.84546850757529,exponential,0.48583808622977565,15969.999999999207,0.02419662027394455,0.0
well,33-053-07851-0000,2026-02-01,1603.2503481542788,94.18980272287487,exponential,0.48583808622977565,15969.999999999207,0.02419662027394455,0.0
well,33-053-07851-0000,2026-03-01,1564.922678290136,91.60695976477348,exponential,0.48583808622977565,15969.999999999207,0.02419662027394455,0.0
well,33-053-07851-0000,2026-04-01,1527.5112784763355,89.0949427087694,exponential,0.48583808622977565,15969.999999999207,0.02419662027394455,0.0
well,33-053-07851-0000,2026-05-01,1490.994244151287,86.6518093893925,exponential,0.48583808622977565,15969.999999999207,0.02419662027394455,0.0
well,33-053-07851-0000,2026-06-01,1455.3501944088641,84.27567089861955,exponential,0.48583808622977565,15969.999999999207,0.02419662027394455,0.0
well,33-053-07851-0000,2026-07-01,1420.5582594797775,81.96469012546514,exponential,0.48583808622977565,15969.999999999207,0.02419662027394455,0.0
well,33-053-07851-0000,2026-08-01,1386.5980685122202,79.71708033561994,exponential,0.48583808622977565,15969.999999999207,0.02419662027394455,0.0
well,33-053-07851-0000,2026-09-01,1353.4497376446316,77.53110379003735,exponential,0.48583808622977565,15969.999999999207,0.02419662027394455,0.0
well,33-053-07851-0000,2026-10-01,1321.0938583635984,75.40507040140074,exponential,0.48583808622977565,15969.999999999207,0.02419662027394455,0.0
well,33-053-07851-0000,2026-11-01,1289.5114861400718,73.3373364274331,exponential,0.48583808622977565,15969.999999999207,0.02419662027394455,0.0
well,33-053-07851-0000,2026-12-01,1258.6841293372522,71.32630320003783,exponential,0.48583808622977565,15969.999999999207,0.02419662027394455,0.0
well,33-053-07851-0000,2027-01-01,1228.5937383836417,69.37041588928882,exponential,0.48583808622977565,15969.999999999207,0.02419662027394455,0.0
well,33-053-07851-0000,2027-02-01,1199.2226952049318,67.46816230131415,exponential,0.48583808622977565,15969.999999999207,0.02419662027394455,0.0
well,33-053-07851-0000,2027-03-01,1170.5538029085308,65.61807170914362,exponential,0.48583808622977565,15969.999999999207,0.02419662027394455,0.0
well,33-053-07851-0000,2027-04-01,1142.5702757146994,63.818713715616425,exponential,0.48583808622977565,15969.999999999207,0.02419662027394455,0.0
well,33-053-07851-0000,2027-05-01,1115.2557291283904,62.06869714747008,exponential,0.48583808622977565,15969.999999999207,0.02419662027394455,0.0
well,33-053-07851-0000,2027-06-01,1088.5941703460478,60.36666897975488,exponential,0.48583808622977565,15969.999999999207,0.02419662027394455,0.0
well,33-053-07851-0000,2027-07-01,1062.5699888917366,58.711313289743096,exponential,0.48583808622977565,15969.999999999207,0.02419662027394455,0.0
well,33-053-07851-0000,2027-08-01,1037.1679474771354,57.10135023952356,exponential,0.48583808622977565,15969.999999999207,0.02419662027394455,0.0
well,33-053-07851-0000,2027-09-01,1012.373173080025,55.53553508649514,exponential,0.48583808622977565,15969.999999999207,0.02419662027394455,0.0
well,33-053-07851-0000,2027-10-01,988.1711482360596,54.0126572209944,exponential,0.48583808622977565,15969.999999999207,0.02419662027394455,0.0
well,33-053-07851-0000,2027-11-01,964.5477025387205,52.53153923031293,exponential,0.48583808622977565,15969.999999999207,0.02419662027394455,0.0
well,33-053-07851-0000,2027-12-01,941.4890043424709,51.09103598838088,exponential,0.48583808622977565,15969.999999999207,0.02419662027394455,0.0
well,33-053-05784-0000,2026-01-01,0.00999890012098669,349.9615042345341,harmonic,-0.38496290560406154,349.99999999999994,1.0000000000000002e-06,1.0
well,33-053-05784-0000,2026-02-01,0.009998890123196325,349.9611543118713,harmonic,-0.38496290560406154,349.99999999999994,1.0000000000000002e-06,1.0
well,33-053-05784-0000,2026-03-01,0.009998880125425953,349.96080438990833,harmonic,-0.38496290560406154,349.99999999999994,1.0000000000000002e-06,1.0
well,33-053-05784-0000,2026-04-01,0.009998870127675571,349.96045446864497,harmonic,-0.38496290560406154,349.99999999999994,1.0000000000000002e-06,1.0
well,33-053-05784-0000,2026-05-01,0.009998860129945185,349.96010454808146,harmonic,-0.38496290560406154,349.99999999999994,1.0000000000000002e-06,1.0
well,33-053-05784-0000,2026-06-01,0.009998850132234791,349.9597546282177,harmonic,-0.38496290560406154,349.99999999999994,1.0000000000000002e-06,1.0
well,33-053-05784-0000,2026-07-01,0.009998840134544391,349.9594047090537,harmonic,-0.38496290560406154,349.99999999999994,1.0000000000000002e-06,1.0
well,33-053-05784-0000,2026-08-01,0.009998830136873985,349.95905479058945,harmonic,-0.38496290560406154,349.99999999999994,1.0000000000000002e-06,1.0
well,33-053-05784-0000,2026-09-01,0.009998820139223569,349.9587048728249,harmonic,-0.38496290560406154,349.99999999999994,1.0000000000000002e-06,1.0
well,33-053-05784-0000,2026-10-01,0.009998810141593149,349.9583549557602,harmonic,-0.38496290560406154,349.99999999999994,1.0000000000000002e-06,1.0
well,33-053-05784-0000,2026-11-01,0.009998800143982722,349.95800503939523,harmonic,-0.38496290560406154,349.99999999999994,1.0000000000000002e-06,1.0
well,33-053-05784-0000,2026-12-01,0.009998790146392284,349.95765512373,harmonic,-0.38496290560406154,349.99999999999994,1.0000000000000002e-06,1.0
well,33-053-05784-0000,2027-01-01,0.009998780148821843,349.95730520876447,harmonic,-0.38496290560406154,349.99999999999994,1.0000000000000002e-06,1.0
well,33-053-05784-0000,2027-02-01,0.009998770151271392,349.9569552944987,harmonic,-0.38496290560406154,349.99999999999994,1.0000000000000002e-06,1.0
well,33-053-05784-0000,2027-03-01,0.009998760153740934,349.95660538093273,harmonic,-0.38496290560406154,349.99999999999994,1.0000000000000002e-06,1.0
well,33-053-05784-0000,2027-04-01,0.00999875015623047,349.95625546806644,harmonic,-0.38496290560406154,349.99999999999994,1.0000000000000002e-06,1.0
well,33-053-05784-0000,2027-05-01,0.009998740158739996,349.9559055558999,harmonic,-0.38496290560406154,349.99999999999994,1.0000000000000002e-06,1.0
well,33-053-05784-0000,2027-06-01,0.009998730161269518,349.9555556444331,harmonic,-0.38496290560406154,349.99999999999994,1.0000000000000002e-06,1.0
well,33-053-05784-0000,2027-07-01,0.00999872016381903,349.95520573366605,harmonic,-0.38496290560406154,349.99999999999994,1.0000000000000002e-06,1.0
well,33-053-05784-0000,2027-08-01,0.009998710166388534,349.9548558235987,harmonic,-0.38496290560406154,349.99999999999994,1.0000000000000002e-06,1.0
well,33-053-05784-0000,2027-09-01,0.009998700168978032,349.9545059142311,harmonic,-0.38496290560406154,349.99999999999994,1.0000000000000002e-06,1.0
well,33-053-05784-0000,2027-10-01,0.00999869017158752,349.95415600556316,harmonic,-0.38496290560406154,349.99999999999994,1.0000000000000002e-06,1.0
well,33-053-05784-0000,2027-11-01,0.009998680174217001,349.9538060975951,harmonic,-0.38496290560406154,349.99999999999994,1.0000000000000002e-06,1.0
well,33-053-05784-0000,2027-12-01,0.009998670176866476,349.9534561903267,harmonic,-0.38496290560406154,349.99999999999994,1.0000000000000002e-06,1.0
well,33-053-05475-0000,2026-01-01,495.7807118430201,251.67319493890017,hyperbolic,0.892812236162152,53829.183592683454,0.18900926853327593,0.6043126654424038
well,33-053-05475-0000,2026-02-01,490.3143868202338,249.79501372449556,hyperbolic,0.892812236162152,53829.183592683454,0.18900926853327593,0.6043126654424038
well,33-053-05475-0000,2026-03-01,484.9441135200339,247.94324239298655,hyperbolic,0.892812236162152,53829.183592683454,0.18900926853327593,0.6043126654424038
well,33-053-05475-0000,2026-04-01,479.66758369786817,246.11733761690812,hyperbolic,0.892812236162152,53829.183592683454,0.18900926853327593,0.6043126654424038
well,33-053-05475-0000,2026-05-01,474.48255929499186,244.3167707380423,hyperbolic,0.892812236162152,53829.183592683454,0.18900926853327593,0.6043126654424038
well,33-053-05475-0000,2026-06-01,469.386869862713,242.5410272783287,hyperbolic,0.892812236162152,53829.183592683454,0.18900926853327593,0.6043126654424038
well,33-053-05475-0000,2026-07-01,464.37841009716254,240.78960647014355,hyperbolic,0.892812236162152,53829.183592683454,0.18900926853327593,0.6043126654424038
well,33-053-05475-0000,2026-08-01,459.4551374791714,239.06202080506063,hyperbolic,0.892812236162152,53829.183592683454,0.18900926853327593,0.6043126654424038
well,33-053-05475-0000,2026-09-01,454.6150700141327,237.35779560025279,hyperbolic,0.892812236162152,53829.183592683454,0.18900926853327593,0.6043126654424038
well,33-053-05475-0000,2026-10-01,449.85628406700584,235.67646858173833,hyperbolic,0.892812236162152,53829.183592683454,0.18900926853327593,0.6043126654424038
well,33-053-05475-0000,2026-11-01,445.17691228788703,234.01758948371366,hyperbolic,0.892812236162152,53829.183592683454,0.18900926853327593,0.6043126654424038
well,33-053-05475-0000,2026-12-01,440.5751416238133,232.38071966325558,hyperbolic,0.892812236162152,53829.183592683454,0.18900926853327593,0.6043126654424038
well,33-053-05475-0000,2027-01-01,436.04921141270387,230.76543172971114,hyperbolic,0.892812236162152,53829.183592683454,0.18900926853327593,0.6043126654424038
well,33-053-05475-0000,2027-02-01,431.5974115555585,229.17130918812782,hyperbolic,0.892812236162152,53829.183592683454,0.18900926853327593,0.6043126654424038
well,33-053-05475-0000,2027-03-01,427.21808076324135,227.59794609610836,hyperbolic,0.892812236162152,53829.183592683454,0.18900926853327593,0.6043126654424038
well,33-053-05475-0000,2027-04-01,422.9096048743684,226.04494673350655,hyperbolic,0.892812236162152,53829.183592683454,0.18900926853327593,0.6043126654424038
well,33-053-05475-0000,2027-05-01,418.67041524100443,224.5119252844077,hyperbolic,0.892812236162152,53829.183592683454,0.18900926853327593,0.6043126654424038
well,33-053-05475-0000,2027-06-01,414.4989871790409,222.99850553086588,hyperbolic,0.892812236162152,53829.183592683454,0.18900926853327593,0.6043126654424038
well,33-053-07707-0000,2026-05-01,2584.6352885012443,1063.5126682580917,exponential,0.2709017238274076,9159.99999987628,0.01278042190188225,0.0
well,33-053-07707-0000,2026-06-01,2551.8127487705524,1052.5515156432125,exponential,0.2709017238274076,9159.99999987628,0.01278042190188225,0.0
well,33-053-07707-0000,2026-07-01,2519.4070257254343,1041.703334758932,exponential,0.2709017238274076,9159.99999987628,0.01278042190188225,0.0
well,33-053-07707-0000,2026-08-01,2487.4128261694846,1030.966961255809,exponential,0.2709017238274076,9159.99999987628,0.01278042190188225,0.0
well,33-053-07707-0000,2026-09-01,2455.8249241251215,1020.3412427848365,exponential,0.2709017238274076,9159.99999987628,0.01278042190188225,0.0
well,33-053-07707-0000,2026-10-01,2424.6381599799706,1009.8250388737555,exponential,0.2709017238274076,9159.99999987628,0.01278042190188225,0.0
well,33-053-07707-0000,2026-11-01,2393.8474396440874,999.4172208046475,exponential,0.2709017238274076,9159.99999987628,0.01278042190188225,0.0
well,33-053-07707-0000,2026-12-01,2363.447733717881,989.1166714927896,exponential,0.2709017238274076,9159.99999987628,0.01278042190188225,0.0
well,33-053-07707-0000,2027-01-01,2333.4340766706023,978.9222853667534,exponential,0.2709017238274076,9159.99999987628,0.01278042190188225,0.0
well,33-053-07707-0000,2027-02-01,2303.8015660292713,968.8329682497452,exponential,0.2709017238274076,9159.99999987628,0.01278042190188225,0.0
well,33-053-07707-0000,2027-03-01,2274.545361577898,958.847637242165,exponential,0.2709017238274076,9159.99999987628,0.01278042190188225,0.0
well,33-053-07707-0000,2027-04-01,2245.660684566874,948.9652206053777,exponential,0.2709017238274076,9159.99999987628,0.01278042190188225,0.0
well,33-053-07707-0000,2027-05-01,2217.142816932407,939.1846576466824,exponential,0.2709017238274076,9159.99999987628,0.01278042190188225,0.0
well,33-053-07707-0000,2027-06-01,2188.9871005258647,929.5048986054669,exponential,0.2709017238274076,9159.99999987628,0.01278042190188225,0.0
well,33-053-07707-0000,2027-07-01,2161.188936352904,919.9249045405351,exponential,0.2709017238274076,9159.99999987628,0.01278042190188225,0.0
well,33-053-07707-0000,2027-08-01,2133.7437838222704,910.443647218596,exponential,0.2709017238274076,9159.99999987628,0.01278042190188225,0.0
well,33-053-07707-0000,2027-09-01,2106.6471600041236,901.0601090039025,exponential,0.2709017238274076,9159.99999987628,0.01278042190188225,0.0
well,33-053-07707-0000,2027-10-01,2079.8946388977974,891.7732827490273,exponential,0.2709017238274076,9159.99999987628,0.01278042190188225,0.0
well,33-053-07707-0000,2027-11-01,2053.4818507088444,882.5821716867641,exponential,0.2709017238274076,9159.99999987628,0.01278042190188225,0.0
well,33-053-07707-0000,2027-12-01,2027.4044811352705,873.4857893231434,exponential,0.2709017238274076,9159.99999987628,0.01278042190188225,0.0
well,33-053-05919-0000,2026-01-01,1152.8525519277634,164.57816947254108,exponential,0.6217157461752707,13599.999999999814,0.020063662127985122,0.0
well,33-053-05919-0000,2026-02-01,1129.9526044407583,162.39417993474123,exponential,0.6217157461752707,13599.999999999814,0.020063662127985122,0.0
well,33-053-05919-0000,2026-03-01,1107.5075352415531,160.23917243214385,exponential,0.6217157461752707,13599.999999999814,0.020063662127985122,0.0
well,33-053-05919-0000,2026-04-01,1085.5083087523672,158.11276236658594,exponential,0.6217157461752707,13599.999999999814,0.020063662127985122,0.0
well,33-053-05919-0000,2026-05-01,1063.9460688756628,156.01457024360892,exponential,0.6217157461752707,13599.999999999814,0.020063662127985122,0.0
well,33-053-05919-0000,2026-06-01,1042.812135428998,153.9442216047317,exponential,0.6217157461752707,13599.999999999814,0.020063662127985122,0.0
well,33-053-05919-0000,2026-07-01,1022.0980006507,151.9013469606218,exponential,0.6217157461752707,13599.999999999814,0.020063662127985122,0.0
well,33-053-05919-0000,2026-08-01,1001.7953257749448,149.88558172515383,exponential,0.6217157461752707,13599.999999999814,0.020063662127985122,0.0
well,33-053-05919-0000,2026-09-01,981.8959376748684,147.89656615034275,exponential,0.6217157461752707,13599.999999999814,0.020063662127985122,0.0
well,33-053-05919-0000,2026-10-01,962.3918255723626,145.93394526214064,exponential,0.6217157461752707,13599.999999999814,0.020063662127985122,0.0
well,33-053-05919-0000,2026-11-01,943.2751378132232,143.99736879708556,exponential,0.6217157461752707,13599.999999999814,0.020063662127985122,0.0
well,33-053-05919-0000,2026-12-01,924.5381787063533,142.08649113979084,exponential,0.6217157461752707,13599.999999999814,0.020063662127985122,0.0
well,33-053-05919-0000,2027-01-01,906.1734054257595,140.20097126126421,exponential,0.6217157461752707,13599.999999999814,0.020063662127985122,0.0
well,33-053-05919-0000,2027-02-01,888.1734249740781,138.34047265804537,exponential,0.6217157461752707,13599.999999999814,0.020063662127985122,0.0
well,33-053-05919-0000,2027-03-01,870.5309912064205,136.5046632921509,exponential,0.6217157461752707,13599.999999999814,0.020063662127985122,0.0
well,33-053-05919-0000,2027-04-01,853.2390019133377,134.69321553181663,exponential,0.6217157461752707,13599.999999999814,0.020063662127985122,0.0
well,33-053-05919-0000,2027-05-01,836.2904959617243,132.90580609302594,exponential,0.6217157461752707,13599.999999999814,0.020063662127985122,0.0
well,33-053-05919-0000,2027-06-01,819.6786504925168,131.14211598181436,exponential,0.6217157461752707,13599.999999999814,0.020063662127985122,0.0
well,33-053-05919-0000,2027-07-01,803.3967781740569,129.40183043733938,exponential,0.6217157461752707,13599.999999999814,0.020063662127985122,0.0
well,33-053-05919-0000,2027-08-01,787.438324510012,127.68463887570609,exponential,0.6217157461752707,13599.999999999814,0.020063662127985122,0.0
well,33-053-05919-0000,2027-09-01,771.7968652007689,125.99023483453816,exponential,0.6217157461752707,13599.999999999814,0.020063662127985122,0.0
well,33-053-05919-0000,2027-10-01,756.4661035572447,124.31831591828427,exponential,0.6217157461752707,13599.999999999814,0.020063662127985122,0.0
well,33-053-05919-0000,2027-11-01,741.4398679660638,122.66858374425051,exponential,0.6217157461752707,13599.999999999814,0.020063662127985122,0.0
well,33-053-05919-0000,2027-12-01,726.7121094050894,121.04074388934882,exponential,0.6217157461752707,13599.999999999814,0.020063662127985122,0.0
well,33-053-05636-0000,2026-01-01,0.0099986901692657,73.3237295914235,harmonic,-0.20427266118349552,73.33333499999999,1.0000000000000002e-06,1.0
well,33-053-05636-0000,2026-02-01,0.00999868017187747,73.32365627737137,harmonic,-0.20427266118349552,73.33333499999999,1.0000000000000002e-06,1.0
well,33-053-05636-0000,2026-03-01,0.009998670174509231,73.32358296346585,harmonic,-0.20427266118349552,73.33333499999999,1.0000000000000002e-06,1.0
well,33-053-05636-0000,2026-04-01,0.009998660177160983,73.32350964970692,harmonic,-0.20427266118349552,73.33333499999999,1.0000000000000002e-06,1.0
well,33-053-05636-0000,2026-05-01,0.00999865017983273,73.32343633609462,harmonic,-0.20427266118349552,73.33333499999999,1.0000000000000002e-06,1.0
well,33-053-05636-0000,2026-06-01,0.009998640182524469,73.32336302262893,harmonic,-0.20427266118349552,73.33333499999999,1.0000000000000002e-06,1.0
well,33-053-05636-0000,2026-07-01,0.009998630185236196,73.3232897093098,harmonic,-0.20427266118349552,73.33333499999999,1.0000000000000002e-06,1.0
well,33-053-05636-0000,2026-08-01,0.009998620187967919,73.32321639613733,harmonic,-0.20427266118349552,73.33333499999999,1.0000000000000002e-06,1.0
well,33-053-05636-0000,2026-09-01,0.009998610190719633,73.32314308311145,harmonic,-0.20427266118349552,73.33333499999999,1.0000000000000002e-06,1.0
well,33-053-05636-0000,2026-10-01,0.009998600193491339,73.32306977023215,harmonic,-0.20427266118349552,73.33333499999999,1.0000000000000002e-06,1.0
well,33-053-05636-0000,2026-11-01,0.009998590196283033,73.32299645749949,harmonic,-0.20427266118349552,73.33333499999999,1.0000000000000002e-06,1.0
well,33-053-05636-0000,2026-12-01,0.009998580199094722,73.3229231449134,harmonic,-0.20427266118349552,73.33333499999999,1.0000000000000002e-06,1.0
well,33-053-05636-0000,2027-01-01,0.009998570201926403,73.32284983247395,harmonic,-0.20427266118349552,73.33333499999999,1.0000000000000002e-06,1.0
well,33-053-05636-0000,2027-02-01,0.009998560204778073,73.3227765201811,harmonic,-0.20427266118349552,73.33333499999999,1.0000000000000002e-06,1.0
well,33-053-05636-0000,2027-03-01,0.009998550207649736,73.32270320803482,harmonic,-0.20427266118349552,73.33333499999999,1.0000000000000002e-06,1.0
well,33-053-05636-0000,2027-04-01,0.00999854021054139,73.32262989603517,harmonic,-0.20427266118349552,73.33333499999999,1.0000000000000002e-06,1.0
well,33-053-05636-0000,2027-05-01,0.009998530213453037,73.32255658418212,harmonic,-0.20427266118349552,73.33333499999999,1.0000000000000002e-06,1.0
well,33-053-05636-0000,2027-06-01,0.009998520216384673,73.32248327247567,harmonic,-0.20427266118349552,73.33333499999999,1.0000000000000002e-06,1.0
well,33-053-05636-0000,2027-07-01,0.0099985102193363,73.32240996091582,harmonic,-0.20427266118349552,73.33333499999999,1.0000000000000002e-06,1.0
well,33-053-05636-0000,2027-08-01,0.00999850022230792,73.32233664950256,harmonic,-0.20427266118349552,73.33333499999999,1.0000000000000002e-06,1.0
well,33-053-05636-0000,2027-09-01,0.009998490225299528,73.32226333823591,harmonic,-0.20427266118349552,73.33333499999999,1.0000000000000002e-06,1.0
well,33-053-05636-0000,2027-10-01,0.009998480228311131,73.32219002711588,harmonic,-0.20427266118349552,73.33333499999999,1.0000000000000002e-06,1.0
well,33-053-05636-0000,2027-11-01,0.009998470231342723,73.32211671614242,harmonic,-0.20427266118349552,73.33333499999999,1.0000000000000002e-06,1.0
well,33-053-05636-0000,2027-12-01,0.009998460234394307,73.32204340531557,harmonic,-0.20427266118349552,73.33333499999999,1.0000000000000002e-06,1.0
well,33-053-06782-0000,2026-01-01,0.009999020096030589,24.99755024007647,harmonic,-0.4876379295645854,24.999999999999996,1.0000000000000002e-06,1.0
well,33-053-06782-0000,2026-02-01,0.009999010098000296,24.99752524500074,harmonic,-0.4876379295645854,24.999999999999996,1.0000000000000002e-06,1.0
well,33-053-06782-0000,2026-03-01,0.00999900009999,24.997500249974998,harmonic,-0.4876379295645854,24.999999999999996,1.0000000000000002e-06,1.0
well,33-053-06782-0000,2026-04-01,0.009998990101999698,24.997475254999244,harmonic,-0.4876379295645854,24.999999999999996,1.0000000000000002e-06,1.0
well,33-053-06782-0000,2026-05-01,0.009998980104029387,24.997450260073467,harmonic,-0.4876379295645854,24.999999999999996,1.0000000000000002e-06,1.0
well,33-053-06782-0000,2026-06-01,0.009998970106079072,24.99742526519768,harmonic,-0.4876379295645854,24.999999999999996,1.0000000000000002e-06,1.0
well,33-053-06782-0000,2026-07-01,0.00999896010814875,24.997400270371877,harmonic,-0.4876379295645854,24.999999999999996,1.0000000000000002e-06,1.0
well,33-053-06782-0000,2026-08-01,0.009998950110238424,24.99737527559606,harmonic,-0.4876379295645854,24.999999999999996,1.0000000000000002e-06,1.0
well,33-053-06782-0000,2026-09-01,0.00999894011234809,24.997350280870226,harmonic,-0.4876379295645854,24.999999999999996,1.0000000000000002e-06,1.0
well,33-053-06782-0000,2026-10-01,0.009998930114477748,24.99732528619437,harmonic,-0.4876379295645854,24.999999999999996,1.0000000000000002e-06,1.0
well,33-053-06782-0000,2026-11-01,0.009998920116627404,24.997300291568507,harmonic,-0.4876379295645854,24.999999999999996,1.0000000000000002e-06,1.0
well,33-053-06782-0000,2026-12-01,0.00999891011879705,24.997275296992626,harmonic,-0.4876379295645854,24.999999999999996,1.0000000000000002e-06,1.0
well,33-053-06782-0000,2027-01-01,0.00999890012098669,24.997250302466725,harmonic,-0.4876379295645854,24.999999999999996,1.0000000000000002e-06,1.0
well,33-053-06782-0000,2027-02-01,0.009998890123196325,24.99722530799081,harmonic,-0.4876379295645854,24.999999999999996,1.0000000000000002e-06,1.0
well,33-053-06782-0000,2027-03-01,0.009998880125425953,24.99720031356488,harmonic,-0.4876379295645854,24.999999999999996,1.0000000000000002e-06,1.0
well,33-053-06782-0000,2027-04-01,0.009998870127675571,24.997175319188926,harmonic,-0.4876379295645854,24.999999999999996,1.0000000000000002e-06,1.0
well,33-053-06782-0000,2027-05-01,0.009998860129945185,24.997150324862965,harmonic,-0.4876379295645854,24.999999999999996,1.0000000000000002e-06,1.0
well,33-053-06782-0000,2027-06-01,0.009998850132234791,24.997125330586975,harmonic,-0.4876379295645854,24.999999999999996,1.0000000000000002e-06,1.0
well,33-053-06782-0000,2027-07-01,0.009998840134544391,24.99710033636098,harmonic,-0.4876379295645854,24.999999999999996,1.0000000000000002e-06,1.0
well,33-053-06782-0000,2027-08-01,0.009998830136873985,24.997075342184964,harmonic,-0.4876379295645854,24.999999999999996,1.0000000000000002e-06,1.0
well,33-053-06782-0000,2027-09-01,0.009998820139223569,24.997050348058924,harmonic,-0.4876379295645854,24.999999999999996,1.0000000000000002e-06,1.0
well,33-053-06782-0000,2027-10-01,0.009998810141593149,24.997025353982874,harmonic,-0.4876379295645854,24.999999999999996,1.0000000000000002e-06,1.0
well,33-053-06782-0000,2027-11-01,0.009998800143982722,24.997000359956804,harmonic,-0.4876379295645854,24.999999999999996,1.0000000000000002e-06,1.0
well,33-053-06782-0000,2027-12-01,0.009998790146392284,24.996975365980713,harmonic,-0.4876379295645854,24.999999999999996,1.0000000000000002e-06,1.0
well,33-053-05386-0000,2026-01-01,503.80730010968057,98.85589279719103,hyperbolic,0.9023057245005563,56212.4105134494,0.15506200008159118,0.523378094491625
well,33-053-05386-0000,2026-02-01,497.2490855509823,96.79465321569525,hyperbolic,0.9023057245005563,56212.4105134494,0.15506200008159118,0.523378094491625
well,33-053-05386-0000,2026-03-01,490.8200417419045,94.78488701122124,hyperbolic,0.9023057245005563,56212.4105134494,0.15506200008159118,0.523378094491625
well,33-053-05386-0000,2026-04-01,484.51677344032606,92.82509844188709,hyperbolic,0.9023057245005563,56212.4105134494,0.15506200008159118,0.523378094491625
well,33-053-05386-0000,2026-05-01,478.33599671978897,90.91384129116997,hyperbolic,0.9023057245005563,56212.4105134494,0.15506200008159118,0.523378094491625
well,33-053-05386-0000,2026-06-01,472.27453460588293,89.04971702905232,hyperbolic,0.9023057245005563,56212.4105134494,0.15506200008159118,0.523378094491625
well,33-053-05386-0000,2026-07-01,466.32931291130626,87.23137304877443,hyperbolic,0.9023057245005563,56212.4105134494,0.15506200008159118,0.523378094491625
well,33-053-05386-0000,2026-08-01,460.49735625931856,85.45750097578257,hyperbolic,0.9023057245005563,56212.4105134494,0.15506200008159118,0.523378094491625
well,33-053-05386-0000,2026-09-01,454.77578428589067,83.72683504563389,hyperbolic,0.9023057245005563,56212.4105134494,0.15506200008159118,0.523378094491625
well,33-053-05386-0000,2026-10-01,449.1618080114221,82.03815054777564,hyperbolic,0.9023057245005563,56212.4105134494,0.15506200008159118,0.523378094491625
well,33-053-05386-0000,2026-11-01,443.6527263734137,80.3902623322659,hyperbolic,0.9023057245005563,56212.4105134494,0.15506200008159118,0.523378094491625
well,33-053-05386-0000,2026-12-01,438.24592291197445,78.78202337664553,hyperbolic,0.9023057245005563,56212.4105134494,0.15506200008159118,0.523378094491625
well,33-053-05386-0000,2027-01-01,432.9388626004996,77.21232341030495,hyperbolic,0.9023057245005563,56212.4105134494,0.15506200008159118,0.523378094491625
well,33-053-05386-0000,2027-02-01,427.72908881428856,75.6800875938176,hyperbolic,0.9023057245005563,56212.4105134494,0.15506200008159118,0.523378094491625
well,33-053-05386-0000,2027-03-01,422.61422043027216,74.18427525083146,hyperbolic,0.9023057245005563,56212.4105134494,0.15506200008159118,0.523378094491625
well,33-053-05386-0000,2027-04-01,417.59194905139884,72.72387865022732,hyperbolic,0.9023057245005563,56212.4105134494,0.15506200008159118,0.523378094491625
well,33-053-05386-0000,2027-05-01,412.66003634958463,71.29792183635666,hyperbolic,0.9023057245005563,56212.4105134494,0.15506200008159118,0.523378094491625
well,33-053-05386-0000,2027-06-01,407.81631152146434,69.90545950528175,hyperbolic,0.9023057245005563,56212.4105134494,0.15506200008159118,0.523378094491625
well,33-053-05386-0000,2027-07-01,403.0586688514973,68.54557592503076,hyperbolic,0.9023057245005563,56212.4105134494,0.15506200008159118,0.523378094491625
well,33-053-05386-0000,2027-08-01,398.3850653772714,67.21738389798124,hyperbolic,0.9023057245005563,56212.4105134494,0.15506200008159118,0.523378094491625
well,33-053-05386-0000,2027-09-01,393.7935186521307,65.92002376356754,hyperbolic,0.9023057245005563,56212.4105134494,0.15506200008159118,0.523378094491625
well,33-053-05386-0000,2027-10-01,389.2821046005101,64.65266243959513,hyperbolic,0.9023057245005563,56212.4105134494,0.15506200008159118,0.523378094491625
well,33-053-05386-0000,2027-11-01,384.84895546160567,63.414492500522904,hyperbolic,0.9023057245005563,56212.4105134494,0.15506200008159118,0.523378094491625
well,33-053-05386-0000,2027-12-01,380.49225781724033,62.20473129115062,hyperbolic,0.9023057245005563,56212.4105134494,0.15506200008159118,0.523378094491625
well,33-053-07636-0000,2026-01-01,2554.413391402123,31.663532310301232,exponential,0.1170532871015556,7239.99999999192,0.010523218197044713,0.0
well,33-053-07636-0000,2026-02-01,2527.6736825725197,31.66350064993496,exponential,0.1170532871015556,7239.99999999192,0.010523218197044713,0.0
well,33-053-07636-0000,2026-03-01,2501.2138861606554,31.663468989632005,exponential,0.1170532871015556,7239.99999999192,0.010523218197044713,0.0
well,33-053-07636-0000,2026-04-01,2475.0310720313473,31.663437329392355,exponential,0.1170532871015556,7239.99999999192,0.010523218197044713,0.0
well,33-053-07636-0000,2026-05-01,2449.1223407221946,31.663405669216026,exponential,0.1170532871015556,7239.99999999192,0.010523218197044713,0.0
well,33-053-07636-0000,2026-06-01,2423.4848231224914,31.663374009103006,exponential,0.1170532871015556,7239.99999999192,0.010523218197044713,0.0
well,33-053-07636-0000,2026-07-01,2398.115680155508,31.663342349053302,exponential,0.1170532871015556,7239.99999999192,0.010523218197044713,0.0
well,33-053-07636-0000,2026-08-01,2373.012102464089,31.663310689066915,exponential,0.1170532871015556,7239.99999999192,0.010523218197044713,0.0
well,33-053-07636-0000,2026-09-01,2348.1713100995507,31.663279029143833,exponential,0.1170532871015556,7239.99999999192,0.010523218197044713,0.0
well,33-053-07636-0000,2026-10-01,2323.5905522138332,31.663247369284072,exponential,0.1170532871015556,7239.99999999192,0.010523218197044713,0.0
well,33-053-07636-0000,2026-11-01,2299.26710675487,31.663215709487623,exponential,0.1170532871015556,7239.99999999192,0.010523218197044713,0.0
well,33-053-07636-0000,2026-12-01,2275.1982801651525,31.66318404975448,exponential,0.1170532871015556,7239.99999999192,0.010523218197044713,0.0
well,33-053-07636-0000,2027-01-01,2251.3814070834483,31.663152390084655,exponential,0.1170532871015556,7239.99999999192,0.010523218197044713,0.0
well,33-053-07636-0000,2027-02-01,2227.8138500496393,31.663120730478138,exponential,0.1170532871015556,7239.99999999192,0.010523218197044713,0.0
well,33-053-07636-0000,2027-03-01,2204.4929992126545,31.663089070934937,exponential,0.1170532871015556,7239.99999999192,0.010523218197044713,0.0
well,33-053-07636-0000,2027-04-01,2181.4162720414547,31.66305741145505,exponential,0.1170532871015556,7239.99999999192,0.010523218197044713,0.0
well,33-053-07636-0000,2027-05-01,2158.581113039047,31.663025752038468,exponential,0.1170532871015556,7239.99999999192,0.010523218197044713,0.0
well,33-053-07636-0000,2027-06-01,2135.9849934594895,31.662994092685203,exponential,0.1170532871015556,7239.99999999192,0.010523218197044713,0.0
well,33-053-07636-0000,2027-07-01,2113.625411027862,31.66296243339525,exponential,0.1170532871015556,7239.99999999192,0.010523218197044713,0.0
well,33-053-07636-0000,2027-08-01,2091.4998896631646,31.6629307741686,exponential,0.1170532871015556,7239.99999999192,0.010523218197044713,0.0
well,33-053-07636-0000,2027-09-01,2069.6059792041206,31.66289911500527,exponential,0.1170532871015556,7239.99999999192,0.010523218197044713,0.0
well,33-053-07636-0000,2027-10-01,2047.941255137846,31.66286745590525,exponential,0.1170532871015556,7239.99999999192,0.010523218197044713,0.0
well,33-053-07636-0000,2027-11-01,2026.5033183313606,31.66283579686853,exponential,0.1170532871015556,7239.99999999192,0.010523218197044713,0.0
well,33-053-07636-0000,2027-12-01,2005.2897947659123,31.662804137895133,exponential,0.1170532871015556,7239.99999999192,0.010523218197044713,0.0
well,33-053-06220-0000,2026-01-01,1146.9280583978798,240.14701503410097,hyperbolic,0.875380758672461,29040.975941852954,0.07489114788197651,0.5487421945347764
well,33-053-06220-0000,2026-02-01,1132.4882387851865,238.48669360804539,hyperbolic,0.875380758672461,29040.975941852954,0.07489114788197651,0.5487421945347764
well,33-053-06220-0000,2026-03-01,1118.3280435376157,236.8491727080464,hyperbolic,0.875380758672461,29040.975941852954,0.07489114788197651,0.5487421945347764
well,33-053-06220-0000,2026-04-01,1104.4401892099638,235.23398587130242,hyperbolic,0.875380758672461,29040.975941852954,0.07489114788197651,0.5487421945347764
well,33-053-06220-0000,2026-05-01,1090.8176300827552,233.64067927295184,hyperbolic,0.875380758672461,29040.975941852954,0.07489114788197651,0.5487421945347764
well,33-053-06220-0000,2026-06-01,1077.4535488570752,232.06881130095113,hyperbolic,0.875380758672461,29040.975941852954,0.07489114788197651,0.5487421945347764
well,33-053-06220-0000,2026-07-01,1064.3413477733325,230.517952147998,hyperbolic,0.875380758672461,29040.975941852954,0.07489114788197651,0.5487421945347764
well,33-053-06220-0000,2026-08-01,1051.4746401319605,228.98768341970924,hyperbolic,0.875380758672461,29040.975941852954,0.07489114788197651,0.5487421945347764
well,33-053-06220-0000,2026-09-01,1038.8472421953304,227.4775977583015,hyperbolic,0.875380758672461,29040.975941852954,0.07489114788197651,0.5487421945347764
well,33-053-06220-0000,2026-10-01,1026.4531654513607,225.98729848106464,hyperbolic,0.875380758672461,29040.975941852954,0.07489114788197651,0.5487421945347764
well,33-053-06220-0000,2026-11-01,1014.2866092204149,224.51639923295403,hyperbolic,0.875380758672461,29040.975941852954,0.07489114788197651,0.5487421945347764
well,33-053-06220-0000,2026-12-01,1002.3419535881413,223.06452365266193,hyperbolic,0.875380758672461,29040.975941852954,0.07489114788197651,0.5487421945347764
well,33-053-06220-0000,2027-01-01,990.6137526478773,221.631305051562,hyperbolic,0.875380758672461,29040.975941852954,0.07489114788197651,0.5487421945347764
well,33-053-06220-0000,2027-02-01,979.0967280371767,220.2163861049523,hyperbolic,0.875380758672461,29040.975941852954,0.07489114788197651,0.5487421945347764
well,33-053-06220-0000,2027-03-01,967.7857627538694,218.81941855504948,hyperbolic,0.875380758672461,29040.975941852954,0.07489114788197651,0.5487421945347764
well,33-053-06220-0000,2027-04-01,956.6758952378838,217.44006292521638,hyperbolic,0.875380758672461,29040.975941852954,0.07489114788197651,0.5487421945347764
well,33-053-06220-0000,2027-05-01,945.7623137058154,216.0779882449308,hyperbolic,0.875380758672461,29040.975941852954,0.07489114788197651,0.5487421945347764
well,33-053-06220-0000,2027-06-01,935.0403507259451,214.73287178502616,hyperbolic,0.875380758672461,29040.975941852954,0.07489114788197651,0.5487421945347764
well,33-053-06220-0000,2027-07-01,924.5054780220759,213.4043988027608,hyperbolic,0.875380758672461,29040.975941852954,0.07489114788197651,0.5487421945347764
well,33-053-06220-0000,2027-08-01,914.153301495192,212.09226229629138,hyperbolic,0.875380758672461,29040.975941852954,0.07489114788197651,0.5487421945347764
well,33-053-06220-0000,2027-09-01,903.9795564525344,210.79616276814897,hyperbolic,0.875380758672461,29040.975941852954,0.07489114788197651,0.5487421945347764
well,33-053-06220-0000,2027-10-01,893.9801030342452,209.51580799733532,hyperbolic,0.875380758672461,29040.975941852954,0.07489114788197651,0.5487421945347764
well,33-053-06220-0000,2027-11-01,884.1509218282544,208.2509128196739,hyperbolic,0.875380758672461,29040.975941852954,0.07489114788197651,0.5487421945347764
well,33-053-06220-0000,2027-12-01,874.488109664581,207.00119891607002,hyperbolic,0.875380758672461,29040.975941852954,0.07489114788197651,0.5487421945347764
well,33-053-06322-0000,2026-01-01,1569.0665664457738,722.5394230956988,harmonic,0.8367933002524869,38809.29021357618,0.2046034359640529,1.0
well,33-053-06322-0000,2026-02-01,1556.1934947855905,720.7733708867755,harmonic,0.8367933002524869,38809.29021357618,0.2046034359640529,1.0
well,33-053-06322-0000,2026-03-01,1543.5299329827703,719.015930901592,harmonic,0.8367933002524869,38809.29021357618,0.2046034359640529,1.0
well,33-053-06322-0000,2026-04-01,1531.070807647709,717.2670402966012,harmonic,0.8367933002524869,38809.29021357618,0.2046034359640529,1.0
well,33-053-06322-0000,2026-05-01,1518.8112078855108,715.5266368381995,harmonic,0.8367933002524869,38809.29021357618,0.2046034359640529,1.0
well,33-053-06322-0000,2026-06-01,1506.7463788420228,713.7946588953452,harmonic,0.8367933002524869,38809.29021357618,0.2046034359640529,1.0
well,33-053-06322-0000,2026-07-01,1494.8717155550523,712.071045432283,harmonic,0.8367933002524869,38809.29021357618,0.2046034359640529,1.0
well,33-053-06322-0000,2026-08-01,1483.1827570940618,710.3557360013742,harmonic,0.8367933002524869,38809.29021357618,0.2046034359640529,1.0
well,33-053-06322-0000,2026-09-01,1471.6751809726734,708.6486707360307,harmonic,0.8367933002524869,38809.29021357618,0.2046034359640529,1.0
well,33-053-06322-0000,2026-10-01,1460.344797819282,706.9497903437486,harmonic,0.8367933002524869,38809.29021357618,0.2046034359640529,1.0
well,33-053-06322-0000,2026-11-01,1449.1875462919722,705.2590360992451,harmonic,0.8367933002524869,38809.29021357618,0.2046034359640529,1.0
well,33-053-06322-0000,2026-12-01,1438.199488224772,703.5763498376904,harmonic,0.8367933002524869,38809.29021357618,0.2046034359640529,1.0
well,33-053-06322-0000,2027-01-01,1427.3768039930583,701.9016739480385,harmonic,0.8367933002524869,38809.29021357618,0.2046034359640529,1.0
well,33-053-06322-0000,2027-02-01,1416.7157880866548,700.2349513664516,harmonic,0.8367933002524869,38809.29021357618,0.2046034359640529,1.0
well,33-053-06322-0000,2027-03-01,1406.2128448798478,698.5761255698188,harmonic,0.8367933002524869,38809.29021357618,0.2046034359640529,1.0
well,33-053-06322-0000,2027-04-01,1395.8644845881702,696.9251405693665,harmonic,0.8367933002524869,38809.29021357618,0.2046034359640529,1.0
well,33-053-06322-0000,2027-05-01,1385.667319402409,695.2819409043593,harmonic,0.8367933002524869,38809.29021357618,0.2046034359640529,1.0
well,33-053-06322-0000,2027-06-01,1375.6180597908342,693.646471635889,harmonic,0.8367933002524869,38809.29021357618,0.2046034359640529,1.0
well,33-053-06322-0000,2027-07-01,1365.713510961175,692.0186783407523,harmonic,0.8367933002524869,38809.29021357618,0.2046034359640529,1.0
well,33-053-06322-0000,2027-08-01,1355.9505694743461,690.3985071054136,harmonic,0.8367933002524869,38809.29021357618,0.2046034359640529,1.0
well,33-053-06322-0000,2027-09-01,1346.3262200023871,688.7859045200531,harmonic,0.8367933002524869,38809.29021357618,0.2046034359640529,1.0
well,33-053-06322-0000,2027-10-01,1336.837532223497,687.180817672697,harmonic,0.8367933002524869,38809.29021357618,0.2046034359640529,1.0
well,33-053-06322-0000,2027-11-01,1327.4816578474517,685.5831941434311,harmonic,0.8367933002524869,38809.29021357618,0.2046034359640529,1.0
well,33-053-06322-0000,2027-12-01,1318.255827765059,683.9929819986934,harmonic,0.8367933002524869,38809.29021357618,0.2046034359640529,1.0
well,33-053-05662-0000,2026-01-01,1534.00363290144,312.45727506116305,hyperbolic,0.5105439316846057,22531.22412222298,0.0651377740704255,0.732217587784549
well,33-053-05662-0000,2026-02-01,1520.1431483522579,308.0597375732326,hyperbolic,0.5105439316846057,22531.22412222298,0.0651377740704255,0.732217587784549
well,33-053-05662-0000,2026-03-01,1506.498174336927,303.74251551410936,hyperbolic,0.5105439316846057,22531.22412222298,0.0651377740704255,0.732217587784549
well,33-053-05662-0000,2026-04-01,1493.0639746782736,299.50380837847246,hyperbolic,0.5105439316846057,22531.22412222298,0.0651377740704255,0.732217587784549
well,33-053-05662-0000,2026-05-01,1479.8359473329651,295.3418634411659,hyperbolic,0.5105439316846057,22531.22412222298,0.0651377740704255,0.732217587784549
well,33-053-05662-0000,2026-06-01,1466.809619752641,291.25497429409177,hyperbolic,0.5105439316846057,22531.22412222298,0.0651377740704255,0.732217587784549
well,33-053-05662-0000,2026-07-01,1453.980644434151,287.2414794338312,hyperbolic,0.5105439316846057,22531.22412222298,0.0651377740704255,0.732217587784549
well,33-053-05662-0000,2026-08-01,1441.3447946500435,283.29976089803193,hyperbolic,0.5105439316846057,22531.22412222298,0.0651377740704255,0.732217587784549
well,33-053-05662-0000,2026-09-01,1428.8979603509017,279.4282429486838,hyperbolic,0.5105439316846057,22531.22412222298,0.0651377740704255,0.732217587784549
well,33-053-05662-0000,2026-10-01,1416.6361442315829,275.6253908004821,hyperbolic,0.5105439316846057,22531.22412222298,0.0651377740704255,0.732217587784549
well,33-053-05662-0000,2026-11-01,1404.5554579538116,271.8897093925557,hyperbolic,0.5105439316846057,22531.22412222298,0.0651377740704255,0.732217587784549
well,33-053-05662-0000,2026-12-01,1392.6521185179934,268.2197422019129,hyperbolic,0.5105439316846057,22531.22412222298,0.0651377740704255,0.732217587784549
well,33-053-05662-0000,2027-01-01,1380.922444777457,264.6140700970179,hyperbolic,0.5105439316846057,22531.22412222298,0.0651377740704255,0.732217587784549
well,33-053-05662-0000,2027-02-01,1369.3628540887073,261.0713102299898,hyperbolic,0.5105439316846057,22531.22412222298,0.0651377740704255,0.732217587784549
well,33-053-05662-0000,2027-03-01,1357.9698590915768,257.59011496596673,hyperbolic,0.5105439316846057,22531.22412222298,0.0651377740704255,0.732217587784549
well,33-053-05662-0000,2027-04-01,1346.7400646134877,254.16917084824684,hyperbolic,0.5105439316846057,22531.22412222298,0.0651377740704255,0.732217587784549
well,33-053-05662-0000,2027-05-01,1335.6701646923184,250.80719759787056,hyperbolic,0.5105439316846057,22531.22412222298,0.0651377740704255,0.732217587784549
well,33-053-05662-0000,2027-06-01,1324.756939712653,247.5029471463656,hyperbolic,0.5105439316846057,22531.22412222298,0.0651377740704255,0.732217587784549
well,33-053-05662-0000,2027-07-01,1313.9972536504417,244.25520270042628,hyperbolic,0.5105439316846057,22531.22412222298,0.0651377740704255,0.732217587784549
well,33-053-05662-0000,2027-08-01,1303.3880514213567,241.06277783735368,hyperbolic,0.5105439316846057,22531.22412222298,0.0651377740704255,0.732217587784549
well,33-053-05662-0000,2027-09-01,1292.9263563283475,237.92451563012295,hyperbolic,0.5105439316846057,22531.22412222298,0.0651377740704255,0.732217587784549
well,33-053-05662-0000,2027-10-01,1282.6092676041367,234.83928780099959,hyperbolic,0.5105439316846057,22531.22412222298,0.0651377740704255,0.732217587784549
well,33-053-05662-0000,2027-11-01,1272.433958044584,231.8059939026608,hyperbolic,0.5105439316846057,22531.22412222298,0.0651377740704255,0.732217587784549
well,33-053-05662-0000,2027-12-01,1262.3976717290577,228.82356052582713,hyperbolic,0.5105439316846057,22531.22412222298,0.0651377740704255,0.732217587784549
well,33-053-07578-0000,2026-01-01,2137.977235924125,1412.6856639022312,hyperbolic,0.4667253920108533,19404.736471884116,0.0361162070229081,0.4234518647135285
well,33-053-07578-0000,2026-02-01,2107.936695322312,1412.6842513606464,hyperbolic,0.4667253920108533,19404.736471884116,0.0361162070229081,0.4234518647135285
well,33-053-07578-0000,2026-03-01,2078.4934335571897,1412.6828388218867,hyperbolic,0.4667253920108533,19404.736471884116,0.0361162070229081,0.4234518647135285
well,33-053-07578-0000,2026-04-01,2049.6321332258517,1412.6814262859514,hyperbolic,0.4667253920108533,19404.736471884116,0.0361162070229081,0.4234518647135285
well,33-053-07578-0000,2026-05-01,2021.3379569847818,1412.6800137528412,hyperbolic,0.4667253920108533,19404.736471884116,0.0361162070229081,0.4234518647135285
well,33-053-07578-0000,2026-06-01,1993.5965298020578,1412.6786012225557,hyperbolic,0.4667253920108533,19404.736471884116,0.0361162070229081,0.4234518647135285
well,33-053-07578-0000,2026-07-01,1966.393921964434,1412.6771886950946,hyperbolic,0.4667253920108533,19404.736471884116,0.0361162070229081,0.4234518647135285
well,33-053-07578-0000,2026-08-01,1939.7166328030548,1412.675776170459,hyperbolic,0.4667253920108533,19404.736471884116,0.0361162070229081,0.4234518647135285
well,33-053-07578-0000,2026-09-01,1913.5515751034766,1412.6743636486476,hyperbolic,0.4667253920108533,19404.736471884116,0.0361162070229081,0.4234518647135285
well,33-053-07578-0000,2026-10-01,1887.8860601674949,1412.672951129661,hyperbolic,0.4667253920108533,19404.736471884116,0.0361162070229081,0.4234518647135285
well,33-053-07578-0000,2026-11-01,1862.7077834960044,1412.6715386134993,hyperbolic,0.4667253920108533,19404.736471884116,0.0361162070229081,0.4234518647135285
well,33-053-07578-0000,2026-12-01,1838.004811063721,1412.6701261001622,hyperbolic,0.4667253920108533,19404.736471884116,0.0361162070229081,0.4234518647135285
well,33-053-07578-0000,2027-01-01,1813.765566158147,1412.6687135896495,hyperbolic,0.4667253920108533,19404.736471884116,0.0361162070229081,0.4234518647135285
well,33-053-07578-0000,2027-02-01,1789.9788167565619,1412.667301081962,hyperbolic,0.4667253920108533,19404.736471884116,0.0361162070229081,0.4234518647135285
well,33-053-07578-0000,2027-03-01,1766.6336634162055,1412.6658885770987,hyperbolic,0.4667253920108533,19404.736471884116,0.0361162070229081,0.4234518647135285
well,33-053-07578-0000,2027-04-01,1743.7195276540824,1412.6644760750605,hyperbolic,0.4667253920108533,19404.736471884116,0.0361162070229081,0.4234518647135285
well,33-053-07578-0000,2027-05-01,1721.2261407940182,1412.663063575847,hyperbolic,0.4667253920108533,19404.736471884116,0.0361162070229081,0.4234518647135285
well,33-053-07578-0000,2027-06-01,1699.1435332597573,1412.6616510794577,hyperbolic,0.4667253920108533,19404.736471884116,0.0361162070229081,0.4234518647135285
well,33-053-07578-0000,2027-07-01,1677.4620242939395,1412.6602385858935,hyperbolic,0.4667253920108533,19404.736471884116,0.0361162070229081,0.4234518647135285
well,33-053-07578-0000,2027-08-01,1656.1722120838194,1412.658826095154,hyperbolic,0.4667253920108533,19404.736471884116,0.0361162070229081,0.4234518647135285
well,33-053-07578-0000,2027-09-01,1635.2649642755475,1412.6574136072386,hyperbolic,0.4667253920108533,19404.736471884116,0.0361162070229081,0.4234518647135285
well,33-053-07578-0000,2027-10-01,1614.7314088597461,1412.6560011221484,hyperbolic,0.4667253920108533,19404.736471884116,0.0361162070229081,0.4234518647135285
well,33-053-07578-0000,2027-11-01,1594.5629254119506,1412.6545886398824,hyperbolic,0.4667253920108533,19404.736471884116,0.0361162070229081,0.4234518647135285
well,33-053-07578-0000,2027-12-01,1574.7511366723095,1412.6531761604413,hyperbolic,0.4667253920108533,19404.736471884116,0.0361162070229081,0.4234518647135285
well,33-053-04101-0000,2026-01-01,714.2556760294325,126.60973959203979,exponential,0.651230978943864,17213.026729349658,0.023926171099328805,0.0
well,33-053-04101-0000,2026-02-01,697.3690937140304,123.7814891071734,exponential,0.651230978943864,17213.026729349658,0.023926171099328805,0.0
well,33-053-04101-0000,2026-03-01,680.8817475151407,121.01641702257014,exponential,0.651230978943864,17213.026729349658,0.023926171099328805,0.0
well,33-053-04101-0000,2026-04-01,664.7841986088644,118.31311203810597,exponential,0.651230978943864,17213.026729349658,0.023926171099328805,0.0
well,33-053-04101-0000,2026-05-01,649.0672313259546,115.67019437974871,exponential,0.651230978943864,17213.026729349658,0.023926171099328805,0.0
well,33-053-04101-0000,2026-06-01,633.7218478759472,113.0863150953174,exponential,0.651230978943864,17213.026729349658,0.023926171099328805,0.0
well,33-053-04101-0000,2026-07-01,618.7392631960253,110.56015536597391,exponential,0.651230978943864,17213.026729349658,0.023926171099328805,0.0
well,33-053-04101-0000,2026-08-01,604.1108999216669,108.09042583309387,exponential,0.651230978943864,17213.026729349658,0.023926171099328805,0.0
well,33-053-04101-0000,2026-09-01,589.8283834761995,105.6758659401749,exponential,0.651230978943864,17213.026729349658,0.023926171099328805,0.0
well,33-053-04101-0000,2026-10-01,575.8835372764461,103.31524328944506,exponential,0.651230978943864,17213.026729349658,0.023926171099328805,0.0
well,33-053-04101-0000,2026-11-01,562.268378051722,101.00735301284406,exponential,0.651230978943864,17213.026729349658,0.023926171099328805,0.0
well,33-053-04101-0000,2026-12-01,548.9751112735008,98.75101715705496,exponential,0.651230978943864,17213.026729349658,0.023926171099328805,0.0
well,33-053-04101-0000,2027-01-01,535.996126693132,96.545084082274,exponential,0.651230978943864,17213.026729349658,0.023926171099328805,0.0
well,33-053-04101-0000,2027-02-01,523.3239939850578,94.38842787441048,exponential,0.651230978943864,17213.026729349658,0.023926171099328805,0.0
well,33-053-04101-0000,2027-03-01,510.95145849303395,92.27994777041731,exponential,0.651230978943864,17213.026729349658,0.023926171099328805,0.0
well,33-053-04101-0000,2027-04-01,498.87143707691877,90.21856759645847,exponential,0.651230978943864,17213.026729349658,0.023926171099328805,0.0
well,33-053-04101-0000,2027-05-01,487.0770140576537,88.20323521862717,exponential,0.651230978943864,17213.026729349658,0.023926171099328805,0.0
well,33-053-04101-0000,2027-06-01,475.5614372581129,86.23292200593377,exponential,0.651230978943864,17213.026729349658,0.023926171099328805,0.0
well,33-053-04101-0000,2027-07-01,464.31811413755696,84.30662230529009,exponential,0.651230978943864,17213.026729349658,0.023926171099328805,0.0
well,33-053-04101-0000,2027-08-01,453.34060801747535,82.42335292822101,exponential,0.651230978943864,17213.026729349658,0.023926171099328805,0.0
well,33-053-04101-0000,2027-09-01,442.6226343966594,80.58215264904275,exponential,0.651230978943864,17213.026729349658,0.023926171099328805,0.0
well,33-053-04101-0000,2027-10-01,432.1580573533944,78.78208171425061,exponential,0.651230978943864,17213.026729349658,0.023926171099328805,0.0
well,33-053-04101-0000,2027-11-01,421.9408860327123,77.02222136286643,exponential,0.651230978943864,17213.026729349658,0.023926171099328805,0.0
well,33-053-04101-0000,2027-12-01,411.965271216693,75.3016733575003,exponential,0.651230978943864,17213.026729349658,0.023926171099328805,0.0
well,33-053-07420-0000,2026-01-01,93.52476768297247,161.20579067420084,hyperbolic,0.8348346022397809,36196.48469605787,0.061837790212794924,0.04929082075709551
well,33-053-07420-0000,2026-02-01,89.31580541160552,155.746077136926,hyperbolic,0.8348346022397809,36196.48469605787,0.061837790212794924,0.04929082075709551
well,33-053-07420-0000,2026-03-01,85.30515722822167,150.47127303612015,hyperbolic,0.8348346022397809,36196.48469605787,0.061837790212794924,0.04929082075709551
well,33-053-07420-0000,2026-04-01,81.48306189304301,145.37511586378508,hyperbolic,0.8348346022397809,36196.48469605787,0.061837790212794924,0.04929082075709551
well,33-053-07420-0000,2026-05-01,77.84025907231259,140.4515552103809,hyperbolic,0.8348346022397809,36196.48469605787,0.061837790212794924,0.04929082075709551
well,33-053-07420-0000,2026-06-01,74.36796258926907,135.69474558148133,hyperbolic,0.8348346022397809,36196.48469605787,0.061837790212794924,0.04929082075709551
well,33-053-07420-0000,2026-07-01,71.057835159092,131.0990394577134,hyperbolic,0.8348346022397809,36196.48469605787,0.061837790212794924,0.04929082075709551
well,33-053-07420-0000,2026-08-01,67.90196452242445,126.658980589744,hyperbolic,0.8348346022397809,36196.48469605787,0.061837790212794924,0.04929082075709551
well,33-053-07420-0000,2026-09-01,64.89284089716473,122.36929752035087,hyperbolic,0.8348346022397809,36196.48469605787,0.061837790212794924,0.04929082075709551
well,33-053-07420-0000,2026-10-01,62.023335673002435,118.2248973258882,hyperbolic,0.8348346022397809,36196.48469605787,0.061837790212794924,0.04929082075709551
well,33-053-07420-0000,2026-11-01,59.28668127764913,114.22085956971608,hyperbolic,0.8348346022397809,36196.48469605787,0.061837790212794924,0.04929082075709551
well,33-053-07420-0000,2026-12-01,56.67645214792455,110.3524304604152,hyperbolic,0.8348346022397809,36196.48469605787,0.061837790212794924,0.04929082075709551
well,33-053-07420-0000,2027-01-01,54.186546742809135,106.61501720785063,hyperbolic,0.8348346022397809,36196.48469605787,0.061837790212794924,0.04929082075709551
well,33-053-07420-0000,2027-02-01,51.81117053927748,103.00418257038469,hyperbolic,0.8348346022397809,36196.48469605787,0.061837790212794924,0.04929082075709551
well,33-053-07420-0000,2027-03-01,49.54481995521576,99.51563958676432,hyperbolic,0.8348346022397809,36196.48469605787,0.061837790212794924,0.04929082075709551
well,33-053-07420-0000,2027-04-01,47.38226714698978,96.14524648642904,hyperbolic,0.8348346022397809,36196.48469605787,0.061837790212794924,0.04929082075709551
well,33-053-07420-0000,2027-05-01,45.318545632305224,92.88900177219628,hyperbolic,0.8348346022397809,36196.48469605787,0.061837790212794924,0.04929082075709551
well,33-053-07420-0000,2027-06-01,43.34893669188586,89.74303946948623,hyperbolic,0.8348346022397809,36196.48469605787,0.061837790212794924,0.04929082075709551
well,33-053-07420-0000,2027-07-01,41.468956506206545,86.70362453644589,hyperbolic,0.8348346022397809,36196.48469605787,0.061837790212794924,0.04929082075709551
well,33-053-07420-0000,2027-08-01,39.67434398606461,83.76714842952285,hyperbolic,0.8348346022397809,36196.48469605787,0.061837790212794924,0.04929082075709551
well,33-053-07420-0000,2027-09-01,37.96104925816834,80.93012481922416,hyperbolic,0.8348346022397809,36196.48469605787,0.061837790212794924,0.04929082075709551
well,33-053-07420-0000,2027-10-01,36.32522276916826,78.18918545097371,hyperbolic,0.8348346022397809,36196.48469605787,0.061837790212794924,0.04929082075709551
well,33-053-07420-0000,2027-11-01,34.76320497367706,75.54107614615398,hyperbolic,0.8348346022397809,36196.48469605787,0.061837790212794924,0.04929082075709551
well,33-053-07420-0000,2027-12-01,33.27151657380747,72.98265293858451,hyperbolic,0.8348346022397809,36196.48469605787,0.061837790212794924,0.04929082075709551
well,33-053-05975-0000,2026-01-01,1501.4318056191992,214.9711938600227,harmonic,0.3888327538803158,22596.996515287414,0.10485297220719181,1.0
well,33-053-05975-0000,2026-02-01,1491.0439457549394,214.97097891784605,harmonic,0.3888327538803158,22596.996515287414,0.10485297220719181,1.0
well,33-053-05975-0000,2026-03-01,1480.7988378802495,214.97076397609925,harmonic,0.3888327538803158,22596.996515287414,0.10485297220719181,1.0
well,33-053-05975-0000,2026-04-01,1470.6935594875777,214.97054903478218,harmonic,0.3888327538803158,22596.996515287414,0.10485297220719181,1.0
well,33-053-05975-0000,2026-05-01,1460.7252673038495,214.97033409389502,harmonic,0.3888327538803158,22596.996515287414,0.10485297220719181,1.0
well,33-053-05975-0000,2026-06-01,1450.8911946233093,214.97011915343768,harmonic,0.3888327538803158,22596.996515287414,0.10485297220719181,1.0
well,33-053-05975-0000,2026-07-01,1441.1886487473753,214.96990421341008,harmonic,0.3888327538803158,22596.996515287414,0.10485297220719181,1.0
well,33-053-05975-0000,2026-08-01,1431.6150085265378,214.96968927381238,harmonic,0.3888327538803158,22596.996515287414,0.10485297220719181,1.0
well,33-053-05975-0000,2026-09-01,1422.167721999583,214.96947433464445,harmonic,0.3888327538803158,22596.996515287414,0.10485297220719181,1.0
well,33-053-05975-0000,2026-10-01,1412.8443041256746,214.96925939590636,harmonic,0.3888327538803158,22596.996515287414,0.10485297220719181,1.0
well,33-053-05975-0000,2026-11-01,1403.6423346050674,214.9690444575981,harmonic,0.3888327538803158,22596.996515287414,0.10485297220719181,1.0
well,33-053-05975-0000,2026-12-01,1394.5594557844292,214.9688295197196,harmonic,0.3888327538803158,22596.996515287414,0.10485297220719181,1.0
well,33-053-05975-0000,2027-01-01,1385.5933706429666,214.96861458227096,harmonic,0.3888327538803158,22596.996515287414,0.10485297220719181,1.0
well,33-053-05975-0000,2027-02-01,1376.7418408557462,214.96839964525213,harmonic,0.3888327538803158,22596.996515287414,0.10485297220719181,1.0
well,33-053-05975-0000,2027-03-01,1368.0026849307694,214.96818470866307,harmonic,0.3888327538803158,22596.996515287414,0.10485297220719181,1.0
well,33-053-05975-0000,2027-04-01,1359.3737764165603,214.9679697725039,harmonic,0.3888327538803158,22596.996515287414,0.10485297220719181,1.0
well,33-053-05975-0000,2027-05-01,1350.853042177155,214.96775483677445,harmonic,0.3888327538803158,22596.996515287414,0.10485297220719181,1.0
well,33-053-05975-0000,2027-06-01,1342.4384607315696,214.96753990147485,harmonic,0.3888327538803158,22596.996515287414,0.10485297220719181,1.0
well,33-053-05975-0000,2027-07-01,1334.1280606549417,214.96732496660508,harmonic,0.3888327538803158,22596.996515287414,0.10485297220719181,1.0
well,33-053-05975-0000,2027-08-01,1325.9199190386948,214.96711003216504,harmonic,0.3888327538803158,22596.996515287414,0.10485297220719181,1.0
well,33-053-05975-0000,2027-09-01,1317.8121600071956,214.96689509815485,harmonic,0.3888327538803158,22596.996515287414,0.10485297220719181,1.0
well,33-053-05975-0000,2027-10-01,1309.802953288506,214.96668016457448,harmonic,0.3888327538803158,22596.996515287414,0.10485297220719181,1.0
well,33-053-05975-0000,2027-11-01,1301.890512836936,214.96646523142385,harmonic,0.3888327538803158,22596.996515287414,0.10485297220719181,1.0
well,33-053-05975-0000,2027-12-01,1294.0730955052247,214.96625029870307,harmonic,0.3888327538803158,22596.996515287414,0.10485297220719181,1.0
well,33-053-05751-0000,2026-01-01,1681.2333669287307,198.98871659677877,harmonic,0.7835230572068903,24469.971872231272,0.10268768260820663,1.0
well,33-053-05751-0000,2026-02-01,1669.4549321025931,197.56602431720796,harmonic,0.7835230572068903,24469.971872231272,0.10268768260820663,1.0
well,33-053-05751-0000,2026-03-01,1657.8403845297044,196.16181235062783,harmonic,0.7835230572068903,24469.971872231272,0.10268768260820663,1.0
well,33-053-05751-0000,2026-04-01,1646.3863273076945,194.77573397990562,harmonic,0.7835230572068903,24469.971872231272,0.10268768260820663,1.0
well,33-053-05751-0000,2026-05-01,1635.0894567671521,193.40745097071402,harmonic,0.7835230572068903,24469.971872231272,0.10268768260820663,1.0
well,33-053-05751-0000,2026-06-01,1623.946559294775,192.05663331615838,harmonic,0.7835230572068903,24469.971872231272,0.10268768260820663,1.0
well,33-053-05751-0000,2026-07-01,1612.9545082855482,190.72295899051522,harmonic,0.7835230572068903,24469.971872231272,0.10268768260820663,1.0
well,33-053-05751-0000,2026-08-01,1602.110261217861,189.40611371170695,harmonic,0.7835230572068903,24469.971872231272,0.10268768260820663,1.0
well,33-053-05751-0000,2026-09-01,1591.4108568458312,188.10579071215483,harmonic,0.7835230572068903,24469.971872231272,0.10268768260820663,1.0
well,33-053-05751-0000,2026-10-01,1580.8534125033802,186.82169051766894,harmonic,0.7835230572068903,24469.971872231272,0.10268768260820663,1.0
well,33-053-05751-0000,2026-11-01,1570.4351215149145,185.5535207340497,harmonic,0.7835230572068903,24469.971872231272,0.10268768260820663,1.0
well,33-053-05751-0000,2026-12-01,1560.1532507077186,184.3009958410909,harmonic,0.7835230572068903,24469.971872231272,0.10268768260820663,1.0
well,33-053-05751-0000,2027-01-01,1550.0051380214384,183.06383699368675,harmonic,0.7835230572068903,24469.971872231272,0.10268768260820663,1.0
well,33-053-05751-0000,2027-02-01,1539.98819021025,181.84177182976163,harmonic,0.7835230572068903,24469.971872231272,0.10268768260820663,1.0
well,33-053-05751-0000,2027-03-01,1530.099880633563,180.63453428475046,harmonic,0.7835230572068903,24469.971872231272,0.10268768260820663,1.0
well,33-053-05751-0000,2027-04-01,1520.3377471312897,179.44186441237326,harmonic,0.7835230572068903,24469.971872231272,0.10268768260820663,1.0
well,33-053-05751-0000,2027-05-01,1510.6993899799375,178.26350821145675,harmonic,0.7835230572068903,24469.971872231272,0.10268768260820663,1.0
well,33-053-05751-0000,2027-06-01,1501.1824699259582,177.09921745856687,harmonic,0.7835230572068903,24469.971872231272,0.10268768260820663,1.0
well,33-053-05751-0000,2027-07-01,1491.7847062929645,175.94874954622802,harmonic,0.7835230572068903,24469.971872231272,0.10268768260820663,1.0
well,33-053-05751-0000,2027-08-01,1482.503875159602,174.81186732651278,harmonic,0.7835230572068903,24469.971872231272,0.10268768260820663,1.0
well,33-053-05751-0000,2027-09-01,1473.3378076050155,173.68833895979682,harmonic,0.7835230572068903,24469.971872231272,0.10268768260820663,1.0
well,33-053-05751-0000,2027-10-01,1464.2843880190035,172.5779377684816,harmonic,0.7835230572068903,24469.971872231272,0.10268768260820663,1.0
well,33-053-05751-0000,2027-11-01,1455.341552474096,171.48044209549678,harmonic,0.7835230572068903,24469.971872231272,0.10268768260820663,1.0
well,33-053-05751-0000,2027-12-01,1446.5072871569225,170.39563516740145,harmonic,0.7835230572068903,24469.971872231272,0.10268768260820663,1.0
well,33-053-05925-0000,2026-01-01,1269.6430507267005,261.07983532347794,exponential,0.5264674018201843,10829.999999999995,0.01661693226719197,0.0
well,33-053-05925-0000,2026-02-01,1248.7197997177173,258.20667326650573,exponential,0.5264674018201843,10829.999999999995,0.01661693226719197,0.0
well,33-053-05925-0000,2026-03-01,1228.141356198158,255.37302359294983,exponential,0.5264674018201843,10829.999999999995,0.01661693226719197,0.0
well,33-053-05925-0000,2026-04-01,1207.902037867279,252.578234968452,exponential,0.5264674018201843,10829.999999999995,0.01661693226719197,0.0
well,33-053-05925-0000,2026-05-01,1187.9962560665647,249.82166856510977,exponential,0.5264674018201843,10829.999999999995,0.01661693226719197,0.0
well,33-053-05925-0000,2026-06-01,1168.4185142365395,247.102697787545,exponential,0.5264674018201843,10829.999999999995,0.01661693226719197,0.0
well,33-053-05925-0000,2026-07-01,1149.1634063990093,244.42070800570687,exponential,0.5264674018201843,10829.999999999995,0.01661693226719197,0.0
well,33-053-05925-0000,2026-08-01,1130.2256156643127,241.77509629422897,exponential,0.5264674018201843,10829.999999999995,0.01661693226719197,0.0
well,33-053-05925-0000,2026-09-01,1111.5999127631776,239.16527117815866,exponential,0.5264674018201843,10829.999999999995,0.01661693226719197,0.0
well,33-053-05925-0000,2026-10-01,1093.2811546027674,236.59065238489012,exponential,0.5264674018201843,10829.999999999995,0.01661693226719197,0.0
well,33-053-05925-0000,2026-11-01,1075.2642828465275,234.05067060212926,exponential,0.5264674018201843,10829.999999999995,0.01661693226719197,0.0
well,33-053-07634-0000,2027-03-01,1995.2629514468008,734.0756352060257,exponential,0.4202441659319526,12919.999999999998,0.016243483925753775,0.0
well,33-053-07634-0000,2027-04-01,1963.114736134495,727.5236485904496,exponential,0.4202441659319526,12919.999999999998,0.016243483925753775,0.0
well,33-053-07634-0000,2027-05-01,1931.4845015459914,721.0301416826197,exponential,0.4202441659319526,12919.999999999998,0.016243483925753775,0.0
well,33-053-07634-0000,2027-06-01,1900.363901836035,714.5945925223407,exponential,0.4202441659319526,12919.999999999998,0.016243483925753775,0.0
well,33-053-07634-0000,2027-07-01,1869.744725629882,708.2164838081678,exponential,0.4202441659319526,12919.999999999998,0.016243483925753775,0.0
well,33-053-07634-0000,2027-08-01,1839.6188938566759,701.8953028558274,exponential,0.4202441659319526,12919.999999999998,0.016243483925753775,0.0
well,33-053-07634-0000,2027-09-01,1809.9784576177294,695.630541557005,exponential,0.4202441659319526,12919.999999999998,0.016243483925753775,0.0
well,33-053-07634-0000,2027-10-01,1780.815596089159,689.4216963385032,exponential,0.4202441659319526,12919.999999999998,0.016243483925753775,0.0
well,33-053-07634-0000,2027-11-01,1752.122614458305,683.2682681217639,exponential,0.4202441659319526,12919.999999999998,0.016243483925753775,0.0
well,33-053-07634-0000,2027-12-01,1723.8919418934074,677.1697622827501,exponential,0.4202441659319526,12919.999999999998,0.016243483925753775,0.0
well,33-053-05442-0000,2026-01-01,1645.3888378843756,599.4311081601104,harmonic,0.1774832752798583,21028.109395450752,0.08725943954891126,1.0
well,33-053-05442-0000,2026-02-01,1634.2306392852252,598.2617921098015,harmonic,0.1774832752798583,21028.109395450752,0.08725943954891126,1.0
well,33-053-05442-0000,2026-03-01,1623.2227598659545,597.0970291699149,harmonic,0.1774832752798583,21028.109395450752,0.08725943954891126,1.0
well,33-053-05442-0000,2026-04-01,1612.3621823824594,595.9367927986118,harmonic,0.1774832752798583,21028.109395450752,0.08725943954891126,1.0
well,33-053-05442-0000,2026-05-01,1601.645969804449,594.7810566599505,harmonic,0.1774832752798583,21028.109395450752,0.08725943954891126,1.0
well,33-053-05442-0000,2026-06-01,1591.0712626674247,593.6297946218933,harmonic,0.1774832752798583,21028.109395450752,0.08725943954891126,1.0
well,33-053-05442-0000,2026-07-01,1580.6352765288757,592.4829807543371,harmonic,0.1774832752798583,21028.109395450752,0.08725943954891126,1.0
well,33-053-05442-0000,2026-08-01,1570.335299523929,591.3405893271661,harmonic,0.1774832752798583,21028.109395450752,0.08725943954891126,1.0
well,33-053-05442-0000,2026-09-01,1560.1686900159523,590.2025948083284,harmonic,0.1774832752798583,21028.109395450752,0.08725943954891126,1.0
well,33-053-05442-0000,2026-10-01,1550.1328743378303,589.0689718619329,harmonic,0.1774832752798583,21028.109395450752,0.08725943954891126,1.0
well,33-053-05442-0000,2026-11-01,1540.225344619862,587.93969534637,harmonic,0.1774832752798583,21028.109395450752,0.08725943954891126,1.0
well,33-053-05442-0000,2026-12-01,1530.4436567004232,586.8147403124518,harmonic,0.1774832752798583,21028.109395450752,0.08725943954891126,1.0
well,33-053-05442-0000,2027-01-01,1520.7854281157418,585.694082001576,harmonic,0.1774832752798583,21028.109395450752,0.08725943954891126,1.0
well,33-053-05442-0000,2027-02-01,1511.2483361653117,584.5776958439085,harmonic,0.1774832752798583,21028.109395450752,0.08725943954891126,1.0
well,33-053-05442-0000,2027-03-01,1501.8301160496464,583.465557456588,harmonic,0.1774832752798583,21028.109395450752,0.08725943954891126,1.0
well,33-053-05442-0000,2027-04-01,1492.5285590772332,582.3576426419514,harmonic,0.1774832752798583,21028.109395450752,0.08725943954891126,1.0
well,33-053-05442-0000,2027-05-01,1483.3415109377108,581.2539273857784,harmonic,0.1774832752798583,21028.109395450752,0.08725943954891126,1.0
well,33-053-05442-0000,2027-06-01,1474.2668700384309,580.1543878555561,harmonic,0.1774832752798583,21028.109395450752,0.08725943954891126,1.0
well,33-053-05442-0000,2027-07-01,1465.3025859017057,579.059000398764,harmonic,0.1774832752798583,21028.109395450752,0.08725943954891126,1.0
well,33-053-05442-0000,2027-08-01,1456.4466576201794,577.9677415411783,harmonic,0.1774832752798583,21028.109395450752,0.08725943954891126,1.0
well,33-053-05442-0000,2027-09-01,1447.6971323678702,576.8805879851942,harmonic,0.1774832752798583,21028.109395450752,0.08725943954891126,1.0
well,33-053-05442-0000,2027-10-01,1439.0521039645637,575.7975166081687,harmonic,0.1774832752798583,21028.109395450752,0.08725943954891126,1.0
well,33-053-05442-0000,2027-11-01,1430.5097114913392,574.7185044607805,harmonic,0.1774832752798583,21028.109395450752,0.08725943954891126,1.0
well,33-053-05442-0000,2027-12-01,1422.0681379551115,573.6435287654101,harmonic,0.1774832752798583,21028.109395450752,0.08725943954891126,1.0
well,33-053-05333-0000,2026-01-01,1901.478713277413,258.6029340143482,harmonic,0.6564066424373185,28335.84765037263,0.10531822909045271,1.0
well,33-053-05333-0000,2026-02-01,1888.1345378283625,256.81177902529873,harmonic,0.6564066424373185,28335.84765037263,0.10531822909045271,1.0
well,33-053-05333-0000,2026-03-01,1874.976350357065,255.04526542659022,harmonic,0.6564066424373185,28335.84765037263,0.10531822909045271,1.0
well,33-053-05333-0000,2026-04-01,1862.0002893886738,253.30288819495846,harmonic,0.6564066424373185,28335.84765037263,0.10531822909045271,1.0
well,33-053-05333-0000,2026-05-01,1849.2025996093503,251.58415601404545,harmonic,0.6564066424373185,28335.84765037263,0.10531822909045271,1.0
well,33-053-05333-0000,2026-06-01,1836.5796282428983,249.88859081250737,harmonic,0.6564066424373185,28335.84765037263,0.10531822909045271,1.0
well,33-053-05333-0000,2026-07-01,1824.1278215747964,248.2157273206749,harmonic,0.6564066424373185,28335.84765037263,0.10531822909045271,1.0
well,33-053-05333-0000,2026-08-01,1811.843721616675,246.5651126449024,harmonic,0.6564066424373185,28335.84765037263,0.10531822909045271,1.0
well,33-053-05333-0000,2026-09-01,1799.7239629046674,244.93630585878893,harmonic,0.6564066424373185,28335.84765037263,0.10531822909045271,1.0
well,33-053-05333-0000,2026-10-01,1787.765269425403,243.32887761049432,harmonic,0.6564066424373185,28335.84765037263,0.10531822909045271,1.0
well,33-053-05333-0000,2026-11-01,1775.9644516637504,241.7424097454175,harmonic,0.6564066424373185,28335.84765037263,0.10531822909045271,1.0
well,33-053-05333-0000,2026-12-01,1764.3184037667172,240.1764949435392,harmonic,0.6564066424373185,28335.84765037263,0.10531822909045271,1.0
well,33-053-05333-0000,2027-01-01,1752.8241008182101,238.63073637076903,harmonic,0.6564066424373185,28335.84765037263,0.10531822909045271,1.0
well,33-053-05333-0000,2027-02-01,1741.478596219633,237.10474734366983,harmonic,0.6564066424373185,28335.84765037263,0.10531822909045271,1.0
well,33-053-05333-0000,2027-03-01,1730.2790191715599,235.5981510069645,harmonic,0.6564066424373185,28335.84765037263,0.10531822909045271,1.0
well,33-053-05333-0000,2027-04-01,1719.2225722519602,234.11058002326013,harmonic,0.6564066424373185,28335.84765037263,0.10531822909045271,1.0
well,33-053-05333-0000,2027-05-01,1708.3065290866814,232.64167627445278,harmonic,0.6564066424373185,28335.84765037263,0.10531822909045271,1.0
well,33-053-05333-0000,2027-06-01,1697.5282321081236,231.1910905743032,harmonic,0.6564066424373185,28335.84765037263,0.10531822909045271,1.0
well,33-053-05333-0000,2027-07-01,1686.8850903982259,229.7584823916993,harmonic,0.6564066424373185,28335.84765037263,0.10531822909045271,1.0
well,33-053-05333-0000,2027-08-01,1676.3745776120916,228.34351958414388,harmonic,0.6564066424373185,28335.84765037263,0.10531822909045271,1.0
well,33-053-05333-0000,2027-09-01,1665.9942299787606,226.9458781410301,harmonic,0.6564066424373185,28335.84765037263,0.10531822909045271,1.0
well,33-053-05333-0000,2027-10-01,1655.741644375794,225.5652419362879,harmonic,0.6564066424373185,28335.84765037263,0.10531822909045271,1.0
well,33-053-05333-0000,2027-11-01,1645.6144764745281,224.20130249000408,harmonic,0.6564066424373185,28335.84765037263,0.10531822909045271,1.0
well,33-053-05333-0000,2027-12-01,1635.6104389529708,222.85375873863967,harmonic,0.6564066424373185,28335.84765037263,0.10531822909045271,1.0
well,33-053-07650-0000,2026-01-01,1200.4639957620275,479.40821600508156,exponential,0.6289712794103841,21783.209637009895,0.02734369177082378,0.0
well,33-053-07650-0000,2026-02-01,1168.0835956034732,475.0642789948598,exponential,0.6289712794103841,21783.209637009895,0.02734369177082378,0.0
well,33-053-07650-0000,2026-03-01,1136.5765996603966,470.79580375530105,exponential,0.6289712794103841,21783.209637009895,0.02734369177082378,0.0
well,33-053-07650-0000,2026-04-01,1105.9194493936855,466.60086267539424,exponential,0.6289712794103841,21783.209637009895,0.02734369177082378,0.0
well,33-053-07650-0000,2026-05-01,1076.0892217142919,462.4775928768547,exponential,0.6289712794103841,21783.209637009895,0.02734369177082378,0.0
well,33-053-07650-0000,2026-06-01,1047.0636118430868,458.4241935284946,exponential,0.6289712794103841,21783.209637009895,0.02734369177082378,0.0
well,33-053-07650-0000,2026-07-01,1018.820916633041,454.4389232929048,exponential,0.6289712794103841,21783.209637009895,0.02734369177082378,0.0
well,33-053-07650-0000,2026-08-01,991.3400183412589,450.5200978979135,exponential,0.6289712794103841,21783.209637009895,0.02734369177082378,0.0
well,33-053-07650-0000,2026-09-01,964.6003688387325,446.66608782577924,exponential,0.6289712794103841,21783.209637009895,0.02734369177082378,0.0
well,33-053-07650-0000,2026-10-01,938.5819742460143,442.8753161135223,exponential,0.6289712794103841,21783.209637009895,0.02734369177082378,0.0
well,33-053-07650-0000,2026-11-01,913.2653799833099,439.14625625821645,exponential,0.6289712794103841,21783.209637009895,0.02734369177082378,0.0
well,33-053-07650-0000,2026-12-01,888.631656223821,435.47743022145596,exponential,0.6289712794103841,21783.209637009895,0.02734369177082378,0.0
well,33-053-07650-0000,2027-01-01,864.6623837394586,431.8674065275682,exponential,0.6289712794103841,21783.209637009895,0.02734369177082378,0.0
well,33-053-07650-0000,2027-02-01,841.3396401283433,428.31479845048517,exponential,0.6289712794103841,21783.209637009895,0.02734369177082378,0.0
well,33-053-07650-0000,2027-03-01,818.6459864137918,424.8182622844931,exponential,0.6289712794103841,21783.209637009895,0.02734369177082378,0.0
well,33-053-07650-0000,2027-04-01,796.5644540047782,421.37649569437843,exponential,0.6289712794103841,21783.209637009895,0.02734369177082378,0.0
well,33-053-07650-0000,2027-05-01,775.0785320081068,417.988236140754,exponential,0.6289712794103841,21783.209637009895,0.02734369177082378,0.0
well,33-053-07650-0000,2027-06-01,754.1721548828217,414.6522593766049,exponential,0.6289712794103841,21783.209637009895,0.02734369177082378,0.0
well,33-053-07650-0000,2027-07-01,733.8296904276144,411.367378011332,exponential,0.6289712794103841,21783.209637009895,0.02734369177082378,0.0
well,33-053-07650-0000,2027-08-01,714.0359280922512,408.13244013878807,exponential,0.6289712794103841,21783.209637009895,0.02734369177082378,0.0
well,33-053-07650-0000,2027-09-01,694.7760676042775,404.9463280260088,exponential,0.6289712794103841,21783.209637009895,0.02734369177082378,0.0
well,33-053-07650-0000,2027-10-01,676.0357079025,401.8079568595361,exponential,0.6289712794103841,21783.209637009895,0.02734369177082378,0.0
well,33-053-07650-0000,2027-11-01,657.800836368965,398.7162735464061,exponential,0.6289712794103841,21783.209637009895,0.02734369177082378,0.0
well,33-053-07650-0000,2027-12-01,640.0578183513873,395.6702555670477,exponential,0.6289712794103841,21783.209637009895,0.02734369177082378,0.0
well,33-053-05059-0000,2026-01-01,530.8785191855779,118.86177403014098,exponential,0.7070161360312779,21576.839615233202,0.028281240921649315,0.0
well,33-053-05059-0000,2026-02-01,516.0749344387643,117.48963235277311,exponential,0.7070161360312779,21576.839615233202,0.028281240921649315,0.0
well,33-053-05059-0000,2026-03-01,501.6841486910365,116.14137083165646,exponential,0.7070161360312779,21576.839615233202,0.028281240921649315,0.0
well,33-053-05059-0000,2026-04-01,487.6946510133491,114.81643558985864,exponential,0.7070161360312779,21576.839615233202,0.028281240921649315,0.0
well,33-053-05059-0000,2026-05-01,474.09525145971946,113.5142887666888,exponential,0.7070161360312779,21576.839615233202,0.028281240921649315,0.0
well,33-053-05059-0000,2026-06-01,460.8750721165946,112.23440796397603,exponential,0.7070161360312779,21576.839615233202,0.028281240921649315,0.0
well,33-053-05059-0000,2026-07-01,448.0235384018033,110.97628571458704,exponential,0.7070161360312779,21576.839615233202,0.028281240921649315,0.0
well,33-053-05059-0000,2026-08-01,435.53037060614054,109.7394289721667,exponential,0.7070161360312779,21576.839615233202,0.028281240921649315,0.0
well,33-053-05059-0000,2026-09-01,423.3855756708129,108.52335862113728,exponential,0.7070161360312779,21576.839615233202,0.028281240921649315,0.0
well,33-053-05059-0000,2026-10-01,411.5794391941732,107.32760900604183,exponential,0.7070161360312779,21576.839615233202,0.028281240921649315,0.0
well,33-053-05059-0000,2026-11-01,400.1025176613447,106.15172747936212,exponential,0.7070161360312779,21576.839615233202,0.028281240921649315,0.0
well,33-053-05059-0000,2026-12-01,388.94563089052633,104.99527396698686,exponential,0.7070161360312779,21576.839615233202,0.028281240921649315,0.0
well,33-053-05059-0000,2027-01-01,378.0998546899298,103.85782055054588,exponential,0.7070161360312779,21576.839615233202,0.028281240921649315,0.0
well,33-053-05059-0000,2027-02-01,367.55651371948125,102.73895106586535,exponential,0.7070161360312779,21576.839615233202,0.028281240921649315,0.0
well,33-053-05059-0000,2027-03-01,357.30717455157315,101.63826071683631,exponential,0.7070161360312779,21576.839615233202,0.028281240921649315,0.0
well,33-053-05059-0000,2027-04-01,347.3436389253188,100.55535570402341,exponential,0.7070161360312779,21576.839615233202,0.028281240921649315,0.0
well,33-053-05059-0000,2027-05-01,337.65793718891047,99.4898528673727,exponential,0.7070161360312779,21576.839615233202,0.028281240921649315,0.0
well,33-053-05059-0000,2027-06-01,328.24232192484084,98.44137934241073,exponential,0.7070161360312779,21576.839615233202,0.028281240921649315,0.0
well,33-053-05059-0000,2027-07-01,319.08926175288326,97.40957222935401,exponential,0.7070161360312779,21576.839615233202,0.028281240921649315,0.0
well,33-053-05059-0000,2027-08-01,310.19143530587706,96.39407827457802,exponential,0.7070161360312779,21576.839615233202,0.028281240921649315,0.0
well,33-053-05059-0000,2027-09-01,301.5417253734976,95.39455356391959,exponential,0.7070161360312779,21576.839615233202,0.028281240921649315,0.0
well,33-053-05059-0000,2027-10-01,293.1332132093304,94.41066322731305,exponential,0.7070161360312779,21576.839615233202,0.028281240921649315,0.0
well,33-053-05059-0000,2027-11-01,284.95917299668946,93.4420811542831,exponential,0.7070161360312779,21576.839615233202,0.028281240921649315,0.0
well,33-053-05059-0000,2027-12-01,277.0130664687592,92.48848971984026,exponential,0.7070161360312779,21576.839615233202,0.028281240921649315,0.0
well,33-053-06622-0000,2026-01-01,554.7960156851082,776.7080515575741,exponential,0.7333585260336716,32511.677949070254,0.04111872846874718,0.0
well,33-053-06622-0000,2026-02-01,532.4461567637115,767.4116813871167,exponential,0.7333585260336716,32511.677949070254,0.04111872846874718,0.0
well,33-053-06622-0000,2026-03-01,510.9966579380686,758.2265788907521,exponential,0.7333585260336716,32511.677949070254,0.04111872846874718,0.0
well,33-053-06622-0000,2026-04-01,490.4112483616899,749.1514123126373,exponential,0.7333585260336716,32511.677949070254,0.04111872846874718,0.0
well,33-053-06622-0000,2026-05-01,470.65511835269024,740.184865836631,exponential,0.7333585260336716,32511.677949070254,0.04111872846874718,0.0
well,33-053-06622-0000,2026-06-01,451.69486053103617,731.3256393955133,exponential,0.7333585260336716,32511.677949070254,0.04111872846874718,0.0
well,33-053-06622-0000,2026-07-01,433.4984133270633,722.5724484824883,exponential,0.7333585260336716,32511.677949070254,0.04111872846874718,0.0
well,33-053-06622-0000,2026-08-01,416.03500676574356,713.9240239649407,exponential,0.7333585260336716,32511.677949070254,0.04111872846874718,0.0
well,33-053-06622-0000,2026-09-01,399.2751104350276,705.3791119004252,exponential,0.7333585260336716,32511.677949070254,0.04111872846874718,0.0
well,33-053-06622-0000,2026-10-01,383.19038355026737,696.9364733548546,exponential,0.7333585260336716,32511.677949070254,0.04111872846874718,0.0
well,33-053-06622-0000,2026-11-01,367.7536270302901,688.5948842228671,exponential,0.7333585260336716,32511.677949070254,0.04111872846874718,0.0
well,33-053-06622-0000,2026-12-01,352.93873750407545,680.3531350503408,exponential,0.7333585260336716,32511.677949070254,0.04111872846874718,0.0
well,33-053-06622-0000,2027-01-01,338.72066317026616,672.2100308590352,exponential,0.7333585260336716,32511.677949070254,0.04111872846874718,0.0
well,33-053-06622-0000,2027-02-01,325.0753614348728,664.1643909733297,exponential,0.7333585260336716,32511.677949070254,0.04111872846874718,0.0
well,33-053-06622-0000,2027-03-01,311.97975825553186,656.2150488490362,exponential,0.7333585260336716,32511.677949070254,0.04111872846874718,0.0
well,33-053-06622-0000,2027-04-01,299.4117091235779,648.3608519042613,exponential,0.7333585260336716,32511.677949070254,0.04111872846874718,0.0
well,33-053-06622-0000,2027-05-01,287.3499616179427,640.6006613522925,exponential,0.7333585260336716,32511.677949070254,0.04111872846874718,0.0
well,33-053-06622-0000,2027-06-01,275.7741194675639,632.9333520364842,exponential,0.7333585260336716,32511.677949070254,0.04111872846874718,0.0
well,33-053-06622-0000,2027-07-01,264.66460806153617,625.35781226712,exponential,0.7333585260336716,32511.677949070254,0.04111872846874718,0.0
well,33-053-06622-0000,2027-08-01,254.0026413486758,617.8729436602292,exponential,0.7333585260336716,32511.677949070254,0.04111872846874718,0.0
well,33-053-06622-0000,2027-09-01,243.77019007053386,610.4776609783296,exponential,0.7333585260336716,32511.677949070254,0.04111872846874718,0.0
well,33-053-06622-0000,2027-10-01,233.9499512741349,603.1708919730788,exponential,0.7333585260336716,32511.677949070254,0.04111872846874718,0.0
well,33-053-06622-0000,2027-11-01,224.52531905288913,595.9515772298079,exponential,0.7333585260336716,32511.677949070254,0.04111872846874718,0.0
well,33-053-06622-0000,2027-12-01,215.48035646620426,588.8186700139161,exponential,0.7333585260336716,32511.677949070254,0.04111872846874718,0.0
well,33-053-07802-0000,2026-01-01,630.1442073656053,304.98397160314784,exponential,0.756504865641934,30597.773810100185,0.04130567915125413,0.0
well,33-053-07802-0000,2026-02-01,604.6459103968172,302.12264352825326,exponential,0.756504865641934,30597.773810100185,0.04130567915125413,0.0
well,33-053-07802-0000,2026-03-01,580.179382252861,299.3145057951358,exponential,0.756504865641934,30597.773810100185,0.04130567915125413,0.0
well,33-053-07802-0000,2026-04-01,556.7028732078951,296.558088898436,exponential,0.756504865641934,30597.773810100185,0.04130567915125413,0.0
well,33-053-07802-0000,2026-05-01,534.1763229063749,293.8519769701237,exponential,0.756504865641934,30597.773810100185,0.04130567915125413,0.0
well,33-053-07802-0000,2026-06-01,512.5612920039971,291.194805354407,exponential,0.756504865641934,30597.773810100185,0.04130567915125413,0.0
well,33-053-07802-0000,2026-07-01,491.8208965747317,288.58525831303507,exponential,0.756504865641934,30597.773810100185,0.04130567915125413,0.0
well,33-053-07802-0000,2026-08-01,471.9197451720299,286.02206685288996,exponential,0.756504865641934,30597.773810100185,0.04130567915125413,0.0
well,33-053-07802-0000,2026-09-01,452.823878436799,283.50400666832934,exponential,0.756504865641934,30597.773810100185,0.04130567915125413,0.0
well,33-053-07802-0000,2026-10-01,434.5007111490914,281.02989619127163,exponential,0.756504865641934,30597.773810100185,0.04130567915125413,0.0
well,33-053-07802-0000,2026-11-01,416.91897662462964,278.5985947424975,exponential,0.756504865641934,30597.773810100185,0.04130567915125413,0.0
well,33-053-07802-0000,2026-12-01,400.04867336128444,276.2090007780918,exponential,0.756504865641934,30597.773810100185,0.04130567915125413,0.0
well,33-053-07802-0000,2027-01-01,383.86101384445664,273.86005022536114,exponential,0.756504865641934,30597.773810100185,0.04130567915125413,0.0
well,33-053-07802-0000,2027-02-01,368.32837542401415,271.55071490294665,exponential,0.756504865641934,30597.773810100185,0.04130567915125413,0.0
well,33-053-07802-0000,2027-03-01,353.42425317895515,269.28000102020235,exponential,0.756504865641934,30597.773810100185,0.04130567915125413,0.0
well,33-053-07802-0000,2027-04-01,339.1232146893628,267.0469477512395,exponential,0.756504865641934,30597.773810100185,0.04130567915125413,0.0
well,33-053-07802-0000,2027-05-01,325.40085663848146,264.8506258793366,exponential,0.756504865641934,30597.773810100185,0.04130567915125413,0.0
well,33-053-07802-0000,2027-06-01,312.23376317085535,262.6901365076982,exponential,0.756504865641934,30597.773810100185,0.04130567915125413,0.0
well,33-053-07802-0000,2027-07-01,299.599465935471,260.56460983280425,exponential,0.756504865641934,30597.773810100185,0.04130567915125413,0.0
well,33-053-07802-0000,2027-08-01,287.47640574572483,258.47320397683313,exponential,0.756504865641934,30597.773810100185,0.04130567915125413,0.0
well,33-053-07802-0000,2027-09-01,275.8438957907909,256.4151038758657,exponential,0.756504865641934,30597.773810100185,0.04130567915125413,0.0
well,33-053-07802-0000,2027-10-01,264.68208633560954,254.3895202207864,exponential,0.756504865641934,30597.773810100185,0.04130567915125413,0.0
well,33-053-07802-0000,2027-11-01,253.97193084926687,252.39568844798947,exponential,0.756504865641934,30597.773810100185,0.04130567915125413,0.0
well,33-053-07802-0000,2027-12-01,243.6951535039601,250.43286777717944,exponential,0.756504865641934,30597.773810100185,0.04130567915125413,0.0
well,33-053-06553-0000,2026-01-01,1289.9701478243335,270.61716076125555,hyperbolic,0.764294944926943,21964.90392347735,0.03230492036812112,0.15978356931820267
well,33-053-06553-0000,2026-02-01,1263.789858228342,267.9580267686557,hyperbolic,0.764294944926943,21964.90392347735,0.03230492036812112,0.15978356931820267
well,33-053-06553-0000,2026-03-01,1238.2238086716616,265.34465368978385,hyperbolic,0.764294944926943,21964.90392347735,0.03230492036812112,0.15978356931820267
well,33-053-06553-0000,2026-04-01,1213.255655362012,262.77592118649414,hyperbolic,0.764294944926943,21964.90392347735,0.03230492036812112,0.15978356931820267
well,33-053-06553-0000,2026-05-01,1188.8695404757236,260.25074437823196,hyperbolic,0.764294944926943,21964.90392347735,0.03230492036812112,0.15978356931820267
well,33-053-06553-0000,2026-06-01,1165.050076198489,257.7680724694329,hyperbolic,0.764294944926943,21964.90392347735,0.03230492036812112,0.15978356931820267
well,33-053-06553-0000,2026-07-01,1141.782329339467,255.32688743961097,hyperbolic,0.764294944926943,21964.90392347735,0.03230492036812112,0.15978356931820267
well,33-053-06553-0000,2026-08-01,1119.0518064963828,252.92620279283997,hyperbolic,0.764294944926943,21964.90392347735,0.03230492036812112,0.15978356931820267
well,33-053-06553-0000,2026-09-01,1096.8444397502112,250.56506236353354,hyperbolic,0.764294944926943,21964.90392347735,0.03230492036812112,0.15978356931820267
well,33-053-06553-0000,2026-10-01,1075.1465728689238,248.24253917560534,hyperbolic,0.764294944926943,21964.90392347735,0.03230492036812112,0.15978356931820267
well,33-053-06553-0000,2026-11-01,1053.9449480006358,245.95773435226664,hyperbolic,0.764294944926943,21964.90392347735,0.03230492036812112,0.15978356931820267
well,33-053-06553-0000,2026-12-01,1033.226692837309,243.7097760738745,hyperbolic,0.764294944926943,21964.90392347735,0.03230492036812112,0.15978356931820267
well,33-053-06553-0000,2027-01-01,1012.9793082309496,241.49781858139474,hyperbolic,0.764294944926943,21964.90392347735,0.03230492036812112,0.15978356931820267
well,33-053-06553-0000,2027-02-01,993.190656244991,239.32104122318162,hyperbolic,0.764294944926943,21964.90392347735,0.03230492036812112,0.15978356931820267
well,33-053-06553-0000,2027-03-01,973.8489486242604,237.17864754290918,hyperbolic,0.764294944926943,21964.90392347735,0.03230492036812112,0.15978356931820267
well,33-053-06553-0000,2027-04-01,954.9427356676094,235.06986440660847,hyperbolic,0.764294944926943,21964.90392347735,0.03230492036812112,0.15978356931820267
well,33-053-06553-0000,2027-05-01,936.4608954879458,232.99394116688293,hyperbolic,0.764294944926943,21964.90392347735,0.03230492036812112,0.15978356931820267
well,33-053-06553-0000,2027-06-01,918.392623645031,230.95014886247793,hyperbolic,0.764294944926943,21964.90392347735,0.03230492036812112,0.15978356931820267
well,33-053-06553-0000,2027-07-01,900.7274231369971,228.93777945148557,hyperbolic,0.764294944926943,21964.90392347735,0.03230492036812112,0.15978356931820267
well,33-053-06553-0000,2027-08-01,883.4550947371044,226.95614507655637,hyperbolic,0.764294944926943,21964.90392347735,0.03230492036812112,0.15978356931820267
well,33-053-06553-0000,2027-09-01,866.5657276628193,225.00457736058107,hyperbolic,0.764294944926943,21964.90392347735,0.03230492036812112,0.15978356931820267
well,33-053-06553-0000,2027-10-01,850.0496905648054,223.08242673138827,hyperbolic,0.764294944926943,21964.90392347735,0.03230492036812112,0.15978356931820267
well,33-053-06553-0000,2027-11-01,833.8976228239223,221.1890617740815,hyperbolic,0.764294944926943,21964.90392347735,0.03230492036812112,0.15978356931820267
well,33-053-06553-0000,2027-12-01,818.1004261447994,219.32386860971437,hyperbolic,0.764294944926943,21964.90392347735,0.03230492036812112,0.15978356931820267
well,33-053-05949-0000,2026-01-01,1764.242338730051,61.65883432804023,hyperbolic,0.7805096594931555,24636.976205545187,0.06723512369608162,0.7664946511867485
well,33-053-05949-0000,2026-02-01,1748.6435930911655,61.658772677097225,hyperbolic,0.7805096594931555,24636.976205545187,0.06723512369608162,0.7664946511867485
well,33-053-05949-0000,2026-03-01,1733.2868386858702,61.658711026277494,hyperbolic,0.7805096594931555,24636.976205545187,0.06723512369608162,0.7664946511867485
well,33-053-05949-0000,2026-04-01,1718.1667284363662,61.658649375581064,hyperbolic,0.7805096594931555,24636.976205545187,0.06723512369608162,0.7664946511867485
well,33-053-05949-0000,2026-05-01,1703.2780681450927,61.658587725007905,hyperbolic,0.7805096594931555,24636.976205545187,0.06723512369608162,0.7664946511867485
well,33-053-05949-0000,2026-06-01,1688.6158111437903,61.65852607455805,hyperbolic,0.7805096594931555,24636.976205545187,0.06723512369608162,0.7664946511867485
well,33-053-05949-0000,2026-07-01,1674.1750531636985,61.65846442423147,hyperbolic,0.7805096594931555,24636.976205545187,0.06723512369608162,0.7664946511867485
well,33-053-05949-0000,2026-08-01,1659.951027416371,61.65840277402816,hyperbolic,0.7805096594931555,24636.976205545187,0.06723512369608162,0.7664946511867485
well,33-053-05949-0000,2026-09-01,1645.939099875148,61.658341123948155,hyperbolic,0.7805096594931555,24636.976205545187,0.06723512369608162,0.7664946511867485
well,33-053-05949-0000,2026-10-01,1632.1347647478706,61.65827947399143,hyperbolic,0.7805096594931555,24636.976205545187,0.06723512369608162,0.7664946511867485
well,33-053-05949-0000,2026-11-01,1618.5336401319094,61.65821782415797,hyperbolic,0.7805096594931555,24636.976205545187,0.06723512369608162,0.7664946511867485
well,33-053-05949-0000,2026-12-01,1605.1314638430538,61.65815617444782,hyperbolic,0.7805096594931555,24636.976205545187,0.06723512369608162,0.7664946511867485
well,33-053-05949-0000,2027-01-01,1591.92408941026,61.65809452486093,hyperbolic,0.7805096594931555,24636.976205545187,0.06723512369608162,0.7664946511867485
well,33-053-05949-0000,2027-02-01,1578.9074822286557,61.65803287539733,hyperbolic,0.7805096594931555,24636.976205545187,0.06723512369608162,0.7664946511867485
well,33-053-05949-0000,2027-03-01,1566.0777158636065,61.657971226057015,hyperbolic,0.7805096594931555,24636.976205545187,0.06723512369608162,0.7664946511867485
well,33-053-05949-0000,2027-04-01,1553.4309684990124,61.65790957683997,hyperbolic,0.7805096594931555,24636.976205545187,0.06723512369608162,0.7664946511867485
well,33-053-05949-0000,2027-05-01,1540.9635195233527,61.65784792774622,hyperbolic,0.7805096594931555,24636.976205545187,0.06723512369608162,0.7664946511867485
well,33-053-05949-0000,2027-06-01,1528.6717462473323,61.65778627877575,hyperbolic,0.7805096594931555,24636.976205545187,0.06723512369608162,0.7664946511867485
well,33-053-05949-0000,2027-07-01,1516.552120747279,61.657724629928545,hyperbolic,0.7805096594931555,24636.976205545187,0.06723512369608162,0.7664946511867485
well,33-053-05949-0000,2027-08-01,1504.601206828751,61.65766298120463,hyperbolic,0.7805096594931555,24636.976205545187,0.06723512369608162,0.7664946511867485
well,33-053-05949-0000,2027-09-01,1492.8156571050756,61.657601332604,hyperbolic,0.7805096594931555,24636.976205545187,0.06723512369608162,0.7664946511867485
well,33-053-05949-0000,2027-10-01,1481.1922101858227,61.65753968412663,hyperbolic,0.7805096594931555,24636.976205545187,0.06723512369608162,0.7664946511867485
well,33-053-05949-0000,2027-11-01,1469.7276879704266,61.65747803577256,hyperbolic,0.7805096594931555,24636.976205545187,0.06723512369608162,0.7664946511867485
well,33-053-05949-0000,2027-12-01,1458.4189930424473,61.65741638754175,hyperbolic,0.7805096594931555,24636.976205545187,0.06723512369608162,0.7664946511867485
well,33-053-06783-0000,2026-01-01,4271.676762948888,1174.7514809357697,exponential,0.008953912497148164,1844.9420995557632,0.005071812078723279,0.0
well,33-053-06783-0000,2026-02-01,4249.350493041721,1168.8084459032157,exponential,0.008953912497148164,1844.9420995557632,0.005071812078723279,0.0
well,33-053-06783-0000,2026-03-01,4227.140913220352,1162.895476519415,exponential,0.008953912497148164,1844.9420995557632,0.005071812078723279,0.0
well,33-053-06783-0000,2026-04-01,4205.04741359445,1157.0124206830876,exponential,0.008953912497148164,1844.9420995557632,0.005071812078723279,0.0
well,33-053-06783-0000,2026-05-01,4183.069387461327,1151.15912706243,exponential,0.008953912497148164,1844.9420995557632,0.005071812078723279,0.0
well,33-053-06783-0000,2026-06-01,4161.206231289278,1145.3354450912211,exponential,0.008953912497148164,1844.9420995557632,0.005071812078723279,0.0
well,33-053-06783-0000,2026-07-01,4139.457344701002,1139.5412249649519,exponential,0.008953912497148164,1844.9420995557632,0.005071812078723279,0.0
well,33-053-06783-0000,2026-08-01,4117.8221304571225,1133.7763176369683,exponential,0.008953912497148164,1844.9420995557632,0.005071812078723279,0.0
well,33-053-06783-0000,2026-09-01,4096.299994439784,1128.0405748146402,exponential,0.008953912497148164,1844.9420995557632,0.005071812078723279,0.0
well,33-053-06783-0000,2026-10-01,4074.890345636335,1122.3338489555458,exponential,0.008953912497148164,1844.9420995557632,0.005071812078723279,0.0
well,33-053-06783-0000,2026-11-01,4053.5925961231014,1116.6559932636758,exponential,0.008953912497148164,1844.9420995557632,0.005071812078723279,0.0
well,33-053-06783-0000,2026-12-01,4032.4061610492413,1111.006861685658,exponential,0.008953912497148164,1844.9420995557632,0.005071812078723279,0.0
well,33-053-06783-0000,2027-01-01,4011.330458620681,1105.3863089070003,exponential,0.008953912497148164,1844.9420995557632,0.005071812078723279,0.0
well,33-053-06783-0000,2027-02-01,3990.3649100841426,1099.7941903483527,exponential,0.008953912497148164,1844.9420995557632,0.005071812078723279,0.0
well,33-053-06783-0000,2027-03-01,3969.508939711253,1094.2303621617875,exponential,0.008953912497148164,1844.9420995557632,0.005071812078723279,0.0
well,33-053-06783-0000,2027-04-01,3948.7619747827257,1088.6946812271003,exponential,0.008953912497148164,1844.9420995557632,0.005071812078723279,0.0
well,33-053-06783-0000,2027-05-01,3928.1234455726426,1083.1870051481274,exponential,0.008953912497148164,1844.9420995557632,0.005071812078723279,0.0
well,33-053-06783-0000,2027-06-01,3907.5927853328017,1077.7071922490838,exponential,0.008953912497148164,1844.9420995557632,0.005071812078723279,0.0
well,33-053-06783-0000,2027-07-01,3887.1694302771602,1072.2551015709175,exponential,0.008953912497148164,1844.9420995557632,0.005071812078723279,0.0
well,33-053-06783-0000,2027-08-01,3866.8528195663484,1066.8305928676857,exponential,0.008953912497148164,1844.9420995557632,0.005071812078723279,0.0
well,33-053-06783-0000,2027-09-01,3846.6423952922682,1061.4335266029448,exponential,0.008953912497148164,1844.9420995557632,0.005071812078723279,0.0
well,33-053-06783-0000,2027-10-01,3826.5376024627744,1056.0637639461625,exponential,0.008953912497148164,1844.9420995557632,0.005071812078723279,0.0
well,33-053-06783-0000,2027-11-01,3806.537888986437,1050.7211667691465,exponential,0.008953912497148164,1844.9420995557632,0.005071812078723279,0.0
well,33-053-06783-0000,2027-12-01,3786.642705657374,1045.405597642491,exponential,0.008953912497148164,1844.9420995557632,0.005071812078723279,0.0
well,33-053-07709-0000,2026-01-01,1630.839476010934,1.666508381703738,exponential,0.7348835484509043,20559.999999999996,0.026676342551430175,0.0
well,33-053-07709-0000,2026-02-01,1587.9097927678938,1.6665067153553255,exponential,0.7348835484509043,20559.999999999996,0.026676342551430175,0.0
well,33-053-07709-0000,2026-03-01,1546.1101764201298,1.6665050490102458,exponential,0.7348835484509043,20559.999999999996,0.026676342551430175,0.0
well,33-053-07709-0000,2026-04-01,1505.4108794574954,1.6665033826684983,exponential,0.7348835484509043,20559.999999999996,0.026676342551430175,0.0
well,33-053-07709-0000,2026-05-01,1465.7829374335417,1.6665017163300828,exponential,0.7348835484509043,20559.999999999996,0.026676342551430175,0.0
well,33-053-07709-0000,2026-06-01,1427.1981483524048,1.6665000499950002,exponential,0.7348835484509043,20559.999999999996,0.026676342551430175,0.0
well,33-053-07709-0000,2026-07-01,1389.6290525983047,1.6664983836632499,exponential,0.7348835484509043,20559.999999999996,0.026676342551430175,0.0
well,33-053-07709-0000,2026-08-01,1353.0489133933772,1.6664967173348315,exponential,0.7348835484509043,20559.999999999996,0.026676342551430175,0.0
well,33-053-07709-0000,2026-09-01,1317.431697769927,1.6664950510097458,exponential,0.7348835484509043,20559.999999999996,0.026676342551430175,0.0
well,33-053-07709-0000,2026-10-01,1282.7520580435562,1.666493384687992,exponential,0.7348835484509043,20559.999999999996,0.026676342551430175,0.0
well,33-053-07709-0000,2026-11-01,1248.9853137739944,1.6664917183695709,exponential,0.7348835484509043,20559.999999999996,0.026676342551430175,0.0
well,33-053-07709-0000,2026-12-01,1216.1074342007835,1.666490052054482,exponential,0.7348835484509043,20559.999999999996,0.026676342551430175,0.0
well,33-053-07709-0000,2027-01-01,1184.0950211413176,1.666488385742725,exponential,0.7348835484509043,20559.999999999996,0.026676342551430175,0.0
well,33-053-07709-0000,2027-02-01,1152.9252923390718,1.666486719434301,exponential,0.7348835484509043,20559.999999999996,0.026676342551430175,0.0
well,33-053-07709-0000,2027-03-01,1122.576065250168,1.6664850531292088,exponential,0.7348835484509043,20559.999999999996,0.026676342551430175,0.0
well,33-053-07709-0000,2027-04-01,1093.0257412567328,1.6664833868274487,exponential,0.7348835484509043,20559.999999999996,0.026676342551430175,0.0
well,33-053-07709-0000,2027-05-01,1064.2532902958228,1.666481720529021,exponential,0.7348835484509043,20559.999999999996,0.026676342551430175,0.0
well,33-053-07709-0000,2027-06-01,1036.2382358929726,1.6664800542339258,exponential,0.7348835484509043,20559.999999999996,0.026676342551430175,0.0
well,33-053-07709-0000,2027-07-01,1008.9606405897101,1.6664783879421623,exponential,0.7348835484509043,20559.999999999996,0.026676342551430175,0.0
well,33-053-07709-0000,2027-08-01,982.4010917546777,1.6664767216537313,exponential,0.7348835484509043,20559.999999999996,0.026676342551430175,0.0
well,33-053-07709-0000,2027-09-01,956.5406877682576,1.6664750553686323,exponential,0.7348835484509043,20559.999999999996,0.026676342551430175,0.0
well,33-053-07709-0000,2027-10-01,931.3610245708634,1.6664733890868657,exponential,0.7348835484509043,20559.999999999996,0.026676342551430175,0.0
well,33-053-07709-0000,2027-11-01,906.8441825653344,1.6664717228084314,exponential,0.7348835484509043,20559.999999999996,0.026676342551430175,0.0
well,33-053-07709-0000,2027-12-01,882.9727138641058,1.6664700565333286,exponential,0.7348835484509043,20559.999999999996,0.026676342551430175,0.0
well,33-053-05782-0000,2026-01-01,3949.1906960489646,413.28909806650677,exponential,-0.1657919807198076,4379.999999999354,0.00096764536022068,0.0
well,33-053-05782-0000,2026-02-01,3945.3711282868517,413.2886848220391,exponential,-0.1657919807198076,4379.999999999354,0.00096764536022068,0.0
well,33-053-05782-0000,2026-03-01,3941.5552547241355,413.2882715783979,exponential,-0.1657919807198076,4379.999999999354,0.00096764536022068,0.0
well,33-053-05782-0000,2026-04-01,3937.7430717878706,413.28785833558294,exponential,-0.1657919807198076,4379.999999999354,0.00096764536022068,0.0
well,33-053-05782-0000,2026-05-01,3933.9345759085677,413.2874450935945,exponential,-0.1657919807198076,4379.999999999354,0.00096764536022068,0.0
well,33-053-05782-0000,2026-06-01,3930.129763520187,413.28703185243245,exponential,-0.1657919807198076,4379.999999999354,0.00096764536022068,0.0
well,33-053-05782-0000,2026-07-01,3926.328631060141,413.28661861209673,exponential,-0.1657919807198076,4379.999999999354,0.00096764536022068,0.0
well,33-053-05782-0000,2026-08-01,3922.5311749692864,413.28620537258746,exponential,-0.1657919807198076,4379.999999999354,0.00096764536022068,0.0
well,33-053-05782-0000,2026-09-01,3918.7373916919214,413.28579213390447,exponential,-0.1657919807198076,4379.999999999354,0.00096764536022068,0.0
well,33-053-05782-0000,2026-10-01,3914.947277675784,413.285378896048,exponential,-0.1657919807198076,4379.999999999354,0.00096764536022068,0.0
well,33-053-05782-0000,2026-11-01,3911.160829372048,413.2849656590178,exponential,-0.1657919807198076,4379.999999999354,0.00096764536022068,0.0
well,33-053-05782-0000,2026-12-01,3907.37804323532,413.284552422814,exponential,-0.1657919807198076,4379.999999999354,0.00096764536022068,0.0
well,33-053-05782-0000,2027-01-01,3903.598915723635,413.2841391874366,exponential,-0.1657919807198076,4379.999999999354,0.00096764536022068,0.0
well,33-053-05782-0000,2027-02-01,3899.8234432984527,413.2837259528856,exponential,-0.1657919807198076,4379.999999999354,0.00096764536022068,0.0
well,33-053-05782-0000,2027-03-01,3896.051622424657,413.28331271916085,exponential,-0.1657919807198076,4379.999999999354,0.00096764536022068,0.0
well,33-053-05782-0000,2027-04-01,3892.2834495705506,413.2828994862626,exponential,-0.1657919807198076,4379.999999999354,0.00096764536022068,0.0
well,33-053-05782-0000,2027-05-01,3888.518921207851,413.2824862541906,exponential,-0.1657919807198076,4379.999999999354,0.00096764536022068,0.0
well,33-053-05782-0000,2027-06-01,3884.7580338116886,413.28207302294504,exponential,-0.1657919807198076,4379.999999999354,0.00096764536022068,0.0
well,33-053-05782-0000,2027-07-01,3881.000783860603,413.2816597925259,exponential,-0.1657919807198076,4379.999999999354,0.00096764536022068,0.0
well,33-053-05782-0000,2027-08-01,3877.2471678365396,413.28124656293295,exponential,-0.1657919807198076,4379.999999999354,0.00096764536022068,0.0
well,33-053-05782-0000,2027-09-01,3873.4971822248476,413.28083333416646,exponential,-0.1657919807198076,4379.999999999354,0.00096764536022068,0.0
well,33-053-05782-0000,2027-10-01,3869.750823514273,413.28042010622636,exponential,-0.1657919807198076,4379.999999999354,0.00096764536022068,0.0
well,33-053-05782-0000,2027-11-01,3866.0080881969598,413.2800068791125,exponential,-0.1657919807198076,4379.999999999354,0.00096764536022068,0.0
well,33-053-05782-0000,2027-12-01,3862.2689727684447,413.27959365282504,exponential,-0.1657919807198076,4379.999999999354,0.00096764536022068,0.0
well,33-053-06603-0000,2026-01-01,592.3255972522647,159.14344151972108,hyperbolic,0.8492369203061636,60339.594873848546,0.16984919932208184,0.5513945447039831
well,33-053-06603-0000,2026-02-01,584.5461446050533,157.46701666494113,hyperbolic,0.8492369203061636,60339.594873848546,0.16984919932208184,0.5513945447039831
well,33-053-06603-0000,2026-03-01,576.9240629009727,155.82072772204387,hyperbolic,0.8492369203061636,60339.594873848546,0.16984919932208184,0.5513945447039831
well,33-053-06603-0000,2026-04-01,569.4550680291965,154.2038120294196,hyperbolic,0.8492369203061636,60339.594873848546,0.16984919932208184,0.5513945447039831
well,33-053-06603-0000,2026-05-01,562.1350220432454,152.61553173471248,hyperbolic,0.8492369203061636,60339.594873848546,0.16984919932208184,0.5513945447039831
well,33-053-06603-0000,2026-06-01,554.9599271806064,151.0551728112333,hyperbolic,0.8492369203061636,60339.594873848546,0.16984919932208184,0.5513945447039831
well,33-053-06603-0000,2026-07-01,547.9259201671273,149.5220441202643,hyperbolic,0.8492369203061636,60339.594873848546,0.16984919932208184,0.5513945447039831
well,33-053-06603-0000,2026-08-01,541.0292667907406,148.01547651679817,hyperbolic,0.8492369203061636,60339.594873848546,0.16984919932208184,0.5513945447039831
well,33-053-06603-0000,2026-09-01,534.2663567300169,146.53482199640146,hyperbolic,0.8492369203061636,60339.594873848546,0.16984919932208184,0.5513945447039831
well,33-053-06603-0000,2026-10-01,527.6336986239147,145.07945288102994,hyperbolic,0.8492369203061636,60339.594873848546,0.16984919932208184,0.5513945447039831
well,33-053-06603-0000,2026-11-01,521.1279153699139,143.64876104175468,hyperbolic,0.8492369203061636,60339.594873848546,0.16984919932208184,0.5513945447039831
well,33-053-06603-0000,2026-12-01,514.7457396384862,142.24215715647713,hyperbolic,0.8492369203061636,60339.594873848546,0.16984919932208184,0.5513945447039831
well,33-053-06603-0000,2027-01-01,508.48400959255946,140.85907000082364,hyperbolic,0.8492369203061636,60339.594873848546,0.16984919932208184,0.5513945447039831
well,33-053-06603-0000,2027-02-01,502.3396648013084,139.49894577051754,hyperbolic,0.8492369203061636,60339.594873848546,0.16984919932208184,0.5513945447039831
well,33-053-06603-0000,2027-03-01,496.3097423382196,138.16124743362232,hyperbolic,0.8492369203061636,60339.594873848546,0.16984919932208184,0.5513945447039831
well,33-053-06603-0000,2027-04-01,490.3913730539642,136.84545411114527,hyperbolic,0.8492369203061636,60339.594873848546,0.16984919932208184,0.5513945447039831
well,33-053-06603-0000,2027-05-01,484.5817780151559,135.55106048457353,hyperbolic,0.8492369203061636,60339.594873848546,0.16984919932208184,0.5513945447039831
well,33-053-06603-0000,2027-06-01,478.8782651005846,134.27757622899895,hyperbolic,0.8492369203061636,60339.594873848546,0.16984919932208184,0.5513945447039831
well,33-053-06603-0000,2027-07-01,473.27822574698706,133.02452547056126,hyperbolic,0.8492369203061636,60339.594873848546,0.16984919932208184,0.5513945447039831
well,33-053-06603-0000,2027-08-01,467.7791318368749,131.7914462670111,hyperbolic,0.8492369203061636,60339.594873848546,0.16984919932208184,0.5513945447039831
well,33-053-06603-0000,2027-09-01,462.37853272134896,130.577890110262,hyperbolic,0.8492369203061636,60339.594873848546,0.16984919932208184,0.5513945447039831
well,33-053-06603-0000,2027-10-01,457.07405237123123,129.38342144986044,hyperbolic,0.8492369203061636,60339.594873848546,0.16984919932208184,0.5513945447039831
well,33-053-06603-0000,2027-11-01,451.8633866502119,128.2076172363647,hyperbolic,0.8492369203061636,60339.594873848546,0.16984919932208184,0.5513945447039831
well,33-053-06603-0000,2027-12-01,446.7443007040532,127.05006648367623,hyperbolic,0.8492369203061636,60339.594873848546,0.16984919932208184,0.5513945447039831
well,33-053-07857-0000,2026-01-01,0.009999050089767703,3.3330167634073127,harmonic,-0.36833396470318625,3.333333399999856,1.0000000000626243e-06,1.0
well,33-053-07857-0000,2026-02-01,0.009999040091672448,3.3330134307104875,harmonic,-0.36833396470318625,3.333333399999856,1.0000000000626243e-06,1.0
well,33-053-07857-0000,2026-03-01,0.009999030093597186,3.333010098020328,harmonic,-0.36833396470318625,3.333333399999856,1.0000000000626243e-06,1.0
well,33-053-07857-0000,2026-04-01,0.009999020095541919,3.3330067653368327,harmonic,-0.36833396470318625,3.333333399999856,1.0000000000626243e-06,1.0
well,33-053-07857-0000,2026-05-01,0.009999010097506644,3.3330034326600018,harmonic,-0.36833396470318625,3.333333399999856,1.0000000000626243e-06,1.0
well,33-053-07857-0000,2026-06-01,0.009999000099491364,3.333000099989836,harmonic,-0.36833396470318625,3.333333399999856,1.0000000000626243e-06,1.0
well,33-053-07857-0000,2026-07-01,0.00999899010149608,3.332996767326335,harmonic,-0.36833396470318625,3.333333399999856,1.0000000000626243e-06,1.0
well,33-053-07857-0000,2026-08-01,0.009998980103520788,3.3329934346694983,harmonic,-0.36833396470318625,3.333333399999856,1.0000000000626243e-06,1.0
well,33-053-07857-0000,2026-09-01,0.009998970105565488,3.332990102019327,harmonic,-0.36833396470318625,3.333333399999856,1.0000000000626243e-06,1.0
well,33-053-07857-0000,2026-10-01,0.009998960107630185,3.332986769375819,harmonic,-0.36833396470318625,3.333333399999856,1.0000000000626243e-06,1.0
well,33-053-07857-0000,2026-11-01,0.009998950109714876,3.332983436738976,harmonic,-0.36833396470318625,3.333333399999856,1.0000000000626243e-06,1.0
well,33-053-07857-0000,2026-12-01,0.00999894011181956,3.3329801041087985,harmonic,-0.36833396470318625,3.333333399999856,1.0000000000626243e-06,1.0
well,33-053-07857-0000,2027-01-01,0.009998930113944237,3.3329767714852845,harmonic,-0.36833396470318625,3.333333399999856,1.0000000000626243e-06,1.0
well,33-053-07857-0000,2027-02-01,0.009998920116088907,3.3329734388684362,harmonic,-0.36833396470318625,3.333333399999856,1.0000000000626243e-06,1.0
well,33-053-07857-0000,2027-03-01,0.009998910118253572,3.332970106258251,harmonic,-0.36833396470318625,3.333333399999856,1.0000000000626243e-06,1.0
well,33-053-07857-0000,2027-04-01,0.00999890012043823,3.332966773654731,harmonic,-0.36833396470318625,3.333333399999856,1.0000000000626243e-06,1.0
well,33-053-07857-0000,2027-05-01,0.009998890122642882,3.332963441057876,harmonic,-0.36833396470318625,3.333333399999856,1.0000000000626243e-06,1.0
well,33-053-07857-0000,2027-06-01,0.009998880124867526,3.332960108467684,harmonic,-0.36833396470318625,3.333333399999856,1.0000000000626243e-06,1.0
well,33-053-07857-0000,2027-07-01,0.009998870127112165,3.332956775884157,harmonic,-0.36833396470318625,3.333333399999856,1.0000000000626243e-06,1.0
well,33-053-07857-0000,2027-08-01,0.009998860129376796,3.3329534433072956,harmonic,-0.36833396470318625,3.333333399999856,1.0000000000626243e-06,1.0
well,33-053-07857-0000,2027-09-01,0.009998850131661421,3.332950110737097,harmonic,-0.36833396470318625,3.333333399999856,1.0000000000626243e-06,1.0
well,33-053-07857-0000,2027-10-01,0.009998840133966036,3.3329467781735636,harmonic,-0.36833396470318625,3.333333399999856,1.0000000000626243e-06,1.0
well,33-053-07857-0000,2027-11-01,0.009998830136290647,3.332943445616695,harmonic,-0.36833396470318625,3.333333399999856,1.0000000000626243e-06,1.0
well,33-053-07857-0000,2027-12-01,0.009998820138635251,3.3329401130664897,harmonic,-0.36833396470318625,3.333333399999856,1.0000000000626243e-06,1.0
well,33-053-07502-0000,2026-01-01,1109.3464804175794,347.1172068710071,hyperbolic,0.9612159557994637,61417.90189867083,0.22475560327269742,0.7329919577290913
well,33-053-07502-0000,2026-02-01,1096.3278691910496,341.21998616826363,hyperbolic,0.9612159557994637,61417.90189867083,0.22475560327269742,0.7329919577290913
well,33-053-07502-0000,2026-03-01,1083.5717631538137,335.43353902215966,hyperbolic,0.9612159557994637,61417.90189867083,0.22475560327269742,0.7329919577290913
well,33-053-07502-0000,2026-04-01,1071.0706941104265,329.7555865580585,hyperbolic,0.9612159557994637,61417.90189867083,0.22475560327269742,0.7329919577290913
well,33-053-07502-0000,2026-05-01,1058.8174671758193,324.18390084373783,hyperbolic,0.9612159557994637,61417.90189867083,0.22475560327269742,0.7329919577290913
well,33-053-07502-0000,2026-06-01,1046.8051485834903,318.71630366017473,hyperbolic,0.9612159557994637,61417.90189867083,0.22475560327269742,0.7329919577290913
well,33-053-07502-0000,2026-07-01,1035.027054133615,313.3506653041594,hyperbolic,0.9612159557994637,61417.90189867083,0.22475560327269742,0.7329919577290913
well,33-053-07502-0000,2026-08-01,1023.476738242514,308.0849034218693,hyperbolic,0.9612159557994637,61417.90189867083,0.22475560327269742,0.7329919577290913
well,33-053-07502-0000,2026-09-01,1012.1479835575625,302.9169818725398,hyperbolic,0.9612159557994637,61417.90189867083,0.22475560327269742,0.7329919577290913
well,33-053-07502-0000,2026-10-01,1001.0347911040191,297.84490962140507,hyperbolic,0.9612159557994637,61417.90189867083,0.22475560327269742,0.7329919577290913
well,33-053-07502-0000,2026-11-01,990.131370932504,292.86673966110584,hyperbolic,0.9612159557994637,61417.90189867083,0.22475560327269742,0.7329919577290913
well,33-053-07502-0000,2026-12-01,979.4321332379246,287.98056796077583,hyperbolic,0.9612159557994637,61417.90189867083,0.22475560327269742,0.7329919577290913
well,33-053-07502-0000,2027-01-01,968.9316799225634,283.1845324420563,hyperbolic,0.9612159557994637,61417.90189867083,0.22475560327269742,0.7329919577290913
well,33-053-07502-0000,2027-02-01,958.6247965778266,278.4768119812968,hyperbolic,0.9612159557994637,61417.90189867083,0.22475560327269742,0.7329919577290913
well,33-053-07502-0000,2027-03-01,948.5064448607995,273.8556254372268,hyperbolic,0.9612159557994637,61417.90189867083,0.22475560327269742,0.7329919577290913
well,33-053-07502-0000,2027-04-01,938.5717552432872,269.319230703408,hyperbolic,0.9612159557994637,61417.90189867083,0.22475560327269742,0.7329919577290913
well,33-053-07502-0000,2027-05-01,928.8160201124404,264.8659237847847,hyperbolic,0.9612159557994637,61417.90189867083,0.22475560327269742,0.7329919577290913
well,33-053-07502-0000,2027-06-01,919.2346872033928,260.4940378976873,hyperbolic,0.9612159557994637,61417.90189867083,0.22475560327269742,0.7329919577290913
well,33-053-07502-0000,2027-07-01,909.8233533455566,256.20194259264696,hyperbolic,0.9612159557994637,61417.90189867083,0.22475560327269742,0.7329919577290913
well,33-053-07502-0000,2027-08-01,900.5777585053745,251.98804289940253,hyperbolic,0.9612159557994637,61417.90189867083,0.22475560327269742,0.7329919577290913
well,33-053-07502-0000,2027-09-01,891.4937801093854,247.8507784935053,hyperbolic,0.9612159557994637,61417.90189867083,0.22475560327269742,0.7329919577290913
