api_number,well_name,operator,formation,lateral_length_ft,completion_date,ip30,ip90,ip180,ip365,ip30_per_1000ft,formation_p50_ip30,performance_tier
33-053-03391-0000,HUDSON 13-21H,"PEAK NORTH DAKOTA, LLC",Bakken,4554.0,2017-03-20,1309.199951172,966.956298828,840.263305664,615.09185791,287.4835202397892,481.055541992,Top
33-053-03460-0000,FOOL BEAR 23-34H,"PEAK NORTH DAKOTA, LLC",Bakken,4312.0,2017-05-02,176.805557251,156.099945068,134.424835205,99.657783508,41.00314407490723,481.055541992,Bottom
33-053-03624-0000,FORT BERTHOLD 151-94-34C-27-2H,"PETRO-HUNT, L.L.C.",Bakken,9832.0,2014-01-26,265.248413086,172.283340454,133.13999939,102.45879364,26.97807293388934,481.055541992,Mid
33-053-03639-0000,HALL #5-11H,ENERPLUS RESOURCES USA CORPORATION,Bakken,5265.0,2014-01-24,1036.786010742,725.022583008,546.559997559,398.936279297,196.9204198940171,481.055541992,Top
33-053-03711-0000,POINTER 149-94-23AH,ENERPLUS RESOURCES USA CORPORATION,Bakken,4340.0,2017-08-20,1247.599975586,991.382202148,759.563476562,549.31048584,287.4654321626728,481.055541992,Top
33-053-03784-0000,HIDATSA 150-94-32C-29H,ENERPLUS RESOURCES USA CORPORATION,Bakken,9540.0,2015-02-11,1354.422607422,1162.792480469,930.585571289,630.228210449,141.97301964591196,481.055541992,Top
33-053-03785-0000,TAT 150-94-32D-29H,ENERPLUS RESOURCES USA CORPORATION,Bakken,10139.0,2015-02-27,306.266662598,266.450012207,213.920791626,148.182571411,30.206791853042706,481.055541992,Mid
33-053-03837-0000,POLK 1-33H,"CONTINENTAL RESOURCES, INC.",Bakken,9653.0,2014-02-12,765.741943359,555.700744629,424.212554932,309.695495605,79.32683552874754,481.055541992,Mid
33-053-03850-0000,FORT BERTHOLD 152-93-9C-10-4H,"PETRO-HUNT, L.L.C.",Bakken,9427.0,2014-05-16,205.607528687,139.501678467,101.567436218,64.228591919,21.810494185530924,481.055541992,Bottom
33-053-03851-0000,FORT BERTHOLD 152-93-9C-10-5H,"PETRO-HUNT, L.L.C.",Bakken,9704.0,2014-05-16,668.890930176,545.320007324,498.631988525,442.516387939,68.92940335696619,481.055541992,Mid
33-053-04029-0000,TARPON FEDERAL 44-19-2RH,WHITING OIL AND GAS CORPORATION,Bakken,8936.0,2015-02-14,409.277038574,418.535064697,372.048034668,268.617248535,45.80092195322292,481.055541992,Mid
33-053-04052-0000,TRIANGLE 149-101-1-12-2H,TRIANGLE USA PETROLEUM CORPORATION,Bakken,9900.0,2014-10-08,437.902374268,312.692474365,259.09765625,190.845474243,44.23256305737374,481.055541992,Mid
33-053-04054-0000,TRIANGLE 149-101-1-12-4H,TRIANGLE USA PETROLEUM CORPORATION,Bakken,10024.0,2014-10-08,77.846954346,64.332618713,52.35477829,32.764839172,7.766056898044694,481.055541992,Bottom
33-053-04065-0000,FORT BERTHOLD 151-94-26B-35-3H,"PETRO-HUNT, L.L.C.",Bakken,9615.0,2014-04-29,1213.833374023,1064.602539062,778.359802246,593.77545166,126.24372064721788,481.055541992,Top
33-053-04102-0000,ANTELOPE 2-23H,"CONTINENTAL RESOURCES, INC.",Bakken,9360.0,2014-11-28,142.887542725,118.6222229,144.929031372,160.371047974,15.2657631116453,481.055541992,Bottom
33-053-04150-0000,JORE FEDERAL 2-11-2H,ABRAXAS PETROLEUM CORP.,Bakken,9689.0,2014-05-20,199.709259033,164.274078369,145.485198975,105.321350098,20.61195779058726,481.055541992,Bottom
33-053-04151-0000,JORE FEDERAL 2-11-4H,ABRAXAS PETROLEUM CORP.,Bakken,9595.0,2014-05-18,745.633361816,612.344421387,486.911254883,358.834381104,77.71061613507035,481.055541992,Mid
33-053-04189-0000,CORA 20-17 4H,"BRIGHAM OIL & GAS, L.P.",Bakken,9523.0,2014-07-18,949.964416504,682.255554199,464.220825195,329.340179443,99.75474288606533,481.055541992,Top
33-053-04215-0000,DOROTHY 16-12H,SM ENERGY COMPANY,Bakken,9992.0,2014-04-06,302.677764893,225.307403564,160.335922241,111.987045288,30.2920100973779,481.055541992,Mid
33-053-04237-0000,TIMBER CREEK 13-24 2H,"BRIGHAM OIL & GAS, L.P.",Bakken,9498.0,2014-10-29,140.169998169,99.430030823,76.641418457,57.410739899,14.757843563802906,481.055541992,Bottom
33-053-04283-0000,RUBY 31-30HA,"WPX ENERGY WILLISTON, LLC",Bakken,9526.0,2014-07-25,840.12902832,737.934753418,576.321899414,408.718414307,88.19326352298971,481.055541992,Mid
33-053-04298-0000,JOHNSON 150-99-34-27-2H,NEWFIELD PRODUCTION COMPANY,Bakken,9740.0,2015-03-10,168.440368652,114.89629364,83.649421692,61.262985229,17.29367234620123,481.055541992,Bottom
33-053-04299-0000,JOHNSON 150-99-34-27-3H,NEWFIELD PRODUCTION COMPANY,Bakken,9941.0,2015-03-09,676.657775879,427.326202393,300.10647583,204.928146362,68.06737510099587,481.055541992,Mid
33-053-04333-0000,ROWE 150-101-1-12-2H,TRIANGLE USA PETROLEUM CORPORATION,Bakken,9779.0,2014-09-17,156.072723389,92.778015137,63.710559845,52.464073181,15.95998807536558,481.055541992,Bottom
33-053-04335-0000,ROWE 150-101-1-12-4H,TRIANGLE USA PETROLEUM CORPORATION,Bakken,9554.0,2014-09-06,599.766662598,430.559143066,353.095367432,241.727401733,62.77649807389575,481.055541992,Mid
33-053-04379-0000,ROCHESTER 4-24H,"CONTINENTAL RESOURCES, INC.",Bakken,9490.0,2014-10-07,258.56451416,227.89515686,181.51423645,159.044265747,27.245997277133824,481.055541992,Mid
33-053-04398-0000,USA 153-95-1B-7-3H,"PETRO-HUNT, L.L.C.",Bakken,9459.0,2014-11-26,871.520446777,653.916259766,511.839508057,385.828735352,92.13663672449519,481.055541992,Top
33-053-04401-0000,STEEN 149-101-13-24-4H,TRIANGLE USA PETROLEUM CORPORATION,Bakken,9572.0,2014-01-19,375.32144165,312.696929932,260.643035889,197.163589478,39.21034701734225,481.055541992,Mid
33-053-04416-0000,HOVDE 33-4 4H,"BRIGHAM OIL & GAS, L.P.",Bakken,9740.0,2014-07-14,737.799987793,580.6328125,428.809814453,293.178619385,75.74948539969199,481.055541992,Mid
33-053-04417-0000,HOVDE 33-4 #3H,"BRIGHAM OIL & GAS, L.P.",Bakken,9615.0,2014-07-09,442.715484619,337.832244873,265.903564453,212.997695923,46.04425217046282,481.055541992,Mid
33-053-04442-0000,MONSON 152-102-35-26-1H,TRIANGLE USA PETROLEUM CORPORATION,Bakken,9411.0,2014-06-26,98.160934448,63.5274086,52.725830078,39.44449234,10.430446758899162,481.055541992,Bottom
33-053-04474-0000,WISNESS 152-96-33C-28-4H,"PETRO-HUNT, L.L.C.",Bakken,9453.0,2014-01-03,910.958312988,779.166687012,576.330627441,431.589752197,96.36711234401778,481.055541992,Top
33-053-04486-0000,JAY 24-13F #1H-R,"BRIGHAM OIL & GAS, L.P.",Bakken,10085.0,2015-10-10,826.04888916,653.999206543,566.749572754,551.447998047,81.90866526127913,481.055541992,Mid
33-053-04492-0000,ZION 148-95-02B-11H,ENERPLUS RESOURCES USA CORPORATION,Bakken,8802.0,2017-10-31,972.872070312,640.805541992,510.061950684,379.13168335,110.52852423449217,481.055541992,Top
33-053-04503-0000,RAYMOND  17-20 6H,"BRIGHAM OIL & GAS, L.P.",Bakken,9286.0,2014-01-08,430.715148926,338.959838867,267.67779541,206.31338501,46.38328116799483,481.055541992,Mid
33-053-04506-0000,KOALA  16-32-29-2H,KODIAK OIL & GAS (USA) INC.,Bakken,9251.0,2014-06-05,774.860229492,588.553955078,504.196563721,364.326293945,83.75961836471734,481.055541992,Mid
33-053-04536-0000,FORT BERTHOLD 152-93-7D-6-3H,"PETRO-HUNT, L.L.C.",Bakken,10801.0,2014-03-06,218.360748291,182.427032471,146.307937622,115.450317383,20.216715886584574,481.055541992,Bottom
33-053-04538-0000,FORT BERTHOLD 152-93-7D-6-1H,"PETRO-HUNT, L.L.C.",Bakken,10873.0,2014-02-28,1380.709716797,1196.75012207,931.871765137,689.350708008,126.98516663266808,481.055541992,Top
33-053-04548-0000,TRIANGLE 150-101-36-25-8H,TRIANGLE USA PETROLEUM CORPORATION,Bakken,9573.0,2015-08-26,137.484451294,108.457527161,82.276977539,52.096420288,14.361689260837771,481.055541992,Bottom
33-053-04549-0000,TRIANGLE 150-101-36-25-7H,TRIANGLE USA PETROLEUM CORPORATION,Bakken,9187.0,2015-08-24,120.817207336,91.806030273,81.687980652,47.744380951,13.150887921628389,481.055541992,Bottom
33-053-04585-0000,BRODERSON 30-31 2H,"BRIGHAM OIL & GAS, L.P.",Bakken,9666.0,2014-06-01,250.446670532,310.925476074,294.610961914,286.096618652,25.910063162838817,481.055541992,Mid
33-053-04596-0000,BB-BUDAHN 150-95-0506H-4,HESS CORPORATION,Bakken,8877.0,2014-03-06,226.454437256,165.29888916,142.127288818,104.075294495,25.51024414284105,481.055541992,Bottom
33-053-04599-0000,BRODERSON  30-31 3H,"BRIGHAM OIL & GAS, L.P.",Bakken,10225.0,2014-02-16,563.015869141,402.285675049,395.476470947,307.232574463,55.062676688606366,481.055541992,Mid
33-053-04600-0000,GARMANN 19-18 3H,"BRIGHAM OIL & GAS, L.P.",Bakken,9914.0,2014-02-11,595.380004883,488.553344727,428.140106201,345.219177246,60.05446892102078,481.055541992,Mid
33-053-04606-0000,LUCILLE 1-27H,SM ENERGY COMPANY,Bakken,10065.0,2014-02-06,201.123657227,169.379623413,131.392318726,104.758773804,19.982479605265773,481.055541992,Bottom
33-053-04621-0000,DURHAM  4-2H,"CONTINENTAL RESOURCES, INC.",Bakken,9414.0,2014-01-02,962.432128906,774.00592041,638.43963623,459.789672852,102.23413308965371,481.055541992,Top
33-053-04634-0000,NORFOLK 4-1H,"CONTINENTAL RESOURCES, INC.",Bakken,9419.0,2014-06-06,644.387084961,587.55090332,469.602752686,362.840026855,68.41353487217327,481.055541992,Mid
33-053-04651-0000,CLEAR CREEK 152-96-34B-5H,"PETRO-HUNT, L.L.C.",Bakken,3997.0,2014-07-05,256.923126221,221.567504883,155.524536133,110.24155426,64.27899079834877,481.055541992,Mid
33-053-04655-0000,GREENSTEIN 30-31 4H,"BRIGHAM OIL & GAS, L.P.",Bakken,9856.0,2014-01-14,118.010887146,78.231658936,53.579437256,35.528461456,11.973507218547079,481.055541992,Bottom
33-053-04658-0000,DIAMOND 11-12-1H,"RESOLUTE NATURAL RESOURCES COMPANY, LLC",Bakken,9938.0,2015-06-09,189.392120361,125.444442749,91.417289734,60.049568176,19.05736771593882,481.055541992,Bottom
33-053-04659-0000,HOROVITZ 10-09-1H,"RESOLUTE NATURAL RESOURCES COMPANY, LLC",Bakken,10108.0,2015-06-08,641.547607422,425.869293213,275.018127441,189.558700562,63.46929238444796,481.055541992,Mid
33-053-04660-0000,YAUCH 03-04-1H,"RESOLUTE NATURAL RESOURCES COMPANY, LLC",Bakken,10421.0,2014-06-25,623.070983887,439.277770996,303.328979492,218.017501831,59.78994183734767,481.055541992,Mid
33-053-04699-0000,USHER 28-21 1H,"ZAVANNA, LLC",Bakken,2538.0,2017-12-08,224.655548096,,,,88.51676441922774,481.055541992,Bottom
33-053-04728-0000,ROLLEFSTAD FEDERAL 9-3H,"CONTINENTAL RESOURCES, INC.",Bakken,9949.0,2014-02-15,186.679443359,123.607040405,103.957077026,90.959449768,18.76363889426073,481.055541992,Bottom
33-053-04731-0000,WAHPETON 13-16H,"CONTINENTAL RESOURCES, INC.",Bakken,9363.0,2014-05-02,540.391662598,510.566680908,390.353424072,266.890411377,57.71565338011322,481.055541992,Mid
33-053-04735-0000,WAHPETON 9-16H,"CONTINENTAL RESOURCES, INC.",Bakken,9395.0,2014-05-06,781.906677246,705.707885742,571.314941406,370.11416626,83.22583046790847,481.055541992,Mid
33-053-04738-0000,ROLLEFSTAD FEDERAL 13-3H,"CONTINENTAL RESOURCES, INC.",Bakken,10440.0,2014-02-06,150.849456787,123.348991394,116.083938599,81.293800354,14.449181684578546,481.055541992,Bottom
33-053-04748-0000,WAHPETON 6-16H,"CONTINENTAL RESOURCES, INC.",Bakken,9415.0,2014-05-24,149.460388184,124.662345886,105.590484619,80.918266296,15.874709313223581,481.055541992,Bottom
33-053-04770-0000,ROEN FEDERAL 24-10H,"PETRO-HUNT, L.L.C.",Bakken,10423.0,2014-05-20,1063.55065918,620.515197754,445.574371338,325.630126953,102.03882367648468,481.055541992,Top
33-053-04771-0000,ROEN 24-10-2H,"PETRO-HUNT, L.L.C.",Bakken,9939.0,2014-05-20,988.479736328,550.870361328,390.205932617,300.717987061,99.45464697937417,481.055541992,Top
33-053-04772-0000,ROEN 24-10-3H,"PETRO-HUNT, L.L.C.",Bakken,10406.0,2014-05-20,156.330001831,82.804695129,58.543571472,42.952877045,15.023063793100134,481.055541992,Bottom
33-053-04786-0000,GRASSY KNOLL 2-11H,ENERPLUS RESOURCES USA CORPORATION,Bakken,9312.0,2015-11-13,232.793899536,178.884613037,143.134933472,110.600563049,24.9993448814433,481.055541992,Mid
33-053-04806-0000,LAWLAR 3-5-8BH,QEP ENERGY COMPANY,Bakken,9667.0,2014-04-02,347.1277771,291.104064941,287.077148438,235.437515259,35.908531819592426,481.055541992,Mid
33-053-04808-0000,LAWLAR 4-5-8BH,QEP ENERGY COMPANY,Bakken,9977.0,2014-04-06,1118.354003906,1029.579345703,856.568359375,623.373474121,112.09321478460457,481.055541992,Top
33-053-04822-0000,SAND CREEK STATE 153-96-16-2H,NEWFIELD PRODUCTION COMPANY,Bakken,4503.0,2015-01-07,856.592834473,513.802246094,398.852661133,277.17791748,190.22714511947592,481.055541992,Top
33-053-04824-0000,SAND CREEK STATE 153-96-16-3H,NEWFIELD PRODUCTION COMPANY,Bakken,4659.0,2015-01-11,833.383361816,515.351867676,397.038360596,268.88104248,178.87601670229665,481.055541992,Mid
33-053-04829-0000,EDNA 11-2 6H,"BRIGHAM OIL & GAS, L.P.",Bakken,10115.0,2014-06-12,615.166687012,477.87097168,341.693328857,233.048400879,60.81727009510628,481.055541992,Mid
33-053-04831-0000,EDNA 11-2 3H,"BRIGHAM OIL & GAS, L.P.",Bakken,10087.0,2014-06-03,577.233337402,432.505554199,314.820251465,223.468139648,57.225472132645976,481.055541992,Mid
33-053-04833-0000,BILL 14-23 3H,"BRIGHAM OIL & GAS, L.P.",Bakken,9167.0,2014-05-18,39.324073792,29.170370102,32.735134125,20.338829041,4.289742968473874,481.055541992,Bottom
33-053-04838-0000,BJARNE 3-29H,"CONTINENTAL RESOURCES, INC.",Bakken,9578.0,2014-10-24,587.210754395,548.350646973,469.919677734,374.817352295,61.30828506942994,481.055541992,Mid
33-053-04840-0000,WATSON B N34-11-1H,GMX RESOURCES INC,Bakken,8930.0,2015-05-20,67.831481934,50.325000763,39.492237091,28.123903275,7.5959106309070545,481.055541992,Bottom
33-053-04854-0000,TALLAHASSEE 2-16H,"CONTINENTAL RESOURCES, INC.",Bakken,7047.0,2014-04-25,418.471435547,321.935638428,294.622833252,226.463470459,59.38291975975593,481.055541992,Mid
33-053-04856-0000,COLUMBUS FEDERAL 3-16H,"CONTINENTAL RESOURCES, INC.",Bakken,12154.0,2014-05-03,46.42092514,35.217128754,30.953014374,23.921224594,3.8193948609511272,481.055541992,Bottom
33-053-04858-0000,SAETZ FEDERAL 43-36H,SINCLAIR OIL & GAS COMPANY,Bakken,8785.0,2014-11-20,71.115112305,41.679485321,37.928310394,28.581676483,8.095061161639157,481.055541992,Bottom
33-053-04861-0000,MORSETTE 35-26HD,"WPX ENERGY WILLISTON, LLC",Bakken,9366.0,2014-09-04,212.603225708,172.270248413,120.623603821,82.95438385,22.699468898996372,481.055541992,Bottom
33-053-04866-0000,PATTERSON FEDERAL 2-13H,"CONTINENTAL RESOURCES, INC.",Bakken,9605.0,2014-05-02,218.655914307,111.66015625,81.784980774,64.648506165,22.764801073086932,481.055541992,Bottom
33-053-04870-0000,MERTON 21-15MBH 2NH,BURLINGTON RESOURCES OIL & GAS COMPANY LP,Bakken,10530.0,2016-08-05,922.602478027,577.938720703,434.01461792,407.058868408,87.61656961320038,481.055541992,Top
33-053-04871-0000,JEROME 21-15MBH 2SH,BURLINGTON RESOURCES OIL & GAS COMPANY LP,Bakken,8990.0,2016-08-16,602.146911621,393.215759277,320.077270508,397.873809814,66.97963421813125,481.055541992,Mid
33-053-04887-0000,JOHN FEDERAL 5201 41-12B,OASIS PETROLEUM NORTH AMERICA LLC,Bakken,9375.0,2014-11-03,1229.532226562,798.644897461,563.955078125,434.104675293,131.15010416661335,481.055541992,Top
33-053-04895-0000,BULLY FEDERAL 44X-20A,XTO ENERGY INC,Bakken,9380.0,2014-03-22,1105.935424805,822.592834473,643.309875488,423.654571533,117.90356341204689,481.055541992,Top
33-053-04897-0000,BULLY FEDERAL 44X-20B,XTO ENERGY INC,Bakken,10343.0,2014-03-11,680.173095703,573.844116211,443.570556641,381.233032227,65.76168381543071,481.055541992,Mid
33-053-04911-0000,GLOVATSKY 145-98-24D-13-1H,"PETRO-HUNT, L.L.C.",Bakken,9348.0,2014-04-17,38.150539398,32.315105438,34.947902679,30.117527008,4.081144565468549,481.055541992,Bottom
33-053-04924-0000,SMOKEY 4-15-22-14H,KODIAK OIL & GAS (USA) INC.,Bakken,8880.0,2015-05-25,273.249481201,229.880325317,167.556274414,116.989334106,30.77133797308558,481.055541992,Mid
33-053-04926-0000,SMOKEY 4-15-22-13H,KODIAK OIL & GAS (USA) INC.,Bakken,8751.0,2015-05-29,440.038879395,250.345703125,190.626525879,127.323814392,50.28441085533082,481.055541992,Mid
33-053-04927-0000,FORT BERTHOLD 152-94-13B-24-2H,"G3 OPERATING, LLC",Bakken,9908.0,2017-09-27,1100.095703125,889.58026123,808.519836426,562.560119629,111.0310560279572,481.055541992,Top
33-053-04931-0000,LOOMER 41X-3C,XTO ENERGY INC,Bakken,9875.0,2014-06-29,207.158340454,151.89289856,115.594062805,81.424507141,20.97805979281013,481.055541992,Bottom
33-053-04933-0000,LOOMER 41X-3D,XTO ENERGY INC,Bakken,9319.0,2014-06-28,224.538894653,122.233329773,86.908607483,72.955253601,24.094741351325247,481.055541992,Bottom
33-053-04936-0000,AUGUSTA 5200 11-28B,OASIS PETROLEUM NORTH AMERICA LLC,Bakken,9619.0,2014-01-13,814.902404785,549.43182373,417.453277588,297.670806885,84.71799613109472,481.055541992,Mid
33-053-04942-0000,ROLFSRUD STATE 14X-36A,XTO ENERGY INC,Bakken,9412.0,2014-03-07,296.67578125,208.49407959,147.068725586,104.798843384,31.521013732469186,481.055541992,Mid
33-053-04946-0000,ALICE 44X-34D,XTO ENERGY INC,Bakken,8770.0,2014-02-11,308.549987793,246.782714844,176.020736694,118.047943115,35.18243874492589,481.055541992,Mid
33-053-04960-0000,JOHNSON 2-4-9BH,QEP ENERGY COMPANY,Bakken,9709.0,2014-06-29,313.005371094,233.404525757,171.225646973,120.651992798,32.23868277824699,481.055541992,Mid
33-053-04961-0000,JOHNSON 1-4-9BH,QEP ENERGY COMPANY,Bakken,9731.0,2014-06-21,740.309692383,739.644470215,699.978881836,518.57232666,76.07745271637036,481.055541992,Mid
33-053-04969-0000,FORT BERTHOLD 152-94-11B-14-5H,"G3 OPERATING, LLC",Bakken,10312.0,2014-03-06,355.943878174,267.222961426,215.925552368,154.274215698,34.51744357777347,481.055541992,Mid
33-053-04975-0000,MARLENE 42X-20D,XTO ENERGY INC,Bakken,8265.0,2014-01-18,1348.575317383,988.308227539,817.905761719,633.982116699,163.1670075478524,481.055541992,Top
33-053-04982-0000,IDA 5200 21-28B,OASIS PETROLEUM NORTH AMERICA LLC,Bakken,9413.0,2014-01-13,995.696411133,632.964172363,462.766052246,339.164489746,105.77886020747901,481.055541992,Top
33-053-04985-0000,LOOMER 41X-4D,XTO ENERGY INC,Bakken,9160.0,2014-03-16,483.451202393,405.750396729,335.982757568,252.557388306,52.77851554508734,481.055541992,Mid
33-053-04987-0000,LOOMER 41X-4C,XTO ENERGY INC,Bakken,9411.0,2014-03-27,640.611816406,548.318237305,456.152008057,337.07699585,68.07053622420572,481.055541992,Mid
33-053-05000-0000,BILL 14-23 6H,STATOIL OIL & GAS LP,Bakken,9479.0,2014-05-25,90.421607971,51.678203583,42.188220978,35.185050964,9.539150540246862,481.055541992,Bottom
33-053-05007-0000,WASHBURN 43-36MBH,BURLINGTON RESOURCES OIL & GAS COMPANY LP,Bakken,9278.0,2014-01-02,880.777404785,753.222229004,684.18182373,489.379638672,94.93181771771934,481.055541992,Top
33-053-05014-0000,WASHBURN 41-36MBH,BURLINGTON RESOURCES OIL & GAS COMPANY LP,Bakken,9563.0,2014-01-16,914.403320312,817.625793457,754.43157959,537.741821289,95.61887695409389,481.055541992,Top
33-053-05020-0000,BW-JOHNSON 149-99-1003H-3,HESS CORPORATION,Bakken,9307.0,2014-06-30,911.677429199,623.084472656,451.736846924,312.887329102,97.9561006982916,481.055541992,Top
33-053-05021-0000,BW-ERLER 149-99-1522H-3,HESS CORPORATION,Bakken,9918.0,2014-06-14,693.581726074,436.709259033,310.253631592,212.864334106,69.93161182435976,481.055541992,Mid
33-053-05022-0000,BW-JOHNSON 149-99-1003H-2,HESS CORPORATION,Bakken,9718.0,2014-06-21,864.904296875,598.180236816,426.457885742,293.245788574,89.00023635264458,481.055541992,Top
33-053-05023-0000,BW-ERLER 149-99-1522H-2,HESS CORPORATION,Bakken,10420.0,2014-06-06,842.094604492,514.318908691,353.811767578,244.994873047,80.81522116046065,481.055541992,Mid
33-053-05024-0000,AN-EVENSON 152-95-0310H-5,HESS CORPORATION,Bakken,10851.0,2014-05-23,220.677780151,179.941665649,122.92035675,77.143882751,20.33709152621878,481.055541992,Bottom
33-053-05025-0000,AN-EVENSON 152-95-0310H-4,HESS CORPORATION,Bakken,10243.0,2014-05-16,221.39630127,169.139846802,156.666641235,146.770812988,21.614400202089232,481.055541992,Bottom
33-053-05026-0000,AN-EVENSON 152-95-0310H-3,HESS CORPORATION,Bakken,10378.0,2014-05-07,254.60333252,240.142227173,206.557510376,181.133605957,24.532986367315477,481.055541992,Mid
33-053-05027-0000,AN-EVENSON 152-95-0310H-2,HESS CORPORATION,Bakken,10368.0,2014-04-28,260.677764893,205.674377441,160.94543457,96.701095581,25.142531336130403,481.055541992,Mid
33-053-05043-0000,BUGS 27-22 #7H,STATOIL OIL & GAS LP,Bakken,10142.0,2014-07-10,93.601791382,77.520011902,56.409610748,47.007984161,9.229125555314534,481.055541992,Bottom
33-053-05044-0000,LLOYD 34-3 #3H,STATOIL OIL & GAS LP,Bakken,9260.0,2014-07-15,87.999282837,49.245975494,41.406776428,39.16759491,9.503162293412526,481.055541992,Bottom
33-053-05050-0000,KOALA WOLD 153-97-1-5-9-15H,KODIAK OIL & GAS (USA) INC.,Bakken,9737.0,2014-03-01,318.766662598,221.597549438,159.28729248,115.817070007,32.73766689925028,481.055541992,Mid
33-053-05053-0000,KOALA WOLD 153-97-1-5-29-2H,KODIAK OIL & GAS (USA) INC.,Bakken,8547.0,2014-03-05,221.02444458,151.214614868,109.605026245,84.264694214,25.859885875745874,481.055541992,Bottom
33-053-05058-0000,SALERS 1-27H,"CONTINENTAL RESOURCES, INC.",Bakken,9556.0,2014-05-05,164.366668701,140.472106934,132.971725464,130.088745117,17.200362986709923,481.055541992,Bottom
33-053-05059-0000,SALERS 2-27H,"CONTINENTAL RESOURCES, INC.",Bakken,9679.0,2014-05-07,228.602157593,149.694030762,125.611991882,119.92616272,23.61836528494679,481.055541992,Bottom
33-053-05065-0000,HOLM 150-98-17-20-3H,NEWFIELD PRODUCTION COMPANY,Bakken,9228.0,2014-01-01,163.545333862,127.955314636,112.945266724,90.288581848,17.72272798677937,481.055541992,Bottom
33-053-05068-0000,RISING SUN 21-1MBH-5NH,BURLINGTON RESOURCES OIL & GAS COMPANY LP,Bakken,9551.0,2014-05-21,73.538330078,66.678520203,70.024093628,66.000946045,7.699542464453984,481.055541992,Bottom
33-053-05069-0000,SUNLINE 21-1MBH-5SH,BURLINGTON RESOURCES OIL & GAS COMPANY LP,Bakken,9083.0,2014-05-09,713.049438477,546.530822754,422.507720947,292.841094971,78.50373648321039,481.055541992,Mid
33-053-05073-0000,DUKE 34X-31B,XTO ENERGY INC,Bakken,9305.0,2014-02-27,197.0887146,185.804656982,162.438323975,117.606163025,21.18094729715207,481.055541992,Bottom
33-053-05075-0000,DUKE 34X-31A,XTO ENERGY INC,Bakken,10175.0,2014-03-17,216.737991333,194.209136963,157.990982056,110.134216309,21.30103108923833,481.055541992,Bottom
33-053-05078-0000,CEYNAR 5200 11-28B,OASIS PETROLEUM NORTH AMERICA LLC,Bakken,9671.0,2013-12-18,1045.12902832,663.114562988,451.128601074,314.676361084,108.06835159962777,481.055541992,Top
33-053-05082-0000,SKARSTON 1-12 #7H,STATOIL OIL & GAS LP,Bakken,10995.0,2016-03-09,875.233337402,671.649108887,545.570678711,488.379638672,79.60285015025012,481.055541992,Top
33-053-05083-0000,SKARSTON 1-12 #4H,STATOIL OIL & GAS LP,Bakken,10596.0,2016-03-30,309.034820557,304.993896484,242.99357605,268.14642334,29.16523410315213,481.055541992,Mid
33-053-05084-0000,SKARSTON 1-12 #5H,STATOIL OIL & GAS LP,Bakken,10603.0,2016-03-21,409.643005371,339.597320557,183.035690308,112.001823425,38.63463221456192,481.055541992,Mid
33-053-05086-0000,ZORRO 4-35-26BH,QEP ENERGY COMPANY,Bakken,9891.0,2014-01-10,868.928405762,626.555541992,466.650299072,351.260284424,87.85041004569811,481.055541992,Top
33-053-05087-0000,ZORRO 3-35-26BH,QEP ENERGY COMPANY,Bakken,9797.0,2014-01-12,791.006652832,639.263549805,503.514801025,360.504699707,80.73968080351128,481.055541992,Mid
33-053-05088-0000,HOLM 150-98-5-8-2H,NEWFIELD PRODUCTION COMPANY,Bakken,9813.0,2014-03-10,196.092224121,153.694625854,129.324478149,90.394859314,19.98290269244879,481.055541992,Bottom
33-053-05090-0000,HOLM 150-98-5-8-3H,NEWFIELD PRODUCTION COMPANY,Bakken,9318.0,2014-03-11,744.753356934,541.058532715,405.027770996,298.411834717,79.92631003799099,481.055541992,Mid
33-053-05092-0000,HA-THOMPSON 152-95-2017H-4,HESS CORPORATION,Bakken,9341.0,2014-10-15,490.793151855,332.564697266,228.597320557,148.957305908,52.54182120276202,481.055541992,Mid
33-053-05096-0000,POGO 2-28-33BH,QEP ENERGY COMPANY,Bakken,10256.0,2014-03-20,881.152404785,611.934692383,516.667602539,376.267425537,85.91579609838143,481.055541992,Top
33-053-05097-0000,POGO 1-28-33BH,QEP ENERGY COMPANY,Bakken,9808.0,2014-03-19,1032.554443359,638.905944824,551.483337402,405.615539551,105.27675809125205,481.055541992,Top
33-053-05101-0000,BLUE RIDGE 24-31MBH,BURLINGTON RESOURCES OIL & GAS COMPANY LP,Bakken,9536.0,2014-01-16,198.092773438,116.397850037,161.782669067,141.061828613,20.773151576971475,481.055541992,Bottom
33-053-05105-0000,BLUE RIDGE 44-31MBH,BURLINGTON RESOURCES OIL & GAS COMPANY LP,Bakken,9478.0,2014-01-30,110.0,97.039611816,162.412963867,119.814613342,11.605824013504959,481.055541992,Bottom
33-053-05106-0000,BLUE RIDGE 41-30MBH ULW,BURLINGTON RESOURCES OIL & GAS COMPANY LP,Bakken,9570.0,2014-06-19,104.543891907,141.395065308,131.05090332,95.702682495,10.924126636050156,481.055541992,Bottom
33-053-05114-0000,PONCHO 1-3-10BH,QEP ENERGY COMPANY,Bakken,9636.0,2014-04-28,1077.620483398,806.263793945,554.458374023,377.931762695,111.83276083416357,481.055541992,Top
33-053-05116-0000,PONCHO 2-3-10BH,QEP ENERGY COMPANY,Bakken,9945.0,2014-04-24,173.541931152,123.443611145,100.937660217,74.642524719,17.45016904494721,481.055541992,Bottom
33-053-05121-0000,ARCHER 44-25MBH,BURLINGTON RESOURCES OIL & GAS COMPANY LP,Bakken,6935.0,2014-02-03,955.833312988,886.211120605,716.79498291,512.276794434,137.82744239192502,481.055541992,Top
33-053-05124-0000,CHITWOOD 34-36-2H,WHITING OIL AND GAS CORPORATION,Bakken,9603.0,2014-01-25,760.243591309,465.191101074,336.628051758,233.847808838,79.16730097979797,481.055541992,Mid
33-053-05126-0000,KELTER FEDERAL 7-12H3,"ZENERGY, INC",Bakken,9338.0,2014-03-02,41.350666046,25.364011765,19.168539047,14.729507446,4.428214397729707,481.055541992,Bottom
33-053-05128-0000,KELTER FEDERAL 7-1H2,"ZENERGY, INC",Bakken,10328.0,2014-03-13,343.11026001,224.532592773,211.255065918,176.752807617,33.221365221727346,481.055541992,Mid
33-053-05132-0000,ARCHER 24-25MBH,BURLINGTON RESOURCES OIL & GAS COMPANY LP,Bakken,6904.0,2014-02-07,999.299987793,760.944458008,626.274169922,485.237792969,144.7421766791715,481.055541992,Top
33-053-05137-0000,HA-CHAPIN 152-95-3229H-4,HESS CORPORATION,Bakken,9324.0,2014-04-22,1223.446289062,801.06237793,594.428771973,388.106842041,131.2147457166452,481.055541992,Top
33-053-05139-0000,MORK FARM 24-8-2H,WHITING OIL AND GAS CORPORATION,Bakken,9454.0,2014-06-19,999.247619629,616.712158203,419.500213623,278.608215332,105.69574990786968,481.055541992,Top
33-053-05140-0000,MORK FARM 24-8H,WHITING OIL AND GAS CORPORATION,Bakken,10408.0,2014-06-19,242.062225342,128.954833984,90.883239746,67.896697998,23.257323726172178,481.055541992,Mid
33-053-05145-0000,KUHN FEDERAL 3-12H,"CONTINENTAL RESOURCES, INC.",Bakken,11026.0,2014-05-15,163.57258606,127.179626465,102.781013489,76.833747864,14.835170148739342,481.055541992,Bottom
33-053-05147-0000,PATTERSON FEDERAL  5-13H,"CONTINENTAL RESOURCES, INC.",Bakken,10384.0,2015-10-06,690.033325195,452.499633789,325.140441895,218.099243164,66.45159140937982,481.055541992,Mid
33-053-05149-0000,KUHN FEDERAL 5-12H,"CONTINENTAL RESOURCES, INC.",Bakken,10194.0,2015-10-05,221.822219849,141.405090332,98.868347168,86.979026794,21.760076500784773,481.055541992,Bottom
33-053-05151-0000,CAPITOL 14-7MBH,BURLINGTON RESOURCES OIL & GAS COMPANY LP,Bakken,10214.0,2014-05-14,296.593841553,251.249252319,210.734771729,168.935852051,29.037971563833953,481.055541992,Mid
33-053-05153-0000,CAPITOL 24-7MBH,BURLINGTON RESOURCES OIL & GAS COMPANY LP,Bakken,10415.0,2014-04-26,321.453399658,267.678405762,242.565231323,198.648269653,30.86446468151705,481.055541992,Mid
33-053-05154-0000,BW-ELLEN IDA- 150-99-3031H-2,HESS CORPORATION,Bakken,9062.0,2014-01-24,160.638885498,94.459831238,71.83392334,49.745628357,17.726648145883914,481.055541992,Bottom
33-053-05155-0000,BW-ELLEN IDA- 150-99-3031H-3,HESS CORPORATION,Bakken,9692.0,2014-01-10,164.396026611,115.928009033,77.553604126,52.999263763,16.96203328631861,481.055541992,Bottom
33-053-05157-0000,BIG JON 11-2MBH-ULW,BURLINGTON RESOURCES OIL & GAS COMPANY LP,Bakken,9460.0,2014-08-06,817.12902832,592.944091797,425.691375732,307.131164551,86.37727572093023,481.055541992,Mid
33-053-05158-0000,BIG SUN 41-2MBH-ULW,BURLINGTON RESOURCES OIL & GAS COMPANY LP,Bakken,9518.0,2014-05-23,165.299438477,119.617904663,102.621444702,82.817207336,17.36703493139315,481.055541992,Bottom
33-053-05159-0000,SANDERS 150-100-9-10-1H,TRIANGLE USA PETROLEUM CORPORATION,Bakken,9372.0,2014-01-30,615.033325195,495.200012207,377.961456299,258.390228271,65.62455454492104,481.055541992,Mid
33-053-05160-0000,BIG BEND 11-2MBH,BURLINGTON RESOURCES OIL & GAS COMPANY LP,Bakken,9537.0,2014-07-26,77.327957153,93.057411194,83.9245224,68.737792969,8.10820563625878,481.055541992,Bottom
33-053-05165-0000,BIG BEND 21-2MBH,BURLINGTON RESOURCES OIL & GAS COMPANY LP,Bakken,9630.0,2014-05-28,443.066680908,332.69317627,420.845214844,383.486968994,46.00900113271028,481.055541992,Mid
33-053-05167-0000,LOOMER 24X-34A,XTO ENERGY INC,Bakken,10010.0,2014-07-23,204.423934937,149.445632935,117.798103333,90.22567749,20.421971522177824,481.055541992,Bottom
33-053-05174-0000,RITA 24X-34A,XTO ENERGY INC,Bakken,9543.0,2014-07-16,224.088882446,156.309143066,110.862335205,78.301383972,23.482016393796503,481.055541992,Bottom
33-053-05175-0000,LEFTY  5200 14-30 #3B,OASIS PETROLEUM NORTH AMERICA LLC,Bakken,9404.0,2014-04-19,97.697135925,55.96672821,43.420547485,33.931491852,10.388891527541471,481.055541992,Bottom
33-053-05176-0000,HYSTED 5200 14-30 #2B,OASIS PETROLEUM NORTH AMERICA LLC,Bakken,10122.0,2014-03-29,805.166687012,675.793334961,556.946594238,441.479095459,79.54620500019759,481.055541992,Mid
33-053-05178-0000,ELERY 1-13H,SM ENERGY COMPANY,Bakken,10038.0,2014-06-20,585.750549316,299.801574707,286.201599121,215.566772461,58.35331234469018,481.055541992,Mid
33-053-05180-0000,TAT 3-35-26BH,QEP ENERGY COMPANY,Bakken,9838.0,2014-04-10,654.067810059,492.161651611,364.053833008,254.682739258,66.48381887162024,481.055541992,Mid
33-053-05181-0000,TAT 4-35-26BH,QEP ENERGY COMPANY,Bakken,9848.0,2014-04-08,702.51159668,470.741210938,384.335418701,291.528564453,71.33545863931762,481.055541992,Mid
33-053-05184-0000,JOHNSTON 7-6 #6H,STATOIL OIL & GAS LP,Bakken,10815.0,2014-11-27,543.593322754,652.249450684,632.91418457,543.374938965,50.26290547887194,481.055541992,Mid
33-053-05186-0000,JOHNSTON 7-6 #4H,STATOIL OIL & GAS LP,Bakken,11195.0,2015-05-02,820.383361816,554.956970215,408.716278076,294.496063232,73.2812292823582,481.055541992,Mid
33-053-05188-0000,CRATER LAKE 21-14MBH,BURLINGTON RESOURCES OIL & GAS COMPANY LP,Bakken,9356.0,2014-03-15,973.166687012,861.773132324,675.878601074,492.677429199,104.01525085634887,481.055541992,Top
33-053-05189-0000,CRATER LAKE 31-14MBH,BURLINGTON RESOURCES OIL & GAS COMPANY LP,Bakken,9376.0,2014-03-15,987.493530273,822.672241211,637.652954102,481.461425781,105.32140894549916,481.055541992,Top
33-053-05191-0000,CRATER LAKE 41-14MBH,BURLINGTON RESOURCES OIL & GAS COMPANY LP,Bakken,9455.0,2014-04-01,271.808258057,181.20741272,127.252243042,90.256309509,28.74756827678477,481.055541992,Mid
33-053-05192-0000,SC-4WX- 153-98-3130H-1,HESS CORPORATION,Bakken,9998.0,2014-04-23,272.017456055,197.223922729,139.567581177,101.240898132,27.207187042908586,481.055541992,Mid
33-053-05194-0000,SC-4WX- 153-98-3130H-3,HESS CORPORATION,Bakken,10143.0,2014-05-05,1043.766723633,634.336120605,453.674804688,311.652954102,102.90512901833777,481.055541992,Top
33-053-05195-0000,SC-5WX- 152-99-0310H-1,HESS CORPORATION,Bakken,10257.0,2014-05-22,278.644439697,207.361114502,150.097824097,104.566665649,27.166270809885933,481.055541992,Mid
33-053-05199-0000,MONTPELIER 4-14H,"CONTINENTAL RESOURCES, INC.",Bakken,9118.0,2014-05-29,621.559265137,461.606292725,406.97958374,303.504119873,68.16837740041676,481.055541992,Mid
33-053-05202-0000,TRUE FEDERAL 33-35 2H MB1,TRUE OIL LLC,Bakken,3859.0,2014-01-23,91.386917114,60.226463318,41.617660522,31.640712738,23.681502232184503,481.055541992,Bottom
33-053-05205-0000,SHERVEN TRUST 153-95-27B-3H,"PETRO-HUNT, L.L.C.",Bakken,5771.0,2014-02-01,209.822219849,193.148895264,139.654312134,86.992095947,36.35803497643389,481.055541992,Bottom
33-053-05207-0000,WRIGHT 44-34H,WHITING OIL AND GAS CORPORATION,Bakken,10847.0,2014-06-03,242.405929565,174.897033691,117.083358765,84.578804016,22.34773942703052,481.055541992,Mid
33-053-05210-0000,EXCALIBUR 1-25-36H,"EMERALD OIL, INC",Bakken,9434.0,2014-04-11,156.393371582,99.146392822,61.21787262,41.989646912,16.57763107716769,481.055541992,Bottom
33-053-05212-0000,HARLEY 41-2MBH,BURLINGTON RESOURCES OIL & GAS COMPANY LP,Bakken,8276.0,2015-06-27,885.453735352,715.499633789,697.838562012,629.031982422,106.99054317931368,481.055541992,Top
33-053-05214-0000,KIRKLAND 1-23-14BH,QEP ENERGY COMPANY,Bakken,10010.0,2014-10-11,183.072219849,139.45362854,115.542961121,84.21131134,18.28893305184815,481.055541992,Bottom
33-053-05215-0000,KIRKLAND 2-23-14BH,QEP ENERGY COMPANY,Bakken,9787.0,2014-10-06,1287.716674805,814.838500977,612.777954102,414.932495117,131.5741978956779,481.055541992,Top
33-053-05217-0000,DWYER 150-101-35-26-2H,TRIANGLE USA PETROLEUM CORPORATION,Bakken,9681.0,2014-01-09,136.814971924,77.091171265,59.61857605,45.627632141,14.132318141101127,481.055541992,Bottom
33-053-05218-0000,DWYER 150-101-35-26-3H,TRIANGLE USA PETROLEUM CORPORATION,Bakken,9954.0,2014-02-13,467.249450684,360.292114258,306.013244629,213.513031006,46.94087308458911,481.055541992,Mid
33-053-05219-0000,DWYER  150-101-35-26-4H,TRIANGLE USA PETROLEUM CORPORATION,Bakken,10068.0,2014-01-10,128.325927734,74.294624329,57.325866699,39.128768921,12.745920513905444,481.055541992,Bottom
33-053-05223-0000,KOALA 16-32-29-1H,KODIAK OIL & GAS (USA) INC.,Bakken,8779.0,2014-06-10,231.455734253,192.897613525,141.86366272,99.57888031,26.364703753616585,481.055541992,Mid
33-053-05225-0000,EIDE 150-99-7-6-4H,NEWFIELD PRODUCTION COMPANY,Bakken,10441.0,2014-01-12,151.497619629,107.016479492,86.137413025,59.716278076,14.509876413083038,481.055541992,Bottom
33-053-05226-0000,KARST 21-17-1H,WHITING OIL AND GAS CORPORATION,Bakken,9388.0,2014-05-19,315.817230225,242.164154053,189.119171143,134.221542358,33.640523032062205,481.055541992,Mid
33-053-05227-0000,SCHLOTHAUER 24-8-2H,WHITING OIL AND GAS CORPORATION,Bakken,9984.0,2014-05-26,364.873321533,312.185913086,232.84236145,160.444015503,36.545805442007214,481.055541992,Mid
33-053-05228-0000,EIDE 150-99-7-6-3H,NEWFIELD PRODUCTION COMPANY,Bakken,10238.0,2014-01-13,636.47857666,493.304443359,377.563232422,264.228363037,62.168253238913856,481.055541992,Mid
33-053-05229-0000,EIDE 150-99-7-6-2H,NEWFIELD PRODUCTION COMPANY,Bakken,10132.0,2014-01-12,622.383361816,460.569244385,341.04083252,248.460357666,61.427493270430325,481.055541992,Mid
33-053-05230-0000,SCHLOTHAUER 24-8-1H,WHITING OIL AND GAS CORPORATION,Bakken,9922.0,2014-05-11,57.108612061,41.389663696,33.839134216,24.058917999,5.755756103708929,481.055541992,Bottom
33-053-05231-0000,OAKLAND FEDERAL 1-1H,SM ENERGY COMPANY,Bakken,9796.0,2014-12-11,490.098480225,331.878997803,272.486206055,217.0730896,50.030469602388735,481.055541992,Mid
33-053-05232-0000,CAPER 2-15-22H,"EMERALD OIL, INC",Bakken,10230.0,2014-05-09,658.833312988,427.417205811,297.318725586,244.056381226,64.40208338103616,481.055541992,Mid
33-053-05234-0000,CAPER 4-15-22H,"EMERALD OIL, INC",Bakken,10123.0,2014-03-03,122.526878357,85.727897644,55.106285095,34.795387268,12.103810960881162,481.055541992,Bottom
33-053-05236-0000,VAN HISE TRUST  153-95-28D-21-5H,"PETRO-HUNT, L.L.C.",Bakken,9157.0,2014-09-24,372.940856934,208.791641235,143.046447754,135.026321411,40.727406020967564,481.055541992,Mid
33-053-05242-0000,VEEDER 2-27-34BH,QEP ENERGY COMPANY,Bakken,9674.0,2014-06-07,619.776367188,552.602783203,464.824920654,329.132049561,64.06619466487493,481.055541992,Mid
33-053-05244-0000,VEEDER 3-27-34BH,QEP ENERGY COMPANY,Bakken,9930.0,2014-06-03,191.307525635,141.062820435,108.968597412,75.767303467,19.265611846424974,481.055541992,Bottom
33-053-05246-0000,VEEDER 4-27-34BH,QEP ENERGY COMPANY,Bakken,10401.0,2014-05-30,873.977783203,654.989257812,529.823364258,384.839782715,84.02824566897414,481.055541992,Top
33-053-05249-0000,SANDERS 150-100-9-10-2H,TRIANGLE USA PETROLEUM CORPORATION,Bakken,9418.0,2014-01-30,623.387084961,504.024017334,387.603271484,267.495880127,66.19102622223403,481.055541992,Mid
33-053-05250-0000,PONCHO  5-3-10BH,QEP ENERGY COMPANY,Bakken,9952.0,2014-04-20,161.477416992,123.741271973,96.556785583,68.902061462,16.225624697749197,481.055541992,Bottom
33-053-05251-0000,BOWLINE 1-3-10H,HUNT OIL COMPANY,Bakken,8375.0,2014-03-17,69.916114807,48.937652588,35.940731049,28.936271667,8.34819281277612,481.055541992,Bottom
33-053-05253-0000,RINK 13X-4A,XTO ENERGY INC,Bakken,9526.0,2014-04-13,207.684402466,188.072219849,158.350204468,116.665985107,21.801847833928196,481.055541992,Bottom
33-053-05255-0000,RINK 13X-4B,XTO ENERGY INC,Bakken,9594.0,2014-05-01,186.779754639,177.332962036,150.010345459,109.012695312,19.468392186679175,481.055541992,Bottom
33-053-05257-0000,HA-CHAPIN-LE- 152-95-3229H-1,HESS CORPORATION,Bakken,10733.0,2014-05-06,276.953338623,239.189361572,188.922149658,143.720367432,25.803907446473488,481.055541992,Mid
33-053-05258-0000,PRAIRIE USA FEDERAL 1-12H,"ZENERGY, INC",Bakken,9688.0,2014-02-19,35.505374908,25.290740967,19.729040146,14.032876968,3.664881803055326,481.055541992,Bottom
33-053-05260-0000,MONTPELIER 2-14H,"CONTINENTAL RESOURCES, INC.",Bakken,9142.0,2014-05-15,72.27419281,61.697719574,50.850788116,43.625217438,7.9057310008750825,481.055541992,Bottom
33-053-05261-0000,NORGARD 21-13-2H,WHITING OIL AND GAS CORPORATION,Bakken,9499.0,2014-01-18,190.576187134,126.451911926,82.294212341,61.225299835,20.06276314706811,481.055541992,Bottom
33-053-05262-0000,NORGARD 41-13-2H,WHITING OIL AND GAS CORPORATION,Bakken,9640.0,2014-03-09,666.11517334,521.88494873,385.516967773,279.682647705,69.09908437136929,481.055541992,Mid
33-053-05264-0000,HOVLAND 150-99-26-35-2H,NEWFIELD PRODUCTION COMPANY,Bakken,10086.0,2014-05-16,55.549999237,28.750537872,30.347326279,25.158905029,5.507634268986714,481.055541992,Bottom
33-053-05265-0000,HOVLAND 150-99-26-35-3H,NEWFIELD PRODUCTION COMPANY,Bakken,9958.0,2014-05-17,553.816650391,408.892822266,302.757995605,214.082199097,55.615249085258085,481.055541992,Mid
33-053-05266-0000,HOVLAND 150-99-26-35-4H,NEWFIELD PRODUCTION COMPANY,Bakken,10207.0,2014-05-16,533.551086426,379.947662354,305.57699585,217.267959595,52.27305637562456,481.055541992,Mid
33-053-05269-0000,JAMESTOWN FEDERAL 5-17H,"CONTINENTAL RESOURCES, INC.",Bakken,9427.0,2015-06-04,691.0,601.540710449,502.495788574,390.174621582,73.3000954704572,481.055541992,Mid
33-053-05271-0000,BRODERSON 31X-27C,XTO ENERGY INC,Bakken,9953.0,2014-05-21,732.79675293,605.321166992,506.918884277,377.498291016,73.62571615894706,481.055541992,Mid
33-053-05273-0000,BRODERSON 31X-27D,XTO ENERGY INC,Bakken,4998.0,2014-05-22,527.25,413.787811279,336.394775391,270.501922607,105.4921968787515,481.055541992,Mid
33-053-05274-0000,TAYLOR 34-7-2H,WHITING OIL AND GAS CORPORATION,Bakken,9946.0,2014-01-13,911.5,486.355560303,335.513580322,248.698822021,91.64488236476976,481.055541992,Top
33-053-05275-0000,SCOTT 150-99-13-24-4H,NEWFIELD PRODUCTION COMPANY,Bakken,9534.0,2014-05-06,644.41998291,467.406799316,347.036987305,244.36428833,67.59177500629326,481.055541992,Mid
33-053-05276-0000,SCOTT 150-99-13-24-5H,NEWFIELD PRODUCTION COMPANY,Bakken,9510.0,2014-05-07,622.672241211,438.802856445,323.104095459,229.999557495,65.47552483817036,481.055541992,Mid
33-053-05278-0000,WISNESS STATE 152-96-21-16-1HX,NEWFIELD PRODUCTION COMPANY,Bakken,5605.0,2014-02-19,196.12437439,156.347915649,134.576248169,101.82635498,34.99096777698483,481.055541992,Bottom
33-053-05281-0000,ROLFSRUD STATE  152-96-21-16-2HZ,NEWFIELD PRODUCTION COMPANY,Bakken,6828.0,2014-02-27,199.614517212,143.980407715,139.093063354,114.836135864,29.234697892794376,481.055541992,Bottom
33-053-05282-0000,ROCHESTER FEDERAL 6-24H,"CONTINENTAL RESOURCES, INC.",Bakken,9332.0,2014-10-12,704.419372559,495.914276123,442.668395996,350.418457031,75.48428767241748,481.055541992,Mid
33-053-05284-0000,CHERRY STATE 31-16H,WHITING OIL AND GAS CORPORATION,Bakken,9856.0,2014-02-12,720.104553223,528.444458008,364.279449463,257.528564453,73.06255613058036,481.055541992,Mid
33-053-05285-0000,CHERRY STATE 31-16-2H,WHITING OIL AND GAS CORPORATION,Bakken,9556.0,2014-03-01,996.517944336,601.311096191,429.898712158,293.711425781,104.28191129510256,481.055541992,Top
33-053-05286-0000,WAHUS STATE 152-97-12-1-4H,NEWFIELD PRODUCTION COMPANY,Bakken,11045.0,2014-04-30,836.251586914,605.30682373,452.244262695,319.333068848,75.71313598134903,481.055541992,Mid
33-053-05288-0000,WAHUS STATE 152-97-12-1-3H,NEWFIELD PRODUCTION COMPANY,Bakken,10462.0,2014-04-28,210.731185913,186.621612549,161.709030151,118.53087616,20.14253354167463,481.055541992,Bottom
33-053-05290-0000,TAT 4-33-28BH,QEP ENERGY COMPANY,Bakken,9928.0,2014-05-05,348.538879395,205.119812012,124.053764343,97.227668762,35.10665586170427,481.055541992,Mid
33-053-05292-0000,TAT 3-33-28BH,QEP ENERGY COMPANY,Bakken,9845.0,2014-05-09,951.134521484,696.451843262,476.621917725,305.715148926,96.61092143057388,481.055541992,Top
33-053-05294-0000,JERRY 2-8H,"CONTINENTAL RESOURCES, INC.",Bakken,9794.0,2014-08-31,669.942199707,545.006652832,460.348846436,339.199829102,68.40332853859505,481.055541992,Mid
33-053-05296-0000,ANTELOPE  1-31-30H,HUNT OIL COMPANY,Bakken,10002.0,2014-03-12,413.700012207,315.537780762,244.408676147,192.259750366,41.361728874925014,481.055541992,Mid
33-053-05297-0000,WISNESS 14-34-2H,WHITING OIL AND GAS CORPORATION,Bakken,9758.0,2014-03-04,215.594451904,131.463027954,93.442008972,69.026115417,22.094122966181597,481.055541992,Bottom
33-053-05298-0000,WISNESS 14-34H,WHITING OIL AND GAS CORPORATION,Bakken,9862.0,2014-03-04,160.911911011,105.134567261,78.427856445,62.973972321,16.316356825288988,481.055541992,Bottom
33-053-05299-0000,JERRY 5-8H,"CONTINENTAL RESOURCES, INC.",Bakken,9457.0,2014-08-30,131.56111145,93.356155396,71.428604126,57.794750214,13.91150591625251,481.055541992,Bottom
33-053-05301-0000,ROLFSRUD STATE 152-96-29-32-1H,NEWFIELD PRODUCTION COMPANY,Bakken,8989.0,2014-11-06,198.832260132,164.968322754,163.597610474,132.763397217,22.119508302592052,481.055541992,Bottom
33-053-05303-0000,ROLFSRUD STATE 152-96-29-32-2HZ,NEWFIELD PRODUCTION COMPANY,Bakken,8078.0,2014-11-07,190.741928101,149.905288696,144.199432373,111.09664917,23.612518952834865,481.055541992,Bottom
33-053-05305-0000,JERRY 6-8H,"CONTINENTAL RESOURCES, INC.",Bakken,9627.0,2014-09-26,814.793518066,541.799987793,451.408233643,356.707427979,84.63628524628649,481.055541992,Mid
33-053-05306-0000,BRATCHER 14-36-2H,WHITING OIL AND GAS CORPORATION,Bakken,10080.0,2014-04-04,679.075866699,462.195739746,346.821807861,240.081283569,67.36863756934524,481.055541992,Mid
33-053-05307-0000,BRATCHER 14-36H,WHITING OIL AND GAS CORPORATION,Bakken,9472.0,2014-04-04,152.355987549,102.994155884,75.22379303,67.363105774,16.084880442250846,481.055541992,Bottom
33-053-05312-0000,SKAAR 150-99-15-22-2H,NEWFIELD PRODUCTION COMPANY,Bakken,9544.0,2014-03-16,130.53036499,93.608329773,84.051673889,57.677612305,13.676693733235542,481.055541992,Bottom
33-053-05313-0000,SKAAR 150-99-15-22-3H,NEWFIELD PRODUCTION COMPANY,Bakken,9642.0,2014-03-17,660.700012207,469.818511963,352.533416748,249.230484009,68.52312924777017,481.055541992,Mid
33-053-05315-0000,CHERRY STATE 21-16-2H,WHITING OIL AND GAS CORPORATION,Bakken,9516.0,2014-02-04,737.38482666,471.477783203,318.924072266,217.24307251,77.48894773644389,481.055541992,Mid
33-053-05316-0000,BW-SHARON- 150-100-2536H-4,HESS CORPORATION,Bakken,9145.0,2014-04-19,772.616638184,518.341918945,359.399993896,245.991073608,84.48514359584472,481.055541992,Mid
33-053-05327-0000,SEQUOIA  14-9MBH,BURLINGTON RESOURCES OIL & GAS COMPANY LP,Bakken,10526.0,2014-07-28,202.574630737,156.742965698,156.586853027,123.207290649,19.245167275033253,481.055541992,Bottom
33-053-05329-0000,HOFFMANN 149-98-11-2-2H,NEWFIELD PRODUCTION COMPANY,Bakken,9403.0,2014-05-28,185.077041626,141.813919067,109.865440369,76.679603577,19.682765247899606,481.055541992,Bottom
33-053-05331-0000,HOFFMANN FEDERAL 149-98-11-2-3H,NEWFIELD PRODUCTION COMPANY,Bakken,9948.0,2014-05-30,703.684448242,506.110046387,369.825561523,262.23059082,70.73627344611982,481.055541992,Mid
33-053-05332-0000,COURAGE 150-94-06A-18H,ENERPLUS RESOURCES USA CORPORATION,Bakken,13868.0,2014-06-07,1671.873168945,1281.744384766,1065.999511719,847.065490723,120.55618466577734,481.055541992,Top
33-053-05335-0000,HOFFMAN 149-98-14-23-3H,NEWFIELD PRODUCTION COMPANY,Bakken,9798.0,2014-07-30,664.704284668,481.766296387,357.821716309,252.621917725,67.84081288711982,481.055541992,Mid
33-053-05336-0000,HOFFMAN 149-98-14-23-2H,NEWFIELD PRODUCTION COMPANY,Bakken,9974.0,2014-07-28,191.38710022,147.245407104,119.897911072,89.245513916,19.18860038299579,481.055541992,Bottom
33-053-05341-0000,GLOVATSKY 145-98-24D-13-2H,"PETRO-HUNT, L.L.C.",Bakken,9246.0,2015-06-11,428.616119385,317.136657715,251.716308594,211.562774658,46.356924008760544,481.055541992,Mid
33-053-05347-0000,MACK 8-2H,"CONTINENTAL RESOURCES, INC.",Bakken,4839.0,2014-08-29,366.058013916,355.937042236,250.78994751,146.315063477,75.64745069559825,481.055541992,Mid
33-053-05352-0000,JAN 14X-34B,XTO ENERGY INC,Bakken,10154.0,2014-10-29,256.694458008,180.643615723,154.048080444,117.906051636,25.280131771518615,481.055541992,Mid
33-053-05353-0000,JAN 14X-34A,XTO ENERGY INC,Bakken,9829.0,2014-10-14,373.307525635,256.831085205,193.026000977,145.284011841,37.980214226777896,481.055541992,Mid
33-053-05354-0000,THURLOW - WILLIAMS 11-18-2H,WHITING OIL AND GAS CORPORATION,Bakken,9536.0,2014-03-20,737.799987793,460.620788574,333.714813232,267.172027588,77.36996516285654,481.055541992,Mid
33-053-05357-0000,EMMA 13-7H,SM ENERGY COMPANY,Bakken,9990.0,2014-06-18,156.327972412,135.487411499,96.822113037,84.492515564,15.648445686886888,481.055541992,Bottom
33-053-05359-0000,HA-LINK- 152-95-3526H-4,HESS CORPORATION,Bakken,9766.0,2014-06-01,301.944458008,267.590026855,232.61781311,150.936019897,30.91792525168954,481.055541992,Mid
33-053-05361-0000,TY WEBB  3-1-12H,"EMERALD OIL, INC",Bakken,9554.0,2014-04-13,92.602378845,65.001579285,44.927284241,28.532478333,9.69252447613565,481.055541992,Bottom
33-053-05363-0000,TY WEBB  1-1-12H,"EMERALD OIL, INC",Bakken,8722.0,2014-03-18,59.065078735,53.140102386,38.500705719,23.702875137,6.771965000573263,481.055541992,Bottom
33-053-05365-0000,DEAN WORMER  1-33-28H,"EMERALD OIL, INC",Bakken,9365.0,2014-04-08,67.470558167,45.723503113,33.589599609,22.252054214,7.204544385157501,481.055541992,Bottom
33-053-05366-0000,BW-SHARON-LE- 150-100-2536H-1,HESS CORPORATION,Bakken,9788.0,2014-04-11,219.243652344,193.410491943,124.236557007,81.740951538,22.399228886800163,481.055541992,Bottom
33-053-05367-0000,GUSTAFSON 148-100-5-8-2H,TRIANGLE USA PETROLEUM CORPORATION,Bakken,9063.0,2014-05-10,358.09677124,300.46774292,224.320098877,163.844741821,39.51194651219243,481.055541992,Mid
33-053-05368-0000,GUSTAFSON 148-100-5-8-3H,TRIANGLE USA PETROLEUM CORPORATION,Bakken,9205.0,2014-04-19,92.674728394,69.321746826,59.248252869,46.504623413,10.067868375230853,481.055541992,Bottom
33-053-05372-0000,BOWLINE 1-2-11H,HUNT OIL COMPANY,Bakken,8230.0,2014-05-15,55.397132874,41.250740051,32.680099487,29.521003723,6.731121855893074,481.055541992,Bottom
33-053-05373-0000,ANTELOPE  1-32-29H,HUNT OIL COMPANY,Bakken,9833.0,2014-05-15,376.376678467,284.804656982,221.115982056,189.948303223,38.27689194213363,481.055541992,Mid
33-053-05374-0000,BW-ARNEGARD STATE- 151-100-3625H-5,HESS CORPORATION,Bakken,10055.0,2014-07-24,954.544799805,640.351135254,454.094421387,318.84552002,94.93235204425659,481.055541992,Top
33-053-05375-0000,BW-ARNEGARD STATE- 151-100-3625H-4,HESS CORPORATION,Bakken,9334.0,2014-07-16,1014.204589844,648.513305664,443.77053833,294.59777832,108.65701626783802,481.055541992,Top
33-053-05376-0000,BW-ARNEGARD STATE- 151-100-3625H-3,HESS CORPORATION,Bakken,9514.0,2014-07-10,155.579315186,107.494445801,82.834495544,60.717411041,16.352671346016397,481.055541992,Bottom
33-053-05377-0000,BW-ARNEGARD STATE- 151-100-3625H-2,HESS CORPORATION,Bakken,9818.0,2014-07-02,714.766662598,451.217285156,319.694213867,220.203796387,72.80165640639642,481.055541992,Mid
33-053-05378-0000,PIRATE  2-2-11H,"EMERALD OIL, INC",Bakken,9738.0,2014-05-14,759.717346191,482.215423584,338.917633057,243.091827393,78.0157471956254,481.055541992,Mid
33-053-05380-0000,PIRATE  4-2-11H,"EMERALD OIL, INC",Bakken,9621.0,2014-05-02,668.686950684,395.201782227,261.529327393,196.111419678,69.50285320486435,481.055541992,Mid
33-053-05381-0000,STATE 152-102-36-25-6H,TRIANGLE USA PETROLEUM CORPORATION,Bakken,9463.0,2014-03-29,716.372619629,470.562011719,304.779754639,240.444564819,75.70248543051888,481.055541992,Mid
33-053-05382-0000,STATE  152-102-36-25-5H,TRIANGLE USA PETROLEUM CORPORATION,Bakken,9462.0,2014-03-24,667.821411133,450.111114502,308.913116455,229.304107666,70.57930787708729,481.055541992,Mid
33-053-05383-0000,HOVDE  150-100-6-7-1H,TRIANGLE USA PETROLEUM CORPORATION,Bakken,9535.0,2014-03-03,742.766662598,588.84942627,444.979736328,307.210968018,77.89896828505506,481.055541992,Mid
33-053-05384-0000,WISNESS 150-100-23-14-5H,TRIANGLE USA PETROLEUM CORPORATION,Bakken,9266.0,2014-04-07,614.964538574,503.90536499,395.478393555,279.932434082,66.36785436801209,481.055541992,Mid
33-053-05385-0000,WISNESS 150-100-23-14-6H,TRIANGLE USA PETROLEUM CORPORATION,Bakken,9361.0,2014-04-08,144.618286133,111.651496887,96.169197083,68.073188782,15.449021058968057,481.055541992,Bottom
33-053-05386-0000,RIBBON 152-94-18B-19H,ENERPLUS RESOURCES USA CORPORATION,Bakken,10087.0,2014-04-08,2287.0,1678.848388672,1429.004272461,1053.544067383,226.72747100228017,481.055541992,Top
33-053-05388-0000,FEDELER 1-33H,"CONTINENTAL RESOURCES, INC.",Bakken,10094.0,2014-04-07,51.22580719,36.027160645,30.875312805,28.00182724,5.074876876362195,481.055541992,Bottom
33-053-05389-0000,THURLOW WILLIAMS 11-18H,WHITING OIL AND GAS CORPORATION,Bakken,9660.0,2014-03-20,798.602355957,478.983856201,339.715698242,254.326217651,82.67105134130435,481.055541992,Mid
33-053-05390-0000,MANDAREE 28-05H,"EOG RESOURCES, INC.",Bakken,4487.0,2014-09-28,1239.516113281,885.011535645,648.092346191,404.765838623,276.2460693739692,481.055541992,Top
33-053-05393-0000,MANDAREE 110-05H,"EOG RESOURCES, INC.",Bakken,4219.0,2014-09-21,349.075256348,228.357879639,147.703994751,96.059333801,82.73886142403413,481.055541992,Mid
33-053-05399-0000,BB-BELQUIST- 150-95-1110H-4,HESS CORPORATION,Bakken,9211.0,2014-08-11,125.700767517,,,,13.646810065899468,481.055541992,Bottom
33-053-05401-0000,BB-BELQUIST- 150-95-1110H-6,HESS CORPORATION,Bakken,9667.0,2014-08-27,1234.29309082,912.221862793,618.299926758,404.84463501,127.68108935760837,481.055541992,Top
33-053-05403-0000,FORT BERTHOLD 152-94-24D-13-7H,"HRC OPERATING, LLC",Bakken,9582.0,2014-07-24,1271.37109375,891.566650391,678.686645508,454.998168945,132.683270063661,481.055541992,Top
33-053-05405-0000,FORT BERTHOLD 152-94-24D-13-5H,"HRC OPERATING, LLC",Bakken,9619.0,2014-07-24,1312.94519043,932.968811035,752.182373047,510.132965088,136.4949776931074,481.055541992,Top
33-053-05409-0000,BUCKY 13-36H,"SHD OIL & GAS, LLC",Bakken,4467.0,2014-11-05,404.683319092,237.307998657,260.755889893,195.006011963,90.59398233534812,481.055541992,Mid
33-053-05411-0000,MARC 13-36H,"SHD OIL & GAS, LLC",Bakken,4292.0,2014-11-18,721.90802002,444.505554199,458.079742432,277.989044189,168.19851351817334,481.055541992,Mid
33-053-05413-0000,ERSA FEDERAL 2-4H,SINCLAIR OIL & GAS COMPANY,Bakken,8818.0,2017-07-11,240.56703186,207.190734863,146.080780029,98.194778442,27.281359929689273,481.055541992,Mid
33-053-05415-0000,ROLFSON 14X-34B,XTO ENERGY INC,Bakken,9617.0,2014-11-18,269.091949463,238.189300537,190.468719482,147.74256897,27.98086195934283,481.055541992,Mid
33-053-05417-0000,ROLFSON 14X-34A,XTO ENERGY INC,Bakken,9008.0,2014-12-08,286.333679199,234.28112793,192.078262329,149.883010864,31.7865984901199,481.055541992,Mid
33-053-05420-0000,HA-THOMPSON- 152-95-2017H-6,HESS CORPORATION,Bakken,9405.0,2014-10-25,233.233154297,184.645812988,133.984588623,98.544425964,24.79884681520468,481.055541992,Mid
33-053-05421-0000,OTIS 3-28-33BH,QEP ENERGY COMPANY,Bakken,10015.0,2014-07-02,310.128845215,199.018218994,150.5078125,125.658447266,30.966434869196206,481.055541992,Mid
33-053-05424-0000,OTIS 4-28-33BHR,QEP ENERGY COMPANY,Bakken,9960.0,2014-07-06,1222.615112305,1079.597167969,940.529968262,679.599182129,122.75252131576303,481.055541992,Top
33-053-05426-0000,BONNER 9-12H,SM ENERGY COMPANY,Bakken,9993.0,2014-06-12,815.821105957,628.527770996,479.721069336,331.653106689,81.63925807635344,481.055541992,Mid
33-053-05428-0000,FINSAAS 34-9-3H,WHITING OIL AND GAS CORPORATION,Bakken,7130.0,2014-12-17,396.933319092,297.42868042,252.867126465,193.729568481,55.67087224291725,481.055541992,Mid
33-053-05429-0000,FINSAAS 34-9-4H,WHITING OIL AND GAS CORPORATION,Bakken,8925.0,2015-01-06,609.852355957,399.657775879,312.452941895,234.093780518,68.33079618565826,481.055541992,Mid
33-053-05431-0000,RUBY STATE FEDERAL 34X-36B,XTO ENERGY INC,Bakken,9054.0,2014-09-14,134.13621521,99.245109558,101.723060608,87.91468811,14.815133113540975,481.055541992,Bottom
33-053-05432-0000,RUBY STATE FEDERAL 34X-36A,XTO ENERGY INC,Bakken,9841.0,2014-09-02,117.758232117,136.347747803,125.791542053,98.584014893,11.966083946448533,481.055541992,Bottom
33-053-05434-0000,RAVIN 26-35-7H,ABRAXAS PETROLEUM CORP.,Bakken,9365.0,2014-08-09,279.6277771,219.087036133,180.679534912,133.008773804,29.85881229044314,481.055541992,Mid
33-053-05435-0000,RAVIN 26-35-6H,ABRAXAS PETROLEUM CORP.,Bakken,9318.0,2014-08-09,925.200012207,706.982788086,533.638916016,374.75012207,99.29169480650354,481.055541992,Top
33-053-05436-0000,RAVIN 26-35-5H,ABRAXAS PETROLEUM CORP.,Bakken,9391.0,2014-08-05,287.144439697,222.937515259,185.089416504,139.557174683,30.57655624502183,481.055541992,Mid
33-053-05437-0000,RAVIN 26-35-4H,ABRAXAS PETROLEUM CORP.,Bakken,9330.0,2014-10-18,231.100006104,209.342773438,168.162963867,127.306541443,24.76956121157556,481.055541992,Mid
33-053-05438-0000,BRIER  5200 44-22 7B,OASIS PETROLEUM NORTH AMERICA LLC,Bakken,12328.0,2014-06-19,1379.911132812,1252.369873047,864.960754395,648.591796875,111.93308994256977,481.055541992,Top
33-053-05442-0000,BRIER  5200 44-22 3B,OASIS PETROLEUM NORTH AMERICA LLC,Bakken,12306.0,2014-07-05,198.566665649,160.47354126,130.686340332,111.851287842,16.135760251015764,481.055541992,Bottom
33-053-05444-0000,FORT BERTHOLD 152-93-19D-18-6H,"HRC OPERATING, LLC",Bakken,9842.0,2016-01-08,247.426391602,170.820373535,160.290557861,147.849594116,25.139848770778297,481.055541992,Mid
33-053-05445-0000,HAGEN 149-100-9-4-5H,TRIANGLE USA PETROLEUM CORPORATION,Bakken,9508.0,2014-05-17,112.099998474,106.704200745,91.141326904,63.109603882,11.790071358224655,481.055541992,Bottom
33-053-05446-0000,HAGEN 149-100-9-4-6H,TRIANGLE USA PETROLEUM CORPORATION,Bakken,9495.0,2014-05-18,105.958518982,83.538772583,68.204284668,55.265480042,11.159401683201686,481.055541992,Bottom
33-053-05447-0000,HAGEN 149-100-9-4-7H,TRIANGLE USA PETROLEUM CORPORATION,Bakken,9324.0,2014-07-12,155.319046021,92.949462891,65.964576721,52.311313629,16.657984343736594,481.055541992,Bottom
33-053-05448-0000,HAGEN 149-100-9-4-8H,TRIANGLE USA PETROLEUM CORPORATION,Bakken,9454.0,2014-07-12,668.233337402,422.057342529,321.702728271,241.374282837,70.68260391389887,481.055541992,Mid
33-053-05450-0000,FORT BERTHOLD 152-93-19D-18-4H,"HRC OPERATING, LLC",Bakken,9877.0,2015-08-04,235.201858521,218.615432739,158.485275269,105.399635315,23.813086819985823,481.055541992,Mid
33-053-05451-0000,AN-GUDBRANSON- 153-94-2215H-3,HESS CORPORATION,Bakken,9777.0,2017-09-27,1018.388916016,811.596069336,788.695800781,629.022705078,104.16169745484301,481.055541992,Top
33-053-05453-0000,AN-GUDBRANSON- 153-94-2215H-5,HESS CORPORATION,Bakken,9816.0,2017-09-13,1107.463134766,952.906677246,742.393859863,532.452148438,112.82224274307252,481.055541992,Top
33-053-05455-0000,AN-GUDBRANSON- 153-94-2215H-7,HESS CORPORATION,Bakken,9690.0,2017-09-04,1023.564453125,942.128295898,821.286682129,618.78692627,105.63100651444789,481.055541992,Top
33-053-05456-0000,CRATER LAKE 11-14MBH-R,BURLINGTON RESOURCES OIL & GAS COMPANY LP,Bakken,9297.0,2014-12-04,130.258956909,102.358001709,72.955482483,70.181541443,14.010859084543402,481.055541992,Bottom
33-053-05458-0000,MONSON FEDERAL 18-19H,OASIS PETROLEUM NORTH AMERICA LLC,Bakken,9281.0,2014-03-28,372.015472412,246.940856934,189.613967896,152.15814209,40.08355483374636,481.055541992,Mid
33-053-05462-0000,KUHN  7-13H,"CONTINENTAL RESOURCES, INC.",Bakken,11486.0,2015-10-25,744.666687012,643.603942871,583.629760742,456.561645508,64.83255154205119,481.055541992,Mid
33-053-05463-0000,SMOKEY 4-15-22-14H3,KODIAK OIL & GAS (USA) INC.,Bakken,9150.0,2015-05-25,501.409729004,310.856292725,236.062438965,157.159957886,54.79887748677595,481.055541992,Mid
33-053-05464-0000,LUCY 14X-32A,XTO ENERGY INC,Bakken,8913.0,2014-05-23,580.774169922,492.899261475,393.967651367,291.147674561,65.16034667586672,481.055541992,Mid
33-053-05466-0000,LUCY  14X-32B,XTO ENERGY INC,Bakken,9442.0,2014-05-29,119.607528687,81.01234436,80.16040802,70.33959198,12.667605241156535,481.055541992,Bottom
33-053-05467-0000,VEEDER 1-27-34BH,QEP ENERGY COMPANY,Bakken,9699.0,2014-06-05,836.511108398,641.370056152,454.712768555,332.258453369,86.24715005650067,481.055541992,Mid
33-053-05469-0000,HA-NELSON- 152-95-3328H-9,HESS CORPORATION,Bakken,10630.0,2014-10-27,263.561096191,204.780944824,138.475570679,95.279052734,24.79408242624647,481.055541992,Mid
33-053-05471-0000,HA-NELSON- 152-95-3328H-7,HESS CORPORATION,Bakken,10447.0,2014-10-17,363.041656494,240.476043701,164.379928589,101.5521698,34.75080468019527,481.055541992,Mid
33-053-05474-0000,RATTLE 152-94-18B-19H,ENERPLUS RESOURCES USA CORPORATION,Bakken,9649.0,2015-05-28,614.28692627,475.003326416,416.614959717,318.461120605,63.663273527826725,481.055541992,Mid
33-053-05480-0000,GAJEWSKI  31-18H,WHITING OIL AND GAS CORPORATION,Bakken,9508.0,2014-04-19,149.288894653,78.242889404,50.150730133,35.109706879,15.701398259676063,481.055541992,Bottom
33-053-05481-0000,GAJEWSKI  31-18-2H,WHITING OIL AND GAS CORPORATION,Bakken,9532.0,2014-04-19,147.720367432,93.87172699,61.068229675,40.464382172,15.497310892992026,481.055541992,Bottom
33-053-05483-0000,HA-NELSON A- 152-95-3427H-5,HESS CORPORATION,Bakken,10096.0,2014-09-03,280.98739624,208.531295776,158.243301392,102.576438904,27.831556679873216,481.055541992,Mid
33-053-05485-0000,HA-NELSON A- 152-95-3427H-3,HESS CORPORATION,Bakken,9668.0,2014-08-20,158.18888855,130.376113892,81.49269104,60.051319122,16.362110938146465,481.055541992,Bottom
33-053-05491-0000,HAMMER 12-36H,"SHD OIL & GAS, LLC",Bakken,3932.0,2015-10-26,172.727783203,126.568374634,68.378051758,44.186805725,43.928734283570705,481.055541992,Bottom
33-053-05493-0000,BULLET 12-36H,"SHD OIL & GAS, LLC",Bakken,4405.0,2014-06-25,238.182754517,158.56111145,118.138275146,97.511413574,54.07099989035187,481.055541992,Mid
33-053-05494-0000,MORK TRUST 21-17-6H,WHITING OIL AND GAS CORPORATION,Bakken,9690.0,2014-06-18,211.605560303,142.608779907,95.179679871,65.003379822,21.837519123116618,481.055541992,Bottom
33-053-05495-0000,VAN HISE TRUST 153-95-28D-21-1HS,"PETRO-HUNT, L.L.C.",Bakken,8765.0,2014-09-16,314.483337402,287.447418213,232.604171753,205.554214478,35.87944522555619,481.055541992,Mid
33-053-05498-0000,NORMAN 21-4MBH 2SH,BURLINGTON RESOURCES OIL & GAS COMPANY LP,Bakken,9493.0,2014-09-11,200.4609375,118.710571289,103.971626282,84.602455139,21.11671099757716,481.055541992,Bottom
33-053-05499-0000,DENALI 21-4MBH 3NH,BURLINGTON RESOURCES OIL & GAS COMPANY LP,Bakken,9657.0,2014-09-04,165.677429199,91.674606323,90.994567871,79.885948181,17.156200600497048,481.055541992,Bottom
33-053-05501-0000,GOOD VOICE 34-27HD,"WPX ENERGY WILLISTON, LLC",Bakken,8137.0,2014-11-10,959.240844727,863.297485352,695.118652344,564.169433594,117.88630265785915,481.055541992,Top
33-053-05504-0000,NORMAN 11-4MBH,BURLINGTON RESOURCES OIL & GAS COMPANY LP,Bakken,9504.0,2014-08-27,901.821411133,792.868469238,570.00793457,384.901977539,94.88861649126683,481.055541992,Top
33-053-05506-0000,JOHNSON 34-8-2H,WHITING OIL AND GAS CORPORATION,Bakken,9554.0,2014-02-14,958.889404297,581.925537109,404.143005371,277.212280273,100.3652296731212,481.055541992,Top
33-053-05508-0000,NORMAN 44-33MBH,BURLINGTON RESOURCES OIL & GAS COMPANY LP,Bakken,9610.0,2014-07-06,152.476303101,87.671424866,84.945823669,89.575721741,15.866420718106141,481.055541992,Bottom
33-053-05510-0000,OLE BOE 44-14MBH-ULW,BURLINGTON RESOURCES OIL & GAS COMPANY LP,Bakken,10079.0,2014-06-17,676.964416504,439.077789307,317.988861084,241.486755371,67.1658315809108,481.055541992,Mid
33-053-05511-0000,HAGEN BANKS 5298 #42-31 8B,OASIS PETROLEUM NORTH AMERICA LLC,Bakken,9479.0,2014-07-18,231.705551147,121.417129517,88.321006775,69.449081421,24.444092324823295,481.055541992,Mid
33-053-05514-0000,HAGEN BANKS 5298 #42-31 5B,OASIS PETROLEUM NORTH AMERICA LLC,Bakken,9722.0,2014-07-20,240.907531738,178.652984619,105.43914032,72.606575012,24.77962679880683,481.055541992,Mid
33-053-05518-0000,ARCHES 24-35MBH,BURLINGTON RESOURCES OIL & GAS COMPANY LP,Bakken,9447.0,2014-07-28,473.854827881,342.966674805,452.103607178,447.6847229,50.159291614374936,481.055541992,Mid
33-053-05520-0000,NORMAN 21-4MBH,BURLINGTON RESOURCES OIL & GAS COMPANY LP,Bakken,9614.0,2014-07-09,287.887451172,203.765609741,215.13633728,200.982696533,29.94460694528812,481.055541992,Mid
33-053-05522-0000,DENALI 21-4MBH,BURLINGTON RESOURCES OIL & GAS COMPANY LP,Bakken,9887.0,2014-07-23,39.412006378,37.520191193,66.507286072,56.059249878,3.9862452086578335,481.055541992,Bottom
33-053-05524-0000,MOBERG 2-22-15BH,QEP ENERGY COMPANY,Bakken,9088.0,2014-07-15,710.366638184,561.580627441,468.729064941,381.256134033,78.16534311003521,481.055541992,Mid
33-053-05525-0000,MOBERG 1-22-15BH,QEP ENERGY COMPANY,Bakken,9016.0,2014-07-11,266.833343506,187.550994873,173.352020264,154.576400757,29.59553499401065,481.055541992,Mid
33-053-05527-0000,KIRKLAND 4-23-14BH,QEP ENERGY COMPANY,Bakken,9912.0,2014-09-10,990.93548584,731.569152832,525.914611816,376.807952881,99.97331374495559,481.055541992,Top
33-053-05528-0000,KIRKLAND 3-23-14BH,QEP ENERGY COMPANY,Bakken,10013.0,2014-09-14,1036.466674805,762.90826416,546.153869629,374.073974609,103.5121017482273,481.055541992,Top
33-053-05530-0000,OLD ARCHES 14-35MBH ULW,BURLINGTON RESOURCES OIL & GAS COMPANY LP,Bakken,9698.0,2014-07-29,473.13571167,672.023803711,587.00970459,391.578094482,48.78693665394926,481.055541992,Mid
33-053-05531-0000,ARCHES 34-35MBH,BURLINGTON RESOURCES OIL & GAS COMPANY LP,Bakken,9694.0,2014-07-09,757.333312988,670.773498535,763.214050293,591.550109863,78.12392335341447,481.055541992,Mid
33-053-05533-0000,CHERRY CREEK STATE 44X-36C,XTO ENERGY INC,Bakken,9596.0,2014-06-21,616.87097168,475.936920166,389.610778809,281.562225342,64.28417795748229,481.055541992,Mid
33-053-05534-0000,CHERRY CREEK STATE 44X-36D,XTO ENERGY INC,Bakken,9527.0,2014-06-26,129.167953491,143.935928345,125.036705017,99.533111572,13.558093155347958,481.055541992,Bottom
33-053-05535-0000,EVY JUNE 41-18HU,WHITING OIL AND GAS CORPORATION,Bakken,9845.0,2014-05-11,284.598236084,209.404296875,170.258911133,129.16960144,28.90789599634332,481.055541992,Mid
33-053-05536-0000,ASBECK 44-7HU,WHITING OIL AND GAS CORPORATION,Bakken,9964.0,2014-05-06,434.322235107,342.851257324,265.184112549,182.503051758,43.589144430650336,481.055541992,Mid
33-053-05537-0000,MCCOY 44X-36D,XTO ENERGY INC,Bakken,9488.0,2014-06-14,751.633361816,629.293701172,496.361114502,375.927856445,79.21936781365937,481.055541992,Mid
33-053-05538-0000,MCCOY 44X-36C,XTO ENERGY INC,Bakken,9311.0,2014-06-07,715.832275391,652.478881836,525.430786133,392.291687012,76.88027874460316,481.055541992,Mid
33-053-05539-0000,USA 153-95-4B-8-2HS,"PETRO-HUNT, L.L.C.",Bakken,9168.0,2014-12-02,1401.489257812,998.738708496,862.224182129,726.405395508,152.86750194284468,481.055541992,Top
33-053-05544-0000,BW-KRAETSCH- 149-99-1423H-3,HESS CORPORATION,Bakken,9348.0,2014-10-04,899.555541992,501.617218018,336.668487549,225.460632324,96.2297327762088,481.055541992,Top
33-053-05545-0000,BW-R PETERSON- 149-99-1102H-3,HESS CORPORATION,Bakken,10451.0,2014-09-21,905.88848877,584.801330566,422.941101074,289.17791748,86.67959896373551,481.055541992,Top
33-053-05546-0000,BW-KRAETSCH- 149-99-1423H-2,HESS CORPORATION,Bakken,9273.0,2014-09-26,209.005554199,156.01789856,117.211006165,79.91191864,22.5391517522916,481.055541992,Bottom
33-053-05547-0000,BW-R PETERSON- 149-99-1102H-2,HESS CORPORATION,Bakken,9981.0,2014-09-16,197.043106079,141.439956665,107.075721741,73.883178711,19.74182006602545,481.055541992,Bottom
33-053-05548-0000,ROWE 150-101-1-12-5H,TRIANGLE USA PETROLEUM CORPORATION,Bakken,9479.0,2014-05-28,764.679992676,528.321838379,381.377624512,280.016265869,80.67095607933327,481.055541992,Mid
33-053-05549-0000,ROWE 150-101-1-12-6H,TRIANGLE USA PETROLEUM CORPORATION,Bakken,9401.0,2014-05-29,790.486694336,560.567016602,381.371551514,289.524261475,84.08538393107116,481.055541992,Mid
33-053-05550-0000,SLUGGER 5-16-21H,"EMERALD OIL, INC",Bakken,10013.0,2014-12-12,491.754394531,385.425933838,264.702941895,203.647201538,49.11159438040547,481.055541992,Mid
33-053-05551-0000,TALON 5-9-4H,"EMERALD OIL, INC",Bakken,9613.0,2014-12-07,588.279174805,374.680541992,269.98550415,206.500045776,61.19621084000833,481.055541992,Mid
33-053-05554-0000,SLUGGER 3-16-21H,"EMERALD OIL, INC",Bakken,8985.0,2014-09-04,496.046386719,342.451293945,262.307769775,181.246185303,55.20827898931553,481.055541992,Mid
33-053-05555-0000,TALON 3-9-4H,"EMERALD OIL, INC",Bakken,9525.0,2014-09-09,512.223999023,367.647216797,282.594329834,221.053970337,53.77679779769029,481.055541992,Mid
33-053-05557-0000,BRENNA 152-96-22D-14-1HS,"PETRO-HUNT, L.L.C.",Bakken,9265.0,2014-11-21,1061.973144531,783.197631836,649.320983887,476.918365479,114.62203394830003,481.055541992,Top
33-053-05561-0000,COPPER DRAW 21-27MBH,BURLINGTON RESOURCES OIL & GAS COMPANY LP,Bakken,9555.0,2014-10-04,165.941390991,143.023239136,123.545204163,92.947128296,17.366969229827316,481.055541992,Bottom
33-053-05562-0000,LILLIBRIDGE 21-27MBH,BURLINGTON RESOURCES OIL & GAS COMPANY LP,Bakken,9994.0,2014-09-27,104.245201111,96.73487854,87.210388184,71.660820007,10.430778578246949,481.055541992,Bottom
33-053-05565-0000,POLK FEDERAL 2-33H,"CONTINENTAL RESOURCES, INC.",Bakken,9638.0,2015-03-08,174.456985474,162.174819946,125.070930481,89.776802063,18.100953047727742,481.055541992,Bottom
33-053-05567-0000,STAFFORD 13-34MBH,BURLINGTON RESOURCES OIL & GAS COMPANY LP,Bakken,9692.0,2016-05-28,171.870788574,166.435180664,161.255752563,124.570304871,17.733263369170448,481.055541992,Bottom
33-053-05570-0000,THOMPSON 41X-17MB3,XTO ENERGY INC,Bakken,6184.0,2014-12-15,175.578140259,110.08454895,69.409942627,52.317024231,28.39232539763907,481.055541992,Bottom
33-053-05571-0000,SLUGGER 7-16-21H,"EMERALD OIL, INC",Bakken,9513.0,2014-12-19,521.54083252,313.057342529,236.160369873,201.938781738,54.82401266897929,481.055541992,Mid
33-053-05572-0000,TALON 7-9-4H,"EMERALD OIL, INC",Bakken,9991.0,2014-12-29,78.336380005,51.308273315,36.847297668,27.424657822,7.8406946256630965,481.055541992,Bottom
33-053-05576-0000,BRENNA 152-96-24C-13-1HS,"PETRO-HUNT, L.L.C.",Bakken,9216.0,2014-10-12,351.044433594,238.618759155,220.929382324,218.754440308,38.09075885351563,481.055541992,Mid
33-053-05577-0000,SHERVEN TRUST 153-95-27D-5H,"PETRO-HUNT, L.L.C.",Bakken,4933.0,2015-02-07,760.865600586,586.044433594,430.005767822,266.210968018,154.2399352495439,481.055541992,Mid
33-053-05579-0000,MONSON 152-102-35-26-4H,TRIANGLE USA PETROLEUM CORPORATION,Bakken,9368.0,2014-06-08,81.886924744,43.112571716,31.310709,21.604866028,8.74113201793339,481.055541992,Bottom
33-053-05580-0000,MONSON 152-102-35-26-3H,TRIANGLE USA PETROLEUM CORPORATION,Bakken,9343.0,2014-06-08,577.124694824,431.988891602,393.712158203,296.191772461,61.770811818901855,481.055541992,Mid
33-053-05581-0000,MONSON 152-102-35-26-2H,TRIANGLE USA PETROLEUM CORPORATION,Bakken,9453.0,2014-06-25,601.087158203,376.303588867,290.112731934,231.32673645,63.586920364223,481.055541992,Mid
33-053-05582-0000,BERQUIST 31X-2C,XTO ENERGY INC,Bakken,9285.0,2015-02-03,808.89465332,681.23046875,531.983642578,384.838012695,87.11843331394722,481.055541992,Mid
33-053-05584-0000,BERQUIST 31X-2D,XTO ENERGY INC,Bakken,9905.0,2015-01-22,268.145690918,245.790863037,206.341384888,152.545852661,27.071750723674914,481.055541992,Mid
33-053-05589-0000,KOALA 4-4-6-4H,KODIAK OIL & GAS (USA) INC.,Bakken,8767.0,2014-08-29,904.360229492,691.858337402,530.510314941,339.54574585,103.15503929417133,481.055541992,Top
33-053-05591-0000,KOALA 4-4-31-13H,KODIAK OIL & GAS (USA) INC.,Bakken,8670.0,2014-09-02,937.951721191,624.708862305,488.134338379,312.115447998,108.18358952606691,481.055541992,Top
33-053-05592-0000,KOALA 4-4-29-1H,KODIAK OIL & GAS (USA) INC.,Bakken,9416.0,2014-11-28,1102.424682617,811.748168945,648.998657227,428.096435547,117.07993655660576,481.055541992,Top
33-053-05593-0000,KOALA 4-4-28-4H,KODIAK OIL & GAS (USA) INC.,Bakken,9482.0,2015-03-23,1100.533325195,718.007385254,504.121887207,351.204559326,116.06552680816286,481.055541992,Top
33-053-05597-0000,GARFIELD FEDERAL 6-5H,"CONTINENTAL RESOURCES, INC.",Bakken,10675.0,2017-06-06,1515.838745117,1086.498535156,778.465881348,504.839782715,141.99894567840747,481.055541992,Top
33-053-05599-0000,GARFIELD 4-5H,"CONTINENTAL RESOURCES, INC.",Bakken,10606.0,2017-05-26,1528.229980469,1083.234741211,792.277038574,525.37890625,144.0910786789553,481.055541992,Top
33-053-05603-0000,HA-THOMPSON-LW 152-95-2017H-1,"HESS BAKKEN INVESTMENTS II, LLC",Bakken,9822.0,2014-10-30,331.788879395,258.047607422,208.560928345,149.849777222,33.78017505548768,481.055541992,Mid
33-053-05604-0000,SOVIG 24-22-3H,WHITING OIL AND GAS CORPORATION,Bakken,9473.0,2014-09-21,209.530548096,100.639724731,67.54800415,55.902984619,22.11871087258524,481.055541992,Bottom
33-053-05605-0000,SOVIG 24-22-4H,WHITING OIL AND GAS CORPORATION,Bakken,9950.0,2014-09-21,964.346923828,582.742980957,398.170684814,278.997253418,96.91928882693468,481.055541992,Top
33-053-05606-0000,SOVIG 24-22-5H,WHITING OIL AND GAS CORPORATION,Bakken,10844.0,2014-09-21,1078.561889648,620.858764648,439.387939453,301.893341064,99.46162759572114,481.055541992,Top
33-053-05607-0000,SOVIG 24-22H,WHITING OIL AND GAS CORPORATION,Bakken,9179.0,2014-09-21,270.638885498,153.834350586,100.197319031,68.899658203,29.484571903039544,481.055541992,Mid
33-053-05608-0000,KALE BAD BRAVE 19-18HB,"WPX ENERGY WILLISTON, LLC",Bakken,9394.0,2015-01-23,740.150024414,550.497009277,423.407165527,311.016265869,78.78965556887374,481.055541992,Mid
33-053-05612-0000,GARIETY 150-99-36-25-5H,NEWFIELD PRODUCTION COMPANY,Bakken,10273.0,2014-10-06,665.171081543,473.911834717,361.332427979,248.471054077,64.74944821794998,481.055541992,Mid
33-053-05613-0000,GARIETY 150-99-36-25-4H,NEWFIELD PRODUCTION COMPANY,Bakken,9578.0,2014-10-09,162.974807739,118.223777771,99.988525391,72.6355896,17.015536410419713,481.055541992,Bottom
33-053-05618-0000,BB-BUDAHN A- 150-95-0403H-10,"HESS BAKKEN INVESTMENTS II, LLC",Bakken,10186.0,2014-12-02,297.905548096,212.61026001,175.319503784,121.794067383,29.246568633025724,481.055541992,Mid
33-053-05620-0000,BB-BUDAHN A- 150-95-0403H-8,"HESS BAKKEN INVESTMENTS II, LLC",Bakken,10044.0,2014-12-12,1540.744140625,1063.211425781,775.549194336,517.319213867,153.39945645410194,481.055541992,Top
33-053-05622-0000,BB-BUDAHN A- 150-95-0403H-6,"HESS BAKKEN INVESTMENTS II, LLC",Bakken,10531.0,2014-11-22,1431.469848633,1079.0,823.451843262,559.476196289,135.9291471496534,481.055541992,Top
33-053-05623-0000,CRAIG SKAAR 150-99-15-22-4H,NEWFIELD PRODUCTION COMPANY,Bakken,9631.0,2014-06-03,687.525817871,488.600006104,352.049591064,247.468856812,71.38675297175786,481.055541992,Mid
33-053-05624-0000,CRAIG SKAAR 150-99-15-22-5H,NEWFIELD PRODUCTION COMPANY,Bakken,9593.0,2014-06-03,176.873840332,134.110992432,106.568878174,79.868904114,18.437802598978422,481.055541992,Bottom
33-053-05625-0000,SYVERSON 150-99-36-25-2H,NEWFIELD PRODUCTION COMPANY,Bakken,9392.0,2014-09-30,816.150512695,548.083496094,404.887054443,280.146453857,86.89847877928024,481.055541992,Mid
33-053-05626-0000,SYVERSON 150-99-36-25-3H,NEWFIELD PRODUCTION COMPANY,Bakken,9539.0,2014-09-28,141.969177246,97.75012207,98.680603027,71.053970337,14.883025185658873,481.055541992,Bottom
33-053-05627-0000,SERRAHN 41X-6D,XTO ENERGY INC,Bakken,9338.0,2014-07-05,551.461120605,448.671691895,347.234527588,253.587280273,59.05559226868709,481.055541992,Mid
33-053-05630-0000,GUY FEDERAL 24X-35A,XTO ENERGY INC,Bakken,9505.0,2015-06-07,308.627380371,191.111831665,165.577774048,118.865264893,32.47000319526565,481.055541992,Mid
33-053-05632-0000,GUY FEDERAL 24X-35B,XTO ENERGY INC,Bakken,9483.0,2015-06-30,192.529418945,138.792358398,128.861465454,156.979354858,20.30258556838553,481.055541992,Bottom
33-053-05635-0000,FLATLAND FEDERAL 11-4HR,WHITING OIL AND GAS CORPORATION,Bakken,9290.0,2014-10-07,1881.900024414,1704.227294922,1424.078857422,965.469970703,202.57266140086116,481.055541992,Top
33-053-05638-0000,SAND CREEK STATE  153-96-16-4H,NEWFIELD PRODUCTION COMPANY,Bakken,4496.0,2015-01-15,703.799987793,466.405181885,357.704101562,243.296417236,156.53914319239323,481.055541992,Mid
33-053-05640-0000,WOLLAN 152-96-27A-35-1HS,"PETRO-HUNT, L.L.C.",Bakken,8887.0,2014-12-02,700.862365723,569.678161621,474.246124268,369.149810791,78.86377469596039,481.055541992,Mid
33-053-05642-0000,ANDERSON 152-96-26B-25-2HS,"PETRO-HUNT, L.L.C.",Bakken,9828.0,2014-11-05,762.288879395,589.857116699,499.932830811,381.953613281,77.5629710414123,481.055541992,Mid
33-053-05643-0000,LANSING 3-25AH,"CONTINENTAL RESOURCES, INC.",Bakken,9059.0,2015-02-01,616.709655762,524.953308105,452.613342285,332.241943359,68.07701244751077,481.055541992,Mid
33-053-05645-0000,STEELE FEDERAL  3-24AH,"CONTINENTAL RESOURCES, INC.",Bakken,10661.0,2015-02-14,795.258056641,623.23046875,548.308410645,537.477050781,74.59507144179722,481.055541992,Mid
33-053-05649-0000,WALTON FEDERAL  41X-19D,XTO ENERGY INC,Bakken,6527.0,2014-08-29,1237.159301758,877.130126953,698.663879395,523.36730957,189.54486008242685,481.055541992,Top
33-053-05651-0000,ROLFSRUD 2-11H,"CONTINENTAL RESOURCES, INC.",Bakken,9166.0,2014-07-15,390.940856934,383.93548584,385.732391357,283.470794678,42.65119538882828,481.055541992,Mid
33-053-05652-0000,HOLSTEIN FEDERAL 1-25H,"CONTINENTAL RESOURCES, INC.",Bakken,10065.0,2015-01-13,365.96987915,298.733337402,,,36.36064373075013,481.055541992,Mid
33-053-05653-0000,HOLSTEIN FEDERAL  2-25H,"CONTINENTAL RESOURCES, INC.",Bakken,10092.0,2015-01-13,1076.699951172,900.401794434,804.219543457,803.852600098,106.68846127348395,481.055541992,Top
33-053-05654-0000,MCCABE  150-101-24-13-3H,TRIANGLE USA PETROLEUM CORPORATION,Bakken,9514.0,2014-06-16,536.059753418,390.592590332,304.51675415,211.713088989,56.34430874689931,481.055541992,Mid
33-053-05655-0000,MCCABE  150-101-24-13-4H,TRIANGLE USA PETROLEUM CORPORATION,Bakken,9613.0,2014-06-16,556.782775879,432.579101562,344.110473633,268.46282959,57.919772795069186,481.055541992,Mid
33-053-05657-0000,SEQUOIA 31-4MBH,BURLINGTON RESOURCES OIL & GAS COMPANY LP,Bakken,10773.0,2014-09-06,967.468811035,789.116821289,528.015808105,381.308135986,89.80495786085585,481.055541992,Top
33-053-05659-0000,SHAFERMAKER 11-15MBH-ULW,BURLINGTON RESOURCES OIL & GAS COMPANY LP,Bakken,9552.0,2015-01-01,339.876281738,216.218811035,171.259933472,131.925628662,35.58168778664154,481.055541992,Mid
33-053-05662-0000,SNAPPER 152-94-33C-28H,ENERPLUS RESOURCES USA CORPORATION,Bakken,9020.0,2014-11-07,462.046295166,386.016662598,331.264373779,294.059570312,51.22464469689579,481.055541992,Mid
33-053-05665-0000,MONARCH  152-94-32D-29H,ENERPLUS RESOURCES USA CORPORATION,Bakken,8752.0,2014-11-29,510.225799561,374.046051025,299.66796875,218.145492554,58.29819464819469,481.055541992,Mid
33-053-05666-0000,BULLRUSH 34-10MBH-A,BURLINGTON RESOURCES OIL & GAS COMPANY LP,Bakken,9684.0,2015-01-21,256.015930176,181.424194336,150.808761597,101.504257202,26.437002289962827,481.055541992,Mid
33-053-05669-0000,BULLRUSH 34-10MBH-B,BURLINGTON RESOURCES OIL & GAS COMPANY LP,Bakken,9722.0,2015-01-16,632.739807129,379.951263428,364.783691406,246.143310547,65.08329635147089,481.055541992,Mid
33-053-05671-0000,BULLRUSH 44-10MBH,BURLINGTON RESOURCES OIL & GAS COMPANY LP,Bakken,9951.0,2015-01-29,137.510116577,100.759262085,139.507156372,146.974655151,13.818723402371619,481.055541992,Bottom
33-053-05673-0000,CAROL 12-35H,SM ENERGY COMPANY,Bakken,10100.0,2014-09-02,686.193359375,500.083770752,394.467681885,309.14440918,67.93993657178218,481.055541992,Mid
33-053-05675-0000,BILLY RAY VALENTINE 3-8-5H,"EMERALD OIL, INC",Bakken,8774.0,2014-07-06,81.258224487,44.519882202,32.987033844,21.221811295,9.261251936061091,481.055541992,Bottom
33-053-05676-0000,MOBERG 4-17-16BH,QEP ENERGY COMPANY,Bakken,9868.0,2014-07-27,298.440856934,245.05090332,179.117736816,146.136993408,30.24329721665991,481.055541992,Mid
33-053-05677-0000,MOBERG 3-17-16BH,QEP ENERGY COMPANY,Bakken,9931.0,2014-07-25,170.491668701,102.302314758,92.004516602,76.314476013,17.167623472057198,481.055541992,Bottom
33-053-05679-0000,JONSRUD 152-96-33D-28-1HS,"PETRO-HUNT, L.L.C.",Bakken,9795.0,2014-12-08,820.007751465,591.32220459,495.255981445,374.520721436,83.7169730949464,481.055541992,Mid
33-053-05680-0000,JONSRUD 151-96-4A-10-1HS,"PETRO-HUNT, L.L.C.",Bakken,9028.0,2014-12-29,246.266662598,197.695251465,191.11756897,150.650314331,27.278097319229065,481.055541992,Mid
33-053-05682-0000,JOHNSON 3-9-4BH,QEP ENERGY COMPANY,Bakken,10039.0,2015-02-09,1328.643066406,1175.571655273,948.487487793,690.348022461,132.34814886004582,481.055541992,Top
33-053-05684-0000,ROEN 34-10-2H,WHITING OIL AND GAS CORPORATION,Bakken,10949.0,2014-05-20,107.441917419,62.864692688,41.342327118,31.365615845,9.812943412092428,481.055541992,Bottom
33-053-05686-0000,BERLAIN 3-30H,"CONTINENTAL RESOURCES, INC.",Bakken,9136.0,2014-11-02,644.403320312,545.877380371,419.869628906,340.037445068,70.5345140446585,481.055541992,Mid
33-053-05687-0000,BERLAIN 2-30H,"CONTINENTAL RESOURCES, INC.",Bakken,9577.0,2014-11-02,137.821807861,103.9947052,81.626747131,65.755981445,14.390916556437297,481.055541992,Bottom
33-053-05689-0000,HAYMAKER 31-15MBH-B,BURLINGTON RESOURCES OIL & GAS COMPANY LP,Bakken,9730.0,2014-11-27,878.166687012,780.024353027,527.053588867,327.864135742,90.25351356752311,481.055541992,Top
33-053-05691-0000,HAYMAKER 31-15MBH-A,BURLINGTON RESOURCES OIL & GAS COMPANY LP,Bakken,9663.0,2014-10-20,750.836242676,640.932250977,460.861358643,301.02130127,77.70218800331159,481.055541992,Mid
33-053-05693-0000,HAYMAKER 21-15MBH,BURLINGTON RESOURCES OIL & GAS COMPANY LP,Bakken,9197.0,2014-11-08,654.648132324,550.386657715,484.881011963,330.213500977,71.1806167580733,481.055541992,Mid
33-053-05696-0000,HAYMAKER 44-22MBH-A,BURLINGTON RESOURCES OIL & GAS COMPANY LP,Bakken,9493.0,2014-12-12,158.975921631,110.658721924,93.670791626,72.573776245,16.74664717486569,481.055541992,Bottom
33-053-05698-0000,HAYMAKER 44-22MBH-B,BURLINGTON RESOURCES OIL & GAS COMPANY LP,Bakken,9596.0,2014-12-16,723.133361816,594.102539062,400.953338623,282.632080078,75.35779093538974,481.055541992,Mid
33-053-05703-0000,FLECK 150-100-12-1-4H,NEWFIELD PRODUCTION COMPANY,Bakken,10244.0,2014-08-09,618.510009766,468.782226562,347.320159912,244.599121094,60.37778306969934,481.055541992,Mid
33-053-05704-0000,FLECK 150-100-12-1-3H,NEWFIELD PRODUCTION COMPANY,Bakken,9353.0,2014-08-08,172.570007324,114.388275146,90.432876587,58.613636017,18.450765243665135,481.055541992,Bottom
33-053-05705-0000,FLECK 150-100-12-1-2H,NEWFIELD PRODUCTION COMPANY,Bakken,10074.0,2014-08-05,603.616638184,466.620727539,342.074645996,240.695541382,59.918268630534044,481.055541992,Mid
33-053-05712-0000,LUELLA FEDERAL 13-35H,SM ENERGY COMPANY,Bakken,9913.0,2014-09-11,830.586669922,698.67779541,530.221252441,427.941223145,83.78761927993544,481.055541992,Mid
33-053-05713-0000,TRACY 13-35H,SM ENERGY COMPANY,Bakken,9996.0,2014-09-11,116.108703613,95.331161499,83.539489746,60.866447449,11.615516567927171,481.055541992,Bottom
33-053-05714-0000,TAT 2-35-26BH,QEP ENERGY COMPANY,Bakken,9759.0,2015-07-10,844.375244141,648.631164551,594.982849121,471.821838379,86.52272201465314,481.055541992,Mid
33-053-05716-0000,TAT 1-35-26BH,QEP ENERGY COMPANY,Bakken,9748.0,2015-07-03,184.788894653,147.744293213,119.910514832,96.054206848,18.956595676343866,481.055541992,Bottom
33-053-05717-0000,TAT 1-33-28BH,QEP ENERGY COMPANY,Bakken,10077.0,2014-08-14,920.313354492,725.788452148,648.535766602,454.101074219,91.32810900982436,481.055541992,Top
33-053-05718-0000,TAT 2-33-28-BH,QEP ENERGY COMPANY,Bakken,9899.0,2014-08-13,396.843505859,246.01210022,194.460464478,125.367790222,40.08925203141732,481.055541992,Mid
33-053-05724-0000,HA-MOGEN- 152-95-0805H-8,"HESS BAKKEN INVESTMENTS II, LLC",Bakken,10771.0,2014-10-20,1428.920043945,941.405029297,631.74987793,406.850952148,132.66363791152168,481.055541992,Top
33-053-05726-0000,MASTON 34-27 #6H,STATOIL OIL & GAS LP,Bakken,10192.0,2015-04-05,535.599975586,448.461303711,384.905334473,323.218719482,52.5510180127551,481.055541992,Mid
33-053-05729-0000,MASTON 34-27 #4H,STATOIL OIL & GAS LP,Bakken,9324.0,2015-04-17,206.124786377,194.120605469,180.218139648,166.568603516,22.106905445838695,481.055541992,Bottom
33-053-05731-0000,MASTON 34-27 #2H,STATOIL OIL & GAS LP,Bakken,9506.0,2015-04-10,268.294433594,229.852462769,213.22366333,191.628646851,28.223693834841153,481.055541992,Mid
33-053-05732-0000,HA-MOGEN-LE- 152-95-0805H-1,"HESS BAKKEN INVESTMENTS II, LLC",Bakken,10821.0,2014-10-30,302.961120605,243.60585022,188.440155029,146.706237793,27.997515997135203,481.055541992,Mid
33-053-05734-0000,ROLFSRUD BULL 44-10MBH ULW,BURLINGTON RESOURCES OIL & GAS COMPANY LP,Bakken,9523.0,2014-10-01,165.361465454,142.366607666,115.983222961,97.190132141,17.364429849207184,481.055541992,Bottom
33-053-05737-0000,FINSAAS FEDERAL 31-16-4H,WHITING OIL AND GAS CORPORATION,Bakken,9764.0,2014-12-17,566.833312988,395.371673584,329.974517822,243.114181519,58.05339133428923,481.055541992,Mid
33-053-05738-0000,FINSAAS FEDERAL 31-16-3H,WHITING OIL AND GAS CORPORATION,Bakken,9759.0,2014-12-17,230.566665649,200.70111084,173.458450317,125.921432495,23.626054477815348,481.055541992,Mid
33-053-05739-0000,BLUE ANGEL 150-99-5-8-4H,NEWFIELD PRODUCTION COMPANY,Bakken,9480.0,2014-07-04,188.036376953,131.129562378,95.394355774,67.108436584,19.835060860021095,481.055541992,Bottom
33-053-05740-0000,BLUE ANGEL 150-99-5-8-5HLW,NEWFIELD PRODUCTION COMPANY,Bakken,9476.0,2014-07-04,718.480651855,529.866271973,401.853546143,285.600006104,75.82109031817222,481.055541992,Mid
33-053-05741-0000,LANGWALD 24-9-1H,WHITING OIL AND GAS CORPORATION,Bakken,9392.0,2014-09-23,48.294017792,34.806034088,31.075479507,26.634275436,5.142037669505963,481.055541992,Bottom
33-053-05742-0000,LANGWALD 24-9HU,WHITING OIL AND GAS CORPORATION,Bakken,9617.0,2014-09-23,42.09047699,34.575805664,32.906452179,27.763912201,4.376674325673286,481.055541992,Bottom
33-053-05744-0000,WOLLAN 152-96-27C-6H,"PETRO-HUNT, L.L.C.",Bakken,4188.0,2014-07-02,222.233337402,211.840988159,163.619033813,124.667327881,53.064311700573064,481.055541992,Bottom
33-053-05745-0000,BW-R PETERSON- 149-99-1102H-4,"HESS BAKKEN INVESTMENTS II, LLC",Bakken,10438.0,2015-06-13,38.755912781,36.082141876,22.93620491,13.725885391,3.7129634777735196,481.055541992,Bottom
33-053-05746-0000,BW-KRAETSCH- 149-99-1423H-4,"HESS BAKKEN INVESTMENTS II, LLC",Bakken,9414.0,2015-01-28,43.932964325,35.692329407,31.864458084,26.577945709,4.666769101869556,481.055541992,Bottom
33-053-05748-0000,VAN DYKE FEDERAL 44X-19A,XTO ENERGY INC,Bakken,9410.0,2015-03-22,260.406097412,183.025527954,123.750732422,93.119049072,27.67333660063762,481.055541992,Mid
33-053-05750-0000,VAN DYKE FEDERAL 44X-19B,XTO ENERGY INC,Bakken,9726.0,2015-03-28,274.679382324,194.819442749,149.892929077,110.11050415,28.24176252560148,481.055541992,Mid
33-053-05753-0000,GILBERTSON 11X-26B,XTO ENERGY INC,Bakken,4239.0,2014-11-25,485.09677124,380.866668701,290.85144043,204.222183228,114.43660562396792,481.055541992,Mid
33-053-05755-0000,ELWAY 1-32H,SM ENERGY COMPANY,Bakken,10129.0,2015-05-04,764.111083984,567.927001953,458.045654297,336.996124268,75.43795873077302,481.055541992,Mid
33-053-05757-0000,DAVIS 1-32H,SM ENERGY COMPANY,Bakken,10048.0,2015-05-04,119.224815369,105.439575195,93.325569153,70.892532349,11.865527007265127,481.055541992,Bottom
33-053-05758-0000,ECKERT FOUNDATION 152-102-22-15-4H,TRIANGLE USA PETROLEUM CORPORATION,Bakken,9475.0,2014-07-26,712.816650391,442.32144165,333.321228027,285.178070068,75.2313087483905,481.055541992,Mid
33-053-05760-0000,ECKERT FOUNDATION 152-102-22-15-3H,TRIANGLE USA PETROLEUM CORPORATION,Bakken,9519.0,2014-08-17,790.06451416,463.643707275,414.445037842,275.56137085,82.99868832440383,481.055541992,Mid
33-053-05761-0000,CINCINNATI 3-30H,"CONTINENTAL RESOURCES, INC.",Bakken,12487.0,2015-05-13,53.329334259,31.390979767,22.518796921,19.798173904,4.27078836061504,481.055541992,Bottom
33-053-05764-0000,SCOTTSDALE 2-31H,"CONTINENTAL RESOURCES, INC.",Bakken,7306.0,2015-04-30,44.43611145,28.359703064,27.970968246,24.997991562,6.082139535997809,481.055541992,Bottom
33-053-05771-0000,WHITE 5198 13-6 12B,OASIS PETROLEUM NORTH AMERICA LLC,Bakken,9519.0,2014-09-26,1152.645141602,939.588867188,734.013427734,546.358520508,121.08888975753756,481.055541992,Top
33-053-05775-0000,BILLY RAY VALENTINE 1-8-5H,"EMERALD OIL, INC",Bakken,9093.0,2014-07-15,396.68182373,278.3487854,219.55708313,171.556167603,43.62496686792038,481.055541992,Mid
33-053-05776-0000,PAULSON 36-1 2H,STATOIL OIL & GAS LP,Bakken,9597.0,2014-10-15,450.548492432,308.503936768,209.119659424,155.16192627,46.94680550505366,481.055541992,Mid
33-053-05779-0000,MOBERG 2-20-21BH,QEP ENERGY COMPANY,Bakken,9959.0,2014-08-05,920.833312988,691.114135742,610.66809082,459.599609375,92.46242725052717,481.055541992,Top
33-053-05780-0000,MOBERG 1-20-21BH,QEP ENERGY COMPANY,Bakken,9742.0,2014-08-03,1442.001098633,1248.454956055,996.111633301,700.300109863,148.01900006497638,481.055541992,Top
33-053-05783-0000,USA 153-95-22D-15-1HS,"PETRO-HUNT, L.L.C.",Bakken,9690.0,2015-10-31,1054.734375,883.411132812,758.058410645,769.955444336,108.84771671826626,481.055541992,Top
33-053-05784-0000,USA 153-95-22D-15-5H,"PETRO-HUNT, L.L.C.",Bakken,9202.0,2016-10-06,825.431091309,679.968811035,571.98046875,518.709655762,89.70127051825689,481.055541992,Mid
33-053-05785-0000,USA 153-95-22D-15-4H,"PETRO-HUNT, L.L.C.",Bakken,9211.0,2016-10-10,868.383361816,713.724731445,603.783569336,548.175598145,94.27677362023668,481.055541992,Top
33-053-05786-0000,MOBERG 4-20-21BH,QEP ENERGY COMPANY,Bakken,9620.0,2014-11-28,1416.096801758,1158.463012695,981.06451416,665.739807129,147.20340974615388,481.055541992,Top
33-053-05788-0000,MOBERG 3-20-21BH,QEP ENERGY COMPANY,Bakken,9630.0,2014-11-26,348.213623047,293.943572998,219.31022644,145.628479004,36.15925472969885,481.055541992,Mid
33-053-05795-0000,AN-EVENSON- LW-152-95-1003H-1,"HESS BAKKEN INVESTMENTS II, LLC",Bakken,9951.0,2014-12-27,333.104492188,210.778442383,189.97694397,136.237335205,33.47447414209627,481.055541992,Mid
33-053-05797-0000,SHENANDOAH 14-36MBH ULW,BURLINGTON RESOURCES OIL & GAS COMPANY LP,Bakken,9578.0,2015-01-20,225.30531311,222.897247314,202.885253906,165.735687256,23.52321080705784,481.055541992,Bottom
33-053-05798-0000,BW-SORENSON- 149-99-1324H-4,"HESS BAKKEN INVESTMENTS II, LLC",Bakken,10377.0,2014-11-26,113.036834717,66.776664734,49.055404663,37.600219727,10.893016740580128,481.055541992,Bottom
33-053-05800-0000,MORK TRUST 21-17-7H,WHITING OIL AND GAS CORPORATION,Bakken,9696.0,2014-06-18,213.457824707,137.302093506,96.21383667,66.622375488,22.015039676877063,481.055541992,Bottom
33-053-05802-0000,ASBECK FEDERAL 21-16-1H,WHITING OIL AND GAS CORPORATION,Bakken,10150.0,2014-09-23,65.086669922,35.704898834,25.851507187,26.579496384,6.412479795270936,481.055541992,Bottom
33-053-05803-0000,WEHRUNG 150-99-14-23-5H,NEWFIELD PRODUCTION COMPANY,Bakken,10246.0,2014-07-10,186.091583252,127.10244751,94.009735107,67.583122253,18.1623641666992,481.055541992,Bottom
33-053-05804-0000,WEHRUNG 150-99-14-23-4H,NEWFIELD PRODUCTION COMPANY,Bakken,10013.0,2014-07-10,188.44821167,128.688049316,97.624023438,67.805992126,18.820354705882355,481.055541992,Bottom
33-053-05805-0000,LUCY EVANS 29-32HA,"WPX ENERGY WILLISTON, LLC",Bakken,9555.0,2014-10-26,245.038894653,148.128311157,104.936515808,87.463684082,25.64509624835165,481.055541992,Mid
33-053-05807-0000,LUCY EVANS 29-32HB,"WPX ENERGY WILLISTON, LLC",Bakken,9519.0,2014-10-27,1067.833374023,893.495727539,716.584594727,581.372619629,112.1791547455615,481.055541992,Top
33-053-05809-0000,MOBERG 1-18BH,QEP ENERGY COMPANY,Bakken,4695.0,2014-08-19,938.992248535,905.167785645,702.813720703,575.801086426,199.99834899574014,481.055541992,Top
33-053-05810-0000,MOBERG 2-18BH,QEP ENERGY COMPANY,Bakken,4684.0,2014-08-17,777.143310547,648.426147461,476.399169922,372.060272217,165.91445571029035,481.055541992,Mid
33-053-05812-0000,MOBERG 4-18BH,QEP ENERGY COMPANY,Bakken,4708.0,2014-08-25,1250.184448242,911.149658203,699.284912109,486.128845215,265.5447001363636,481.055541992,Top
33-053-05813-0000,HA-SWENSON- LW-152-95-1819H-1,"HESS BAKKEN INVESTMENTS II, LLC",Bakken,9472.0,2015-02-06,1132.379516602,738.977783203,513.731689453,353.596984863,119.55020234396115,481.055541992,Top
33-053-05814-0000,HA-SWENSON- 152-95-1819H-8,"HESS BAKKEN INVESTMENTS II, LLC",Bakken,9955.0,2015-02-01,1105.836547852,774.438354492,549.081787109,367.707977295,111.08353067322953,481.055541992,Top
33-053-05816-0000,BW-R PETERSON- 149-99-1102H-5,"HESS BAKKEN INVESTMENTS II, LLC",Bakken,10610.0,2014-11-10,674.710754395,409.284118652,296.821472168,201.767120361,63.591965541470316,481.055541992,Mid
33-053-05817-0000,BW-KRAETSCH- 149-99-1423H-5,"HESS BAKKEN INVESTMENTS II, LLC",Bakken,10139.0,2014-11-05,530.479980469,345.015686035,257.5909729,176.704116821,52.32073976417793,481.055541992,Mid
33-053-05818-0000,DAVE 11X-16A,XTO ENERGY INC,Bakken,10070.0,2014-09-10,1046.797363281,717.176696777,538.675720215,390.300994873,103.95207182532273,481.055541992,Top
33-053-05820-0000,BW-SORENSON- 149-99-1324H-5,"HESS BAKKEN INVESTMENTS II, LLC",Bakken,9758.0,2014-12-01,580.967712402,388.901123047,268.980041504,185.002059937,59.537580692969875,481.055541992,Mid
33-053-05822-0000,GILBERTSON  34X-26BXC,XTO ENERGY INC,Bakken,4657.0,2014-11-19,736.876647949,519.895446777,373.560272217,259.456726074,158.22990078355164,481.055541992,Mid
33-053-05825-0000,STATE 1-16-21BH,QEP ENERGY COMPANY,Bakken,9599.0,2014-10-25,1225.202270508,929.775085449,768.974365234,592.916625977,127.63853219168664,481.055541992,Top
33-053-05826-0000,STATE 2-16-21BH,QEP ENERGY COMPANY,Bakken,9835.0,2014-10-23,1437.236694336,1097.134765625,859.605773926,656.560852051,146.13489520447382,481.055541992,Top
33-053-05828-0000,STATE 3-16-21BH,QEP ENERGY COMPANY,Bakken,10147.0,2014-12-10,243.639785767,,,,24.011016632206562,481.055541992,Mid
33-053-05829-0000,D ANNUNZIO 5-7-6H,"EMERALD OIL, INC",Bakken,8146.0,2014-09-25,69.484588623,45.477420807,30.204429626,28.864383698,8.52990285084704,481.055541992,Bottom
33-053-05831-0000,D ANNUNZIO 3-7-6H,"EMERALD OIL, INC",Bakken,9475.0,2014-09-27,68.519996643,38.730407715,26.348781586,20.833702087,7.231661914828496,481.055541992,Bottom
33-053-05832-0000,WAHLSTROM 152-102-34-27-4H,TRIANGLE USA PETROLEUM CORPORATION,Bakken,9951.0,2014-09-18,103.397224426,59.126644135,37.692459106,24.092208862,10.390636561752586,481.055541992,Bottom
33-053-05833-0000,WAHLSTROM 152-102-34-27-3H,TRIANGLE USA PETROLEUM CORPORATION,Bakken,10128.0,2014-09-17,104.809768677,73.169342041,54.312961578,35.967853546,10.3485158646327,481.055541992,Bottom
33-053-05834-0000,WAHLSTROM 152-102-34-27-2H,TRIANGLE USA PETROLEUM CORPORATION,Bakken,10049.0,2014-08-27,83.906478882,49.898914337,35.047725677,24.868537903,8.349734190665739,481.055541992,Bottom
33-053-05835-0000,WAHLSTROM 152-102-34-27-1H,TRIANGLE USA PETROLEUM CORPORATION,Bakken,10035.0,2014-08-27,77.248146057,63.202209473,59.754016876,41.990032196,7.697872053512706,481.055541992,Bottom
33-053-05837-0000,HA-ROLFSRUD- 152-96-1720H-2,"HESS BAKKEN INVESTMENTS II, LLC",Bakken,9956.0,2015-03-03,371.597229004,272.918762207,199.214157104,140.398895264,37.32394827280032,481.055541992,Mid
33-053-05838-0000,HA-ROLFSRUD- 152-96-1720H-3,"HESS BAKKEN INVESTMENTS II, LLC",Bakken,9731.0,2015-03-07,1209.833374023,844.135192871,572.450256348,371.20425415,124.32775398448258,481.055541992,Top
33-053-05840-0000,HA-ROLFSRUD- 152-96-1720H-5,"HESS BAKKEN INVESTMENTS II, LLC",Bakken,9564.0,2015-03-18,326.538879395,298.828338623,242.320526123,170.815933228,34.142500982329565,481.055541992,Mid
33-053-05842-0000,NELSON FEDERAL 21X-5B,XTO ENERGY INC,Bakken,10326.0,2015-11-20,269.064880371,234.760635376,188.316116333,123.978538513,26.057028895119117,481.055541992,Mid
33-053-05843-0000,NELSON FEDERAL 21X-5A,XTO ENERGY INC,Bakken,10485.0,2015-11-08,219.258071899,113.439300537,111.025146484,91.481307983,20.9115948401526,481.055541992,Bottom
33-053-05852-0000,LUKE 14-12H,SM ENERGY COMPANY,Bakken,9648.0,2015-07-09,159.043014526,143.021621704,120.716468811,105.577232361,16.484557890339968,481.055541992,Bottom
33-053-05854-0000,CALVIN 2-13H,SM ENERGY COMPANY,Bakken,10040.0,2014-09-24,151.295700073,102.949195862,95.594398499,74.049461365,15.069292835956178,481.055541992,Bottom
33-053-05856-0000,JAMESTOWN FEDERAL 2-17H,"CONTINENTAL RESOURCES, INC.",Bakken,9973.0,2014-12-12,776.537780762,644.636291504,495.527404785,461.821014404,77.86401090564523,481.055541992,Mid
33-053-05859-0000,NYGAARD 150-101-28-33-4H,TRIANGLE USA PETROLEUM CORPORATION,Bakken,9356.0,2014-08-15,62.826850891,49.268146515,40.88873291,30.809892654,6.715140112334331,481.055541992,Bottom
33-053-05860-0000,NYGAARD 150-101-28-33-3H,TRIANGLE USA PETROLEUM CORPORATION,Bakken,10346.0,2014-08-14,445.246673584,282.262969971,223.743148804,182.580551147,43.03563440788711,481.055541992,Mid
33-053-05861-0000,NYGAARD  150-101-28-33-2H,TRIANGLE USA PETROLEUM CORPORATION,Bakken,9665.0,2014-08-13,441.029327393,335.883331299,284.495513916,217.374801636,45.6315910391102,481.055541992,Mid
33-053-05864-0000,RIECKHOFF 21X-3B,XTO ENERGY INC,Bakken,9319.0,2015-01-03,179.809967041,124.910095215,113.259101868,91.823379517,19.294985195943767,481.055541992,Bottom
33-053-05867-0000,PAULSON 150-101-23-14-2H,TRIANGLE USA PETROLEUM CORPORATION,Bakken,9647.0,2014-11-28,699.146240234,520.047302246,399.456817627,264.789031982,72.47291802985383,481.055541992,Mid
33-053-05868-0000,PAULSON 150-101-23-14-3H,TRIANGLE USA PETROLEUM CORPORATION,Bakken,9640.0,2014-12-15,491.237640381,407.543792725,361.780822754,246.810333252,50.9582614503112,481.055541992,Mid
33-053-05869-0000,PAULSON  150-101-23-14-4H,TRIANGLE USA PETROLEUM CORPORATION,Bakken,9682.0,2014-12-16,157.459854126,122.692420959,106.887786865,80.158432007,16.26315370026854,481.055541992,Bottom
33-053-05876-0000,EXCALIBUR 7-25-36H,"EMERALD OIL, INC",Bakken,9697.0,2015-03-16,124.943099976,77.53629303,53.335823059,39.355369568,12.884716920284625,481.055541992,Bottom
33-053-05878-0000,NELSON FEDERAL 41X-5C,XTO ENERGY INC,Bakken,10195.0,2015-10-30,756.988891602,614.011474609,563.923706055,476.843322754,74.25099476233447,481.055541992,Mid
33-053-05880-0000,NELSON FEDERAL 41X-5D,XTO ENERGY INC,Bakken,10439.0,2015-10-24,706.946166992,699.627624512,609.108581543,425.260559082,67.7216368418431,481.055541992,Mid
33-053-05881-0000,LINSETH 3-22-15BH,QEP ENERGY COMPANY,Bakken,9862.0,2014-12-13,1084.709716797,925.265075684,714.566589355,509.225189209,109.98881735925777,481.055541992,Top
33-053-05883-0000,LINSETH 4-22-15BH,QEP ENERGY COMPANY,Bakken,10055.0,2014-12-07,388.854644775,265.783813477,190.185409546,131.372360229,38.67276427399304,481.055541992,Mid
33-053-05886-0000,GUNDER T. 31-30-2H,WHITING OIL AND GAS CORPORATION,Bakken,9151.0,2014-08-12,107.428504944,63.197669983,51.061203003,39.924278259,11.739537202928641,481.055541992,Bottom
33-053-05887-0000,GUNDER T. 31-30-3H,WHITING OIL AND GAS CORPORATION,Bakken,9168.0,2014-08-12,598.255554199,454.538879395,350.791595459,271.405578613,65.2547506761562,481.055541992,Mid
33-053-05889-0000,COPPER DRAW 11-27MBH,BURLINGTON RESOURCES OIL & GAS COMPANY LP,Bakken,9565.0,2014-10-25,134.396743774,144.680938721,137.353012085,115.724067688,14.050888005645582,481.055541992,Bottom
33-053-05890-0000,LILLIBRIDGE 11-27MBH NH,BURLINGTON RESOURCES OIL & GAS COMPANY LP,Bakken,10058.0,2014-10-28,119.915924072,123.978614807,114.388511658,81.733558655,11.922442242195267,481.055541992,Bottom
33-053-05891-0000,OLSON 3-8H,"CONTINENTAL RESOURCES, INC.",Bakken,9348.0,2014-09-24,995.748901367,848.473144531,740.098327637,621.354248047,106.51999372774925,481.055541992,Top
33-053-05893-0000,BW-HEDSTROM- 149-100-1201H-2,"HESS BAKKEN INVESTMENTS II, LLC",Bakken,9577.0,2014-10-26,128.892227173,94.69228363,66.704925537,45.058578491,13.458518029967632,481.055541992,Bottom
33-053-05894-0000,BW-HEDSTROM- 149-100-1201H-3,"HESS BAKKEN INVESTMENTS II, LLC",Bakken,9478.0,2014-10-31,744.604431152,449.382110596,324.479370117,215.854797363,78.56134534205529,481.055541992,Mid
33-053-05895-0000,SHENANDOAH 24-36MBH,BURLINGTON RESOURCES OIL & GAS COMPANY LP,Bakken,9508.0,2015-01-21,1078.33996582,945.365539551,751.827880859,571.232299805,113.41396359066052,481.055541992,Top
33-053-05897-0000,SHENANDOAH 34-36MBH,BURLINGTON RESOURCES OIL & GAS COMPANY LP,Bakken,9532.0,2015-01-28,938.0,872.525024414,704.940063477,535.543518066,98.40537138061268,481.055541992,Top
33-053-05898-0000,RIECKHOFF 21X-3A,XTO ENERGY INC,Bakken,8677.0,2014-12-18,625.879333496,492.208587646,441.277587891,319.502868652,72.1308440124467,481.055541992,Mid
33-053-05899-0000,FORT BERTHOLD 152-93-19D-18-10H,"HRC OPERATING, LLC",Bakken,9829.0,2015-08-02,216.222229004,204.101730347,157.215072632,109.165122986,21.99839546281412,481.055541992,Bottom
33-053-05901-0000,FORT BERTHOLD 152-93-19D-18-14H,"HRC OPERATING, LLC",Bakken,9656.0,2015-07-27,1531.322631836,1172.230957031,801.271972656,554.120666504,158.5876793533554,481.055541992,Top
33-053-05903-0000,OMLID 41X-13D,XTO ENERGY INC,Bakken,9390.0,2015-02-05,828.840881348,663.232971191,499.723114014,365.874145508,88.26846446730565,481.055541992,Mid
33-053-05905-0000,OMLID 41X-13C,XTO ENERGY INC,Bakken,10083.0,2015-01-12,257.06451416,213.347549438,183.544174194,139.099975586,25.494844209064762,481.055541992,Mid
33-053-05908-0000,HOFFMANN 14X-12B,XTO ENERGY INC,Bakken,9878.0,2014-12-15,674.523803711,473.994445801,401.650604248,311.497131348,68.28546301994331,481.055541992,Mid
33-053-05910-0000,HOFFMANN  14X-12A,XTO ENERGY INC,Bakken,9278.0,2014-12-09,221.000793457,153.339813232,139.869064331,114.236831665,23.819874267837893,481.055541992,Bottom
33-053-05915-0000,STENEHJEM 27-34-3H,ABRAXAS PETROLEUM CORP.,Bakken,9404.0,2014-12-06,182.127243042,164.303039551,142.378952026,115.187492371,19.36699734602297,481.055541992,Bottom
33-053-05917-0000,SALERS FEDERAL 3-27H,"CONTINENTAL RESOURCES, INC.",Bakken,9524.0,2014-09-18,1052.667724609,857.472045898,717.253051758,676.472412109,110.5279005259345,481.055541992,Top
33-053-05918-0000,SALERS FEDERAL 5-27H,"CONTINENTAL RESOURCES, INC.",Bakken,9643.0,2015-07-17,241.233337402,161.537597656,136.081710815,120.691566467,25.01641993176397,481.055541992,Mid
33-053-05920-0000,SALERS FEDERAL 7-27H,"CONTINENTAL RESOURCES, INC.",Bakken,9544.0,2015-07-18,259.038879395,252.787155151,237.749145508,215.819641113,27.141542266869234,481.055541992,Mid
33-053-05922-0000,SIVERTSON RUSH 1-7-9MBH ULW,BURLINGTON RESOURCES OIL & GAS COMPANY LP,Bakken,9763.0,2014-12-16,230.69354248,207.412963867,183.336120605,147.211257935,23.629370324695277,481.055541992,Mid
33-053-05925-0000,COPPER DRAW 41-27MBH-ULW,BURLINGTON RESOURCES OIL & GAS COMPANY LP,Bakken,9481.0,2015-03-21,1062.350585938,889.223693848,860.591186523,686.823608398,112.0504784240059,481.055541992,Top
33-053-05927-0000,LILLIBRIDGE 41-27MBH,BURLINGTON RESOURCES OIL & GAS COMPANY LP,Bakken,10172.0,2015-03-07,872.258056641,816.257019043,662.309875488,484.568359375,85.75089035007865,481.055541992,Top
33-053-05929-0000,AN-BRENNA- 153-94-3130H-5,"HESS BAKKEN INVESTMENTS II, LLC",Bakken,9961.0,2015-02-26,1103.798950195,768.489624023,584.880493164,420.002655029,110.81206206154002,481.055541992,Top
33-053-05931-0000,AN-BRENNA- 153-94-3130H-7,"HESS BAKKEN INVESTMENTS II, LLC",Bakken,10316.0,2015-02-21,211.810577393,197.582382202,154.527130127,107.801979065,20.532238987301277,481.055541992,Bottom
33-053-05933-0000,AN-BRENNA- LE-153-94-3130H-1,"HESS BAKKEN INVESTMENTS II, LLC",Bakken,10604.0,2015-03-03,768.510437012,534.451843262,418.650634766,308.941833496,72.47363608185591,481.055541992,Mid
33-053-05935-0000,LOOMER 150-99-2-11-5H,NEWFIELD PRODUCTION COMPANY,Bakken,9666.0,2014-08-26,753.833312988,573.495178223,436.544128418,300.776580811,77.98813500806952,481.055541992,Mid
33-053-05936-0000,LOOMER 150-99-2-11-4H,NEWFIELD PRODUCTION COMPANY,Bakken,9561.0,2014-08-26,677.666687012,511.574432373,396.590118408,278.669830322,70.87822267670745,481.055541992,Mid
33-053-05938-0000,MCCOY 44X-23D,XTO ENERGY INC,Bakken,9403.0,2015-04-20,777.871276855,545.385314941,411.181762695,283.835083008,82.72586162448155,481.055541992,Mid
33-053-05941-0000,LUNDIN FEDERAL 31X-9D,XTO ENERGY INC,Bakken,9380.0,2015-04-07,695.940002441,498.923614502,397.347930908,286.841644287,74.1940301109808,481.055541992,Mid
33-053-05945-0000,GUNDER T. 21-30H,WHITING OIL AND GAS CORPORATION,Bakken,9280.0,2014-08-22,1036.339355469,621.239074707,402.55456543,312.256622314,111.67449951174571,481.055541992,Top
33-053-05946-0000,GUNDER T. 21-30-2H,WHITING OIL AND GAS CORPORATION,Bakken,8907.0,2014-08-22,1006.5,532.522949219,357.949981689,278.505218506,113.001010441226,481.055541992,Top
33-053-05947-0000,HARRISBURG 1-34H,"CONTINENTAL RESOURCES, INC.",Bakken,9760.0,2014-09-24,730.433349609,603.566650391,432.747406006,338.038360596,74.83948254190574,481.055541992,Mid
33-053-05949-0000,SHENANDOAH 44-36MBH ULW,BURLINGTON RESOURCES OIL & GAS COMPANY LP,Bakken,9611.0,2015-03-17,923.966674805,891.747436523,849.680664062,715.424438477,96.13637236551867,481.055541992,Top
33-053-05950-0000,STATE 152-102-36-25-3H,TRIANGLE USA PETROLEUM CORPORATION,Bakken,9458.0,2014-09-25,130.572219849,91.087158203,68.872146606,37.041984558,13.80547894364559,481.055541992,Bottom
33-053-05951-0000,STATE 152-102-36-25-4H,TRIANGLE USA PETROLEUM CORPORATION,Bakken,9407.0,2014-09-25,105.95501709,102.279983521,86.425010681,77.666969299,11.26342267354098,481.055541992,Bottom
33-053-05952-0000,GOOD SHEPHERD 41-15H,WHITING OIL AND GAS CORPORATION,Bakken,9115.0,2014-10-24,640.872192383,426.807525635,331.837219238,247.136993408,70.30962066736149,481.055541992,Mid
33-053-05953-0000,GOOD SHEPHERD 41-15-2H,WHITING OIL AND GAS CORPORATION,Bakken,9102.0,2014-10-24,46.01612854,40.720371246,34.691970825,31.187213898,5.055606299714348,481.055541992,Bottom
33-053-05954-0000,WADE FEDERAL 5300 41-30 6B,OASIS PETROLEUM NORTH AMERICA LLC,Bakken,9392.0,2015-06-08,128.026885986,93.286079407,72.928009033,59.939403534,13.631482749787054,481.055541992,Bottom
33-053-05955-0000,GOOD SHEPHERD 21-15-2H,WHITING OIL AND GAS CORPORATION,Bakken,9169.0,2014-10-16,132.139770508,78.616783142,55.891033173,39.308689117,14.411579289780782,481.055541992,Bottom
33-053-05956-0000,GOOD SHEPHERD 21-15H,WHITING OIL AND GAS CORPORATION,Bakken,9456.0,2014-10-16,829.116638184,517.389282227,375.528594971,264.545715332,87.68153957106598,481.055541992,Mid
33-053-05959-0000,USA 153-96-24C-13-3H,"PETRO-HUNT, L.L.C.",Bakken,9867.0,2017-10-24,268.112579346,223.577224731,190.34967041,188.824691772,27.172654235937973,481.055541992,Mid
33-053-05960-0000,USA 153-96-24C-13-4H,"PETRO-HUNT, L.L.C.",Bakken,9565.0,2017-10-20,262.360229492,240.768692017,208.269561768,188.378860474,27.429192837637217,481.055541992,Mid
33-053-05962-0000,USA 153-96-24D-13-6H,"PETRO-HUNT, L.L.C.",Bakken,9643.0,2017-10-07,700.577758789,525.525085449,425.221832275,395.343566895,72.65143200134813,481.055541992,Mid
33-053-05963-0000,STATE 152-102-36-25-8H,TRIANGLE USA PETROLEUM CORPORATION,Bakken,9398.0,2014-10-31,190.854171753,132.569442749,92.337654114,55.064838409,20.307956134603106,481.055541992,Bottom
33-053-05964-0000,STATE 152-102-36-25-7H,TRIANGLE USA PETROLEUM CORPORATION,Bakken,9488.0,2014-10-30,735.272705078,509.060302734,453.328308105,313.099334717,77.49501529068297,481.055541992,Mid
33-053-05966-0000,ROLFSRUD STATE 152-96-29-32-3HX,NEWFIELD PRODUCTION COMPANY,Bakken,6720.0,2014-11-15,172.047317505,136.331222534,113.236373901,82.793457031,25.602279390625,481.055541992,Bottom
33-053-05969-0000,HA-DAHL- 152-95-0706H-5,"HESS BAKKEN INVESTMENTS II, LLC",Bakken,10928.0,2015-03-01,352.443878174,267.183624268,209.971115112,156.898468018,32.251452980783306,481.055541992,Mid
33-053-05971-0000,HA-DAHL- 152-95-0706H-7,"HESS BAKKEN INVESTMENTS II, LLC",Bakken,10988.0,2015-03-12,360.601654053,296.113586426,234.492294312,156.646881104,32.817769753640334,481.055541992,Mid
33-053-05974-0000,SEVERIN 1-16-17BH,QEP ENERGY COMPANY,Bakken,9984.0,2014-09-23,1382.630126953,1287.644775391,945.950805664,650.312316895,138.48458803615785,481.055541992,Top
33-053-05975-0000,SEVERIN 2-16-17BH,QEP ENERGY COMPANY,Bakken,10054.0,2014-09-26,1303.144042969,1096.682128906,851.275268555,562.196044922,129.61448607211062,481.055541992,Top
33-053-05976-0000,TARPON FEDERAL 24-20-1H,WHITING OIL AND GAS CORPORATION,Bakken,9717.0,2014-12-15,1877.004272461,1294.416625977,844.281188965,493.884490967,193.1670548997633,481.055541992,Top
33-053-05979-0000,TARPON FEDERAL 24-20-2RH,WHITING OIL AND GAS CORPORATION,Bakken,9499.0,2015-01-23,521.451416016,462.531188965,340.050140381,218.920272827,54.89540120181072,481.055541992,Mid
33-053-05981-0000,BRITT 151-102-4-9-1H,TRIANGLE USA PETROLEUM CORPORATION,Bakken,9607.0,2014-10-22,81.682792664,42.234443665,23.765752792,17.030578613,8.502424551264705,481.055541992,Bottom
33-053-05982-0000,BRITT 151-102-4-9-2H,TRIANGLE USA PETROLEUM CORPORATION,Bakken,9514.0,2014-10-22,636.453857422,513.257141113,427.612121582,285.144500732,66.89655848454909,481.055541992,Mid
33-053-05983-0000,BRITT 151-102-4-9-3H,TRIANGLE USA PETROLEUM CORPORATION,Bakken,9359.0,2014-11-08,644.629516602,469.65914917,402.904022217,272.649658203,68.87803361491612,481.055541992,Mid
33-053-05984-0000,BRITT 151-102-4-9-4H,TRIANGLE USA PETROLEUM CORPORATION,Bakken,9575.0,2014-11-11,102.983329773,71.301254272,50.396942139,31.102586746,10.75543914078329,481.055541992,Bottom
33-053-05987-0000,HA-SANFORD- 152-96-1819H-2,"HESS BAKKEN INVESTMENTS II, LLC",Bakken,10560.0,2015-09-30,1220.152709961,820.386047363,551.280822754,351.822692871,115.54476420085227,481.055541992,Top
33-053-05989-0000,HA-SANFORD- 152-96-1819H-4,"HESS BAKKEN INVESTMENTS II, LLC",Bakken,9899.0,2015-10-20,1036.540527344,750.35736084,509.606933594,306.344238281,104.71164030144462,481.055541992,Top
33-053-05991-0000,HA-SANFORD- LE-152-96-1819H-1,"HESS BAKKEN INVESTMENTS II, LLC",Bakken,9395.0,2015-10-15,1183.365478516,942.475280762,666.941589355,438.28729248,125.95694289686003,481.055541992,Top
33-053-05992-0000,BW-NORGARD- 149-100-1102H-2,"HESS BAKKEN INVESTMENTS II, LLC",Bakken,9492.0,2015-03-22,637.788879395,400.361663818,274.199157715,194.167602539,67.19225446639274,481.055541992,Mid
33-053-05993-0000,BW-NORGARD- 149-100-1102H-3,"HESS BAKKEN INVESTMENTS II, LLC",Bakken,10344.0,2014-11-05,853.278503418,521.756774902,387.8175354,261.044555664,82.49018787877031,481.055541992,Mid
33-053-05994-0000,BW-ARNEGARD STATE- 151-100-3625H-6,"HESS BAKKEN INVESTMENTS II, LLC",Bakken,9924.0,2015-04-22,205.498031616,175.501846313,117.229408264,76.765457153,20.707177712212818,481.055541992,Bottom
33-053-05995-0000,WADE FEDERAL 5300 31-30 2B,OASIS PETROLEUM NORTH AMERICA LLC,Bakken,9561.0,2015-05-26,865.595703125,658.157470703,495.834442139,322.654418945,90.53401350538647,481.055541992,Top
33-053-06000-0000,JOHNSON 150-99-34-27-4H,NEWFIELD PRODUCTION COMPANY,Bakken,10755.0,2015-03-08,729.366638184,454.456665039,321.28302002,226.971450806,67.81651679999999,481.055541992,Mid
33-053-06002-0000,BAILEY 5-24H,"CONTINENTAL RESOURCES, INC.",Bakken,10436.0,2015-03-30,184.016296387,194.90802002,184.201477051,131.942001343,17.632837905998468,481.055541992,Bottom
33-053-06006-0000,WILEY  5-25H,"CONTINENTAL RESOURCES, INC.",Bakken,9121.0,2017-08-01,404.865600586,385.575805664,307.77557373,260.337371826,44.38829082183971,481.055541992,Mid
33-053-06010-0000,CHALMERS 5301 44-24 3BR,OASIS PETROLEUM NORTH AMERICA LLC,Bakken,9917.0,2014-12-12,1099.308349609,640.460876465,505.365264893,433.292602539,110.85089740939802,481.055541992,Top
33-053-06013-0000,JAMESTOWN FEDERAL 6-17H,"CONTINENTAL RESOURCES, INC.",Bakken,9915.0,2014-11-30,852.225830078,683.996398926,526.659240723,427.678222656,85.9531850809884,481.055541992,Mid
33-053-06019-0000,CHALMERS 5300 21-19 6B,OASIS PETROLEUM NORTH AMERICA LLC,Bakken,9500.0,2015-07-18,480.551727295,377.098876953,337.671112061,242.623016357,50.5843923468421,481.055541992,Mid
33-053-06023-0000,CHALMERS 5300 21-19 9B,OASIS PETROLEUM NORTH AMERICA LLC,Bakken,9356.0,2015-05-18,789.755554199,496.234863281,452.4559021,345.608215332,84.41166675919196,481.055541992,Mid
33-053-06024-0000,CHALMERS 5300 21-19 11B,OASIS PETROLEUM NORTH AMERICA LLC,Bakken,9610.0,2015-05-10,859.466674805,515.411132812,422.271148682,278.27734375,89.43461756555672,481.055541992,Top
33-053-06026-0000,KLINE FEDERAL 5300 41-18 10B,OASIS PETROLEUM NORTH AMERICA LLC,Bakken,9335.0,2015-09-04,1406.721557617,822.049987793,663.113098145,462.424285889,150.69325737728974,481.055541992,Top
33-053-06029-0000,KLINE FEDERAL 5300 41-18 14BX,OASIS PETROLEUM NORTH AMERICA LLC,Bakken,9532.0,2015-08-22,114.19355011,89.704956055,52.144290924,35.418609619,11.980019944397819,481.055541992,Bottom
33-053-06032-0000,JOHNSON 4-9-4BH,QEP ENERGY COMPANY,Bakken,9902.0,2015-02-01,1628.677368164,1398.162353516,1003.515441895,722.80645752,164.47963726156334,481.055541992,Top
33-053-06034-0000,STATE 4-16-21BH,QEP ENERGY COMPANY,Bakken,9851.0,2015-03-02,1289.099975586,850.383850098,855.800354004,624.323547363,130.85980870835448,481.055541992,Top
33-053-06036-0000,STATE 16-21-17-20LL,QEP ENERGY COMPANY,Bakken,9700.0,2015-03-08,1694.776977539,1267.191772461,1010.74005127,666.850219727,174.71927603494845,481.055541992,Top
33-053-06037-0000,JOEL GOODSEN 7-32-29H,"EMERALD OIL, INC",Bakken,9476.0,2015-05-12,432.600006104,282.920318604,240.636062622,185.758361816,45.65217455719712,481.055541992,Mid
33-053-06039-0000,DUDLEY DAWSON 7-2-11H,"EMERALD OIL, INC",Bakken,9520.0,2015-06-26,378.506439209,278.725921631,225.207870483,170.32762146,39.75907974884454,481.055541992,Mid
33-053-06040-0000,JOEL GOODSEN 5-32-29H,"EMERALD OIL, INC",Bakken,9658.0,2015-07-03,473.80645752,325.509887695,282.132568359,228.167129517,49.058444555808656,481.055541992,Mid
33-053-06041-0000,DUDLEY DAWSON 6-2-11H,"EMERALD OIL, INC",Bakken,9249.0,2015-07-04,271.921508789,217.273010254,178.349441528,146.110656738,29.40009825808195,481.055541992,Mid
33-053-06043-0000,HARLEY 11-2MBH-R,BURLINGTON RESOURCES OIL & GAS COMPANY LP,Bakken,8514.0,2015-06-27,813.778259277,748.119689941,560.598632812,359.308624268,95.58119089464412,481.055541992,Mid
33-053-06045-0000,DURHAM 7-2H,"CONTINENTAL RESOURCES, INC.",Bakken,9436.0,2015-04-26,610.573303223,562.733337402,583.606628418,515.86138916,64.70679347424756,481.055541992,Mid
33-053-06047-0000,UHLMAN 1-7H,"CONTINENTAL RESOURCES, INC.",Bakken,10438.0,2014-12-25,224.080871582,195.830932617,175.54725647,141.07635498,21.467797622341443,481.055541992,Bottom
33-053-06048-0000,JOHNSON 24X-31A,XTO ENERGY INC,Bakken,9518.0,2015-03-16,203.787811279,182.364456177,151.199813843,100.690048218,21.41078076055894,481.055541992,Bottom
33-053-06051-0000,WADE FEDERAL  5300 41-30 9B,OASIS PETROLEUM NORTH AMERICA LLC,Bakken,8713.0,2015-06-13,834.704284668,655.580444336,514.017822266,404.808227539,95.79987199219558,481.055541992,Mid
33-053-06052-0000,JORE {FEDERAL} 2-12H,"SLAWSON EXPLORATION COMPANY, INC.",Bakken,4046.0,2014-09-04,276.407165527,161.963607788,109.552734375,66.138221741,68.31615559243697,481.055541992,Mid
33-053-06053-0000,MIRAMAR 2-32H,"CONTINENTAL RESOURCES, INC.",Bakken,9436.0,2015-01-29,330.973327637,299.068817139,205.493240356,138.108886719,35.07559640069945,481.055541992,Mid
33-053-06055-0000,KLINE FEDERAL  5300 31-18 8B,OASIS PETROLEUM NORTH AMERICA LLC,Bakken,9348.0,2015-09-20,111.091400146,74.364219666,58.686096191,52.939002991,11.883975197475394,481.055541992,Bottom
33-053-06057-0000,KLINE FEDERAL  5300 31-18 6B,OASIS PETROLEUM NORTH AMERICA LLC,Bakken,9484.0,2015-09-13,641.677429199,460.945892334,367.271118164,258.825531006,67.65894445371151,481.055541992,Mid
33-053-06058-0000,HA-THOMPSON- 152-95-1720H-7,"HESS BAKKEN INVESTMENTS II, LLC",Bakken,10025.0,2015-05-28,311.876190186,256.215240479,219.114654541,163.189498901,31.109844407581043,481.055541992,Mid
33-053-06061-0000,HA-THOMPSON- 152-95-1720H-10,"HESS BAKKEN INVESTMENTS II, LLC",Bakken,9980.0,2015-06-14,1301.993530273,920.822998047,658.131225586,430.923461914,130.4602735744489,481.055541992,Top
33-053-06062-0000,SAND CREEK FEDERAL 153-96-21-28-3H,NEWFIELD PRODUCTION COMPANY,Bakken,9893.0,2015-01-02,855.099975586,578.606445312,439.094329834,353.581085205,86.434850458506,481.055541992,Top
33-053-06064-0000,SAND CREEK FEDERAL 153-96-21-28-2H,NEWFIELD PRODUCTION COMPANY,Bakken,9855.0,2015-01-02,185.415054321,141.414871216,138.354248047,115.383117676,18.81431297016743,481.055541992,Bottom
33-053-06066-0000,RANGER 21X-18A,XTO ENERGY INC,Bakken,9340.0,2015-05-24,715.723815918,542.598510742,506.926269531,393.727966309,76.62995887773019,481.055541992,Mid
33-053-06067-0000,RANGER 21X-18B,XTO ENERGY INC,Bakken,9304.0,2015-06-04,795.532287598,576.02331543,534.278747559,386.418548584,85.50433013736027,481.055541992,Mid
33-053-06069-0000,RANGER 21X-18C,XTO ENERGY INC,Bakken,9836.0,2015-05-29,632.391418457,514.757019043,465.011199951,390.878845215,64.29355616683611,481.055541992,Mid
33-053-06071-0000,HAMMERHEAD 11-26MBH,BURLINGTON RESOURCES OIL & GAS COMPANY LP,Bakken,9505.0,2015-05-15,245.432830811,212.676528931,185.043792725,131.57522583,25.821444588216725,481.055541992,Mid
33-053-06073-0000,HAMMERHEAD 21-26MBH,BURLINGTON RESOURCES OIL & GAS COMPANY LP,Bakken,9437.0,2015-05-27,281.052947998,174.385803223,126.879981995,88.59236145,29.78202267648617,481.055541992,Mid
33-053-06075-0000,HAMMERHEAD 31-26-2MBH,BURLINGTON RESOURCES OIL & GAS COMPANY LP,Bakken,9202.0,2015-05-14,202.823410034,212.483932495,186.662841797,150.081283569,22.04123125777005,481.055541992,Bottom
33-053-06078-0000,JORE FEDERAL 2-11-8H,ABRAXAS PETROLEUM CORP.,Bakken,9907.0,2015-06-05,647.07635498,529.837036133,438.987121582,312.500915527,65.31506560815585,481.055541992,Mid
33-053-06079-0000,JORE FEDERAL 2-11-7H,ABRAXAS PETROLEUM CORP.,Bakken,9898.0,2015-06-07,588.545166016,502.259246826,435.01184082,315.320007324,59.4610189953526,481.055541992,Mid
33-053-06080-0000,JORE FEDERAL 2-11-6H,ABRAXAS PETROLEUM CORP.,Bakken,9888.0,2015-06-19,624.555908203,486.188903809,421.666717529,308.225982666,63.16301660629045,481.055541992,Mid
33-053-06081-0000,JORE FEDERAL 2-11-5H,ABRAXAS PETROLEUM CORP.,Bakken,9973.0,2015-06-06,524.145141602,460.514556885,408.190795898,335.904022217,52.556416484708706,481.055541992,Mid
33-053-06087-0000,FLORIDA FEDERAL 5-11H,"CONTINENTAL RESOURCES, INC.",Bakken,14471.0,2017-03-09,432.235473633,364.924072266,313.872833252,255.404067993,29.869081171515447,481.055541992,Mid
33-053-06088-0000,ALPHA 5-14H,"CONTINENTAL RESOURCES, INC.",Bakken,6838.0,2017-03-08,298.083343506,250.214141846,213.191802979,125.414596558,43.59218243726236,481.055541992,Mid
33-053-06094-0000,JAMES FEDERAL 16-35H,SM ENERGY COMPANY,Bakken,8919.0,2014-12-30,165.791854858,122.946891785,100.602470398,88.170730591,18.58861473909631,481.055541992,Bottom
33-053-06097-0000,BROOKS 3-4H,"CONTINENTAL RESOURCES, INC.",Bakken,9337.0,2014-12-02,211.726318359,135.505203247,105.526023865,87.279823303,22.67605423144479,481.055541992,Bottom
33-053-06098-0000,SIMPSON 151-102-5-8-1H,TRIANGLE USA PETROLEUM CORPORATION,Bakken,9454.0,2015-01-26,682.98626709,477.399108887,402.477600098,317.353546143,72.24309996720963,481.055541992,Mid
33-053-06099-0000,SIMPSON 151-102-5-8-2H,TRIANGLE USA PETROLEUM CORPORATION,Bakken,9390.0,2015-01-19,735.155090332,528.452758789,415.878387451,331.553436279,78.2912769256656,481.055541992,Mid
33-053-06102-0000,ERIC STRATTON FEDERAL 5-36-25H,"EMERALD OIL, INC",Bakken,9366.0,2015-07-06,283.578491211,220.912185669,183.11038208,141.885848999,30.277438737027552,481.055541992,Mid
33-053-06105-0000,SKEDSVOLD 21-4H,WHITING OIL AND GAS CORPORATION,Bakken,9288.0,2015-01-02,852.053649902,530.190368652,378.60848999,260.432617188,91.73704240977605,481.055541992,Mid
33-053-06106-0000,SKEDSVOLD 21-4-3H,WHITING OIL AND GAS CORPORATION,Bakken,9014.0,2015-01-02,758.616638184,513.395568848,366.744506836,254.018035889,84.15982229687154,481.055541992,Mid
33-053-06107-0000,SKEDSVOLD 21-4-4H,WHITING OIL AND GAS CORPORATION,Bakken,9544.0,2015-01-02,158.873199463,86.701850891,62.531845093,45.491119385,16.64639558497485,481.055541992,Bottom
33-053-06112-0000,BW-NORGARD- 149-100-1102H-4,"HESS BAKKEN INVESTMENTS II, LLC",Bakken,10364.0,2014-11-11,697.173583984,417.577789307,294.827941895,200.613967896,67.2687749888074,481.055541992,Mid
33-053-06114-0000,STENEHJEM  15-9HB,SM ENERGY COMPANY,Bakken,9602.0,2016-06-07,151.123657227,114.866966248,87.862098694,65.017807007,15.738768717662985,481.055541992,Bottom
33-053-06116-0000,STENEHJEM  15-9HA,SM ENERGY COMPANY,Bakken,9685.0,2016-06-03,562.866638184,455.971099854,444.741546631,376.272338867,58.11736067981414,481.055541992,Mid
33-053-06117-0000,PAULSON 150-101-23-14-1H,TRIANGLE USA PETROLEUM CORPORATION,Bakken,9497.0,2014-11-28,602.662353516,528.355224609,413.054168701,283.663848877,63.458181901231974,481.055541992,Mid
33-053-06118-0000,BB-BELQUIST- 150-95-1110H-8,"HESS BAKKEN INVESTMENTS II, LLC",Bakken,10282.0,2015-04-11,233.567749023,171.996231079,137.07434082,88.353271484,22.71617866397588,481.055541992,Mid
33-053-06120-0000,BB-BELQUIST- 150-95-1110H-10,"HESS BAKKEN INVESTMENTS II, LLC",Bakken,10491.0,2015-04-01,279.783325195,190.381484985,151.092437744,99.243965149,26.66889001954056,481.055541992,Mid
33-053-06121-0000,QUALE FEDERAL  2-1H,"CONTINENTAL RESOURCES, INC.",Bakken,10531.0,2015-01-20,804.645141602,662.219726562,584.928161621,466.654785156,76.40728720938182,481.055541992,Mid
33-053-06122-0000,FOREMAN 1-2-1BH,QEP ENERGY COMPANY,Bakken,9613.0,2015-04-30,285.273345947,204.430038452,177.136169434,186.1509552,29.675787573806303,481.055541992,Mid
33-053-06123-0000,FOREMAN 2-2-1BH,QEP ENERGY COMPANY,Bakken,9648.0,2015-05-01,1157.645141602,952.515075684,769.137145996,560.652038574,119.98809510800166,481.055541992,Top
33-053-06126-0000,SKAAR FEDERAL 153-96-29-3H,NEWFIELD PRODUCTION COMPANY,Bakken,4826.0,2015-05-06,157.169265747,131.963562012,101.8751297,76.273719788,32.567191410484874,481.055541992,Bottom
33-053-06131-0000,WADE FEDERAL 5300 21-30 13B,OASIS PETROLEUM NORTH AMERICA LLC,Bakken,9535.0,2015-04-22,110.215057373,103.302627563,70.245658875,48.658348083,11.558999200104877,481.055541992,Bottom
33-053-06132-0000,RADERMECHER 3-22H,"CONTINENTAL RESOURCES, INC.",Bakken,9666.0,2017-02-15,241.07258606,167.619949341,98.805656433,89.838241577,24.940263403683012,481.055541992,Mid
33-053-06136-0000,NORFOLK 7-1H,"CONTINENTAL RESOURCES, INC.",Bakken,9476.0,2015-04-16,246.67666626,207.513198853,199.308517456,195.800216675,26.031729238075133,481.055541992,Mid
33-053-06140-0000,NELSON 24X-11A,XTO ENERGY INC,Bakken,9629.0,2015-03-09,924.421508789,765.251586914,599.738769531,395.760742188,96.00389539817219,481.055541992,Top
33-053-06142-0000,JOHNSON FEDERAL 11X-5A,XTO ENERGY INC,Bakken,9037.0,2015-05-09,196.920898438,134.965591431,118.247703552,93.13205719,21.790516591567997,481.055541992,Bottom
33-053-06145-0000,MRACHEK 21-26-4H,WHITING OIL AND GAS CORPORATION,Bakken,9570.0,2015-02-03,122.863983154,75.166473389,52.072677612,41.363628387,12.838451740229884,481.055541992,Bottom
33-053-06146-0000,MRACHEK 21-26-3HR,WHITING OIL AND GAS CORPORATION,Bakken,8895.0,2014-12-21,799.633361816,514.386657715,360.969512939,279.156158447,89.89694905182688,481.055541992,Mid
33-053-06147-0000,MRACHEK 21-26H,WHITING OIL AND GAS CORPORATION,Bakken,8931.0,2014-12-21,121.164100647,66.938652039,47.607616425,39.819541931,13.56668913301982,481.055541992,Bottom
33-053-06151-0000,BB-BELQUIST- 150-95-1110H-12,"HESS BAKKEN INVESTMENTS II, LLC",Bakken,10774.0,2015-03-19,292.59942627,217.227005005,158.484924316,111.753646851,27.157919646370893,481.055541992,Mid
33-053-06155-0000,DEKING 1-8-34MBH-ULW,BURLINGTON RESOURCES OIL & GAS COMPANY LP,Bakken,10096.0,2015-06-21,198.005554199,134.874725342,108.157562256,112.65737915,19.61227755536846,481.055541992,Bottom
33-053-06157-0000,AMUNDSON 34X-22B,XTO ENERGY INC,Bakken,9797.0,2015-06-30,180.605560303,168.963851929,147.051574707,110.979660034,18.434782107073595,481.055541992,Bottom
33-053-06159-0000,AMUNDSON 34X-22C,XTO ENERGY INC,Bakken,8931.0,2015-07-06,278.679992676,217.380493164,151.27897644,111.688453674,31.203671780987573,481.055541992,Mid
33-053-06160-0000,BW-HEIDI HO- 149-99-3526H-2,"HESS BAKKEN INVESTMENTS II, LLC",Bakken,10326.0,2014-12-29,412.863433838,284.850250244,200.779312134,141.773544312,39.98290081716056,481.055541992,Mid
33-053-06161-0000,BW-HEIDI HO- 149-99-3526H-3,"HESS BAKKEN INVESTMENTS II, LLC",Bakken,10253.0,2015-01-04,197.721435547,130.216461182,92.90801239,60.171234131,19.28425197961572,481.055541992,Bottom
33-053-06162-0000,BW-HEIDI HO- 149-99-3526H-4,"HESS BAKKEN INVESTMENTS II, LLC",Bakken,10133.0,2015-01-09,149.475006104,108.169715881,74.792427063,54.421516418,14.751308211191157,481.055541992,Bottom
33-053-06163-0000,SKEDSVOLD 21-4-5H,WHITING OIL AND GAS CORPORATION,Bakken,10695.0,2015-01-02,1007.833312988,646.823730469,480.657531738,323.768737793,94.23406386049555,481.055541992,Top
33-053-06164-0000,AMUNDSON 34X-22A,XTO ENERGY INC,Bakken,10477.0,2015-07-05,221.559143066,182.323455811,156.479949951,103.598495483,21.147193191371574,481.055541992,Bottom
33-053-06167-0000,JOHNSRUD 151-98-30-31-5H,NEWFIELD PRODUCTION COMPANY,Bakken,9739.0,2015-09-23,241.918457031,175.771331787,138.974349976,92.227394104,24.840174251052467,481.055541992,Mid
33-053-06171-0000,HELSINGBORG FEDERAL 153-96-22-27-2H,NEWFIELD PRODUCTION COMPANY,Bakken,9767.0,2014-12-29,177.639602661,101.240501404,52.101978302,85.25894928,18.18773447947169,481.055541992,Bottom
33-053-06173-0000,HELSINGBORG FEDERAL 153-96-22-27-3H,NEWFIELD PRODUCTION COMPANY,Bakken,9910.0,2014-12-17,775.613952637,515.575256348,349.961090088,300.011566162,78.26578734984864,481.055541992,Mid
33-053-06175-0000,MILES 3-6H,"CONTINENTAL RESOURCES, INC.",Bakken,9548.0,2015-03-05,720.840454102,628.502197266,513.979125977,353.679443359,75.49648660473397,481.055541992,Mid
33-053-06177-0000,KENNEDY 3-31H,"CONTINENTAL RESOURCES, INC.",Bakken,10193.0,2015-03-06,271.811096191,178.54258728,142.280471802,117.475601196,26.666447188364565,481.055541992,Mid
33-053-06178-0000,BW-JOHNSON- 149-99-1003H-4,"HESS BAKKEN INVESTMENTS II, LLC",Bakken,9449.0,2016-03-29,722.851196289,523.85333252,414.756835938,301.492797852,76.50028535178326,481.055541992,Mid
33-053-06179-0000,BW-JOHNSON- 149-99-1003H-5,"HESS BAKKEN INVESTMENTS II, LLC",Bakken,9798.0,2016-04-03,153.4112854,127.953582764,109.267677307,75.886238098,15.657408185343947,481.055541992,Bottom
33-053-06180-0000,BW-JOHNSON- 149-99-1003H-6,"HESS BAKKEN INVESTMENTS II, LLC",Bakken,9664.0,2016-04-08,655.790344238,507.754119873,433.908111572,310.808624268,67.8591001901904,481.055541992,Mid
33-053-06181-0000,BW-ERLER- 149-99-1522H-4,"HESS BAKKEN INVESTMENTS II, LLC",Bakken,9998.0,2016-04-13,207.051849365,95.008575439,69.815910339,68.065452576,20.709326801860374,481.055541992,Bottom
33-053-06182-0000,BW-ERLER- 149-99-1522H-5,"HESS BAKKEN INVESTMENTS II, LLC",Bakken,9882.0,2016-05-09,751.813964844,556.130493164,476.952056885,343.867584229,76.0791302210079,481.055541992,Mid
33-053-06183-0000,BW-ERLER- LE-149-99-1522H-1,"HESS BAKKEN INVESTMENTS II, LLC",Bakken,9923.0,2016-04-29,727.172058105,505.2003479,405.385681152,305.852416992,73.28147315378413,481.055541992,Mid
33-053-06184-0000,BW-STOVELAND- 149-100-1003H-3,"HESS BAKKEN INVESTMENTS II, LLC",Bakken,9497.0,2015-01-04,160.156356812,114.657035828,85.117973328,57.643070221,16.863889313678005,481.055541992,Bottom
33-053-06185-0000,BW-STOVELAND- 149-100-1003H-2,"HESS BAKKEN INVESTMENTS II, LLC",Bakken,9547.0,2014-12-30,679.893554688,464.52444458,344.080688477,233.205474854,71.21541370985649,481.055541992,Mid
33-053-06186-0000,BW-HAGEN- 149-100-1522H-2,"HESS BAKKEN INVESTMENTS II, LLC",Bakken,10208.0,2015-01-15,130.47996521,88.392723083,62.318630219,47.117073059,12.78212825333072,481.055541992,Bottom
33-053-06187-0000,BW-HAGEN- 149-100-1522H-3,"HESS BAKKEN INVESTMENTS II, LLC",Bakken,9660.0,2015-01-09,135.355560303,88.916931152,62.782840729,45.935997009,14.011962764285714,481.055541992,Bottom
33-053-06188-0000,J GARVIN JACOBSON 150-101-8-5-8H,TRIANGLE USA PETROLEUM CORPORATION,Bakken,8922.0,2016-09-10,125.227775574,89.644142151,83.077407837,55.319816589,14.035841243443175,481.055541992,Bottom
33-053-06189-0000,J GARVIN JACOBSON 150-101-8-5-7H,TRIANGLE USA PETROLEUM CORPORATION,Bakken,8901.0,2016-07-27,115.236557007,87.067382812,64.320304871,35.90297699,12.946473093697337,481.055541992,Bottom
33-053-06190-0000,J GARVIN JACOBSON 150-101-8-5-6H,TRIANGLE USA PETROLEUM CORPORATION,Bakken,9021.0,2016-04-28,676.80645752,454.492858887,351.013244629,225.798538208,75.02565763440859,481.055541992,Mid
33-053-06191-0000,J GARVIN JACOBSON 150-101-8-5-5H,TRIANGLE USA PETROLEUM CORPORATION,Bakken,8938.0,2016-04-28,614.200012207,453.216674805,359.232879639,240.164779663,68.71783533307227,481.055541992,Mid
33-053-06194-0000,BB-CHAPIN A- 151-95-0403H-7,"HESS BAKKEN INVESTMENTS II, LLC",Bakken,10279.0,2015-07-20,263.537994385,176.802093506,149.104919434,101.596099854,25.638485687810096,481.055541992,Mid
33-053-06196-0000,BB-CHAPIN A- 151-95-0403H-9,"HESS BAKKEN INVESTMENTS II, LLC",Bakken,10177.0,2015-07-29,917.525817871,615.790344238,448.777282715,291.873352051,90.15680631531886,481.055541992,Top
33-053-06198-0000,BB-CHAPIN A- LS-151-95-0403H-1,"HESS BAKKEN INVESTMENTS II, LLC",Bakken,10294.0,2015-08-06,180.994628906,113.843147278,94.626716614,98.052780151,17.582536322712258,481.055541992,Bottom
33-053-06201-0000,KELLOGG RANCH FEDERAL 3-32H,"CONTINENTAL RESOURCES, INC.",Bakken,10373.0,2015-09-16,664.580627441,618.548034668,531.048278809,420.905670166,64.06831460917768,481.055541992,Mid
33-053-06203-0000,NORDENG 3-5H,"CONTINENTAL RESOURCES, INC.",Bakken,8875.0,2015-06-25,300.436737061,276.208831787,262.546966553,236.946228027,33.85202671109859,481.055541992,Mid
33-053-06204-0000,GRANLI 34X-20BXC,XTO ENERGY INC,Bakken,9415.0,2015-06-30,93.494087219,88.568122864,64.802467346,47.101142883,9.930333214976102,481.055541992,Bottom
33-053-06205-0000,GRANLI 34X-20C,XTO ENERGY INC,Bakken,9695.0,2015-06-26,468.270965576,343.432373047,278.610443115,196.762298584,48.30025431418257,481.055541992,Mid
33-053-06207-0000,GRANLI 34X-20D,XTO ENERGY INC,Bakken,10192.0,2015-06-20,447.296783447,392.118530273,307.294403076,215.122375488,43.88704704150314,481.055541992,Mid
33-053-06208-0000,MOSES 21X-9B,XTO ENERGY INC,Bakken,4305.0,2015-04-07,577.621520996,386.899627686,294.446655273,215.811584473,134.17456933704995,481.055541992,Mid
33-053-06209-0000,MOSES 21X-9A,XTO ENERGY INC,Bakken,4281.0,2015-04-03,166.803588867,115.261299133,100.67956543,71.446235657,38.96369746951647,481.055541992,Bottom
33-053-06210-0000,ORA 32-24MBH,BURLINGTON RESOURCES OIL & GAS COMPANY LP,Bakken,9998.0,2014-12-15,710.868835449,566.362243652,412.844085693,299.644927979,71.10110376565314,481.055541992,Mid
33-053-06211-0000,MRACHEK 21-26-5H,WHITING OIL AND GAS CORPORATION,Bakken,10534.0,2015-02-03,899.954650879,586.328918457,439.657531738,312.918670654,85.4333255058857,481.055541992,Top
33-053-06212-0000,TARPON FEDERAL 44-19-1RH,WHITING OIL AND GAS CORPORATION,Bakken,9356.0,2015-02-17,989.820007324,823.957702637,545.485595703,344.691650391,105.79521241171442,481.055541992,Top
33-053-06217-0000,LUN USA 11-14H,MARATHON OIL COMPANY,Bakken,12596.0,2015-06-17,224.930114746,182.02444458,165.015563965,105.296096802,17.8572653815497,481.055541992,Bottom
33-053-06220-0000,DOLL USA 12-14H,MARATHON OIL COMPANY,Bakken,12751.0,2015-06-24,1468.769897461,1040.343017578,910.692199707,777.10748291,115.18860461618698,481.055541992,Top
33-053-06223-0000,KLINE FEDERAL 5300 11-18 5B,OASIS PETROLEUM NORTH AMERICA LLC,Bakken,9808.0,2015-08-25,596.766662598,493.353790283,480.116516113,324.074157715,60.84488811154161,481.055541992,Mid
33-053-06226-0000,ROLLA FEDERAL  153-96-29-4H,NEWFIELD PRODUCTION COMPANY,Bakken,4707.0,2015-05-04,587.748901367,375.553405762,253.958908081,172.925491333,124.86698563140006,481.055541992,Mid
33-053-06229-0000,FRISCO 3-31H,"CONTINENTAL RESOURCES, INC.",Bakken,9380.0,2015-03-22,57.629032135,39.487464905,35.391853333,26.864459991,6.143820057036248,481.055541992,Bottom
33-053-06231-0000,GRAMMA FEDERAL  5300 41-31 12B,OASIS PETROLEUM NORTH AMERICA LLC,Bakken,9303.0,2015-06-30,68.822219849,71.615707397,50.476680756,40.000118256,7.397852289476513,481.055541992,Bottom
33-053-06235-0000,JONES 3-15-22BH,QEP ENERGY COMPANY,Bakken,9757.0,2015-10-01,245.17741394,210.008666992,190.799621582,160.359970093,25.128360555498617,481.055541992,Mid
33-053-06237-0000,JONES 4-15-22BH,QEP ENERGY COMPANY,Bakken,9764.0,2015-09-21,264.233337402,233.070144653,217.844619751,206.589416504,27.061996866243348,481.055541992,Mid
33-053-06240-0000,WISNESS 150-100-23-14-7H,TRIANGLE USA PETROLEUM CORPORATION,Bakken,9202.0,2015-05-05,141.102157593,139.244857788,114.013442993,77.157653809,15.33385759541404,481.055541992,Bottom
33-053-06242-0000,WISNESS 150-100-23-14-8H,TRIANGLE USA PETROLEUM CORPORATION,Bakken,8625.0,2015-04-12,759.81829834,629.384460449,494.366485596,315.823181152,88.09487516985507,481.055541992,Mid
33-053-06243-0000,KLINE FEDERAL 5300 11-18 2B,OASIS PETROLEUM NORTH AMERICA LLC,Bakken,9421.0,2015-09-20,106.733329773,77.573028564,49.292922974,59.45765686,11.329299413331919,481.055541992,Bottom
33-053-06245-0000,KOALA 13-31-30-4H,KODIAK OIL & GAS (USA) INC.,Bakken,8876.0,2015-03-14,1272.559204102,874.792602539,614.22088623,414.35836792,143.3707981187472,481.055541992,Top
33-053-06250-0000,JONES 2-15-22BH,QEP ENERGY COMPANY,Bakken,10020.0,2015-08-25,952.305236816,805.017211914,718.962524414,489.422515869,95.040442796008,481.055541992,Top
33-053-06251-0000,JONES 1-15-22BH,QEP ENERGY COMPANY,Bakken,10058.0,2015-08-27,1265.340209961,1027.910766602,811.573913574,482.681396484,125.80435573284947,481.055541992,Top
33-053-06252-0000,P. LEVANG 2-14-23BH,QEP ENERGY COMPANY,Bakken,10091.0,2015-05-18,1177.982177734,1043.687988281,864.947937012,657.005310059,116.73592089327124,481.055541992,Top
33-053-06253-0000,P. LEVANG 1-14-23BH,QEP ENERGY COMPANY,Bakken,9947.0,2015-05-12,1340.233276367,1023.099182129,837.120178223,599.923400879,134.7374360477531,481.055541992,Top
33-053-06256-0000,JOHNSRUD FEDERAL 34X-14C,XTO ENERGY INC,Bakken,9948.0,2015-10-27,848.25,743.287414551,613.858947754,490.597351074,85.26839565741858,481.055541992,Mid
33-053-06258-0000,JOHNSRUD FEDERAL 34X-14D,XTO ENERGY INC,Bakken,10078.0,2015-10-31,284.221343994,164.275863647,130.391540527,103.387733459,28.20215757035126,481.055541992,Mid
33-053-06259-0000,TAT 5-35-26BH,QEP ENERGY COMPANY,Bakken,9751.0,2015-07-17,325.607513428,178.841293335,132.141601562,137.513931274,33.392217560045125,481.055541992,Mid
33-053-06268-0000,STATE 31-3-5HU,WHITING OIL AND GAS CORPORATION,Bakken,8351.0,2015-03-10,561.67779541,348.983703613,277.736999512,206.286697388,67.25874690575979,481.055541992,Mid
33-053-06269-0000,STATE 31-3-4H,WHITING OIL AND GAS CORPORATION,Bakken,9256.0,2015-03-18,60.462223053,41.638149261,37.188446045,31.143997192,6.532219430963699,481.055541992,Bottom
33-053-06270-0000,STATE 31-3-3H,WHITING OIL AND GAS CORPORATION,Bakken,9428.0,2015-03-10,83.9973526,50.869010925,41.841262817,34.000766754,8.909350084853626,481.055541992,Bottom
33-053-06271-0000,STATE 31-3-1H,WHITING OIL AND GAS CORPORATION,Bakken,10678.0,2015-03-10,398.473815918,294.65447998,230.602645874,158.936141968,37.3172706422551,481.055541992,Mid
33-053-06272-0000,STATE 31-3HU,WHITING OIL AND GAS CORPORATION,Bakken,7677.0,2015-03-10,325.067749023,271.33190918,220.358108521,157.570404053,42.34307008245408,481.055541992,Mid
33-053-06274-0000,KINGS CANYON 4-8-34MBH,BURLINGTON RESOURCES OIL & GAS COMPANY LP,Bakken,9295.0,2015-07-30,116.452774048,129.33631897,129.793106079,110.982147217,12.528539434965035,481.055541992,Bottom
33-053-06277-0000,TETON 2-8-10MBH,BURLINGTON RESOURCES OIL & GAS COMPANY LP,Bakken,9760.0,2015-07-04,760.133361816,618.448547363,511.3699646,384.950683594,77.8825165795082,481.055541992,Mid
33-053-06278-0000,TETON 3-8-10MBH,BURLINGTON RESOURCES OIL & GAS COMPANY LP,Bakken,10242.0,2015-07-10,222.1612854,202.270248413,135.472427368,82.462837219,21.6912014645577,481.055541992,Bottom
33-053-06279-0000,TETON 5-8-10MBH,BURLINGTON RESOURCES OIL & GAS COMPANY LP,Bakken,10066.0,2015-07-04,138.634414673,117.424072266,89.833862305,66.152900696,13.772542685575203,481.055541992,Bottom
33-053-06281-0000,KINGS CANYON 6-1-27MBH,BURLINGTON RESOURCES OIL & GAS COMPANY LP,Bakken,9890.0,2015-07-23,1010.883850098,725.069824219,498.479370117,322.338928223,102.21272498463094,481.055541992,Top
33-053-06286-0000,SORENSON 14X-33A,XTO ENERGY INC,Bakken,9185.0,2015-05-21,684.12902832,550.315551758,468.273040771,357.408935547,74.48329105280348,481.055541992,Mid
33-053-06288-0000,EMMA OWNER 23-14HB,"WPX ENERGY WILLISTON, LLC",Bakken,9760.0,2016-02-27,302.172058105,227.550415039,172.216262817,131.33114624,30.960251855020495,481.055541992,Mid
33-053-06290-0000,EMMA OWNER 23-14HC,"WPX ENERGY WILLISTON, LLC",Bakken,9757.0,2016-03-04,157.098526001,133.318893433,108.687263489,90.697319031,16.101109562467972,481.055541992,Bottom
33-053-06291-0000,EMMA OWNER 23-14HD,"WPX ENERGY WILLISTON, LLC",Bakken,9795.0,2016-03-05,193.376113892,151.446289062,121.908981323,95.582191467,19.742329136498213,481.055541992,Bottom
33-053-06295-0000,REMINGTETON 8-8-10MBH ULW,BURLINGTON RESOURCES OIL & GAS COMPANY LP,Bakken,9551.0,2015-07-07,219.227783203,185.827285767,146.486846924,92.037780762,22.953385321222907,481.055541992,Bottom
33-053-06297-0000,TETON 7-8-10MBH,BURLINGTON RESOURCES OIL & GAS COMPANY LP,Bakken,9994.0,2015-07-03,618.304443359,588.840148926,550.805725098,431.629302979,61.86756487482489,481.055541992,Mid
33-053-06298-0000,TETON 6-8-10MBH,BURLINGTON RESOURCES OIL & GAS COMPANY LP,Bakken,11215.0,2015-07-01,621.355529785,576.864501953,560.364868164,426.102874756,55.40397055595186,481.055541992,Mid
33-053-06300-0000,KINGS CANYON 7-8-34MBH,BURLINGTON RESOURCES OIL & GAS COMPANY LP,Bakken,8943.0,2015-07-22,843.563354492,596.183532715,494.43359375,353.765472412,94.32666381437997,481.055541992,Mid
33-053-06302-0000,RITA 44X-34C,XTO ENERGY INC,Bakken,9448.0,2015-12-22,489.341949463,458.000976562,438.57913208,328.783569336,51.79317839362828,481.055541992,Mid
33-053-06304-0000,RITA 44X-34BXC,XTO ENERGY INC,Bakken,10007.0,2016-01-02,168.630004883,126.353424072,89.069076538,60.715526581,16.851204645048465,481.055541992,Bottom
33-053-06306-0000,KOALA 13-31-25-1H,KODIAK OIL & GAS (USA) INC.,Bakken,9357.0,2015-03-14,1187.939086914,813.684265137,549.458435059,381.845214844,126.95726054440526,481.055541992,Top
33-053-06312-0000,BRIER 5200 42-22 10B,OASIS PETROLEUM NORTH AMERICA LLC,Bakken,9048.0,2015-11-23,1291.860229492,1062.23046875,722.880981445,438.648956299,142.77853995269672,481.055541992,Top
33-053-06317-0000,LACANYON 8-8-34MBH ULW,BURLINGTON RESOURCES OIL & GAS COMPANY LP,Bakken,8197.0,2015-07-30,216.991668701,132.478668213,125.362388611,130.600143433,26.47208353068196,481.055541992,Bottom
33-053-06318-0000,P. LEVANG 4-14-23BH,QEP ENERGY COMPANY,Bakken,9811.0,2015-08-10,278.220916748,239.520492554,216.566558838,162.523269653,28.35805898970543,481.055541992,Mid
33-053-06319-0000,P. LEVANG 3-14-23BH,QEP ENERGY COMPANY,Bakken,10128.0,2015-08-08,287.611114502,186.040328979,148.220352173,105.932701111,28.3976218900079,481.055541992,Mid
33-053-06322-0000,MUSKRAT 150-94-04B-09H,ENERPLUS RESOURCES USA CORPORATION,Bakken,9983.0,2016-04-01,372.238494873,311.085510254,207.684249878,166.56930542,37.28723779154562,481.055541992,Mid
33-053-06324-0000,RACCOON 150-94-04B-09H,ENERPLUS RESOURCES USA CORPORATION,Bakken,9756.0,2016-04-01,391.969909668,291.507843018,193.95375061,152.758148193,40.177317514145145,481.055541992,Mid
33-053-06328-0000,PATENT GATE 7-6 #2H,STATOIL OIL & GAS LP,Bakken,9225.0,2017-12-17,822.666687012,716.866638184,649.007751465,423.146850586,89.17796065170732,481.055541992,Mid
33-053-06330-0000,HEINZ 18-19 4H,STATOIL OIL & GAS LP,Bakken,9685.0,2017-12-22,770.408752441,500.577789307,386.795501709,256.46875,79.54659292111512,481.055541992,Mid
33-053-06331-0000,HEINZ 18-19 #2H,STATOIL OIL & GAS LP,Bakken,9654.0,2017-12-13,159.927780151,140.164352417,100.640945435,63.329872131,16.56596023938264,481.055541992,Bottom
33-053-06333-0000,SKARSTON 1-12 XE #1H,STATOIL OIL & GAS LP,Bakken,9395.0,2016-03-01,514.114440918,476.159484863,358.914672852,329.108734131,54.722133147205966,481.055541992,Mid
33-053-06335-0000,SATTER 31X-1D,XTO ENERGY INC,Bakken,9428.0,2015-08-29,536.866638184,474.923278809,343.238891602,235.557540894,56.94385216207042,481.055541992,Mid
33-053-06337-0000,SATTER 31X-1CXD,XTO ENERGY INC,Bakken,9514.0,2015-08-30,163.876342773,123.759674072,108.62323761,81.838722229,17.224757491381123,481.055541992,Bottom
33-053-06339-0000,SATTER 21X-1C,XTO ENERGY INC,Bakken,9394.0,2015-08-06,666.383361816,574.29284668,444.646759033,313.448242188,70.93712601830957,481.055541992,Mid
33-053-06341-0000,SATTER 21X-1B,XTO ENERGY INC,Bakken,9567.0,2015-07-22,294.768707275,213.841552734,166.73059082,125.539955139,30.81098644036793,481.055541992,Mid
33-053-06347-0000,CHERYL 17-20 #5H,STATOIL OIL & GAS LP,Bakken,9789.0,2016-12-02,462.498779297,267.990844727,221.591583252,203.694366455,47.24678509520891,481.055541992,Mid
33-053-06349-0000,CHERYL 17-20 #7H,STATOIL OIL & GAS LP,Bakken,10165.0,2016-08-05,673.659973145,615.61315918,506.201263428,356.061584473,66.27250104722086,481.055541992,Mid
33-053-06350-0000,MARY  1-16XH,"CONTINENTAL RESOURCES, INC.",Bakken,14036.0,2015-01-06,420.0,341.887084961,283.799377441,214.545211792,29.92305500142491,481.055541992,Mid
33-053-06355-0000,OLSON 152-96-30-31-3H,NEWFIELD PRODUCTION COMPANY,Bakken,9838.0,2015-05-19,724.954467773,543.782104492,435.476165771,312.790252686,73.68921201189266,481.055541992,Mid
33-053-06357-0000,OLSON 152-96-30-31-2H,NEWFIELD PRODUCTION COMPANY,Bakken,10070.0,2015-05-20,181.294448853,165.886383057,146.973495483,133.704086304,18.003420938728897,481.055541992,Bottom
33-053-06359-0000,MOBERG FEDERAL  149-95-29-32-1H,NEWFIELD PRODUCTION COMPANY,Bakken,9762.0,2015-03-16,865.248901367,612.48626709,478.479736328,381.626373291,88.63438858502356,481.055541992,Top
33-053-06360-0000,OLSON 152-96-30-31-4HLW,NEWFIELD PRODUCTION COMPANY,Bakken,9598.0,2015-06-04,874.249450684,623.117797852,463.384460449,312.811676025,91.0866274936445,481.055541992,Top
33-053-06362-0000,OLSON 152-96-30-31-1H,NEWFIELD PRODUCTION COMPANY,Bakken,9862.0,2015-05-31,880.278869629,699.699645996,559.456726074,390.257720947,89.25967041462178,481.055541992,Top
33-053-06370-0000,RICHARD 8-5 #5H,STATOIL OIL & GAS LP,Bakken,10151.0,2016-10-04,839.166687012,690.827087402,656.647094727,531.878295898,82.66837622027387,481.055541992,Mid
33-053-06373-0000,RICHARD 8-5 #7H,STATOIL OIL & GAS LP,Bakken,10493.0,2016-07-14,292.31918335,204.206451416,189.80291748,170.571990967,27.858494553511864,481.055541992,Mid
33-053-06382-0000,ANDERSON 148-100-7-6-2H,TRIANGLE USA PETROLEUM CORPORATION,Bakken,7446.0,2017-08-26,345.086029053,279.205566406,222.384658813,175.405487061,46.345155661160355,481.055541992,Mid
33-053-06383-0000,ANDERSON 148-100-7-6-3H,TRIANGLE USA PETROLEUM CORPORATION,Bakken,8882.0,2017-08-19,179.961105347,116.410636902,82.597434998,49.719856262,20.2613268798694,481.055541992,Bottom
33-053-06385-0000,EIDE 41-13-4H,WHITING OIL AND GAS CORPORATION,Bakken,9521.0,2015-02-18,294.500549316,177.824203491,123.387809753,91.503135681,30.93168252452473,481.055541992,Mid
33-053-06386-0000,EIDE 41-13-3H,WHITING OIL AND GAS CORPORATION,Bakken,9371.0,2015-02-18,147.605316162,117.244262695,87.686073303,75.217147827,15.751287606658842,481.055541992,Bottom
33-053-06387-0000,EIDE 41-13HU,WHITING OIL AND GAS CORPORATION,Bakken,9016.0,2015-02-18,233.591064453,158.090118408,110.787445068,75.373512268,25.908503155834072,481.055541992,Mid
33-053-06388-0000,ECKERT 41X-6C,XTO ENERGY INC,Bakken,11175.0,2015-08-25,113.230743408,74.404663086,45.62789917,32.011516571,10.13250500295302,481.055541992,Bottom
33-053-06390-0000,ECKERT 41X-6D,XTO ENERGY INC,Bakken,10513.0,2015-08-27,239.383331299,141.922927856,86.944610596,50.950363159,22.77022080272044,481.055541992,Mid
33-053-06393-0000,AVALANCHE 36-16-MB2,"SHD OIL & GAS, LLC",Bakken,4091.0,2015-11-02,318.152557373,224.735626221,142.428588867,93.76738739,77.76889693791249,481.055541992,Mid
33-053-06395-0000,AVALANCHE 36-14-MB2,"SHD OIL & GAS, LLC",Bakken,3865.0,2015-10-23,101.722221375,60.845371246,36.075492859,26.140867233,26.318815362225095,481.055541992,Bottom
33-053-06397-0000,HOMER 14X-32A,XTO ENERGY INC,Bakken,9350.0,2016-01-19,195.857772827,232.557403564,171.425567627,123.431053162,20.947355382566844,481.055541992,Bottom
33-053-06398-0000,ARNEGARD 21-26-3H,WHITING OIL AND GAS CORPORATION,Bakken,8637.0,2015-03-16,113.699996948,82.846298218,66.243560791,59.199417114,13.164292803982864,481.055541992,Bottom
33-053-06399-0000,ARNEGARD 21-26-2H,WHITING OIL AND GAS CORPORATION,Bakken,8994.0,2015-03-16,1010.707702637,571.097473145,375.674224854,249.12840271,112.37577303057594,481.055541992,Top
33-053-06404-0000,KIRKLAND 24-21MBH,BURLINGTON RESOURCES OIL & GAS COMPANY LP,Bakken,10527.0,2015-12-09,895.903198242,736.502563477,588.318664551,423.913696289,85.10527199031064,481.055541992,Top
33-053-06405-0000,MORGAN 24-21MBH,BURLINGTON RESOURCES OIL & GAS COMPANY LP,Bakken,9260.0,2015-12-02,1018.655578613,747.432983398,573.250610352,391.701049805,110.0060020100432,481.055541992,Top
33-053-06406-0000,CHICAGO 7-26H,"CONTINENTAL RESOURCES, INC.",Bakken,9635.0,2017-12-03,1409.969970703,1303.988891602,1064.338134766,731.278320312,146.33834672579138,481.055541992,Top
33-053-06407-0000,MORGAN 14-21MBH,BURLINGTON RESOURCES OIL & GAS COMPANY LP,Bakken,9298.0,2015-10-31,1039.133300781,757.827941895,625.392333984,477.728759766,111.7587976748763,481.055541992,Top
33-053-06408-0000,KIRKLAND 14-21MBH,BURLINGTON RESOURCES OIL & GAS COMPANY LP,Bakken,10779.0,2015-11-06,681.645141602,574.057006836,494.813354492,345.656921387,63.238254161053895,481.055541992,Mid
33-053-06410-0000,BAILEY 7-24XH,"CONTINENTAL RESOURCES, INC.",Bakken,10683.0,2015-04-07,839.022216797,732.485351562,603.503234863,404.060272217,78.53807140288309,481.055541992,Mid
33-053-06411-0000,ROVELSTAD 21-13-3H,WHITING OIL AND GAS CORPORATION,Bakken,9607.0,2015-02-22,200.088516235,134.877639771,105.860122681,80.932701111,20.827367152597066,481.055541992,Bottom
33-053-06412-0000,ROVELSTAD 21-13HU,WHITING OIL AND GAS CORPORATION,Bakken,10006.0,2015-02-22,174.572219849,156.834030151,129.725265503,91.869224548,17.446753932540474,481.055541992,Bottom
33-053-06413-0000,THOMPSON 7-29-32BHD,QEP ENERGY COMPANY,Bakken,9338.0,2015-04-01,606.299987793,336.772705078,254.992828369,199.664810181,64.92824885339473,481.055541992,Mid
33-053-06415-0000,THOMPSON 6-29-32BHD,QEP ENERGY COMPANY,Bakken,9542.0,2015-04-06,327.112213135,224.233154297,172.554534912,184.595275879,34.28130508645986,481.055541992,Mid
33-053-06416-0000,THOMPSON 5-29-32BHD,QEP ENERGY COMPANY,Bakken,9296.0,2015-04-09,707.877807617,595.85168457,483.478027344,355.960083008,76.14864539769795,481.055541992,Mid
33-053-06419-0000,JOHNSRUD FEDERAL 34X-14A,XTO ENERGY INC,Bakken,10331.0,2016-01-23,893.80645752,711.887817383,585.15057373,446.121459961,86.51693519697997,481.055541992,Top
33-053-06420-0000,JOHNSRUD FEDERAL 34X-14AXB,XTO ENERGY INC,Bakken,10017.0,2016-01-03,312.741943359,233.24420166,187.214309692,119.460456848,31.221118434561248,481.055541992,Mid
33-053-06423-0000,KIRKLAND 41-28MBH,BURLINGTON RESOURCES OIL & GAS COMPANY LP,Bakken,9435.0,2015-11-19,810.591369629,637.348632812,538.737548828,483.474334717,85.91323472485426,481.055541992,Mid
33-053-06424-0000,MORGAN 41-28MBH,BURLINGTON RESOURCES OIL & GAS COMPANY LP,Bakken,9904.0,2015-11-30,985.389221191,670.400024414,582.412536621,462.104370117,99.49406514448708,481.055541992,Top
33-053-06427-0000,ETSTATIS 32-29HB,"WPX ENERGY WILLISTON, LLC",Bakken,9794.0,2017-05-30,322.272216797,246.213684082,195.020477295,143.047409058,32.905066040126606,481.055541992,Mid
33-053-06429-0000,ETSTATIS 32-29HA,"WPX ENERGY WILLISTON, LLC",Bakken,9817.0,2017-05-28,1711.400024414,1264.458374023,1027.900634766,708.911560059,174.33024594214118,481.055541992,Top
33-053-06430-0000,ETSTATIS 32-29HW,"WPX ENERGY WILLISTON, LLC",Bakken,9839.0,2017-05-25,1685.833374023,1289.166625977,1029.374755859,736.270935059,171.34194267943897,481.055541992,Top
33-053-06434-0000,RJ MOEN 41-26HU,WHITING OIL AND GAS CORPORATION,Bakken,8655.0,2015-04-15,205.149139404,131.155319214,105.424201965,80.004142761,23.70296238058926,481.055541992,Bottom
33-053-06435-0000,CURTIS MOEN 41-26-3H,WHITING OIL AND GAS CORPORATION,Bakken,9187.0,2015-04-15,820.077758789,604.917907715,411.411865234,267.6980896,89.26502218232285,481.055541992,Mid
33-053-06436-0000,DAGNY TAGGART 3-21-16H,"EMERALD OIL, INC",Bakken,9316.0,2015-06-11,85.729927063,61.821048737,47.879718781,37.201251984,9.202439573100042,481.055541992,Bottom
33-053-06438-0000,GREG MARMALARD FEDERAL 3-28-33H,"EMERALD OIL, INC",Bakken,9452.0,2015-06-13,84.861114502,55.22600174,39.683795929,27.362056732,8.97811198709268,481.055541992,Bottom
33-053-06440-0000,PAULSON 36-1  #6H,STATOIL OIL & GAS LP,Bakken,9403.0,2017-01-21,533.69140625,420.847900391,303.429962158,255.01210022,56.75756739870254,481.055541992,Mid
33-053-06442-0000,PAULSON 36-1  #4H,STATOIL OIL & GAS LP,Bakken,9538.0,2017-01-26,456.344451904,304.990325928,240.871871948,206.685501099,47.84487858083455,481.055541992,Mid
33-053-06444-0000,AN-LONE TREE- 152-95-1207H-1,"HESS BAKKEN INVESTMENTS II, LLC",Bakken,9133.0,2017-11-30,321.946228027,266.790740967,172.72845459,134.593475342,35.250873538486815,481.055541992,Mid
33-053-06446-0000,HOLSTEIN FEDERAL 6-25H,"CONTINENTAL RESOURCES, INC.",Bakken,11779.0,2017-05-03,1267.364501953,1101.33581543,900.482177734,638.738952637,107.59525443187027,481.055541992,Top
33-053-06448-0000,HOLSTEIN FEDERAL 4-25H,"CONTINENTAL RESOURCES, INC.",Bakken,11809.0,2017-04-27,1373.793334961,1126.6953125,981.05480957,772.497009277,116.33443432644594,481.055541992,Top
33-053-06451-0000,HENDRICKSON 10-36H,"CONTINENTAL RESOURCES, INC.",Bakken,6804.0,2017-01-11,265.344451904,222.479141235,188.370529175,136.683105469,38.99830274897119,481.055541992,Mid
33-053-06453-0000,HENDRICKSON  8-36H,"CONTINENTAL RESOURCES, INC.",Bakken,6760.0,2017-03-10,255.588882446,195.362030029,187.22996521,136.594955444,37.80900627899408,481.055541992,Mid
33-053-06462-0000,MAGNUM 36-12-MB2,"SHD OIL & GAS, LLC",Bakken,3895.0,2015-11-02,708.108581543,570.988891602,387.575897217,246.196899414,181.79937908677792,481.055541992,Mid
33-053-06464-0000,ECKERT 41X-6DXA,XTO ENERGY INC,Bakken,10320.0,2015-08-30,102.106666565,179.526748657,153.186294556,140.454788208,9.894056837693798,481.055541992,Bottom
33-053-06470-0000,STENEHJEM 5H,ABRAXAS PETROLEUM CORP.,Bakken,9311.0,2015-11-02,191.54838562,171.579956055,161.464370728,134.058303833,20.57226781441306,481.055541992,Bottom
33-053-06472-0000,LEE 151-101-8-5-1H,TRIANGLE USA PETROLEUM CORPORATION,Bakken,9920.0,2015-05-23,55.689815521,26.053941727,17.194580078,16.216405869,5.613892693649194,481.055541992,Bottom
33-053-06474-0000,LEE 151-101-8-5-2H,TRIANGLE USA PETROLEUM CORPORATION,Bakken,10061.0,2015-05-25,843.216674805,672.990356445,474.071868896,325.081939697,83.81042389474207,481.055541992,Mid
33-053-06475-0000,ARCTIC 150-94-36BH,ENERPLUS RESOURCES USA CORPORATION,Bakken,4342.0,2017-04-11,202.520248413,177.215408325,149.710189819,118.627288818,46.64215762620912,481.055541992,Bottom
33-053-06476-0000,HENDRICKSON  12-36H,"CONTINENTAL RESOURCES, INC.",Bakken,6919.0,2017-01-10,1265.300048828,1040.713745117,849.221740723,577.671203613,182.87325463621912,481.055541992,Top
33-053-06490-0000,MARLENE  42X-20C,XTO ENERGY INC,Bakken,9651.0,2015-08-04,142.783737183,133.285003662,107.996894836,64.058700562,14.794709064656512,481.055541992,Bottom
33-053-06499-0000,ARNEGARD 150-100-23-14-3H,TRIANGLE USA PETROLEUM CORPORATION,Bakken,9490.0,2016-03-07,281.649993896,259.970367432,167.807983398,93.457855225,29.678608418967336,481.055541992,Mid
33-053-06501-0000,ARNEGARD 150-100-23-14-4H,TRIANGLE USA PETROLEUM CORPORATION,Bakken,9552.0,2015-12-13,965.863464355,683.469543457,500.318481445,328.602386475,101.11635933364741,481.055541992,Top
33-053-06502-0000,BB-SIVERTSON- 151-95-2019H-4,"HESS BAKKEN INVESTMENTS II, LLC",Bakken,9828.0,2015-04-09,1204.668823242,822.222961426,572.60168457,390.303741455,122.57517534004884,481.055541992,Top
33-053-06504-0000,BB-SIVERTSON- LN-151-95-1719H-1,"HESS BAKKEN INVESTMENTS II, LLC",Bakken,9567.0,2015-04-14,1189.939819336,789.480651855,553.023132324,382.816711426,124.37961945604683,481.055541992,Top
33-053-06505-0000,BB-OLE ANDERSON- 151-95-3130H-4,"HESS BAKKEN INVESTMENTS II, LLC",Bakken,9193.0,2015-08-07,345.26965332,215.589630127,171.383102417,133.7890625,37.55788679647558,481.055541992,Mid
33-053-06507-0000,BB-OLE ANDERSON- 151-95-3130H-6,"HESS BAKKEN INVESTMENTS II, LLC",Bakken,9977.0,2015-08-14,1210.185668945,864.897399902,646.494445801,430.895904541,121.29755126240353,481.055541992,Top
33-053-06509-0000,BB-OLE ANDERSON- 151-95-3130H-8,"HESS BAKKEN INVESTMENTS II, LLC",Bakken,9940.0,2015-08-09,316.576385498,223.936416626,196.580413818,150.821533203,31.848730935412473,481.055541992,Mid
33-053-06515-0000,SHIRLEY MOEN 44-34-3H,WHITING OIL AND GAS CORPORATION,Bakken,9170.0,2015-03-08,882.907714844,616.753356934,435.217437744,279.310546875,96.28219354896402,481.055541992,Top
33-053-06516-0000,LOIS MOEN  44-34HU,WHITING OIL AND GAS CORPORATION,Bakken,9020.0,2015-03-07,954.334716797,607.266052246,417.941589355,286.534057617,105.80207503292684,481.055541992,Top
33-053-06522-0000,DEANE USA  24-22H,MARATHON OIL COMPANY,Bakken,9791.0,2017-12-20,2359.290283203,1483.894775391,1097.440551758,700.36920166,240.96520102165252,481.055541992,Top
33-053-06528-0000,SYRACUSE 5-23H,"CONTINENTAL RESOURCES, INC.",Bakken,10120.0,2017-12-10,575.568847656,447.93850708,400.839080811,359.139770508,56.87439206086957,481.055541992,Mid
33-053-06531-0000,CHICAGO 5-26H,"CONTINENTAL RESOURCES, INC.",Bakken,9526.0,2017-12-18,1159.007446289,1026.882324219,895.45098877,596.346435547,121.66779826674365,481.055541992,Top
33-053-06533-0000,AN-PROSSER- 152-95-1102H-6,"HESS BAKKEN INVESTMENTS II, LLC",Bakken,10754.0,2015-11-22,173.207168579,131.030548096,76.275413513,52.82472229,16.106301709038497,481.055541992,Bottom
33-053-06535-0000,AN-PROSSER- 152-95-1102H-8,"HESS BAKKEN INVESTMENTS II, LLC",Bakken,10572.0,2015-12-02,1101.510742188,863.817932129,702.016418457,481.27923584,104.19133013507378,481.055541992,Top
33-053-06536-0000,AN-PROSSER- 152-95-1102H-9,"HESS BAKKEN INVESTMENTS II, LLC",Bakken,10739.0,2015-12-07,1081.694580078,824.846252441,630.161437988,416.723297119,100.72581991600707,481.055541992,Top
33-053-06538-0000,SYRACUSE 7-23H,"CONTINENTAL RESOURCES, INC.",Bakken,10054.0,2017-12-06,1469.266723633,1254.37109375,1023.628295898,702.008117676,146.13752970290432,481.055541992,Top
33-053-06539-0000,STENEHJEM  31X-28C,XTO ENERGY INC,Bakken,9504.0,2017-07-19,188.686416626,126.909141541,112.127914429,116.213356018,19.853368752735694,481.055541992,Bottom
33-053-06541-0000,STENEHJEM 31X-28CXD,XTO ENERGY INC,Bakken,9707.0,2017-07-16,235.537277222,220.792221069,194.894821167,150.732955933,24.264682932110848,481.055541992,Mid
33-053-06545-0000,SHERVEN TRUST 153-95-27A-7HS,"PETRO-HUNT, L.L.C.",Bakken,4269.0,2016-09-27,594.439758301,442.984954834,367.729827881,333.31652832,139.24566837690324,481.055541992,Mid
33-053-06553-0000,LOVAAS 8-1-1MBH,BURLINGTON RESOURCES OIL & GAS COMPANY LP,Bakken,9705.0,2016-01-10,912.889465332,811.555541992,827.084655762,755.852233887,94.06382950355487,481.055541992,Top
33-053-06554-0000,BOULDER 2-4H,"CONTINENTAL RESOURCES, INC.",Bakken,10226.0,2015-06-11,645.548400879,547.479248047,474.25390625,391.943878174,63.12814403275963,481.055541992,Mid
33-053-06556-0000,NOONAN FEDERAL 3-18-19H,"EMERALD OIL, INC",Bakken,9192.0,2015-07-25,429.088104248,287.549468994,229.678649902,179.701370239,46.68060316013925,481.055541992,Mid
33-053-06559-0000,MARLENE 42X-20CXD,XTO ENERGY INC,Bakken,9583.0,2015-07-07,177.357696533,124.690368652,111.096847534,111.862632751,18.507533813315245,481.055541992,Bottom
33-053-06560-0000,THOMPSON 44X-20B,XTO ENERGY INC,Bakken,10066.0,2015-07-27,981.931030273,760.041137695,608.75793457,453.732879639,97.54927779386051,481.055541992,Top
33-053-06562-0000,THOMPSON 44X-20A,XTO ENERGY INC,Bakken,9149.0,2015-08-10,924.140258789,777.585205078,616.580932617,515.155822754,101.00997472827632,481.055541992,Top
33-053-06565-0000,ECKERT FOUNDATION 152-102-22-15-1H,TRIANGLE USA PETROLEUM CORPORATION,Bakken,9589.0,2015-07-09,773.960266113,629.604675293,496.958435059,345.820983887,80.71334509469183,481.055541992,Mid
33-053-06569-0000,OLD HICKORY 42-32MBH,BURLINGTON RESOURCES OIL & GAS COMPANY LP,Bakken,10505.0,2017-01-15,344.665893555,243.171081543,203.185546875,197.397293091,32.809699529271775,481.055541992,Mid
33-053-06570-0000,SUN NOTCH 42-32MBH,BURLINGTON RESOURCES OIL & GAS COMPANY LP,Bakken,9535.0,2016-10-08,209.806549072,227.427032471,231.381027222,162.705474854,22.003833148610383,481.055541992,Bottom
33-053-06574-0000,SIMPSON 151-102-5-8-4H,TRIANGLE USA PETROLEUM CORPORATION,Bakken,9542.0,2017-12-28,620.032287598,571.505371094,462.077148438,341.607543945,64.97927977342277,481.055541992,Mid
33-053-06576-0000,SUN NOTCH 43-32MBH,BURLINGTON RESOURCES OIL & GAS COMPANY LP,Bakken,10058.0,2015-11-02,1014.242980957,901.285644531,854.416259766,629.152648926,100.83942940515013,481.055541992,Top
33-053-06579-0000,FORT BERTHOLD 152-93-7C-6-13H,"HRC OPERATING, LLC",Bakken,10267.0,2016-11-08,1409.410766602,1100.545166016,871.465270996,601.758789062,137.27581246732248,481.055541992,Top
33-053-06581-0000,FORT BERTHOLD 152-93-7C-6-11H,"HRC OPERATING, LLC",Bakken,10554.0,2016-11-05,209.229919434,180.826263428,133.923126221,91.29524231,19.8247033763502,481.055541992,Bottom
33-053-06583-0000,FORT BERTHOLD 152-93-7C-6-9H,"HRC OPERATING, LLC",Bakken,10502.0,2016-11-07,711.06451416,552.508239746,396.173614502,291.43157959,67.70753324700057,481.055541992,Mid
33-053-06585-0000,FORT BERTHOLD 152-93-7C-6-7H,"HRC OPERATING, LLC",Bakken,10630.0,2016-11-03,200.68711853,160.335388184,153.225448608,110.809242249,18.879315007525868,481.055541992,Bottom
33-053-06587-0000,MONROE 7-2H,"CONTINENTAL RESOURCES, INC.",Bakken,13618.0,2017-08-14,1638.212280273,1601.635498047,1358.501586914,825.493530273,120.2975679448524,481.055541992,Top
33-053-06588-0000,MONROE 9-2H,"CONTINENTAL RESOURCES, INC.",Bakken,13556.0,2017-10-08,1480.5,1278.264282227,1042.075805664,649.094909668,109.2136323399233,481.055541992,Top
33-053-06589-0000,MONROE 6-2H,"CONTINENTAL RESOURCES, INC.",Bakken,13558.0,2017-08-14,515.757385254,406.955810547,355.382049561,232.051330566,38.04081614205636,481.055541992,Mid
33-053-06590-0000,MONROE 8-2H,"CONTINENTAL RESOURCES, INC.",Bakken,13381.0,2017-08-16,425.124511719,399.552062988,328.034576416,260.876922607,31.770757919363277,481.055541992,Mid
33-053-06591-0000,TOBACCO GARDEN 11X-17A,XTO ENERGY INC,Bakken,9519.0,2015-10-29,819.45111084,608.734436035,517.741027832,395.36932373,86.08583998739363,481.055541992,Mid
33-053-06593-0000,TOBACCO GARDEN 11X-17B,XTO ENERGY INC,Bakken,9663.0,2016-02-13,801.246643066,605.786987305,464.026245117,380.01348877,82.91903581351548,481.055541992,Mid
33-053-06595-0000,STENEHJEM  14-9H,SM ENERGY COMPANY,Bakken,9444.0,2016-06-22,828.774169922,580.772216797,526.547973633,363.785400391,87.75668889474798,481.055541992,Mid
33-053-06598-0000,MERTON 21-15MBH,BURLINGTON RESOURCES OIL & GAS COMPANY LP,Bakken,10742.0,2016-09-02,733.655578613,626.323791504,620.73828125,656.773620605,68.29785688074845,481.055541992,Mid
33-053-06599-0000,JEROME 21-15MBH,BURLINGTON RESOURCES OIL & GAS COMPANY LP,Bakken,9613.0,2016-08-28,390.309509277,286.694458008,252.224105835,213.586654663,40.60225832487257,481.055541992,Mid
33-053-06602-0000,STENEHJEM 31X-28D,XTO ENERGY INC,Bakken,10207.0,2017-07-07,556.744445801,405.187103271,291.396728516,208.34564209,54.545355716763,481.055541992,Mid
33-053-06603-0000,RIVERVIEW 102-32H,"EOG RESOURCES, INC.",Bakken,4291.0,2015-06-17,2804.0,1997.04699707,1459.268920898,1006.710144043,653.4607317641575,481.055541992,Top
33-053-06604-0000,DAILEY 6-12-13BH,QEP ENERGY COMPANY,Bakken,9264.0,2015-07-29,866.982788086,671.806152344,501.678833008,314.836578369,93.58622496610536,481.055541992,Top
33-053-06606-0000,DAILEY 7-12-13BH,QEP ENERGY COMPANY,Bakken,9864.0,2015-07-20,1106.017211914,751.606933594,627.231994629,421.805786133,112.12664354359285,481.055541992,Top
33-053-06608-0000,DAILEY 12-11LL,QEP ENERGY COMPANY,Bakken,4548.0,2015-07-27,1139.189208984,809.157592773,608.346679688,400.944671631,250.48135641688654,481.055541992,Top
33-053-06609-0000,STENEHJEM 41-3-3H,WHITING OIL AND GAS CORPORATION,Bakken,9060.0,2015-04-03,643.931030273,436.63583374,291.234741211,197.296081543,71.07406515154526,481.055541992,Mid
33-053-06611-0000,ANDERSON 148-100-7-6-4H,TRIANGLE USA PETROLEUM CORPORATION,Bakken,8939.0,2017-08-17,201.474365234,130.128570557,103.771118164,65.445472717,22.53880358362233,481.055541992,Bottom
33-053-06612-0000,SONDROL 11-3-3H,WHITING OIL AND GAS CORPORATION,Bakken,9883.0,2015-04-27,634.172241211,435.26272583,299.199188232,198.511352539,64.16798959941315,481.055541992,Mid
33-053-06616-0000,HENDRICKSON FEDERAL 4-36H,"CONTINENTAL RESOURCES, INC.",Bakken,7388.0,2017-04-13,201.252685547,194.677536011,174.181274414,150.342773438,27.240482613291825,481.055541992,Bottom
33-053-06618-0000,HENDRICKSON FEDERAL 6-36H,"CONTINENTAL RESOURCES, INC.",Bakken,7428.0,2017-02-27,947.956970215,764.613647461,557.007629395,379.738525391,127.619409021944,481.055541992,Top
33-053-06621-0000,LUNDIN 14X-33A,XTO ENERGY INC,Bakken,9267.0,2015-08-31,593.310241699,465.026824951,347.585174561,243.713973999,64.02398205449445,481.055541992,Mid
33-053-06622-0000,HOLSTEIN FEDERAL 12-25H,"CONTINENTAL RESOURCES, INC.",Bakken,12293.0,2017-04-22,276.791229248,228.487808228,225.108428955,229.444061279,22.516166049621734,481.055541992,Mid
33-053-06624-0000,HOLSTEIN FEDERAL 10-25H,"CONTINENTAL RESOURCES, INC.",Bakken,12724.0,2017-04-28,206.105178833,113.431358337,89.558135986,94.635368347,16.198143573797548,481.055541992,Bottom
33-053-06626-0000,HOLSTEIN FEDERAL 8-25H,"CONTINENTAL RESOURCES, INC.",Bakken,12346.0,2017-05-03,1669.80859375,1278.481689453,1067.335693359,864.586547852,135.25097956828122,481.055541992,Top
33-053-06627-0000,PATTERSON FEDERAL 6-13H,"CONTINENTAL RESOURCES, INC.",Bakken,9261.0,2015-10-25,592.358093262,598.299987793,569.16809082,420.270141602,63.96264909426628,481.055541992,Mid
33-053-06628-0000,THOMPSON 153-95-8D-6-2H,"PETRO-HUNT, L.L.C.",Bakken,13132.0,2017-09-10,200.557342529,160.255264282,126.366035461,103.50353241,15.272414143237894,481.055541992,Bottom
33-053-06635-0000,GARIETY 150-98-6-7-4H,NEWFIELD PRODUCTION COMPANY,Bakken,9578.0,2015-06-10,1241.243041992,948.741882324,713.168334961,502.675445557,129.5931344740029,481.055541992,Top
33-053-06636-0000,JOHNSRUD 151-98-30-31-4H,NEWFIELD PRODUCTION COMPANY,Bakken,9792.0,2015-09-22,236.966308594,182.690078735,159.928024292,111.361534119,24.19999066523693,481.055541992,Mid
33-053-06638-0000,KIRKLAND 6-7-1-12BHD,QEP ENERGY COMPANY,Bakken,9773.0,2015-07-25,1642.258056641,1168.567382812,885.332763672,572.366027832,168.04032094965723,481.055541992,Top
33-053-06641-0000,HA-SANFORD- 152-96-1819H-7,"HESS BAKKEN INVESTMENTS II, LLC",Bakken,9671.0,2016-07-22,392.337463379,338.702514648,307.139831543,259.804229736,40.56844828652673,481.055541992,Mid
33-053-06643-0000,HA-SANFORD- 152-96-1819H-9,"HESS BAKKEN INVESTMENTS II, LLC",Bakken,9711.0,2016-07-30,844.79675293,600.130493164,433.845214844,296.875061035,86.99379599732262,481.055541992,Mid
33-053-06645-0000,HA-SANFORD- LW-152-96-1819H-1,"HESS BAKKEN INVESTMENTS II, LLC",Bakken,9691.0,2016-07-13,379.664154053,346.853393555,281.621459961,198.594970703,39.1769842176246,481.055541992,Mid
33-053-06646-0000,BW-HEDSTROM- LW-149-100-1201H-1,"HESS BAKKEN INVESTMENTS II, LLC",Bakken,9911.0,2017-12-25,793.634399414,672.124511719,550.62890625,393.143981934,80.07611738613662,481.055541992,Mid
33-053-06647-0000,STENEHJEM 41-3HU,WHITING OIL AND GAS CORPORATION,Bakken,9140.0,2015-04-03,194.351791382,129.171691895,99.004241943,68.484260559,21.26387214245076,481.055541992,Bottom
33-053-06648-0000,CHERRY STATE 31-16-3H,WHITING OIL AND GAS CORPORATION,Bakken,9333.0,2015-04-12,326.119750977,202.942886353,143.460647583,94.091827393,34.94264984217293,481.055541992,Mid
33-053-06651-0000,CLARK GRISWOLD FEDERAL 3-17-20H,"EMERALD OIL, INC",Bakken,9840.0,2015-07-22,475.180938721,294.811828613,227.978164673,178.719665527,48.29074580497968,481.055541992,Mid
33-053-06658-0000,TAT USA 14-22H,MARATHON OIL COMPANY,Bakken,9753.0,2017-12-18,541.162353516,420.043457031,335.607086182,251.480804443,55.48675828114427,481.055541992,Mid
33-053-06660-0000,BB-EIDE- 151-95-3328H-4,"HESS BAKKEN INVESTMENTS II, LLC",Bakken,9603.0,2016-12-21,1106.676391602,1003.489257812,807.082885742,570.385498047,115.24277742393002,481.055541992,Top
33-053-06662-0000,BB-EIDE- 151-95-3328H-6,"HESS BAKKEN INVESTMENTS II, LLC",Bakken,9671.0,2016-12-31,224.791046143,237.155380249,234.725799561,244.529846191,23.24382650635922,481.055541992,Bottom
33-053-06664-0000,BB-EIDE- LE-151-95-3328H-1,"HESS BAKKEN INVESTMENTS II, LLC",Bakken,9726.0,2017-01-10,338.884918213,294.768920898,272.044189453,229.500457764,34.843195374563024,481.055541992,Mid
33-053-06665-0000,CHERRY STATE 31-16HU,WHITING OIL AND GAS CORPORATION,Bakken,9714.0,2015-04-12,372.511108398,204.95123291,136.077697754,103.017623901,38.347859625077206,481.055541992,Mid
33-053-06666-0000,MANDAN 3W-1H-BK,"MISSOURI RIVER RESOURCES ND, LLC",Bakken,4299.0,2015-06-27,769.037902832,530.288146973,380.810699463,271.97366333,178.88762568783437,481.055541992,Mid
33-053-06678-0000,RINK 12X-4C,XTO ENERGY INC,Bakken,9469.0,2017-05-15,596.304321289,653.470092773,633.380126953,474.089874268,62.9743712418418,481.055541992,Mid
33-053-06681-0000,WILEY 7-25H,"CONTINENTAL RESOURCES, INC.",Bakken,9072.0,2017-08-11,1481.063354492,1246.792602539,961.681518555,716.398986816,163.2565426027337,481.055541992,Top
33-053-06693-0000,BOGGS 8-29-32BHD,QEP ENERGY COMPANY,Bakken,9678.0,2015-10-17,348.544433594,254.318130493,222.141357422,232.382125854,36.01409729220913,481.055541992,Mid
33-053-06704-0000,SONDROL 11-3HU,WHITING OIL AND GAS CORPORATION,Bakken,9584.0,2015-04-26,269.251068115,188.324081421,118.520362854,83.721725464,28.093809277441572,481.055541992,Mid
33-053-06709-0000,EMMA OWNER 23-14HA,"WPX ENERGY WILLISTON, LLC",Bakken,9835.0,2016-03-10,1888.155517578,1388.346313477,1082.715087891,816.415039062,191.9832758086426,481.055541992,Top
33-053-06710-0000,USA 153-95-9C-4-3H,"PETRO-HUNT, L.L.C.",Bakken,9657.0,2017-08-28,142.802215576,126.420372009,113.297409058,92.897140503,14.787430421041732,481.055541992,Bottom
33-053-06711-0000,RINK 12X-4D,XTO ENERGY INC,Bakken,9807.0,2017-05-09,245.003005981,204.507003784,204.583465576,174.13873291,24.982462116957276,481.055541992,Mid
33-053-06712-0000,FLATLAND FEDERAL 11-4-2H,WHITING OIL AND GAS CORPORATION,Bakken,10887.0,2015-10-15,617.659118652,553.466491699,444.667297363,301.374816895,56.73363816037475,481.055541992,Mid
33-053-06715-0000,STATE 7-25-24BH,QEP ENERGY COMPANY,Bakken,10304.0,2016-03-17,97.75,66.099998474,72.944648743,88.799545288,9.486607142857142,481.055541992,Bottom
33-053-06717-0000,STATE 8-25-24BH,QEP ENERGY COMPANY,Bakken,10129.0,2016-02-27,437.283721924,395.305084229,327.549194336,217.6978302,43.17146035383553,481.055541992,Mid
33-053-06719-0000,STATE 9-25-24BH,QEP ENERGY COMPANY,Bakken,10050.0,2016-02-24,441.317199707,359.730560303,296.241210938,210.92565918,43.91215917482587,481.055541992,Mid
33-053-06721-0000,STATE 11X-16MB5,XTO ENERGY INC,Bakken,4673.0,2016-02-02,160.238891602,106.307281494,81.363204956,92.449951172,34.29036841472288,481.055541992,Bottom
33-053-06723-0000,STATE 11X-16MB4,XTO ENERGY INC,Bakken,4200.0,2016-01-22,268.224029541,204.783691406,162.549194336,115.047302246,63.862864176428566,481.055541992,Mid
33-053-06724-0000,TOBACCO GARDEN 24X-32A,XTO ENERGY INC,Bakken,9982.0,2017-07-17,684.035644531,761.700012207,713.717834473,653.698608398,68.52691289631336,481.055541992,Mid
33-053-06726-0000,TOBACCO GARDEN 24X-32AXB,XTO ENERGY INC,Bakken,9679.0,2017-05-24,614.944030762,486.539855957,428.863006592,329.133453369,63.53383931831801,481.055541992,Mid
33-053-06728-0000,TOBACCO GARDEN 24X-32B,XTO ENERGY INC,Bakken,9615.0,2017-05-21,217.172225952,153.29133606,122.186172485,108.546424866,22.586814971606863,481.055541992,Bottom
33-053-06734-0000,SKAAR FEDERAL 153-96-28-21-4H,NEWFIELD PRODUCTION COMPANY,Bakken,9967.0,2015-10-13,251.398513794,219.456817627,215.698577881,200.827316284,25.22308756837564,481.055541992,Mid
33-053-06736-0000,SKAAR FEDERAL 153-96-28-21-5H,NEWFIELD PRODUCTION COMPANY,Bakken,10077.0,2015-10-14,760.236755371,636.680664062,557.230957031,413.987976074,75.44276623707452,481.055541992,Mid
33-053-06739-0000,AMUNDSON 44X-22D,XTO ENERGY INC,Bakken,9633.0,2016-02-05,178.58039856,123.908821106,89.406051636,99.022392273,18.53839910308315,481.055541992,Bottom
33-053-06741-0000,AMUNDSON 44X-22CXD,XTO ENERGY INC,Bakken,8522.0,2016-02-27,618.76776123,489.799987793,377.740966797,307.840545654,72.60827989087069,481.055541992,Mid
33-053-06742-0000,TIMBER CREEK 21-27-3H,WHITING OIL AND GAS CORPORATION,Bakken,9224.0,2015-05-30,175.700195312,126.510124207,95.030815125,71.522865295,19.04815647354727,481.055541992,Bottom
33-053-06743-0000,FOSSUM 15-35HR,SM ENERGY COMPANY,Bakken,9550.0,2015-08-02,601.400024414,426.495544434,344.452514648,279.582855225,62.973824545968576,481.055541992,Mid
33-053-06744-0000,ROEN 24X-23BXC,XTO ENERGY INC,Bakken,9507.0,2015-12-12,113.380554199,77.095611572,53.750457764,36.179672241,11.926007594298937,481.055541992,Bottom
33-053-06746-0000,ROEN 24X-23A,XTO ENERGY INC,Bakken,9832.0,2016-01-21,65.50050354,34.766189575,21.996803284,16.351760864,6.66197147477624,481.055541992,Bottom
33-053-06751-0000,FORT BERTHOLD 152-93-19D-18-8H,"HRC OPERATING, LLC",Bakken,10010.0,2016-01-12,318.537902832,216.937225342,186.82711792,125.165817261,31.821968314885115,481.055541992,Mid
33-053-06752-0000,FORT BERTHOLD 152-93-19D-18-9H,"HRC OPERATING, LLC",Bakken,9725.0,2016-01-17,32.158065796,25.454732895,21.444112778,23.000486374,3.3067419841645247,481.055541992,Bottom
33-053-06753-0000,RITA 44X-34CXD,XTO ENERGY INC,Bakken,9342.0,2015-12-16,105.4972229,84.021263123,89.377693176,86.072021484,11.292787722115177,481.055541992,Bottom
33-053-06754-0000,RITA 44X-34D,XTO ENERGY INC,Bakken,9947.0,2016-01-14,190.294448853,139.170669556,123.341415405,94.597549438,19.13083832844074,481.055541992,Bottom
33-053-06756-0000,STACEY 13-9H,SM ENERGY COMPANY,Bakken,9393.0,2016-05-08,208.022216797,176.059814453,155.879974365,111.428718567,22.146515149260086,481.055541992,Bottom
33-053-06765-0000,ANDERSMADSON 5201 14-25 13BX,OASIS PETROLEUM NORTH AMERICA LLC,Bakken,9531.0,2016-03-26,1173.420043945,936.163696289,702.898254395,442.804840088,123.11615191952576,481.055541992,Top
33-053-06767-0000,ANDERSMADSON 5201 14-25 11B,OASIS PETROLEUM NORTH AMERICA LLC,Bakken,9976.0,2016-03-06,177.283340454,158.411834717,133.154373169,114.331581116,17.77098440797915,481.055541992,Bottom
33-053-06769-0000,KLAMM 34X-9D,XTO ENERGY INC,Bakken,9522.0,2015-12-22,840.717285156,757.502197266,548.438720703,405.860351562,88.29209043856332,481.055541992,Mid
33-053-06771-0000,KLAMM 34X-9DXA,XTO ENERGY INC,Bakken,9779.0,2016-02-23,695.709655762,550.375976562,429.82409668,326.474060059,71.14323098087739,481.055541992,Mid
33-053-06781-0000,CURTIS  21-16 MBH-2NH,BURLINGTON RESOURCES OIL & GAS COMPANY LP,Bakken,10805.0,2017-07-03,349.516082764,239.065353394,173.527450562,171.592422485,32.34762450384081,481.055541992,Mid
33-053-06784-0000,SADDLE BUTTE  21-16 MBH-3SH,BURLINGTON RESOURCES OIL & GAS COMPANY LP,Bakken,9297.0,2017-06-24,1423.566650391,802.567749023,771.26965332,604.479431152,153.1210767334624,481.055541992,Top
33-053-06785-0000,ARIKARA 3W-3H-BK,"MISSOURI RIVER RESOURCES ND, LLC",Bakken,4254.0,2015-07-03,836.492492676,609.174316406,420.022369385,291.8046875,196.63669315373767,481.055541992,Mid
33-053-06787-0000,ROEN 24X-23AXD,XTO ENERGY INC,Bakken,10227.0,2016-01-29,432.533325195,201.11289978,141.161453247,116.541053772,42.29327517307128,481.055541992,Mid
33-053-06790-0000,SORENSON 31X-28C,XTO ENERGY INC,Bakken,9380.0,2015-11-15,311.048400879,192.459259033,112.888008118,79.172180176,33.16081032825159,481.055541992,Mid
33-053-06795-0000,ANDERSMADSON 5201 43-24 7B,OASIS PETROLEUM NORTH AMERICA LLC,Bakken,9425.0,2016-02-22,983.464355469,806.693359375,606.176086426,386.396881104,104.34635071289124,481.055541992,Top
33-053-06797-0000,ANDERSMADSON 5201 43-24 9B,OASIS PETROLEUM NORTH AMERICA LLC,Bakken,9400.0,2016-02-29,238.072219849,178.581420898,108.350379944,59.86844635,25.326831898829784,481.055541992,Mid
33-053-06800-0000,STATE 9-36-1BH,QEP ENERGY COMPANY,Bakken,9544.0,2016-03-04,950.338256836,753.101135254,596.156188965,408.522003174,99.57441919907795,481.055541992,Top
33-053-06804-0000,STATE 7-36-1BH,QEP ENERGY COMPANY,Bakken,9801.0,2016-03-08,150.430114746,116.010307312,90.790718079,64.604980469,15.348445540863176,481.055541992,Bottom
33-053-06815-0000,ECKERT FOUNDATION  152-102-22-15-2HX,TRIANGLE USA PETROLEUM CORPORATION,Bakken,9408.0,2015-07-05,645.361083984,568.249084473,395.799987793,293.77746582,68.59705399489796,481.055541992,Mid
33-053-06818-0000,RICHARD 8-5 XE #1H,STATOIL OIL & GAS LP,Bakken,10282.0,2016-08-26,650.813354492,817.637756348,836.706237793,656.25970459,63.29637760085587,481.055541992,Mid
33-053-06824-0000,GUDMUNSON 3-1-26MBH,BURLINGTON RESOURCES OIL & GAS COMPANY LP,Bakken,9630.0,2016-12-22,181.336730957,227.036193848,252.0965271,204.828598022,18.830397814849427,481.055541992,Bottom
33-053-06825-0000,GUDMUNSON 1-1-26MBH,BURLINGTON RESOURCES OIL & GAS COMPANY LP,Bakken,9688.0,2016-12-10,140.640136719,202.925750732,204.006958008,140.97833252,14.516942270747315,481.055541992,Bottom
33-053-06843-0000,HENDERSON 36-25-35-26BH,QEP ENERGY COMPANY,Bakken,9992.0,2015-11-16,312.881713867,247.99382019,211.962081909,143.032028198,31.313221964271413,481.055541992,Mid
33-053-06844-0000,HENDERSON 1-12-2-11BH,QEP ENERGY COMPANY,Bakken,9424.0,2015-11-11,273.863342285,192.789505005,179.97328186,143.316802979,29.06020185536927,481.055541992,Mid
33-053-06848-0000,WAHUS FEDERAL 152-97-13-24-4H,NEWFIELD PRODUCTION COMPANY,Bakken,10116.0,2015-09-21,704.503234863,554.579589844,434.855224609,309.614624023,69.6424708247331,481.055541992,Mid
33-053-06853-0000,HOMER 14X-32AXD,XTO ENERGY INC,Bakken,9434.0,2016-01-24,315.422027588,249.961227417,211.515670776,188.669708252,33.434601185923256,481.055541992,Mid
33-053-06855-0000,HOMER FEDERAL  14X-32B,XTO ENERGY INC,Bakken,9504.0,2016-02-02,888.555541992,728.736206055,591.60369873,473.110687256,93.49279692676768,481.055541992,Top
33-053-06857-0000,SMOKEY 2-16-21-16HA,WHITING OIL AND GAS CORPORATION,Bakken,9698.0,2017-03-13,974.759155273,803.119018555,586.240661621,391.840179443,100.51135855568158,481.055541992,Top
33-053-06859-0000,SMOKEY 2-16-21-16H,WHITING OIL AND GAS CORPORATION,Bakken,9102.0,2017-03-30,951.233337402,739.534423828,560.223144531,361.266845703,104.50816715029663,481.055541992,Top
33-053-06860-0000,ANDERSMADSON 5201 42-24 3B,OASIS PETROLEUM NORTH AMERICA LLC,Bakken,9467.0,2016-01-08,177.066665649,131.296478271,129.525161743,103.688354492,18.703566668321535,481.055541992,Bottom
33-053-06862-0000,ANDERSMADSON 5201 42-24 5B,OASIS PETROLEUM NORTH AMERICA LLC,Bakken,9592.0,2016-01-21,1096.551757812,814.990356445,670.334838867,423.394165039,114.3194076117598,481.055541992,Top
33-053-06865-0000,CLARKS CREEK USA 14-35H,MARATHON OIL COMPANY,Bakken,10003.0,2016-05-11,2249.011230469,1446.662963867,1060.230957031,709.981506348,224.8336729450165,481.055541992,Top
33-053-06868-0000,JUANITA USA 13-35H,MARATHON OIL COMPANY,Bakken,9692.0,2016-06-20,496.037628174,358.312713623,316.600494385,225.777206421,51.180110211927364,481.055541992,Mid
33-053-06871-0000,STEVE 1-16H,SM ENERGY COMPANY,Bakken,10012.0,2016-05-29,170.736740112,117.068458557,95.790061951,91.975402832,17.05321015900919,481.055541992,Bottom
33-053-06873-0000,BAIT  149-95-36C-25H,ENERPLUS RESOURCES USA CORPORATION,Bakken,9582.0,2016-10-15,1236.831054688,935.845214844,810.642944336,687.099182129,129.0785905539553,481.055541992,Top
33-053-06875-0000,NORDENG 34X-23A,XTO ENERGY INC,Bakken,10775.0,2017-04-11,289.166656494,202.133331299,172.362319946,151.972915649,26.836812667656613,481.055541992,Mid
33-053-06876-0000,NORDENG 34X-23AXB,XTO ENERGY INC,Bakken,10102.0,2017-04-15,264.344085693,227.448501587,182.088470459,131.834182739,26.167500068600276,481.055541992,Mid
33-053-06878-0000,NORDENG 34X-23B,XTO ENERGY INC,Bakken,9580.0,2017-01-15,267.867523193,200.128372192,235.375,221.378631592,27.961119331210856,481.055541992,Mid
33-053-06881-0000,KOALA 44-5-2H,WHITING OIL AND GAS CORPORATION,Bakken,9000.0,2016-11-04,400.311096191,310.747619629,199.844390869,135.932373047,44.47901068788889,481.055541992,Mid
33-053-06883-0000,KOALA 44-5-3H,WHITING OIL AND GAS CORPORATION,Bakken,9100.0,2016-11-04,250.62902832,110.15322876,75.134658813,53.522037506,27.541651463736265,481.055541992,Mid
33-053-06884-0000,CHAMELEON STATE 31-16-1H,WHITING OIL AND GAS CORPORATION,Bakken,9780.0,2016-10-13,1000.916687012,862.760192871,731.297973633,496.614013672,102.34321953087935,481.055541992,Top
33-053-06889-0000,LEFTY 5200 12-30 7B,OASIS PETROLEUM NORTH AMERICA LLC,Bakken,9494.0,2016-04-14,1121.238769531,776.578491211,735.914428711,533.028747559,118.09972293353697,481.055541992,Top
33-053-06891-0000,HYSTED 5200 12-30 10B,OASIS PETROLEUM NORTH AMERICA LLC,Bakken,9987.0,2016-04-07,679.096801758,438.898925781,332.668212891,315.247283936,67.99807767677981,481.055541992,Mid
33-053-06893-0000,LEFTY 5200 12-30 9B,OASIS PETROLEUM NORTH AMERICA LLC,Bakken,10160.0,2016-04-21,799.516113281,659.917175293,576.232299805,387.748474121,78.69253083474409,481.055541992,Mid
33-053-06896-0000,HYSTED 5200 11-30 8B,OASIS PETROLEUM NORTH AMERICA LLC,Bakken,9816.0,2016-03-18,1454.591064453,984.280029297,698.378967285,503.50189209,148.18572376253056,481.055541992,Top
33-053-06898-0000,HYSTED 5200 11-30 6B,OASIS PETROLEUM NORTH AMERICA LLC,Bakken,9885.0,2016-03-12,244.98147583,183.192214966,106.891708374,80.441612244,24.783153852301467,481.055541992,Mid
33-053-06900-0000,CHERYL 17-20 XE #1H,STATOIL OIL & GAS LP,Bakken,10032.0,2016-08-17,235.270248413,182.107818604,190.991363525,170.685455322,23.451978510067782,481.055541992,Mid
33-053-06903-0000,RYAN 14X-9A,XTO ENERGY INC,Bakken,9444.0,2016-03-13,244.683334351,152.72277832,94.380706787,79.081321716,25.90886640734858,481.055541992,Mid
33-053-06905-0000,RYAN 14X-9B,XTO ENERGY INC,Bakken,9297.0,2016-03-15,734.983337402,622.230529785,520.965454102,359.122314453,79.05596831257394,481.055541992,Mid
33-053-06908-0000,LOOMER 44-33-2H,WHITING OIL AND GAS CORPORATION,Bakken,9077.0,2017-02-09,1671.12902832,1250.722167969,881.95715332,536.157836914,184.1058751041093,481.055541992,Top
33-053-06913-0000,STENEHJEM 11H,ABRAXAS PETROLEUM CORP.,Bakken,10047.0,2016-08-23,941.599975586,735.562011719,539.61114502,421.86026001,93.71951583417935,481.055541992,Top
33-053-06915-0000,STENEHJEM 13H,ABRAXAS PETROLEUM CORP.,Bakken,9931.0,2016-08-17,860.200012207,766.590759277,579.615478516,383.826293945,86.61766309606284,481.055541992,Top
33-053-06917-0000,STENEHJEM 15H,ABRAXAS PETROLEUM CORP.,Bakken,9444.0,2016-08-13,662.082214355,583.626647949,456.499420166,350.769317627,70.10612180802626,481.055541992,Mid
33-053-06939-0000,HARLEY FEDERAL 24X-15B,XTO ENERGY INC,Bakken,9396.0,2016-11-10,200.480957031,162.935180664,156.630645752,172.839752197,21.33684089303959,481.055541992,Bottom
33-053-06941-0000,HARLEY FEDERAL 24X-15A,XTO ENERGY INC,Bakken,9926.0,2017-01-02,241.284942627,188.966293335,179.106491089,162.500091553,24.30837624692726,481.055541992,Mid
33-053-06943-0000,SANDERS 150-100-9-10-4H,TRIANGLE USA PETROLEUM CORPORATION,Bakken,9386.0,2015-12-01,944.19354248,638.682067871,441.728118896,298.246124268,100.5959452887279,481.055541992,Top
33-053-06944-0000,SANDERS 150-100-9-10-3H,TRIANGLE USA PETROLEUM CORPORATION,Bakken,9545.0,2015-11-29,250.279754639,169.546173096,142.166290283,90.483314514,26.221032439916186,481.055541992,Mid
33-053-06952-0000,SORENSON 31X-28D,XTO ENERGY INC,Bakken,9576.0,2015-11-29,461.93548584,388.893188477,312.114807129,254.543167114,48.23887696741855,481.055541992,Mid
33-053-06954-0000,WEST CLARK 103-0136H,"EOG RESOURCES, INC.",Bakken,6888.0,2016-05-19,1263.228881836,1025.459960938,727.676696777,449.035522461,183.39559840824623,481.055541992,Top
33-053-06955-0000,WEST CLARK 104-0136H,"EOG RESOURCES, INC.",Bakken,6838.0,2016-05-17,855.316650391,700.571350098,567.412536621,391.079803467,125.08286785478211,481.055541992,Top
33-053-06967-0000,AN-BRENNA- 153-94-3130H-4,"HESS BAKKEN INVESTMENTS II, LLC",Bakken,9910.0,2016-09-24,1522.66003418,1145.643310547,897.039978027,687.026489258,153.6488430050454,481.055541992,Top
33-053-06969-0000,AN-BRENNA- 153-94-3130H-2,"HESS BAKKEN INVESTMENTS II, LLC",Bakken,9977.0,2016-09-12,356.732086182,228.949996948,216.57472229,223.536010742,35.75544614433196,481.055541992,Mid
33-053-06976-0000,JOHNSRUD  5198 12-18 5B,OASIS PETROLEUM NORTH AMERICA LLC,Bakken,9583.0,2016-05-07,1017.898925781,815.01574707,572.516296387,359.33013916,106.2192346635709,481.055541992,Top
33-053-06978-0000,JOHNSRUD  5198 12-18 7B,OASIS PETROLEUM NORTH AMERICA LLC,Bakken,9491.0,2016-06-24,347.048400879,274.64630127,185.790100098,158.361190796,36.566052141923926,481.055541992,Mid
33-053-06980-0000,JOHNSRUD  5198 12-18 9B,OASIS PETROLEUM NORTH AMERICA LLC,Bakken,9439.0,2016-06-30,338.075256348,276.838653564,219.969268799,186.029907227,35.816850974467634,481.055541992,Mid
33-053-06983-0000,JOHNSRUD  5198 14-18 14B,OASIS PETROLEUM NORTH AMERICA LLC,Bakken,9502.0,2016-07-10,1214.903198242,861.588867188,628.896362305,416.251525879,127.85762978762364,481.055541992,Top
33-053-06985-0000,JOHNSRUD  5198 14-18 12B,OASIS PETROLEUM NORTH AMERICA LLC,Bakken,9448.0,2016-07-07,444.317199707,327.03704834,254.495544434,192.675796509,47.0276460316469,481.055541992,Mid
33-053-07013-0000,LARSEN 152-96-9-3HLW,NEWFIELD PRODUCTION COMPANY,Bakken,4807.0,2016-01-02,313.197479248,244.335189819,188.786956787,141.896408081,65.15445792552526,481.055541992,Mid
33-053-07016-0000,AN-EVENSON- LE-152-95-0310H-1,"HESS BAKKEN INVESTMENTS II, LLC",Bakken,10177.0,2016-01-29,279.068969727,178.555618286,196.639251709,180.319061279,27.42153578923062,481.055541992,Mid
33-053-07037-0000,ROLFSON N  5198 12-17 6B,OASIS PETROLEUM NORTH AMERICA LLC,Bakken,9503.0,2016-09-22,1270.903198242,1169.533691406,923.322021484,587.289733887,133.73705127244028,481.055541992,Top
33-053-07040-0000,ROLFSON N  5198 14-17 9B,OASIS PETROLEUM NORTH AMERICA LLC,Bakken,9550.0,2016-08-29,570.914001465,518.66015625,426.885101318,319.468048096,59.781570834031406,481.055541992,Mid
33-053-07042-0000,ROLFSON N  5198 14-17 11BX,OASIS PETROLEUM NORTH AMERICA LLC,Bakken,9542.0,2016-09-02,1350.0,1044.738037109,973.791503906,731.989868164,141.4797736323622,481.055541992,Top
33-053-07059-0000,AKRON FEDERAL 7-27H,"CONTINENTAL RESOURCES, INC.",Bakken,9463.0,2017-02-03,481.055541992,396.903717041,322.46987915,220.814697266,50.8354160405791,481.055541992,Mid
33-053-07063-0000,LANSING 9-25H,"CONTINENTAL RESOURCES, INC.",Bakken,8926.0,2018-01-31,449.569885254,431.631469727,380.25881958,374.367889404,50.36633265225185,481.055541992,Mid
33-053-07068-0000,STENEHJEM 31X-28DXA,XTO ENERGY INC,Bakken,10703.0,2017-07-11,293.929626465,225.177597046,196.843978882,135.764297485,27.4623588213585,481.055541992,Mid
33-053-07071-0000,FOREMAN 5-2-1BH,QEP ENERGY COMPANY,Bakken,9487.0,2017-02-21,1103.485839844,798.176696777,591.252380371,390.764373779,116.31557287277327,481.055541992,Top
33-053-07073-0000,FOREMAN 4-2-1BHR,QEP ENERGY COMPANY,Bakken,9768.0,2017-02-19,319.286560059,212.037460327,167.188674927,118.313308716,32.686994273034394,481.055541992,Mid
33-053-07075-0000,FOREMAN 3-2-1BHR,QEP ENERGY COMPANY,Bakken,9926.0,2017-02-11,1029.705322266,787.902526855,563.759155273,367.595489502,103.73819486862784,481.055541992,Top
33-053-07080-0000,HA-CHAPIN- 152-95-2932H-7,"HESS BAKKEN INVESTMENTS II, LLC",Bakken,9935.0,2016-03-05,1145.002441406,866.421508789,772.655761719,615.275085449,115.2493650131857,481.055541992,Top
33-053-07082-0000,HA-CHAPIN- 152-95-2932H-9,"HESS BAKKEN INVESTMENTS II, LLC",Bakken,9860.0,2016-03-20,134.983337402,136.864395142,123.613433838,105.719024658,13.689993651318458,481.055541992,Bottom
33-053-07087-0000,TAT 8-33-28BHD,QEP ENERGY COMPANY,Bakken,9782.0,2016-11-30,405.994628906,278.99432373,194.898925781,170.08605957,41.50425566407688,481.055541992,Mid
33-053-07089-0000,TAT 7-33-28BHD,QEP ENERGY COMPANY,Bakken,9675.0,2016-11-23,294.038085938,247.738891602,221.691543579,180.070617676,30.391533430284234,481.055541992,Mid
33-053-07090-0000,LARSEN 152-96-16-21-5HLW,NEWFIELD PRODUCTION COMPANY,Bakken,10070.0,2016-01-01,295.252685547,260.921203613,238.763046265,197.242004395,29.320028356206553,481.055541992,Mid
33-053-07091-0000,SIMPSON 151-102-5-8-13H,TRIANGLE USA PETROLEUM CORPORATION,Bakken,9711.0,2017-12-12,823.260192871,564.166687012,544.596557617,454.841766357,84.7760470467511,481.055541992,Mid
33-053-07093-0000,JOHNSON 31X-6CXD,XTO ENERGY INC,Bakken,9435.0,2016-11-22,408.672058105,353.193817139,286.296844482,147.202850342,43.31447356703762,481.055541992,Mid
33-053-07094-0000,JOHNSON 31X-6D,XTO ENERGY INC,Bakken,9950.0,2016-11-09,661.38494873,599.956604004,522.814575195,461.646759033,66.47084911859297,481.055541992,Mid
33-053-07095-0000,ROLFSON N  5198 11-17 2B,OASIS PETROLEUM NORTH AMERICA LLC,Bakken,9582.0,2016-08-14,635.779541016,332.583282471,234.801513672,177.647186279,66.35144448090169,481.055541992,Mid
33-053-07097-0000,ROLFSON N  5198 11-17 4B,OASIS PETROLEUM NORTH AMERICA LLC,Bakken,9500.0,2016-09-14,404.510742188,307.707397461,194.11756897,151.374786377,42.58007812505263,481.055541992,Mid
33-053-07109-0000,LAWLAR N 5199 41-23 2B,OASIS PETROLEUM NORTH AMERICA LLC,Bakken,9519.0,2017-06-12,432.392486572,344.214874268,344.996551514,326.185058594,45.424150285954404,481.055541992,Mid
33-053-07111-0000,LAWLAR N 5199 42-23 4B,OASIS PETROLEUM NORTH AMERICA LLC,Bakken,9295.0,2017-06-16,381.037628174,315.586029053,300.905975342,279.934661865,40.99382766799355,481.055541992,Mid
33-053-07113-0000,LAWLAR N 5199 42-23 6B,OASIS PETROLEUM NORTH AMERICA LLC,Bakken,9368.0,2017-07-02,314.908599854,277.522216797,264.33404541,206.897781372,33.61535011251067,481.055541992,Mid
33-053-07116-0000,LUNDIN 11X-15A,XTO ENERGY INC,Bakken,9949.0,2017-10-17,410.677764893,352.602386475,283.597930908,249.638259888,41.278295797869134,481.055541992,Mid
33-053-07118-0000,OLD HICKORY  43-32 MBH-R,BURLINGTON RESOURCES OIL & GAS COMPANY LP,Bakken,10135.0,2017-01-26,928.834411621,898.77557373,867.48260498,621.27947998,91.64621722950173,481.055541992,Top
33-053-07120-0000,LAWLAR N 5199 43-23 9B,OASIS PETROLEUM NORTH AMERICA LLC,Bakken,9168.0,2017-07-25,1352.007568359,1087.309326172,787.494140625,505.574462891,147.47028450687174,481.055541992,Top
33-053-07122-0000,LAWLAR N FEDERAL 5199 44-23 11BX,OASIS PETROLEUM NORTH AMERICA LLC,Bakken,9330.0,2017-07-31,570.215698242,433.256286621,356.225769043,293.428924561,61.1163663710611,481.055541992,Mid
33-053-07129-0000,BB-BUDAHN- 150-95-0506H-6,"HESS BAKKEN INVESTMENTS II, LLC",Bakken,9170.0,2016-05-08,225.04888916,169.005310059,170.574569702,134.546386719,24.541863594329335,481.055541992,Bottom
33-053-07135-0000,AN-EVENSON- 152-95-0310H-13,"HESS BAKKEN INVESTMENTS II, LLC",Bakken,10370.0,2016-02-09,349.845336914,303.365875244,268.979797363,203.305023193,33.73629092709739,481.055541992,Mid
33-053-07137-0000,AN-EVENSON- 152-95-0310H-11,"HESS BAKKEN INVESTMENTS II, LLC",Bakken,10625.0,2016-02-20,274.397857666,214.199996948,207.996749878,152.379745483,25.825680721505883,481.055541992,Mid
33-053-07139-0000,FOREMAN 12-11-1-2BH,QEP ENERGY COMPANY,Bakken,9330.0,2017-02-24,375.57711792,313.06427002,242.653396606,170.789230347,40.25478219935691,481.055541992,Mid
33-053-07140-0000,FOREMAN 6-2-1BH,QEP ENERGY COMPANY,Bakken,9409.0,2017-02-14,301.798400879,259.718566895,205.664840698,145.118728638,32.0755022721862,481.055541992,Mid
33-053-07141-0000,ERNIE 7-2-11BHD,QEP ENERGY COMPANY,Bakken,10068.0,2016-03-22,154.87097168,110.590797424,115.022148132,101.660003662,15.382496193881606,481.055541992,Bottom
33-053-07144-0000,ERNIE 8-2-11BHD,QEP ENERGY COMPANY,Bakken,9405.0,2016-03-30,841.154174805,614.421875,527.119934082,368.360595703,89.43691385486444,481.055541992,Mid
33-053-07146-0000,ERNIE 3-10-2-11BHD,QEP ENERGY COMPANY,Bakken,9443.0,2016-04-03,204.790512085,130.03086853,80.495346069,56.711578369,21.687018117653288,481.055541992,Bottom
33-053-07152-0000,ROLLA FEDERAL 31-3-1H,WHITING OIL AND GAS CORPORATION,Bakken,9080.0,2016-09-08,753.051452637,501.39074707,361.978302002,292.746124268,82.93518200848018,481.055541992,Mid
33-053-07155-0000,ROLLA FEDERAL 21-3-1H,WHITING OIL AND GAS CORPORATION,Bakken,9228.0,2016-09-06,1797.881103516,1243.007568359,860.159790039,565.102355957,194.82890155136542,481.055541992,Top
33-053-07170-0000,HA-STATE- LW-152-95-1621H-1,"HESS BAKKEN INVESTMENTS II, LLC",Bakken,9601.0,2017-05-02,215.684921265,166.847610474,119.983543396,87.880249023,22.464839211019687,481.055541992,Bottom
33-053-07172-0000,HA-STATE- 152-95-1621H-8,"HESS BAKKEN INVESTMENTS II, LLC",Bakken,9653.0,2017-04-18,346.703033447,252.787277222,246.126571655,191.469940186,35.91660970133637,481.055541992,Mid
33-053-07174-0000,HA-STATE- 152-95-1621H-6,"HESS BAKKEN INVESTMENTS II, LLC",Bakken,9649.0,2017-04-07,293.516662598,273.330535889,266.503234863,203.525131226,30.419386734169343,481.055541992,Mid
33-053-07188-0000,LUCY EVANS  29-32HF,"WPX ENERGY WILLISTON, LLC",Bakken,9809.0,2017-06-20,880.333312988,834.305725098,641.244689941,444.392333984,89.7475087152615,481.055541992,Top
33-053-07191-0000,LUND 21X-17A,XTO ENERGY INC,Bakken,9488.0,2017-12-09,409.693725586,301.665344238,247.996276855,199.541549683,43.180198733768975,481.055541992,Mid
33-053-07193-0000,LUND 21X-17B,XTO ENERGY INC,Bakken,9792.0,2017-12-15,391.578674316,297.387573242,226.398651123,184.956542969,39.98965219730392,481.055541992,Mid
33-053-07200-0000,CHAMELEON STATE 21-16-1H,WHITING OIL AND GAS CORPORATION,Bakken,9563.0,2015-12-11,1441.248657227,1065.563110352,759.611694336,500.511016846,150.71093351741084,481.055541992,Top
33-053-07202-0000,CHAMELEON STATE 21-16-2H,WHITING OIL AND GAS CORPORATION,Bakken,9351.0,2015-12-11,1082.355957031,1027.470214844,788.626464844,544.193908691,115.747615980216,481.055541992,Top
33-053-07216-0000,LUND 21X-17AXD,XTO ENERGY INC,Bakken,9922.0,2017-12-16,1119.161254883,824.705383301,646.537658691,448.659179688,112.79593377171942,481.055541992,Top
33-053-07217-0000,CHARLOTTE 7X-22H,"CONTINENTAL RESOURCES, INC.",Bakken,10141.0,2017-01-19,1335.020385742,1234.416137695,1058.200073242,773.437988281,131.64583233823095,481.055541992,Top
33-053-07228-0000,MALM 149-98-11-2-7HLW,NEWFIELD PRODUCTION COMPANY,Bakken,10193.0,2017-07-24,520.003234863,413.929321289,337.720092773,269.857086182,51.01572008859021,481.055541992,Mid
33-053-07229-0000,MALM 149-98-11-2-6H,NEWFIELD PRODUCTION COMPANY,Bakken,10062.0,2017-07-15,499.177947998,417.042999268,348.03414917,277.255187988,49.61021148857086,481.055541992,Mid
33-053-07230-0000,MALM 149-98-14-23-4H,NEWFIELD PRODUCTION COMPANY,Bakken,10169.0,2017-07-10,1245.064575195,1051.717773438,871.811340332,596.674072266,122.43726769544695,481.055541992,Top
33-053-07232-0000,FORT BERTHOLD 152-94-22D-15-11H,"HRC OPERATING, LLC",Bakken,9858.0,2016-12-12,1138.764282227,916.053161621,781.510009766,582.301391602,115.51676630421991,481.055541992,Top
33-053-07233-0000,BB-SIVERTSON- LS-151-95-2019H-1,"HESS BAKKEN INVESTMENTS II, LLC",Bakken,9673.0,2016-11-16,1288.25390625,1088.561889648,915.155944824,596.543334961,133.18038935697302,481.055541992,Top
33-053-07234-0000,BB-SIVERTSON- 151-95-2019H-6,"HESS BAKKEN INVESTMENTS II, LLC",Bakken,9125.0,2016-11-10,351.266418457,245.343811035,179.692276001,111.162879944,38.494949967890406,481.055541992,Mid
33-053-07247-0000,JOHNSRUD FEDERAL 5198 11-18 3BX,OASIS PETROLEUM NORTH AMERICA LLC,Bakken,8945.0,2016-06-05,479.3387146,439.504486084,366.047576904,298.035614014,53.58733533817775,481.055541992,Mid
33-053-07252-0000,HA-GRIMESTAD- 152-95-3031H-4,"HESS BAKKEN INVESTMENTS II, LLC",Bakken,9673.0,2016-07-02,791.380615234,540.903930664,409.358459473,286.295898438,81.81335834115579,481.055541992,Mid
33-053-07254-0000,HA-GRIMESTAD- 152-95-3031H-6,"HESS BAKKEN INVESTMENTS II, LLC",Bakken,9710.0,2016-06-29,282.112915039,188.611114502,147.047348022,103.826156616,29.053853248094743,481.055541992,Mid
33-053-07257-0000,RACHEL WOLF  27-34HG,"WPX ENERGY WILLISTON, LLC",Bakken,9827.0,2017-07-27,293.386657715,238.968643188,168.937820435,120.87387085,29.855160040195383,481.055541992,Mid
33-053-07259-0000,RACHEL WOLF  27-34HC,"WPX ENERGY WILLISTON, LLC",Bakken,9736.0,2017-07-26,213.790328979,180.195632935,132.429275513,98.019325256,21.958743732436318,481.055541992,Bottom
33-053-07261-0000,FURLONG 151-94-21A-28H,ENERPLUS RESOURCES USA CORPORATION,Bakken,9933.0,2017-02-04,1070.155517578,985.011108398,886.268310547,652.496276855,107.73739228611699,481.055541992,Top
33-053-07263-0000,FIRE 151-94-16DH,ENERPLUS RESOURCES USA CORPORATION,Bakken,4512.0,2017-02-04,1106.031005859,818.774841309,629.498657227,506.195617676,245.13098534109045,481.055541992,Top
33-053-07267-0000,ROLFSON S 5198 11-29 3BX,OASIS PETROLEUM NORTH AMERICA LLC,Bakken,9348.0,2016-10-31,1650.709716797,1441.5,1092.698608398,665.819152832,176.5842658105477,481.055541992,Top
33-053-07270-0000,ROLFSON S 5198 12-29 5B,OASIS PETROLEUM NORTH AMERICA LLC,Bakken,9497.0,2016-11-02,1515.935424805,1260.173828125,861.707763672,526.598754883,159.6225571027693,481.055541992,Top
33-053-07272-0000,ROLFSON S 5198 12-29 7B,OASIS PETROLEUM NORTH AMERICA LLC,Bakken,9619.0,2016-11-06,1520.193603516,1229.577758789,865.869384766,553.382080078,158.04071145815573,481.055541992,Top
33-053-07275-0000,FORT BERTHOLD 152-94-13A-24-16H,"HRC OPERATING, LLC",Bakken,9622.0,2017-09-12,995.333312988,953.926574707,762.706665039,501.326965332,103.44349542589899,481.055541992,Top
33-053-07280-0000,ROLFSON S 5198 14-29 12B,OASIS PETROLEUM NORTH AMERICA LLC,Bakken,9555.0,2016-12-22,1329.854858398,1114.084228516,892.643371582,570.214660645,139.17894907357405,481.055541992,Top
33-053-07282-0000,NORFOLK 11-1H,"CONTINENTAL RESOURCES, INC.",Bakken,9675.0,2016-09-20,406.8722229,304.416717529,202.903747559,151.130462646,42.05397652713178,481.055541992,Mid
33-053-07284-0000,NORFOLK 9-1H,"CONTINENTAL RESOURCES, INC.",Bakken,9140.0,2016-10-12,333.477783203,286.383087158,185.10333252,132.648040771,36.48553426728665,481.055541992,Mid
33-053-07286-0000,SKAAR FEDERAL 153-96-30-4H,NEWFIELD PRODUCTION COMPANY,Bakken,4995.0,2016-02-20,1376.664550781,927.631896973,619.527404785,415.02822876,275.60851867487486,481.055541992,Top
33-053-07287-0000,SKAAR FEDERAL 153-96-30-3H,NEWFIELD PRODUCTION COMPANY,Bakken,4872.0,2016-02-17,1287.467773438,889.145874023,585.069885254,366.23614502,264.25857418678163,481.055541992,Top
33-053-07288-0000,SKAAR FEDERAL 153-96-30-2H,NEWFIELD PRODUCTION COMPANY,Bakken,4790.0,2016-02-15,379.450897217,289.003051758,238.387741089,161.103851318,79.21730630835073,481.055541992,Mid
33-053-07289-0000,SKAAR FEDERAL 153-96-30-1H,NEWFIELD PRODUCTION COMPANY,Bakken,4795.0,2016-02-17,346.43460083,252.34324646,194.301544189,132.096130371,72.2491346882169,481.055541992,Mid
33-053-07290-0000,SKAAR FEDERAL 153-96-30-5HLW,NEWFIELD PRODUCTION COMPANY,Bakken,4805.0,2016-02-15,318.707885742,242.875686646,180.515777588,126.072967529,66.3283841294485,481.055541992,Mid
33-053-07291-0000,GULLIKSON 14-35H,WHITING OIL AND GAS CORPORATION,Bakken,9050.0,2016-07-15,460.794250488,419.385192871,359.06942749,283.232879639,50.91649176662983,481.055541992,Mid
33-053-07292-0000,GULLIKSON 44-34HU,WHITING OIL AND GAS CORPORATION,Bakken,9169.0,2016-07-15,98.517486572,87.866737366,71.821914673,71.535430908,10.744627175482604,481.055541992,Bottom
33-053-07293-0000,GULLIKSON 44-34H,WHITING OIL AND GAS CORPORATION,Bakken,9091.0,2016-02-22,833.766662598,606.542053223,485.984375,367.737701416,91.71341575162249,481.055541992,Mid
33-053-07308-0000,KOALA 14-32-2H,WHITING OIL AND GAS CORPORATION,Bakken,9273.0,2016-12-02,993.19354248,809.933349609,616.237487793,416.336090088,107.10595734713685,481.055541992,Top
33-053-07309-0000,KOALA 14-32HU,WHITING OIL AND GAS CORPORATION,Bakken,8596.0,2016-12-09,1446.096801758,1109.677734375,814.570373535,525.424682617,168.22903696579806,481.055541992,Top
33-053-07315-0000,KDM 7-7-6BHD,QEP ENERGY COMPANY,Bakken,10475.0,2016-09-11,826.645141602,682.326904297,560.495605469,381.528045654,78.9160039715513,481.055541992,Mid
33-053-07317-0000,KDM 6-7-6BHD,QEP ENERGY COMPANY,Bakken,9667.0,2016-09-25,352.362213135,275.716918945,214.427536011,138.020751953,36.45000653098169,481.055541992,Mid
33-053-07319-0000,STENEHJEM 7H,ABRAXAS PETROLEUM CORP.,Bakken,9853.0,2017-06-16,328.682800293,302.385192871,281.870758057,204.401443481,33.35865221688826,481.055541992,Mid
33-053-07321-0000,STENEHJEM 9H,ABRAXAS PETROLEUM CORP.,Bakken,9853.0,2017-06-13,315.424743652,252.173294067,198.70274353,180.308303833,32.01306644189587,481.055541992,Mid
33-053-07326-0000,KDM 5-7-6BHD,QEP ENERGY COMPANY,Bakken,9469.0,2016-10-07,375.003845215,250.10369873,189.329147339,157.648254395,39.603320859119236,481.055541992,Mid
33-053-07344-0000,FORT BERTHOLD 152-94-13B-24-11H,"HRC OPERATING, LLC",Bakken,9888.0,2017-09-17,730.49029541,597.505187988,615.780578613,512.935119629,73.87644573321198,481.055541992,Mid
33-053-07355-0000,TOBACCO GARDEN 31X-29C,XTO ENERGY INC,Bakken,9516.0,2016-07-24,155.54888916,93.396354675,106.769332886,102.795082092,16.34603711223203,481.055541992,Bottom
33-053-07356-0000,TOBACCO GARDEN 31X-29CXD,XTO ENERGY INC,Bakken,9328.0,2016-07-30,718.566650391,547.050354004,419.391601562,287.402740479,77.03330300075044,481.055541992,Mid
33-053-07357-0000,TOBACCO GARDEN 31X-29D,XTO ENERGY INC,Bakken,10199.0,2016-08-08,856.25,611.731140137,372.514526367,251.950393677,83.95430924600451,481.055541992,Top
33-053-07377-0000,BB-BUDAHN- LS-150-95-0506H-1,"HESS BAKKEN INVESTMENTS II, LLC",Bakken,9248.0,2016-05-19,268.846282959,201.571365356,183.365325928,148.312789917,29.07074858985727,481.055541992,Mid
33-053-07378-0000,ROLFSON S 5198 43-20 9B,OASIS PETROLEUM NORTH AMERICA LLC,Bakken,9761.0,2016-12-18,1385.161254883,1215.833374023,951.381103516,615.347961426,141.90771999620944,481.055541992,Top
33-053-07389-0000,ROLFSON S 5198 41-33 14BX,OASIS PETROLEUM NORTH AMERICA LLC,Bakken,9582.0,2017-02-13,1134.82043457,1091.329101562,943.56439209,640.207824707,118.43252291484032,481.055541992,Top
33-053-07391-0000,FORLAND  5198 41-33 3B,OASIS PETROLEUM NORTH AMERICA LLC,Bakken,9458.0,2017-02-25,853.655578613,569.417724609,495.785095215,389.293426514,90.25751518428844,481.055541992,Top
33-053-07393-0000,FORLAND  5198 41-33 5B,OASIS PETROLEUM NORTH AMERICA LLC,Bakken,9399.0,2017-03-25,423.322570801,404.138122559,317.068389893,280.865356445,45.03910743706778,481.055541992,Mid
33-053-07395-0000,FORLAND 5098 13-4 7B,OASIS PETROLEUM NORTH AMERICA LLC,Bakken,10070.0,2017-04-01,1039.633300781,988.125183105,917.425415039,683.422485352,103.24064555918568,481.055541992,Top
33-053-07397-0000,FORLAND 5098 13-4 9B,OASIS PETROLEUM NORTH AMERICA LLC,Bakken,9923.0,2017-03-29,1127.697753906,1053.396606445,1039.797241211,820.727111816,113.64484066371055,481.055541992,Top
33-053-07400-0000,FORLAND 5198 44-33 12B,OASIS PETROLEUM NORTH AMERICA LLC,Bakken,9469.0,2017-03-28,1300.333374023,1193.400024414,1033.684326172,816.760375977,137.32531143975078,481.055541992,Top
33-053-07404-0000,KOALA 44-31H,WHITING OIL AND GAS CORPORATION,Bakken,8838.0,2016-12-22,1403.073120117,1031.418579102,732.058532715,452.977813721,158.75459607569587,481.055541992,Top
33-053-07410-0000,CHERYL 17-20 #1H-R,STATOIL OIL & GAS LP,Bakken,9445.0,2016-11-25,761.0,761.922607422,699.223266602,561.41217041,80.57173107464267,481.055541992,Mid
33-053-07411-0000,HOLSTEIN FEDERAL 13-25H,"CONTINENTAL RESOURCES, INC.",Bakken,10210.0,2016-11-23,1335.734375,1020.95111084,1094.797851562,1042.066650391,130.82608961802154,481.055541992,Top
33-053-07417-0000,ROLLA FEDERAL 11-3-1H,WHITING OIL AND GAS CORPORATION,Bakken,9639.0,2016-09-13,1588.862182617,1051.440673828,795.379455566,521.052429199,164.83682774323063,481.055541992,Top
33-053-07421-0000,QUILLFISH 149-95-36C-25H-TF-LLW,ENERPLUS RESOURCES USA CORPORATION,Bakken,9647.0,2016-10-16,260.071472168,198.216339111,151.828643799,112.133789062,26.958792595418267,481.055541992,Mid
33-053-07425-0000,HEREFORD FEDERAL 9-20H,"CONTINENTAL RESOURCES, INC.",Bakken,15387.0,2017-07-23,427.522216797,360.200012207,227.151290894,173.305923462,27.784637472996685,481.055541992,Mid
33-053-07426-0000,HEREFORD FEDERAL 7-20H,"CONTINENTAL RESOURCES, INC.",Bakken,15397.0,2017-07-20,747.354858398,690.867370605,596.620300293,480.656982422,48.538991907384556,481.055541992,Mid
33-053-07427-0000,HEREFORD FEDERAL 5-20H,"CONTINENTAL RESOURCES, INC.",Bakken,15352.0,2017-07-17,406.538879395,315.54586792,288.739257812,190.414337158,26.48116723521365,481.055541992,Mid
33-053-07428-0000,HEREFORD FEDERAL 3-20H,"CONTINENTAL RESOURCES, INC.",Bakken,15360.0,2017-07-13,866.717834473,786.876220703,742.387756348,581.259399414,56.42694234850261,481.055541992,Top
33-053-07429-0000,HEREFORD FEDERAL 1-20H,"CONTINENTAL RESOURCES, INC.",Bakken,15416.0,2017-07-11,1038.633300781,854.477416992,772.460449219,617.424499512,67.37372215756356,481.055541992,Top
33-053-07451-0000,TIPI V 3-13-12BH,QEP ENERGY COMPANY,Bakken,9887.0,2016-11-10,1697.800048828,1287.876464844,878.056152344,528.120544434,171.72044592171537,481.055541992,Top
33-053-07453-0000,TIPI V 4-13-12BH,QEP ENERGY COMPANY,Bakken,9829.0,2016-11-05,449.155548096,374.166046143,313.693206787,196.290649414,45.69697304873334,481.055541992,Mid
33-053-07455-0000,TIPI V 5-13-12BH,QEP ENERGY COMPANY,Bakken,9900.0,2016-10-31,1216.647338867,864.950866699,597.829711914,377.539733887,122.89367059262625,481.055541992,Top
33-053-07470-0000,LASSEN 2-1-26MBH,BURLINGTON RESOURCES OIL & GAS COMPANY LP,Bakken,9642.0,2017-08-16,430.170379639,263.321289062,235.419555664,187.2684021,44.61422730128604,481.055541992,Mid
33-053-07472-0000,GRADY USA 21-4H,MARATHON OIL COMPANY,Bakken,9749.0,2017-08-04,1456.553344727,1333.51965332,1124.795654297,766.055725098,149.40541027048926,481.055541992,Top
33-053-07475-0000,CUNNINGHAM USA 31-4H,MARATHON OIL COMPANY,Bakken,9655.0,2017-07-25,537.455566406,495.642700195,379.65020752,262.933227539,55.6660348426722,481.055541992,Mid
33-053-07476-0000,BB-FEDERAL 151-95-1708H-7,"HESS BAKKEN INVESTMENTS II, LLC",Bakken,10094.0,2017-02-13,1358.464477539,1146.064208984,957.910522461,688.295898438,134.58138275599367,481.055541992,Top
33-053-07478-0000,BB-FEDERAL 151-95-1708H-9,"HESS BAKKEN INVESTMENTS II, LLC",Bakken,10038.0,2017-02-21,261.518829346,195.065795898,124.774887085,88.894882202,26.052881983064356,481.055541992,Mid
33-053-07480-0000,BB-FEDERAL 151-95-1708H-11,"HESS BAKKEN INVESTMENTS II, LLC",Bakken,10006.0,2017-03-01,318.346221924,326.368164062,287.53918457,226.563049316,31.815532872676396,481.055541992,Mid
33-053-07485-0000,BB-CHAPIN A- 151-95-0403H-2,"HESS BAKKEN INVESTMENTS II, LLC",Bakken,10045.0,2017-04-23,1089.856933594,822.327941895,648.265991211,444.217926025,108.49745481274267,481.055541992,Top
33-053-07487-0000,BB-CHAPIN A- 151-95-0403H-4,"HESS BAKKEN INVESTMENTS II, LLC",Bakken,9961.0,2017-05-03,1015.15222168,790.472412109,634.356262207,436.879364014,101.91268162634273,481.055541992,Top
33-053-07489-0000,BB-CHAPIN A- 151-95-0403H-6,"HESS BAKKEN INVESTMENTS II, LLC",Bakken,9951.0,2017-05-12,1050.866699219,986.3046875,781.457519531,529.035339355,105.60413015968246,481.055541992,Top
33-053-07502-0000,MANDAREE 24-0706H,"EOG RESOURCES, INC.",Bakken,8913.0,2016-12-05,429.09463501,345.556091309,273.865112305,269.494628906,48.14255974531583,481.055541992,Mid
33-053-07503-0000,MANDAREE 31-0706H,"EOG RESOURCES, INC.",Bakken,9476.0,2016-12-03,1863.838745117,1737.366699219,1400.646240234,1048.889648438,196.69045431796113,481.055541992,Top
33-053-07504-0000,LUNDIN 11X-15AXB,XTO ENERGY INC,Bakken,9936.0,2017-10-08,338.820892334,247.938583374,212.608459473,194.915771484,34.10033135406602,481.055541992,Mid
33-053-07507-0000,KERMIT USA 14-9H,MARATHON OIL COMPANY,Bakken,9485.0,2017-07-29,2636.933349609,2057.125,1501.143310547,937.448303223,278.0108961105957,481.055541992,Top
33-053-07516-0000,KOALA FEDERAL 31-25HU,WHITING OIL AND GAS CORPORATION,Bakken,8270.0,2017-08-01,1378.746704102,1091.606323242,836.313598633,559.80090332,166.7166510401451,481.055541992,Top
33-053-07518-0000,KOALA FEDERAL 31-25H,WHITING OIL AND GAS CORPORATION,Bakken,8938.0,2017-08-10,1335.633300781,1087.326660156,842.625244141,500.388671875,149.43312830398298,481.055541992,Top
33-053-07520-0000,KOALA 31-25-2H,WHITING OIL AND GAS CORPORATION,Bakken,8630.0,2017-08-03,899.0,811.772216797,633.338256836,451.941680908,104.17149478563151,481.055541992,Top
33-053-07521-0000,KOALA 31-25-3H,WHITING OIL AND GAS CORPORATION,Bakken,7569.0,2017-08-06,954.844116211,733.508239746,583.654907227,415.108306885,126.15195088003699,481.055541992,Top
33-053-07527-0000,OYLOE 5199 43-23 9B,OASIS PETROLEUM NORTH AMERICA LLC,Bakken,9980.0,2017-08-13,358.111114502,331.665405273,307.264831543,250.666366577,35.882877204609215,481.055541992,Mid
33-053-07528-0000,FLATLAND 43-9HU,WHITING OIL AND GAS CORPORATION,Bakken,8206.0,2016-10-12,585.685302734,494.748138428,400.026733398,323.111816406,71.37281290933463,481.055541992,Mid
33-053-07529-0000,FLATLAND 43-9-2H,WHITING OIL AND GAS CORPORATION,Bakken,8151.0,2016-10-08,1143.933349609,827.631896973,587.358642578,390.97644043,140.34270023420441,481.055541992,Top
33-053-07530-0000,FLATLAND 43-9-1H,WHITING OIL AND GAS CORPORATION,Bakken,8171.0,2016-10-08,570.511108398,483.113067627,394.091278076,279.220336914,69.8214549501897,481.055541992,Mid
33-053-07531-0000,FLATLAND 43-9-1XH,WHITING OIL AND GAS CORPORATION,Bakken,9876.0,2016-10-11,1290.045166016,1112.972045898,805.24621582,554.417419434,130.62425739327662,481.055541992,Top
33-053-07542-0000,TARENTAISE FEDERAL 1-19H,"CONTINENTAL RESOURCES, INC.",Bakken,10080.0,2017-09-27,482.413970947,445.959259033,358.767883301,301.58380127,47.85852886378968,481.055541992,Mid
33-053-07544-0000,TARENTAISE FEDERAL 3-19H,"CONTINENTAL RESOURCES, INC.",Bakken,10091.0,2017-09-28,1610.805541992,1241.719726562,1021.925231934,637.572692871,159.62793994569418,481.055541992,Top
33-053-07546-0000,TARENTAISE FEDERAL 5-19H,"CONTINENTAL RESOURCES, INC.",Bakken,10148.0,2017-07-31,1565.166625977,1201.769165039,973.13470459,683.81842041,154.23399940648403,481.055541992,Top
33-053-07548-0000,FORT BERTHOLD 152-93-7C-6-5H,"HRC OPERATING, LLC",Bakken,10694.0,2016-11-01,229.706115723,190.111114502,132.694778442,88.446983337,21.479906089676454,481.055541992,Bottom
33-053-07550-0000,TARENTAISE FEDERAL 7-19H,"CONTINENTAL RESOURCES, INC.",Bakken,10095.0,2017-09-29,1201.322631836,1160.055541992,965.845275879,607.011779785,119.00174659098563,481.055541992,Top
33-053-07552-0000,TARENTAISE FEDERAL 9-19H,"CONTINENTAL RESOURCES, INC.",Bakken,10091.0,2017-10-04,1337.458007812,1332.91394043,1089.093017578,731.989990234,132.53968960578734,481.055541992,Top
33-053-07554-0000,TARENTAISE FEDERAL 11-19H,"CONTINENTAL RESOURCES, INC.",Bakken,10087.0,2017-10-13,477.091400146,461.064819336,444.275146484,385.354095459,47.29765045563597,481.055541992,Mid
33-053-07556-0000,TARENTAISE FEDERAL 13-19H,"CONTINENTAL RESOURCES, INC.",Bakken,10060.0,2017-10-19,1256.12902832,1084.011108398,755.306640625,502.061767578,124.86372050894633,481.055541992,Top
33-053-07559-0000,LIZZIE RAE 8-17-1H,SINCLAIR OIL & GAS COMPANY,Bakken,9113.0,2016-09-18,150.289993286,93.545928955,63.089984894,47.793697357,16.491824128826952,481.055541992,Bottom
33-053-07567-0000,RUBY PARSHALL 31-30HC,"WPX ENERGY WILLISTON, LLC",Bakken,9503.0,2017-09-06,337.963134766,257.476654053,195.392532349,185.18586731,35.56383613237925,481.055541992,Mid
33-053-07570-0000,HA-ROLFSRUD- 152-96-1720H-10,"HESS BAKKEN INVESTMENTS II, LLC",Bakken,9760.0,2016-09-30,751.542236328,606.833312988,557.475891113,410.964904785,77.00227831229508,481.055541992,Mid
33-053-07572-0000,HA-ROLFSRUD- 152-96-1720H-8,"HESS BAKKEN INVESTMENTS II, LLC",Bakken,9686.0,2016-09-19,668.433349609,521.155578613,330.960235596,208.340637207,69.01025703169522,481.055541992,Mid
33-053-07574-0000,OYLOE 5199 14-26 11B,OASIS PETROLEUM NORTH AMERICA LLC,Bakken,9051.0,2017-09-21,1352.419311523,1231.977783203,1021.934265137,860.464355469,149.42208723047176,481.055541992,Top
33-053-07579-0000,ANDERSON RANCH 3C-MBH,BURLINGTON RESOURCES OIL & GAS COMPANY LP,Bakken,9780.0,2017-05-26,1280.246704102,701.555541992,494.512329102,313.622650146,130.90457097157466,481.055541992,Top
33-053-07583-0000,YELLOWSTONE 2H,ABRAXAS PETROLEUM CORP.,Bakken,8924.0,2017-12-12,411.772216797,360.4324646,310.891906738,244.800003052,46.14211304314209,481.055541992,Mid
33-053-07585-0000,ANDERSON RANCH 3A-MBH,BURLINGTON RESOURCES OIL & GAS COMPANY LP,Bakken,9674.0,2017-05-10,278.750518799,211.495452881,165.975189209,130.689819336,28.81440136437875,481.055541992,Mid
33-053-07614-0000,HA-LINK- 152-95-3526H-6,"HESS BAKKEN INVESTMENTS II, LLC",Bakken,9778.0,2016-11-19,317.009399414,251.178192139,210.376983643,154.358734131,32.4206790155451,481.055541992,Mid
33-053-07616-0000,HA-LINK- 152-95-3526H-8,"HESS BAKKEN INVESTMENTS II, LLC",Bakken,9592.0,2016-11-23,441.088195801,360.614196777,238.473022461,182.648086548,45.98500790252293,481.055541992,Mid
33-053-07617-0000,GRIZZLY 24-13HA,"WPX ENERGY WILLISTON, LLC",Bakken,9575.0,2017-03-20,256.190002441,250.047225952,212.589370728,160.534454346,26.756136025169713,481.055541992,Mid
33-053-07618-0000,GRIZZLY 24-13HG,"WPX ENERGY WILLISTON, LLC",Bakken,9842.0,2017-03-17,1232.966674805,1148.113647461,1054.61340332,823.52734375,125.27602873450516,481.055541992,Top
33-053-07628-0000,HEINZ 18-19 XW #1H,STATOIL OIL & GAS LP,Bakken,9717.0,2017-11-22,219.88444519,218.169708252,195.657043457,120.644790649,22.628840711124834,481.055541992,Bottom
33-053-07629-0000,PATENT GATE 7-6 XW #1H,STATOIL OIL & GAS LP,Bakken,9122.0,2017-12-11,151.527770996,111.542533875,123.26839447,90.355674744,16.611244353869765,481.055541992,Bottom
33-053-07630-0000,HEINZ 18-19 #3H,STATOIL OIL & GAS LP,Bakken,9790.0,2017-12-20,829.827392578,721.586181641,438.154327393,304.969512939,84.76275715812054,481.055541992,Mid
33-053-07634-0000,REMINGTON 3C MBH,BURLINGTON RESOURCES OIL & GAS COMPANY LP,Bakken,9655.0,2017-07-09,389.415313721,274.622528076,278.241516113,243.836883545,40.3330205821854,481.055541992,Mid
33-053-07636-0000,REMINGTON  3E MBH,BURLINGTON RESOURCES OIL & GAS COMPANY LP,Bakken,9675.0,2017-07-14,1412.516113281,1150.057006836,866.857849121,775.393005371,145.99649749674415,481.055541992,Top
33-053-07638-0000,HA-GRIMESTAD- 152-95-3031H-8,"HESS BAKKEN INVESTMENTS II, LLC",Bakken,9784.0,2017-05-28,265.694824219,243.876464844,235.626831055,212.996078491,27.15605317038021,481.055541992,Mid
33-053-07640-0000,HA-GRIMESTAD- LE-152-95-3031H-1,"HESS BAKKEN INVESTMENTS II, LLC",Bakken,9807.0,2017-05-20,314.242218018,223.773590088,171.009689331,102.45753479,32.042644847353934,481.055541992,Mid
33-053-07642-0000,LASSEN  4-1-26MBH,BURLINGTON RESOURCES OIL & GAS COMPANY LP,Bakken,9730.0,2017-08-09,326.80090332,141.419113159,121.196594238,104.066551208,33.58693764850976,481.055541992,Mid
33-053-07645-0000,WHITE 5198 12-6 5B,OASIS PETROLEUM NORTH AMERICA LLC,Bakken,9177.0,2017-10-03,1092.87097168,930.244445801,714.413330078,499.061340332,119.08804311648686,481.055541992,Top
33-053-07647-0000,WHITE 5198 12-6 7B,OASIS PETROLEUM NORTH AMERICA LLC,Bakken,8927.0,2017-10-11,433.599273682,392.363494873,312.566894531,252.040679932,48.57166726582279,481.055541992,Mid
33-053-07649-0000,CHAMELEON STATE 31-16HU,WHITING OIL AND GAS CORPORATION,Bakken,9146.0,2016-10-10,538.142578125,430.227661133,337.864074707,247.017578125,58.839118535425314,481.055541992,Mid
33-053-07650-0000,PETROSHALE US 8H,PETROSHALE (US) INC.,Bakken,7409.0,2016-12-29,296.349456787,235.612960815,201.582931519,183.491317749,39.99857697219598,481.055541992,Mid
33-053-07651-0000,OYLOE 5199 42-23 2B,OASIS PETROLEUM NORTH AMERICA LLC,Bakken,10109.0,2017-08-01,1244.548339844,854.528686523,831.241394043,588.182739258,123.11290333801564,481.055541992,Top
33-053-07653-0000,OYLOE 5199 42-23 4B,OASIS PETROLEUM NORTH AMERICA LLC,Bakken,9995.0,2017-07-19,282.446228027,242.563552856,235.722732544,189.259902954,28.258752178789397,481.055541992,Mid
33-053-07655-0000,OYLOE 5199 42-23 6B,OASIS PETROLEUM NORTH AMERICA LLC,Bakken,10016.0,2017-07-16,1384.838745117,1209.672607422,1067.991577148,733.035461426,138.26265426487618,481.055541992,Top
33-053-07661-0000,CLARKS CREEK  74-0719H,"EOG RESOURCES, INC.",Bakken,9828.0,2017-06-08,2131.935546875,1654.555541992,1202.671630859,729.918273926,216.92465881919009,481.055541992,Top
33-053-07662-0000,CLARKS CREEK  110-0719H,"EOG RESOURCES, INC.",Bakken,10058.0,2017-06-08,599.021484375,502.199401855,401.30682373,308.926025391,59.55671946460529,481.055541992,Mid
33-053-07669-0000,FLATLAND 24-9-1XH,WHITING OIL AND GAS CORPORATION,Bakken,10676.0,2017-09-23,1286.349975586,1104.324707031,792.704101562,517.465820312,120.48988156481829,481.055541992,Top
33-053-07670-0000,FLATLAND 24-9-2XH,WHITING OIL AND GAS CORPORATION,Bakken,10274.0,2017-10-04,1199.433349609,1048.651611328,774.787658691,537.050842285,116.74453470985013,481.055541992,Top
33-053-07673-0000,BB-LARS ROTHIE- 151-95-3229H-6,"HESS BAKKEN INVESTMENTS II, LLC",Bakken,9694.0,2017-11-12,1215.479614258,1134.976196289,1035.486206055,787.328063965,125.38473429523417,481.055541992,Top
33-053-07675-0000,BB-LARS ROTHIE- 151-95-3229H-8,"HESS BAKKEN INVESTMENTS II, LLC",Bakken,9723.0,2017-11-04,316.077789307,254.394439697,249.071350098,213.960830688,32.508257668106545,481.055541992,Mid
33-053-07677-0000,SMOOTH GREEN 152-94-18A-19H,ENERPLUS RESOURCES USA CORPORATION,Bakken,9027.0,2017-09-11,529.016113281,509.796051025,417.484283447,343.177886963,58.60375687171818,481.055541992,Mid
33-053-07679-0000,GARTER 152-94-18A-19H,ENERPLUS RESOURCES USA CORPORATION,Bakken,9162.0,2017-09-11,324.505737305,266.05657959,229.671722412,193.524200439,35.418657204213055,481.055541992,Mid
33-053-07690-0000,AN-DINWOODIE- 153-94-2833H-2,"HESS BAKKEN INVESTMENTS II, LLC",Bakken,9740.0,2017-10-07,1163.71105957,857.022216797,636.626098633,439.46282959,119.47752151642712,481.055541992,Top
33-053-07692-0000,AN-DINWOODIE- LE-153-94-2833H-1,"HESS BAKKEN INVESTMENTS II, LLC",Bakken,9714.0,2017-10-13,1210.715576172,979.683166504,774.612304688,549.135314941,124.63615155157504,481.055541992,Top
33-053-07697-0000,HELSINGBORG FEDERAL 153-96-27-22-4H,NEWFIELD PRODUCTION COMPANY,Bakken,9979.0,2016-12-19,358.780273438,335.039306641,326.506103516,298.562042236,35.953529756288205,481.055541992,Mid
33-053-07700-0000,BEETLE 150-94-11C-12H,ENERPLUS RESOURCES USA CORPORATION,Bakken,9081.0,2017-07-23,1120.920043945,1047.418579102,843.098632812,648.79083252,123.43574980123336,481.055541992,Top
33-053-07702-0000,WASP 150-94-11C-12H,ENERPLUS RESOURCES USA CORPORATION,Bakken,8985.0,2017-07-23,1244.483886719,1014.948913574,822.717163086,654.358886719,138.50683213344465,481.055541992,Top
33-053-07703-0000,FORSMAN USA 44-22H,MARATHON OIL COMPANY,Bakken,9464.0,2017-12-01,570.258056641,544.002075195,480.697174072,318.938140869,60.25550049038462,481.055541992,Mid
33-053-07706-0000,BEGOLA USA 34-22H,MARATHON OIL COMPANY,Bakken,9550.0,2017-12-09,435.316680908,318.867767334,319.01171875,198.345825195,45.582898524397905,481.055541992,Mid
33-053-07707-0000,LOVAAS  4-8-12 MBH,BURLINGTON RESOURCES OIL & GAS COMPANY LP,Bakken,9950.0,2017-11-12,1079.989257812,1013.444458008,925.69921875,773.858886719,108.54163395095478,481.055541992,Top
33-053-07709-0000,LOVAAS  6-8-12 MBH,BURLINGTON RESOURCES OIL & GAS COMPANY LP,Bakken,9768.0,2017-11-17,806.789672852,922.252380371,911.050415039,784.253173828,82.59517535339884,481.055541992,Mid
33-053-07712-0000,LILLIBRIDGE 3C MBH,BURLINGTON RESOURCES OIL & GAS COMPANY LP,Bakken,9581.0,2017-09-02,378.09677124,304.690673828,245.132873535,174.952484131,39.4631845569356,481.055541992,Mid
33-053-07714-0000,LILLIBRIDGE-VEEDER 3E MBH-ULW,BURLINGTON RESOURCES OIL & GAS COMPANY LP,Bakken,9649.0,2017-08-28,1056.300048828,939.281494141,857.15838623,695.531860352,109.47248925567416,481.055541992,Top
33-053-07715-0000,WHITE 5198 13-6 15T,OASIS PETROLEUM NORTH AMERICA LLC,Bakken,9156.0,2017-09-16,458.069885254,260.657714844,197.941040039,169.211868286,50.02947632743555,481.055541992,Mid
33-053-07717-0000,HAGEN BANKS 5198 13-6 11B,OASIS PETROLEUM NORTH AMERICA LLC,Bakken,10057.0,2017-10-13,1958.94519043,1489.426879883,1046.120849609,654.7890625,194.7842488246992,481.055541992,Top
33-053-07733-0000,PATSY 5198 11-5 2BX,OASIS PETROLEUM NORTH AMERICA LLC,Bakken,9433.0,2017-12-01,1135.199951172,894.41998291,682.26184082,470.284942627,120.34346985815753,481.055541992,Top
33-053-07738-0000,BB-LARS ROTHIE- 151-95-2932H-3,"HESS BAKKEN INVESTMENTS II, LLC",Bakken,9999.0,2017-07-06,1148.929077148,1046.872070312,949.573486328,696.138427734,114.90439815461546,481.055541992,Top
33-053-07740-0000,BB-LARS ROTHIE- LE-151-95-2932H-1,"HESS BAKKEN INVESTMENTS II, LLC",Bakken,9968.0,2017-07-14,339.034576416,254.486297607,238.09538269,212.676605225,34.01229699197432,481.055541992,Mid
33-053-07761-0000,FRICK 24-8-1HU,WHITING OIL AND GAS CORPORATION,Bakken,8401.0,2017-10-08,940.259155273,806.88494873,611.909301758,491.337249756,111.92228964087609,481.055541992,Top
33-053-07769-0000,HELLANDSAAS 44-8-2H,WHITING OIL AND GAS CORPORATION,Bakken,9441.0,2017-10-02,495.408599854,464.692596436,393.562652588,317.747497559,52.474165856794826,481.055541992,Mid
33-053-07770-0000,HELLANDSAAS 44-8-1H,WHITING OIL AND GAS CORPORATION,Bakken,5541.0,2017-09-26,916.011108398,840.585998535,602.414245605,381.773406982,165.3151251395055,481.055541992,Top
33-053-07782-0000,HAGEN BANKS 5198 12-6 9BX,OASIS PETROLEUM NORTH AMERICA LLC,Bakken,10008.0,2017-10-14,346.957000732,296.225402832,264.530700684,208.3543396,34.66796570063949,481.055541992,Mid
33-053-07798-0000,PATSY 5198 12-17 8B,OASIS PETROLEUM NORTH AMERICA LLC,Bakken,9820.0,2017-12-15,1216.806396484,1085.795288086,989.354736328,655.091369629,123.91103833849287,481.055541992,Top
33-053-07803-0000,VEEDER  4C MBH,BURLINGTON RESOURCES OIL & GAS COMPANY LP,Bakken,9946.0,2017-08-03,1279.177001953,1301.879516602,1223.621826172,1009.391235352,128.61220610828474,481.055541992,Top
33-053-07805-0000,VEEDER  4E MBH-ULW,BURLINGTON RESOURCES OIL & GAS COMPANY LP,Bakken,9980.0,2017-07-28,1193.859130859,985.256469727,858.846557617,638.778076172,119.62516341272546,481.055541992,Top
33-053-07809-0000,CLARKS CREEK 75-0719HX,"EOG RESOURCES, INC.",Bakken,10496.0,2017-06-09,543.489257812,467.783325195,473.793029785,397.900604248,51.78060764214939,481.055541992,Mid
33-053-07813-0000,PATSY 5198 12-17 4B,OASIS PETROLEUM NORTH AMERICA LLC,Bakken,10097.0,2017-12-01,369.546417236,264.873474121,262.925567627,204.223571777,36.599625357630984,481.055541992,Mid
33-053-07814-0000,PATSY 5198 12-17 5T,OASIS PETROLEUM NORTH AMERICA LLC,Bakken,3381.0,2017-11-10,881.387084961,724.400695801,517.305480957,330.690490723,260.6882830408164,481.055541992,Top
33-053-07815-0000,PATSY 5198 12-17 6B,OASIS PETROLEUM NORTH AMERICA LLC,Bakken,10092.0,2017-12-03,629.922790527,434.55480957,295.890960693,235.892654419,62.41803314774078,481.055541992,Mid
33-053-07844-0000,SC-1WX -152-99-0809H-6,"HESS BAKKEN INVESTMENTS II, LLC",Bakken,9604.0,2017-10-19,418.76260376,294.957519531,232.769363403,162.956085205,43.60293666805498,481.055541992,Mid
33-053-07845-0000,SC-1WX -152-99-0809H-7,"HESS BAKKEN INVESTMENTS II, LLC",Bakken,9675.0,2017-10-24,1508.308837891,1118.827636719,853.07635498,584.505981445,155.89755430397932,481.055541992,Top
33-053-07846-0000,SC-1WX -152-99-0809H-8,"HESS BAKKEN INVESTMENTS II, LLC",Bakken,9654.0,2017-11-25,1153.352661133,846.231750488,716.747558594,540.512268066,119.46888969680963,481.055541992,Top
33-053-07851-0000,CROFF 22A MBH,BURLINGTON RESOURCES OIL & GAS COMPANY LP,Bakken,9738.0,2017-10-16,225.405548096,117.545677185,71.094184875,50.3295784,23.14700637666872,481.055541992,Bottom
33-053-07852-0000,MATHISTAD  22A MBH,BURLINGTON RESOURCES OIL & GAS COMPANY LP,Bakken,10419.0,2017-10-19,615.130249023,293.229827881,232.231262207,182.475524902,59.039279107687875,481.055541992,Mid
33-053-07855-0000,CROFF 22C MBH,BURLINGTON RESOURCES OIL & GAS COMPANY LP,Bakken,10235.0,2017-10-27,143.342651367,120.49533844,140.921661377,147.979614258,14.0051442468979,481.055541992,Bottom
33-053-07857-0000,CROFF 7-1-2 MBH,BURLINGTON RESOURCES OIL & GAS COMPANY LP,Bakken,9535.0,2017-11-05,1423.140991211,1031.421142578,948.419006348,975.05291748,149.25443012176194,481.055541992,Top
33-053-07858-0000,MATHISTAD 6-8-35 MBH,BURLINGTON RESOURCES OIL & GAS COMPANY LP,Bakken,10053.0,2017-11-03,324.777770996,243.441421509,251.184799194,215.662063599,32.30655237202825,481.055541992,Mid
33-053-07870-0000,LUNDIN FEDERAL 11X-4B,XTO ENERGY INC,Bakken,15140.0,2018-02-28,338.781097412,272.469451904,181.256347656,119.471099854,22.376558613738442,481.055541992,Mid
33-053-07872-0000,LUNDIN  11X-4AXD,XTO ENERGY INC,Bakken,14924.0,2017-11-18,863.613952637,704.655578613,663.044616699,581.647888184,57.86745863287323,481.055541992,Top
33-053-07883-0000,VARDON 4-14H,"CONTINENTAL RESOURCES, INC.",Bakken,10027.0,2018-02-23,473.411102295,392.179931641,334.643463135,237.559432983,47.21363341926798,481.055541992,Mid
33-053-07885-0000,VARDON 2-14H,"CONTINENTAL RESOURCES, INC.",Bakken,10096.0,2018-02-10,1468.225830078,1370.991455078,1157.218261719,794.913818359,145.4264887161252,481.055541992,Top
33-053-07911-0000,ND LEVANG 7-16-21BHD,QEP ENERGY COMPANY,Bakken,9895.0,2017-04-27,204.030288696,179.36630249,184.777984619,178.162002563,20.619533976351693,481.055541992,Bottom
33-053-07913-0000,ND LEVANG 8-16-21BHD,QEP ENERGY COMPANY,Bakken,9579.0,2017-05-05,787.200012207,629.572875977,474.896240234,351.240722656,82.17976951738177,481.055541992,Mid
33-053-07921-0000,IRON WOMAN USA 14-9H,MARATHON OIL COMPANY,Bakken,9609.0,2017-07-19,2401.838623047,1829.798217773,1315.143188477,865.192016602,249.95718836996565,481.055541992,Top
33-053-07922-0000,LENA USA 14-22H,MARATHON OIL COMPANY,Bakken,9582.0,2017-12-16,641.192321777,507.59564209,433.73538208,312.53994751,66.91633497985806,481.055541992,Mid
33-053-07944-0000,ND LEVANG 5-16-21BHD,QEP ENERGY COMPANY,Bakken,9739.0,2017-06-18,197.11289978,162.725921631,159.260040283,142.771728516,20.239542024848543,481.055541992,Bottom
33-053-07946-0000,ND LEVANG 6-16-21BHD,QEP ENERGY COMPANY,Bakken,9991.0,2017-06-19,916.599975586,811.045898438,625.069030762,440.257873535,91.7425658678811,481.055541992,Top
33-053-07949-0000,DEMICKS DODGE  1A MBH-ULW,BURLINGTON RESOURCES OIL & GAS COMPANY LP,Bakken,9890.0,2017-12-13,346.4375,142.15222168,115.854011536,,35.02906976744186,481.055541992,Mid
33-053-07954-0000,ETSTATIS  32-29HXR,"WPX ENERGY WILLISTON, LLC",Bakken,9794.0,2017-06-03,233.603042603,195.635177612,143.439880371,112.248252869,23.85164821349806,481.055541992,Mid
33-053-07960-0000,MALM 149-98-14-23-5H,NEWFIELD PRODUCTION COMPANY,Bakken,10158.0,2017-07-13,448.974365234,376.106262207,316.28338623,278.621856689,44.199090887379406,481.055541992,Mid
33-053-07961-0000,RAVINE 152-94-16A-21H,ENERPLUS RESOURCES USA CORPORATION,Bakken,7695.0,2017-11-05,310.09942627,207.782592773,141.770584106,135.345291138,40.29882082781026,481.055541992,Mid
33-053-07962-0000,CANYON 152-94-16A-21H-TF2,ENERPLUS RESOURCES USA CORPORATION,Bakken,9237.0,2017-11-05,290.3722229,228.350723267,204.233718872,189.494979858,31.43577166829057,481.055541992,Mid
33-053-07968-0000,OMLID 2-19H,"CONTINENTAL RESOURCES, INC.",Bakken,10898.0,2017-12-27,1182.133300781,778.541137695,581.130187988,444.210418701,108.47249961286474,481.055541992,Top
33-053-07976-0000,OTIS 28-33-32-29BHD,QEP ENERGY COMPANY,Bakken,10153.0,2017-09-05,402.166656494,342.779632568,296.60269165,246.309707642,39.61062311572934,481.055541992,Mid
33-053-07978-0000,OTIS 5-28-33BHD,QEP ENERGY COMPANY,Bakken,10274.0,2017-09-23,356.716674805,325.521697998,294.591003418,235.454101562,34.72033042680553,481.055541992,Mid
33-053-07980-0000,OTIS 6-28-33BHD,QEP ENERGY COMPANY,Bakken,9938.0,2017-09-08,445.645172119,383.744140625,288.485107422,216.806594849,44.8425409658885,481.055541992,Mid
33-053-07986-0000,CRANE 150-94-33C-28H,ENERPLUS RESOURCES USA CORPORATION,Bakken,9842.0,2017-09-29,338.561096191,297.296295166,237.095031738,193.681732178,34.39962367313554,481.055541992,Mid
33-053-07992-0000,BB-OLE ANDERSON- 151-95-3130H-9,"HESS BAKKEN INVESTMENTS II, LLC",Bakken,9647.0,2017-12-14,303.887084961,237.367660522,205.321426392,169.130599976,31.500682591582876,481.055541992,Mid
33-053-07994-0000,BW-HEDSTROM- 149-100-1201H-5,"HESS BAKKEN INVESTMENTS II, LLC",Bakken,9872.0,2017-12-21,181.86756897,169.932281494,151.77684021,108.142951965,18.42256573845219,481.055541992,Bottom
33-053-08022-0000,AN-LONE TREE- 152-95-1207H-3,"HESS BAKKEN INVESTMENTS II, LLC",Bakken,9125.0,2017-12-10,482.138885498,331.955688477,244.917510986,168.560623169,52.83713813676712,481.055541992,Mid
33-053-08060-0000,IAN QUICKSILVER 19-20-1H,SINCLAIR OIL & GAS COMPANY,Bakken,10001.0,2017-12-11,246.20475769,206.06552124,181.577819824,128.650024414,24.618013967603243,481.055541992,Mid
33-053-08070-0000,ANDERSON 152-96-9-4-4HLW,NEWFIELD PRODUCTION COMPANY,Bakken,11203.0,2017-11-17,1516.209472656,1192.091796875,919.862915039,671.692382812,135.33959409586717,481.055541992,Top
33-053-08071-0000,ANDERSON STATE 152-96-16-21-6HLW,NEWFIELD PRODUCTION COMPANY,Bakken,10206.0,2017-11-14,1262.110351562,959.349121094,716.298522949,503.357147217,123.6635657027239,481.055541992,Top
33-053-08108-0000,YELLOWSTONE 4HR,ABRAXAS PETROLEUM CORP.,Bakken,8899.0,2017-12-10,388.663452148,344.287445068,295.295227051,239.453887939,43.674958101809196,481.055541992,Mid
33-053-08153-0000,ANTELOPE 2-34-27H,"IRON OIL OPERATING, LLC",Bakken,10204.0,2017-12-11,733.677429199,616.672424316,451.212860107,351.556152344,71.90096326920815,481.055541992,Mid
33-053-07843-0000,SHEEP CREEK STORM 1-1V,"NORTH RANGE RESOURCES, LLC",Duperow,,2017-01-22,42.972221375,27.268518448,21.425437927,21.058401108,,42.972221375,Top
33-053-03730-0000,PANZER 2-20MLH,"SLAWSON EXPLORATION COMPANY, INC.",Middle Bakken / Three Forks Shale,4851.0,2015-04-03,748.728759766,681.633361816,464.997802734,378.007568359,154.34524010843126,540.666687012,Top
33-053-03731-0000,PANZER 4-20MLH,"SLAWSON EXPLORATION COMPANY, INC.",Middle Bakken / Three Forks Shale,4793.0,2015-04-04,540.666687012,272.471252441,305.983093262,263.650299072,112.80339808303776,540.666687012,Mid
33-053-05556-0000,HAY DRAW 21-33 SWD,"ENDURO OPERATING, LLC",Silurian,51.0,2014-04-20,2.0,,,,39.21568627450981,2.0,Top
33-053-03493-0000,LOVAAS 7-1-1UTFH,BURLINGTON RESOURCES OIL & GAS COMPANY LP,Three Forks,9650.0,2016-01-18,266.685302734,224.045700073,169.288085938,121.470863342,27.63578266673575,434.778198242,Mid
33-053-03729-0000,PANZER 1-20MLH,"SLAWSON EXPLORATION COMPANY, INC.",Three Forks,4756.0,2015-04-22,166.083328247,112.268768311,81.823760986,63.107307434,34.92080072476871,434.778198242,Bottom
33-053-03783-0000,MANDAN 150-94-32C-29H TF,ENERPLUS RESOURCES USA CORPORATION,Three Forks,9676.0,2015-02-13,348.498901367,281.75100708,225.065765381,150.32800293,36.01683561047953,434.778198242,Mid
33-053-03786-0000,ARIKARA 150-94-32D-29H TF,ENERPLUS RESOURCES USA CORPORATION,Three Forks,9614.0,2015-02-28,290.015960693,233.052627563,190.916290283,135.832672119,30.166003816621593,434.778198242,Mid
33-053-03852-0000,FORT BERTHOLD 152-93-9C-10-6H,"PETRO-HUNT, L.L.C.",Three Forks,9922.0,2014-05-16,144.323699951,70.29598999,45.411823273,40.163879395,14.54582744920379,434.778198242,Bottom
33-053-03967-0000,KIRKLAND 15E-23/14H,"HELIS OIL & GAS COMPANY, L.L.C.",Three Forks,9932.0,2014-10-09,1100.911132812,754.506164551,530.55670166,361.464385986,110.84485831776077,434.778198242,Top
33-053-04027-0000,TARPON FEDERAL 44-19-1RTF,WHITING OIL AND GAS CORPORATION,Three Forks,9700.0,2015-02-22,1221.400024414,739.706481934,490.296081543,324.77935791,125.91752829010309,434.778198242,Top
33-053-04028-0000,TARPON FEDERAL 44-19-2RTF,WHITING OIL AND GAS CORPORATION,Three Forks,9550.0,2015-02-23,922.92779541,785.276306152,514.30847168,313.63949585,96.64165396963351,434.778198242,Top
33-053-04035-0000,GUNDERSON 15-22 4TFH,"BRIGHAM OIL & GAS, L.P.",Three Forks,9454.0,2014-04-10,677.567749023,464.096282959,397.704101562,327.239868164,71.66995441326422,434.778198242,Mid
33-053-04066-0000,FORT BERTHOLD 151-94-26B-35-2H,"PETRO-HUNT, L.L.C.",Three Forks,9777.0,2014-04-28,1027.731079102,866.196044922,678.777648926,498.701904297,105.1172219599059,434.778198242,Top
33-053-04101-0000,ANTELOPE 1-23H2,"CONTINENTAL RESOURCES, INC.",Three Forks,9373.0,2014-11-27,456.064453125,378.747619629,383.802825928,502.247589111,48.657255214445755,434.778198242,Mid
33-053-04152-0000,JORE FEDERAL 2-11-1H,ABRAXAS PETROLEUM CORP.,Three Forks,6946.0,2014-05-18,212.416671753,166.576919556,137.219161987,106.518470764,30.581150554707747,434.778198242,Mid
33-053-04214-0000,ARNOLD 16X-12H,SM ENERGY COMPANY,Three Forks,10034.0,2014-04-08,434.778198242,402.715057373,294.821746826,208.293502808,43.330496137333064,434.778198242,Mid
33-053-04229-0000,PAUL 1-26/35H,"HELIS OIL & GAS COMPANY, L.L.C.",Three Forks,9674.0,2014-01-11,152.822219849,108.935707092,97.22151947,63.323631287,15.797211065639859,434.778198242,Bottom
33-053-04270-0000,BB-BUDAHN-150-95- 0506H-3,HESS CORPORATION,Three Forks,8730.0,2014-02-27,1375.541992188,916.903930664,671.39642334,457.349182129,157.56494755876287,434.778198242,Top
33-053-04272-0000,BB-BUDAHN-150-95- 0506H-2,HESS CORPORATION,Three Forks,9948.0,2014-02-20,1371.096801758,958.441223145,679.73614502,467.942657471,137.82637733795738,434.778198242,Top
33-053-04284-0000,RUBY 31-30HW,"WPX ENERGY WILLISTON, LLC",Three Forks,9516.0,2014-07-26,674.099975586,549.288879395,411.808044434,318.924926758,70.83858507629256,434.778198242,Mid
33-053-04311-0000,HONOR 150-94-06B-18H TF,ENERPLUS RESOURCES USA CORPORATION,Three Forks,14105.0,2014-06-07,1211.356323242,783.788879395,625.045654297,489.221130371,85.88134159815668,434.778198242,Top
33-053-04314-0000,ALBERT B. 27 34 4TFH,"BRIGHAM OIL & GAS, L.P.",Three Forks,9271.0,2014-06-25,43.723834991,29.844762802,24.235689163,19.100000381,4.716194044978966,434.778198242,Bottom
33-053-04361-0000,KOALA 2-2-11-15H3,KODIAK OIL & GAS (USA) INC.,Three Forks,9019.0,2014-06-17,341.346923828,307.718505859,269.226348877,212.186187744,37.84753562789666,434.778198242,Mid
33-053-04371-0000,BRYCE 41-5TFH,BURLINGTON RESOURCES OIL & GAS COMPANY LP,Three Forks,10497.0,2014-10-28,844.325805664,644.46295166,468.53604126,326.291320801,80.43496290978375,434.778198242,Mid
33-053-04378-0000,ROCHESTER 5-24H1,"CONTINENTAL RESOURCES, INC.",Three Forks,9472.0,2014-10-19,223.488891602,175.495635986,123.287399292,96.853302002,23.59468872487331,434.778198242,Mid
33-053-04434-0000,LIBERTY FEDERAL 13-36 36-31H TF1,LIBERTY RESOURCES LLC,Three Forks,8745.0,2014-01-29,66.12575531,62.442962646,52.820430756,35.948310852,7.561550064036593,434.778198242,Bottom
33-053-04453-0000,MARGARET 5-8 #5TFH,"BRIGHAM OIL & GAS, L.P.",Three Forks,10150.0,2014-06-18,308.948883057,231.441268921,170.244445801,123.918907166,30.438313601674874,434.778198242,Mid
33-053-04469-0000,STATE 154-94-31C-32-2H,"PETRO-HUNT, L.L.C.",Three Forks,9158.0,2016-01-13,196.521499634,163.916152954,143.701751709,133.807006836,21.458997557763706,434.778198242,Bottom
33-053-04475-0000,WISNESS 152-96-33C-28-5H,"PETRO-HUNT, L.L.C.",Three Forks,9606.0,2014-01-10,782.119018555,659.192993164,519.004699707,364.169250488,81.41984369716845,434.778198242,Mid
33-053-04490-0000,BEAVER CREEK 149-94-31D-30H TF,ENERPLUS RESOURCES USA CORPORATION,Three Forks,9325.0,2017-10-31,1173.099975586,1029.805053711,831.240844727,628.814453125,125.80160596096516,434.778198242,Top
33-053-04505-0000,KOALA  16-32-29-1H3,KODIAK OIL & GAS (USA) INC.,Three Forks,9169.0,2014-06-12,639.23223877,476.231811523,365.640655518,244.031906128,69.71667998364052,434.778198242,Mid
33-053-04535-0000,FORT BERTHOLD 152-93-7D-6-4H,"PETRO-HUNT, L.L.C.",Three Forks,10904.0,2014-03-08,817.557556152,309.783874512,230.293884277,222.712112427,74.9777656045488,434.778198242,Mid
33-053-04586-0000,GARMANN 19-18 2TFH,"BRIGHAM OIL & GAS, L.P.",Three Forks,9923.0,2014-06-21,422.697845459,320.953399658,324.917053223,295.740264893,42.59778750972488,434.778198242,Mid
33-053-04595-0000,BB-BUDAHN 150-95-0506H-5,HESS CORPORATION,Three Forks,9470.0,2014-03-13,247.810180664,184.175308228,139.955612183,115.176681519,26.167917704751847,434.778198242,Mid
33-053-04601-0000,BRODERSON  30-31 4TFH,"BRIGHAM OIL & GAS, L.P.",Three Forks,10094.0,2014-02-07,258.641571045,129.41734314,92.889907837,65.817657471,25.623298102338023,434.778198242,Mid
33-053-04602-0000,GARMANN 19-18 4TFH,"BRIGHAM OIL & GAS, L.P.",Three Forks,9590.0,2014-02-01,313.951599121,195.630554199,147.61781311,128.720184326,32.7373930261731,434.778198242,Mid
33-053-04607-0000,LUCILLE 1X-27H,SM ENERGY COMPANY,Three Forks,10055.0,2014-02-05,181.61289978,150.729095459,116.825920105,94.722206116,18.061949257086027,434.778198242,Bottom
33-053-04622-0000,DURHAM 5-2H,"CONTINENTAL RESOURCES, INC.",Three Forks,9572.0,2014-02-21,600.25402832,486.748138428,392.433044434,331.259918213,62.7093635938153,434.778198242,Mid
33-053-04633-0000,NORFOLK 5-1H,"CONTINENTAL RESOURCES, INC.",Three Forks,9494.0,2014-06-17,174.500762939,76.171028137,55.171646118,54.585235596,18.380109852433115,434.778198242,Bottom
33-053-04641-0000,KOESER 4X-26H,SM ENERGY COMPANY,Three Forks,9982.0,2014-02-04,175.30645752,140.813919067,112.200149536,90.12462616,17.562257816068925,434.778198242,Bottom
33-053-04650-0000,CLEAR CREEK 152-96-34B-6H,"PETRO-HUNT, L.L.C.",Three Forks,3991.0,2014-06-28,733.974182129,484.655548096,346.971008301,236.386123657,183.90733704059133,434.778198242,Mid
33-053-04656-0000,GREENSTEIN 30-31 3TFH,"BRIGHAM OIL & GAS, L.P.",Three Forks,9619.0,2014-01-08,77.668182373,56.664096832,32.850730896,20.618675232,8.074454971722632,434.778198242,Bottom
33-053-04716-0000,BOBCAT 150-94-04A-09H TF,ENERPLUS RESOURCES USA CORPORATION,Three Forks,10016.0,2014-01-17,977.461914062,706.294067383,532.786437988,382.465026855,97.59004733047125,434.778198242,Top
33-053-04726-0000,ROLLEFSTAD FEDERAL 7-3H-1,"CONTINENTAL RESOURCES, INC.",Three Forks,10002.0,2014-02-22,176.153701782,78.594924927,46.492771149,24.963573456,17.611847808638274,434.778198242,Bottom
33-053-04727-0000,ROLLEFSTAD FEDERAL 8-3H-3,"CONTINENTAL RESOURCES, INC.",Three Forks,9830.0,2014-02-18,137.693939209,55.722221375,147.624435425,142.815658569,14.007521791353001,434.778198242,Bottom
33-053-04729-0000,ROLLEFSTAD FEDERAL 10-3H-2,"CONTINENTAL RESOURCES, INC.",Three Forks,9879.0,2014-02-24,676.388916016,339.806518555,233.709594727,170.96484375,68.46734649417958,434.778198242,Mid
33-053-04730-0000,WAHPETON 14-16H2,"CONTINENTAL RESOURCES, INC.",Three Forks,9443.0,2014-02-28,26.963619232,20.591188431,18.308292389,15.880547523,2.8554081575770414,434.778198242,Bottom
33-053-04732-0000,WAHPETON 12-16H3,"CONTINENTAL RESOURCES, INC.",Three Forks,9467.0,2014-05-15,21.306322098,12.190102577,9.72783947,9.840334892,2.250588581176719,434.778198242,Bottom
33-053-04733-0000,WAHPETON 11-16H1,"CONTINENTAL RESOURCES, INC.",Three Forks,9509.0,2014-05-17,264.063446045,227.330825806,171.988693237,118.560050964,27.76984394205489,434.778198242,Mid
33-053-04734-0000,WAHPETON 10-16H2,"CONTINENTAL RESOURCES, INC.",Three Forks,9308.0,2014-05-24,47.801235199,18.704086304,16.200147629,17.81627655,5.1355001288139235,434.778198242,Bottom
33-053-04736-0000,WAHPETON 8-16H1,"CONTINENTAL RESOURCES, INC.",Three Forks,9586.0,2014-05-24,574.588195801,373.254455566,258.200622559,169.185501099,59.940350073127476,434.778198242,Mid
33-053-04737-0000,ROLLEFSTAD FEDERAL 14-3H-2,"CONTINENTAL RESOURCES, INC.",Three Forks,10353.0,2014-01-31,133.909255981,93.882843018,66.34135437,44.424495697,12.934343280305226,434.778198242,Bottom
33-053-04739-0000,ROLLEFSTAD FEDERAL 12-3H-3,"CONTINENTAL RESOURCES, INC.",Three Forks,10072.0,2014-02-05,171.384719849,74.71295929,43.943954468,27.061319351,17.015957093824465,434.778198242,Bottom
33-053-04740-0000,ROLLEFSTAD FEDERAL 11-3H-1,"CONTINENTAL RESOURCES, INC.",Three Forks,10644.0,2014-02-22,690.966674805,491.465240479,431.037750244,385.058227539,64.91607241685456,434.778198242,Mid
33-053-04744-0000,WAHPETON 2-16H2,"CONTINENTAL RESOURCES, INC.",Three Forks,9438.0,2014-06-09,382.366668701,277.489257812,207.248336792,153.821212769,40.51352709271031,434.778198242,Mid
33-053-04746-0000,WAHPETON 4-16H1,"CONTINENTAL RESOURCES, INC.",Three Forks,9555.0,2014-06-23,187.666671753,161.699996948,147.18850708,114.808486938,19.640677315855573,434.778198242,Bottom
33-053-04747-0000,WAHPETON 5-16H2,"CONTINENTAL RESOURCES, INC.",Three Forks,9387.0,2014-05-29,44.138656616,26.561750412,25.797952652,20.057077408,4.702104678385,434.778198242,Bottom
33-053-04749-0000,WAHPETON 7-16H3,"CONTINENTAL RESOURCES, INC.",Three Forks,9346.0,2014-05-28,162.095703125,67.015556335,53.851169586,41.121341705,17.34385866948427,434.778198242,Bottom
33-053-04787-0000,BANJO 149-94-02B-01H TF,ENERPLUS RESOURCES USA CORPORATION,Three Forks,9126.0,2015-11-18,194.465057373,167.83001709,135.807235718,98.841285706,21.3089039418146,434.778198242,Bottom
33-053-04805-0000,LAWLAR 2-5-8TH,QEP ENERGY COMPANY,Three Forks,9949.0,2014-03-31,127.019447327,117.289581299,82.661231995,64.376106262,12.767056721982108,434.778198242,Bottom
33-053-04807-0000,LAWLAR 3-5-8TH,QEP ENERGY COMPANY,Three Forks,9687.0,2014-04-04,151.518997192,116.104896545,101.675666809,82.098922729,15.64147797997316,434.778198242,Bottom
33-053-04823-0000,SAND CREEK STATE 153-96-16-10H,NEWFIELD PRODUCTION COMPANY,Three Forks,4694.0,2015-01-09,197.581939697,117.919380188,104.674911499,83.23274231,42.09244561077972,434.778198242,Bottom
33-053-04825-0000,MARTELL 36-25HTF2,"ZENERGY, INC",Three Forks,9533.0,2014-02-15,207.74848938,143.750747681,119.410499573,103.422111511,21.792561562991715,434.778198242,Bottom
33-053-04830-0000,EDNA 11-2 4TFH,"BRIGHAM OIL & GAS, L.P.",Three Forks,10088.0,2014-06-07,103.849998474,56.583396912,35.838794708,23.660531998,10.294409047779542,434.778198242,Bottom
33-053-04832-0000,EDNA 11-2 5TFH,"BRIGHAM OIL & GAS, L.P.",Three Forks,10091.0,2014-05-30,111.387779236,49.068698883,29.205774307,22.515617371,11.038329128530375,434.778198242,Bottom
33-053-04834-0000,BILL 14-23 5TFH,"BRIGHAM OIL & GAS, L.P.",Three Forks,9220.0,2014-05-14,51.133537292,17.304815292,8.731826782,4.513059139,5.54593679956616,434.778198242,Bottom
33-053-04837-0000,BJARNE 2-29H,"CONTINENTAL RESOURCES, INC.",Three Forks,9439.0,2014-10-31,85.307998657,69.587814331,55.533508301,45.979270935,9.037821660875093,434.778198242,Bottom
33-053-04853-0000,TALLAHASSEE 3-16H,"CONTINENTAL RESOURCES, INC.",Three Forks,7604.0,2014-04-21,39.993011475,24.554540634,26.138238907,18.606391907,5.259470209758023,434.778198242,Bottom
33-053-04855-0000,COLUMBUS FEDERAL 2-16H,"CONTINENTAL RESOURCES, INC.",Three Forks,12625.0,2014-04-25,277.502227783,199.215332031,172.331069946,143.381271362,21.98037447786139,434.778198242,Mid
33-053-04860-0000,MORSETTE 35-26HZ,"WPX ENERGY WILLISTON, LLC",Three Forks,9414.0,2014-09-09,167.479385376,144.54385376,113.704742432,85.952056885,17.79045946207776,434.778198242,Bottom
33-053-04862-0000,MORSETTE 35-26HX,"WPX ENERGY WILLISTON, LLC",Three Forks,9585.0,2014-09-07,130.823303223,127.632377625,112.950653076,80.38923645,13.648753596557121,434.778198242,Bottom
33-053-04867-0000,PATTERSON FEDERAL 3-13H,"CONTINENTAL RESOURCES, INC.",Three Forks,9255.0,2014-04-24,109.069892883,93.928741455,76.844825745,62.746856689,11.784969517341976,434.778198242,Bottom
33-053-04872-0000,MERTON 21-15TFH 3NH,BURLINGTON RESOURCES OIL & GAS COMPANY LP,Three Forks,11077.0,2016-08-08,1260.470336914,673.782775879,499.2421875,334.025268555,113.791670751467,434.778198242,Top
33-053-04873-0000,JEROME 21-15TFH 3SH,BURLINGTON RESOURCES OIL & GAS COMPANY LP,Three Forks,9105.0,2016-08-28,795.575561523,650.68927002,625.245483398,592.591125488,87.37787605963756,434.778198242,Mid
33-053-04886-0000,MABEL FEDERAL 5201 41-12T,OASIS PETROLEUM NORTH AMERICA LLC,Three Forks,9501.0,2014-11-09,1030.17956543,710.169067383,546.334838867,386.096954346,108.42854072518682,434.778198242,Top
33-053-04894-0000,BULLY FEDERAL 44X-20E,XTO ENERGY INC,Three Forks,9171.0,2014-03-22,738.171630859,383.423370361,409.694519043,324.449310303,80.48976456864028,434.778198242,Mid
33-053-04896-0000,BULLY FEDERAL 44X-20F,XTO ENERGY INC,Three Forks,9926.0,2014-03-26,574.970947266,430.677062988,381.047607422,256.106842041,57.92574524138626,434.778198242,Mid
33-053-04925-0000,SMOKEY 4-15-22-13H3,KODIAK OIL & GAS (USA) INC.,Three Forks,8772.0,2015-05-26,567.222229004,360.668518066,254.360031128,178.531326294,64.66281680392157,434.778198242,Mid
33-053-04930-0000,LOOMER 41X-3F,XTO ENERGY INC,Three Forks,10199.0,2014-07-19,493.978881836,413.832855225,342.421447754,243.619888306,48.43405057711541,434.778198242,Mid
33-053-04932-0000,LOOMER 41X-3G,XTO ENERGY INC,Three Forks,9545.0,2014-06-25,75.234924316,72.91078186,57.505905151,41.536354065,7.882129315453117,434.778198242,Bottom
33-053-04943-0000,ROLFSRUD STATE 14X-36E,XTO ENERGY INC,Three Forks,9742.0,2014-02-19,214.953338623,159.138946533,114.406463623,83.859054565,22.064600556661876,434.778198242,Mid
33-053-04944-0000,ROLFSRUD STATE 14X-36F,XTO ENERGY INC,Three Forks,10585.0,2014-03-25,214.918655396,203.927597046,166.763305664,124.879905701,20.30407703316013,434.778198242,Mid
33-053-04947-0000,ALICE 44X-34H,XTO ENERGY INC,Three Forks,9046.0,2014-02-19,385.301849365,245.065765381,179.282363892,115.854057312,42.59361589265974,434.778198242,Mid
33-053-04948-0000,ALICE 44X-34G,XTO ENERGY INC,Three Forks,8870.0,2014-01-30,560.313354492,454.46987915,355.976135254,232.78465271,63.16948754137543,434.778198242,Mid
33-053-04959-0000,JOHNSON 2-4-9TH,QEP ENERGY COMPANY,Three Forks,9921.0,2014-06-17,233.589675903,152.155410767,107.900238037,83.563011169,23.544972876020562,434.778198242,Mid
33-053-04962-0000,JOHNSON 4-9-3-10LL,QEP ENERGY COMPANY,Three Forks,9866.0,2014-06-23,211.920974731,189.519226074,171.850906372,119.302101135,21.47992851520373,434.778198242,Mid
33-053-04970-0000,FORT BERTHOLD 152-94-11B-14-6H,"G3 OPERATING, LLC",Three Forks,10243.0,2014-03-06,1184.516113281,755.635070801,601.38684082,449.842926025,115.64152233535096,434.778198242,Top
33-053-04971-0000,FORT BERTHOLD 152-94-11B-14-7H,"G3 OPERATING, LLC",Three Forks,10348.0,2014-03-08,1212.889648438,743.993347168,582.007019043,409.528778076,117.2100549321608,434.778198242,Top
33-053-04974-0000,MARLENE 42X-20G,XTO ENERGY INC,Three Forks,9314.0,2014-01-07,265.318634033,217.824966431,171.207000732,114.755073547,28.486003224500752,434.778198242,Mid
33-053-04976-0000,MARLENE 42X-20H,XTO ENERGY INC,Three Forks,9850.0,2014-01-11,1496.776367188,1034.727783203,826.304138184,575.4609375,151.95699159269037,434.778198242,Top
33-053-04983-0000,JADE 5200 21-28T,OASIS PETROLEUM NORTH AMERICA LLC,Three Forks,9178.0,2014-01-09,990.316650391,540.829040527,387.590270996,237.885818481,107.90113863488777,434.778198242,Top
33-053-04986-0000,LOOMER 41X-4H,XTO ENERGY INC,Three Forks,10176.0,2014-03-07,92.85269165,70.683738708,51.954872131,35.581604004,9.124674886988993,434.778198242,Bottom
33-053-04988-0000,LOOMER 41X-4G,XTO ENERGY INC,Three Forks,9565.0,2014-04-02,110.430107117,84.523277283,58.339042664,43.251644135,11.545228135598537,434.778198242,Bottom
33-053-05001-0000,BILL 14-23 4TFH,STATOIL OIL & GAS LP,Three Forks,9153.0,2014-05-22,284.666656494,160.231109619,117.388511658,87.414848328,31.100912978695508,434.778198242,Mid
33-053-05013-0000,WASHBURN 41-36TFH,BURLINGTON RESOURCES OIL & GAS COMPANY LP,Three Forks,9259.0,2014-01-22,337.683868408,255.708236694,226.473968506,199.605804443,36.47087897267524,434.778198242,Mid
33-053-05015-0000,WASHBURN 42-36TFH,BURLINGTON RESOURCES OIL & GAS COMPANY LP,Three Forks,9288.0,2014-01-19,162.765411377,85.424789429,69.944747925,64.717903137,17.524269097437553,434.778198242,Bottom
33-053-05016-0000,SUNLINE 31-1TFH-7SH,BURLINGTON RESOURCES OIL & GAS COMPANY LP,Three Forks,10306.0,2014-01-17,652.838684082,599.012573242,461.107116699,330.185394287,63.34549622375316,434.778198242,Mid
33-053-05017-0000,RISING SUN 31-1TFH-7NH,BURLINGTON RESOURCES OIL & GAS COMPANY LP,Three Forks,10112.0,2014-05-21,128.896591187,56.891059875,42.87171936,51.471408844,12.746893906942248,434.778198242,Bottom
33-053-05019-0000,SUNLINE 31-1TFH-6SH,BURLINGTON RESOURCES OIL & GAS COMPANY LP,Three Forks,9682.0,2014-01-23,730.741943359,680.329650879,507.458892822,332.061340332,75.47427632297045,434.778198242,Mid
33-053-05036-0000,MARGARET 5-8 #3TFH-R,STATOIL OIL & GAS LP,Three Forks,10066.0,2014-06-21,288.259124756,190.408737183,160.774993896,137.759963989,28.63690887701172,434.778198242,Mid
33-053-05051-0000,KOALA WOLD 153-97-1-5-8-15H3,KODIAK OIL & GAS (USA) INC.,Three Forks,8964.0,2014-02-28,512.466674805,332.97366333,244.215530396,184.172958374,57.16941932228916,434.778198242,Mid
33-053-05052-0000,KOALA WOLD 153-97-1-5-29-1H3,KODIAK OIL & GAS (USA) INC.,Three Forks,9774.0,2014-03-04,570.117797852,372.600006104,261.232513428,179.916030884,58.330038658890935,434.778198242,Mid
33-053-05066-0000,AKRON 6-34H1,"CONTINENTAL RESOURCES, INC.",Three Forks,9750.0,2014-03-19,178.538894653,144.095428467,109.515830994,102.616043091,18.311681502871796,434.778198242,Bottom
33-053-05067-0000,AKRON 5-34H1,"CONTINENTAL RESOURCES, INC.",Three Forks,9622.0,2014-03-17,702.116638184,550.244445801,438.11050415,336.400909424,72.9699270613178,434.778198242,Mid
33-053-05070-0000,RISING SUN 21-1TFH-4NH,BURLINGTON RESOURCES OIL & GAS COMPANY LP,Three Forks,9577.0,2014-05-28,427.397766113,352.688903809,473.406982422,352.357849121,44.627520738540255,434.778198242,Mid
33-053-05071-0000,SUNLINE 21-1TFH-4SH,BURLINGTON RESOURCES OIL & GAS COMPANY LP,Three Forks,9332.0,2014-06-07,118.895523071,52.309631348,51.124542236,54.081096649,12.740626132768966,434.778198242,Bottom
33-053-05072-0000,DUKE 34X-31F,XTO ENERGY INC,Three Forks,9218.0,2014-04-05,150.33102417,116.047966003,84.041725159,62.47808075,16.308420934042093,434.778198242,Bottom
33-053-05074-0000,DUKE 34X-31E,XTO ENERGY INC,Three Forks,9737.0,2014-03-24,151.081893921,135.922286987,99.647148132,70.260070801,15.51626721998562,434.778198242,Bottom
33-053-05080-0000,SKARSTON 1-12 #2TFH,STATOIL OIL & GAS LP,Three Forks,11073.0,2016-04-19,335.845062256,144.201248169,79.926864624,72.116653442,30.330087804208436,434.778198242,Mid
33-053-05081-0000,SKARSTON 1-12 #3TFH,STATOIL OIL & GAS LP,Three Forks,11028.0,2016-04-19,961.06451416,662.073486328,533.684936523,377.702270508,87.14767085237577,434.778198242,Top
33-053-05085-0000,SKARSTON 1-12 #6TFH,STATOIL OIL & GAS LP,Three Forks,10833.0,2016-03-16,1139.450561523,951.52557373,726.506958008,519.982177734,105.18328824176129,434.778198242,Top
33-053-05089-0000,HOLM 150-98-5-8-10H,NEWFIELD PRODUCTION COMPANY,Three Forks,9530.0,2014-03-11,496.783325195,348.794799805,255.289855957,177.223953247,52.12836570776496,434.778198242,Mid
33-053-05091-0000,HA-THOMPSON 152-95-2017H-5,HESS CORPORATION,Three Forks,9390.0,2014-10-20,1082.699951172,702.803955078,509.305023193,340.050933838,115.3035091769968,434.778198242,Top
33-053-05093-0000,HA-THOMPSON 152-95-2017H-3,HESS CORPORATION,Three Forks,9372.0,2014-10-10,1390.286621094,924.014831543,640.022766113,420.870483398,148.34470989052497,434.778198242,Top
33-053-05095-0000,POGO 2-28-33TH,QEP ENERGY COMPANY,Three Forks,10332.0,2014-03-24,884.326660156,849.667907715,682.786010742,473.729064941,85.59104337553232,434.778198242,Top
33-053-05100-0000,BLUE RIDGE 34-31TFH,BURLINGTON RESOURCES OIL & GAS COMPANY LP,Three Forks,9501.0,2014-01-19,179.114257812,109.793609619,148.368087769,146.60786438,18.852147964635304,434.778198242,Bottom
33-053-05102-0000,BLUE RIDGE 24-31TFH,BURLINGTON RESOURCES OIL & GAS COMPANY LP,Three Forks,8036.0,2014-01-18,183.540924072,100.019477844,123.194725037,92.431358337,22.83983624589348,434.778198242,Bottom
33-053-05104-0000,BLUE RIDGE 44-31TFH,BURLINGTON RESOURCES OIL & GAS COMPANY LP,Three Forks,9471.0,2014-01-19,117.992912292,73.689323425,70.140869141,53.166210175,12.458337270826734,434.778198242,Bottom
33-053-05115-0000,PONCHO 1-3-10TH,QEP ENERGY COMPANY,Three Forks,9833.0,2014-04-26,694.8828125,448.080963135,341.644287109,237.059738159,70.66844426929727,434.778198242,Mid
33-053-05117-0000,PONCHO 2-3-10TH,QEP ENERGY COMPANY,Three Forks,9972.0,2014-04-22,702.247314453,468.556396484,330.925933838,223.966842651,70.4219128011432,434.778198242,Mid
33-053-05120-0000,ARCHER 44-25TFH,BURLINGTON RESOURCES OIL & GAS COMPANY LP,Three Forks,9107.0,2014-01-30,29.933332443,35.312961578,31.250537872,24.919048309,3.2868488462720986,434.778198242,Bottom
33-053-05122-0000,ARCHER 34-25TFH,BURLINGTON RESOURCES OIL & GAS COMPANY LP,Three Forks,9519.0,2014-02-02,637.967712402,527.755554199,371.663024902,236.130599976,67.02045513205168,434.778198242,Mid
33-053-05127-0000,KELTER FEDERAL 7-1HTF3,"ZENERGY, INC",Three Forks,9310.0,2014-03-10,402.244445801,234.18963623,177.999359131,118.835350037,43.20563327615467,434.778198242,Mid
33-053-05129-0000,KELTER FEDERAL 7-6HTF2,"ZENERGY, INC",Three Forks,8622.0,2014-03-03,253.644439697,208.629501343,165.256256104,134.680511475,29.418283425771282,434.778198242,Mid
33-053-05130-0000,KELTER FEDERAL 7-6HTF,"ZENERGY, INC",Three Forks,8156.0,2014-03-03,198.012283325,134.918014526,114.597259521,93.191604614,24.2781122271947,434.778198242,Bottom
33-053-05133-0000,ARCHER 24-25TFH,BURLINGTON RESOURCES OIL & GAS COMPANY LP,Three Forks,9472.0,2014-02-13,738.653320312,666.059753418,567.161987305,409.219177246,77.98282520185812,434.778198242,Mid
33-053-05136-0000,HA-CHAPIN 152-95-3229H-5,HESS CORPORATION,Three Forks,9717.0,2014-04-28,1007.478515625,642.831176758,456.654785156,297.416625977,103.68205368169187,434.778198242,Top
33-053-05138-0000,HA-CHAPIN 152-95-3229H-3,HESS CORPORATION,Three Forks,9163.0,2014-04-16,210.487640381,146.469177246,136.813186646,89.794273376,22.971476632216522,434.778198242,Mid
33-053-05146-0000,PATTERSON FEDERAL 4-13H1,"CONTINENTAL RESOURCES, INC.",Three Forks,10511.0,2015-11-06,514.085998535,403.593322754,397.879455566,318.851776123,48.90933294025307,434.778198242,Mid
33-053-05148-0000,KUHN FEDERAL  4-12H1,"CONTINENTAL RESOURCES, INC.",Three Forks,10488.0,2015-10-28,172.51612854,109.749938965,89.562240601,66.60786438,16.44890622997712,434.778198242,Bottom
33-053-05150-0000,CAPITOL 14-7TFH,BURLINGTON RESOURCES OIL & GAS COMPANY LP,Three Forks,10488.0,2014-05-21,747.966674805,606.167785645,447.158905029,316.209381104,71.31642589673913,434.778198242,Mid
33-053-05152-0000,CAPITOL 24-7TFH,BURLINGTON RESOURCES OIL & GAS COMPANY LP,Three Forks,10508.0,2014-05-04,182.198150635,121.221511841,91.634460449,66.443244934,17.338994160163686,434.778198242,Bottom
33-053-05156-0000,ZORRO 27-34-26-35LL,QEP ENERGY COMPANY,Three Forks,9814.0,2014-01-08,189.438659668,132.087036133,90.806396484,65.092147827,19.302899905033627,434.778198242,Bottom
33-053-05161-0000,BIG BEND 11-2TFH,BURLINGTON RESOURCES OIL & GAS COMPANY LP,Three Forks,9578.0,2014-07-31,43.169891357,33.864368439,28.124982834,23.342191696,4.507192666214241,434.778198242,Bottom
33-053-05164-0000,BIG BEND 41-2TFH,BURLINGTON RESOURCES OIL & GAS COMPANY LP,Three Forks,9524.0,2014-05-31,468.138885498,443.436553955,392.532714844,268.392242432,49.1535999052919,434.778198242,Mid
33-053-05166-0000,BIG BEND 21-2TFH,BURLINGTON RESOURCES OIL & GAS COMPANY LP,Three Forks,9525.0,2014-06-06,151.842468262,104.624443054,100.028015137,67.759048462,15.941466484199475,434.778198242,Bottom
33-053-05171-0000,LEFTY 5200 14-30 #2T,OASIS PETROLEUM NORTH AMERICA LLC,Three Forks,10425.0,2014-04-03,63.141025543,41.067035675,25.057504654,23.627706528,6.056693097649879,434.778198242,Bottom
33-053-05172-0000,LOOMER 24X-34E,XTO ENERGY INC,Three Forks,10091.0,2014-08-21,431.533325195,293.957763672,215.403289795,173.667419434,42.76417849519374,434.778198242,Mid
33-053-05173-0000,RITA 24X-34E,XTO ENERGY INC,Three Forks,9230.0,2014-07-30,506.848724365,516.10534668,429.163024902,270.158752441,54.91318790520043,434.778198242,Mid
33-053-05177-0000,DORIS 1X-13H,SM ENERGY COMPANY,Three Forks,10057.0,2014-01-19,530.186889648,414.109680176,281.406097412,198.434555054,52.71819525186437,434.778198242,Mid
33-053-05179-0000,TAT 2-35-26TH,QEP ENERGY COMPANY,Three Forks,9943.0,2014-04-12,160.162139893,97.005493164,64.450889587,46.287807465,16.108029758925877,434.778198242,Bottom
33-053-05185-0000,JOHNSTON 7-6 #5TFH,STATOIL OIL & GAS LP,Three Forks,10893.0,2014-11-25,134.974441528,131.366790771,138.747024536,143.30027771,12.390933767373541,434.778198242,Bottom
33-053-05187-0000,JOHNSTON 7-6 #3TFH,STATOIL OIL & GAS LP,Three Forks,11289.0,2014-11-17,221.780990601,155.958511353,134.375793457,106.576774597,19.645760528036142,434.778198242,Mid
33-053-05190-0000,CRATER LAKE 41-14TFH,BURLINGTON RESOURCES OIL & GAS COMPANY LP,Three Forks,9554.0,2014-03-23,946.337646484,727.022216797,504.164398193,349.44519043,99.0514597534017,434.778198242,Top
33-053-05193-0000,SC-4WX- 153-98-3130H-2,HESS CORPORATION,Three Forks,10093.0,2014-05-13,493.924987793,300.851837158,221.756347656,156.222381592,48.93738113474686,434.778198242,Mid
33-053-05200-0000,MONTPELIER 3-14H1,"CONTINENTAL RESOURCES, INC.",Three Forks,9235.0,2014-05-25,63.03225708,44.786804199,34.984443665,30.733127594,6.825366224147266,434.778198242,Bottom
33-053-05206-0000,SHERVEN TRUST 153-95-27B-2H,"PETRO-HUNT, L.L.C.",Three Forks,6320.0,2014-01-29,244.708724976,198.258392334,117.28036499,92.637825012,38.71973496455696,434.778198242,Mid
33-053-05208-0000,USA 153-95-22C-15-3H,"PETRO-HUNT, L.L.C.",Three Forks,9645.0,2014-01-16,199.897216797,171.245376587,138.899932861,128.511932373,20.725476080559876,434.778198242,Bottom
33-053-05209-0000,EXCALIBUR 2-25-36H,"EMERALD OIL, INC",Three Forks,9529.0,2014-04-08,112.037994385,66.468521118,53.327793121,39.322982788,11.757581528491972,434.778198242,Bottom
33-053-05211-0000,HARLEY 41-2TFH,BURLINGTON RESOURCES OIL & GAS COMPANY LP,Three Forks,8293.0,2015-06-15,450.119354248,306.265075684,253.237045288,201.002914429,54.277023302544315,434.778198242,Mid
33-053-05213-0000,HARLEY 31-2TFH,BURLINGTON RESOURCES OIL & GAS COMPANY LP,Three Forks,8334.0,2015-06-19,222.756347656,167.609130859,138.431335449,82.539123535,26.728623428845694,434.778198242,Mid
33-053-05216-0000,WILSON FEDERAL 1X-20H,SM ENERGY COMPANY,Three Forks,9740.0,2014-02-24,192.461105347,162.746292114,139.171142578,107.360733032,19.759867078747433,434.778198242,Bottom
33-053-05222-0000,KOALA 16-32-29-2H3,KODIAK OIL & GAS (USA) INC.,Three Forks,9205.0,2014-06-09,559.51184082,428.811096191,314.018981934,241.856338501,60.78346994242259,434.778198242,Mid
33-053-05233-0000,CAPER 3-15-22H,"EMERALD OIL, INC",Three Forks,9948.0,2014-03-09,526.734741211,358.994232178,282.014678955,200.343795776,52.94880792229594,434.778198242,Mid
33-053-05235-0000,VAN HISE TRUST  153-95-28D-21-4H,"PETRO-HUNT, L.L.C.",Three Forks,9522.0,2014-09-28,226.062179565,170.33972168,119.294624329,111.614250183,23.741039651858852,434.778198242,Mid
33-053-05237-0000,VAN HISE TRUST  153-95-28D-21-6H,"PETRO-HUNT, L.L.C.",Three Forks,9305.0,2014-09-20,297.126281738,235.789001465,165.381942749,135.59147644,31.93189486706072,434.778198242,Mid
33-053-05243-0000,VEEDER 2-27-34TH,QEP ENERGY COMPANY,Three Forks,9905.0,2014-06-05,173.200714111,122.09740448,80.905426025,54.629039764,17.48619021817264,434.778198242,Bottom
33-053-05245-0000,VEEDER 3-27-34TH,QEP ENERGY COMPANY,Three Forks,9997.0,2014-06-01,203.56111145,129.823577881,92.30821991,68.161468506,20.362219810943284,434.778198242,Bottom
33-053-05248-0000,POGO 28-33-27-34LL,QEP ENERGY COMPANY,Three Forks,9718.0,2014-03-22,812.966674805,663.582214355,534.490966797,365.808227539,83.6557599099609,434.778198242,Mid
33-053-05252-0000,RINK 13X-4E,XTO ENERGY INC,Three Forks,9874.0,2014-04-19,224.022399902,182.89074707,154.205215454,112.640556335,22.688110178448447,434.778198242,Mid
33-053-05254-0000,RINK 13X-4F,XTO ENERGY INC,Three Forks,9594.0,2014-04-25,633.044067383,479.362976074,356.228515625,261.377349854,65.98332993360434,434.778198242,Mid
33-053-05256-0000,LORAINE FEDERAL 1X-20H,SM ENERGY COMPANY,Three Forks,9377.0,2014-02-24,185.611114502,167.491104126,135.932495117,112.081588745,19.79429609704596,434.778198242,Bottom
33-053-05259-0000,ARCHER 14-25TFH,BURLINGTON RESOURCES OIL & GAS COMPANY LP,Three Forks,9825.0,2014-02-09,161.725799561,131.09677124,133.369262695,104.640625,16.460641176692114,434.778198242,Bottom
33-053-05268-0000,JAMESTOWN FEDERAL 4-17H1,"CONTINENTAL RESOURCES, INC.",Three Forks,9704.0,2015-05-23,134.011108398,110.38028717,95.631996155,74.481033325,13.809883388087385,434.778198242,Bottom
33-053-05270-0000,BRODERSON 31X-27G,XTO ENERGY INC,Three Forks,10128.0,2014-07-08,214.484863281,181.592407227,146.250793457,100.21987915,21.17741541084123,434.778198242,Mid
33-053-05272-0000,BRODERSON  31X-27H,XTO ENERGY INC,Three Forks,9934.0,2014-06-21,808.660339355,566.342224121,432.371643066,324.436309814,81.40329568703443,434.778198242,Mid
33-053-05277-0000,WISNESS STATE 152-96-21-16-10H,NEWFIELD PRODUCTION COMPANY,Three Forks,8911.0,2014-02-18,118.259857178,91.78691864,76.742599487,49.909324646,13.271221768376165,434.778198242,Bottom
33-053-05279-0000,WISNESS STATE 152-96-21-16-11H,NEWFIELD PRODUCTION COMPANY,Three Forks,8742.0,2014-02-22,161.944625854,126.532020569,111.525337219,84.431640625,18.52489428666209,434.778198242,Bottom
33-053-05280-0000,ROLFSRUD STATE  152-96-21-16-12H,NEWFIELD PRODUCTION COMPANY,Three Forks,9032.0,2014-02-27,561.376342773,440.112915039,339.440032959,246.721923828,62.15415664005758,434.778198242,Mid
33-053-05283-0000,ROCHESTER FEDERAL 7-24H1,"CONTINENTAL RESOURCES, INC.",Three Forks,9435.0,2014-10-27,775.480651855,575.955932617,464.223052979,364.230407715,82.19190798675146,434.778198242,Mid
33-053-05287-0000,WAHUS STATE 152-97-12-1-11H,NEWFIELD PRODUCTION COMPANY,Three Forks,10506.0,2014-04-30,540.709655762,443.255187988,337.581451416,237.632873535,51.46674812126404,434.778198242,Mid
33-053-05291-0000,TAT 3-33-28TH,QEP ENERGY COMPANY,Three Forks,9864.0,2014-05-07,251.577377319,169.975662231,157.679977417,99.454658508,25.504600295924572,434.778198242,Mid
33-053-05293-0000,TAT 2-33-28TH,QEP ENERGY COMPANY,Three Forks,9752.0,2014-05-03,966.164367676,702.432128906,524.869140625,371.717712402,99.07345853937653,434.778198242,Top
33-053-05295-0000,JERRY 3-8H,"CONTINENTAL RESOURCES, INC.",Three Forks,9758.0,2014-10-07,483.399993896,411.793334961,335.799987793,257.455352783,49.53883930067637,434.778198242,Mid
33-053-05300-0000,JERRY 4-8H,"CONTINENTAL RESOURCES, INC.",Three Forks,9574.0,2014-10-17,78.207168579,57.376941681,49.162418365,42.124835968,8.16870363265093,434.778198242,Bottom
33-053-05302-0000,ROLFSRUD STATE 152-96-29-32-10H,NEWFIELD PRODUCTION COMPANY,Three Forks,10130.0,2014-11-07,720.880615234,547.201599121,424.090423584,296.569763184,71.1629432610069,434.778198242,Mid
33-053-05304-0000,JERRY 7-8H,"CONTINENTAL RESOURCES, INC.",Three Forks,9658.0,2014-09-28,109.54498291,89.919044495,70.231964111,60.224414825,11.34240866742597,434.778198242,Bottom
33-053-05317-0000,CHEETAH USA 14-16TFH,MARATHON OIL COMPANY,Three Forks,8762.0,2014-04-22,133.149459839,100.654716492,106.621414185,83.805038452,15.196240565966674,434.778198242,Bottom
33-053-05318-0000,FLICKA USA 13-16TFH,MARATHON OIL COMPANY,Three Forks,10118.0,2014-04-15,867.707519531,652.050537109,658.424926758,458.857818604,85.75879813510575,434.778198242,Top
33-053-05323-0000,HONOLULU 2-22H2,"CONTINENTAL RESOURCES, INC.",Three Forks,9611.0,2014-06-14,384.361297607,306.488891602,220.479812622,172.510223389,39.991811217042965,434.778198242,Mid
33-053-05324-0000,HONOLULU 3-22H3,"CONTINENTAL RESOURCES, INC.",Three Forks,9724.0,2014-06-20,25.133974075,19.624444962,12.567756653,10.520913124,2.5847361245372276,434.778198242,Bottom
33-053-05326-0000,SEQUOIA 14-9TFH,BURLINGTON RESOURCES OIL & GAS COMPANY LP,Three Forks,10500.0,2014-07-27,822.43939209,771.630004883,657.546875,443.010620117,78.32756115142857,434.778198242,Mid
33-053-05328-0000,SEQUOIA 24-9TFH,BURLINGTON RESOURCES OIL & GAS COMPANY LP,Three Forks,10385.0,2014-08-21,1002.78692627,804.526184082,676.586914062,464.576934814,96.56109063745787,434.778198242,Top
33-053-05330-0000,HOFFMANN 149-98-11-2-10H,NEWFIELD PRODUCTION COMPANY,Three Forks,9868.0,2014-05-29,179.013336182,137.974075317,104.586395264,74.783592224,18.140792073571138,434.778198242,Bottom
33-053-05333-0000,PRIDE 150-94-06A-18H TF,ENERPLUS RESOURCES USA CORPORATION,Three Forks,13961.0,2014-09-23,1180.78894043,775.467712402,589.926086426,447.596893311,84.57767641501324,434.778198242,Top
33-053-05334-0000,HOFFMAN 149-98-14-23-10H,NEWFIELD PRODUCTION COMPANY,Three Forks,9741.0,2014-07-28,183.471511841,136.353820801,101.300605774,65.867828369,18.834977090750435,434.778198242,Bottom
33-053-05337-0000,BRIER 5200 11-27 #8T2,OASIS PETROLEUM NORTH AMERICA LLC,Three Forks,12636.0,2014-06-05,114.436958313,70.51259613,54.547679901,43.360427856,9.056422785137702,434.778198242,Bottom
33-053-05342-0000,MACK 13-2H3,"CONTINENTAL RESOURCES, INC.",Three Forks,4842.0,2014-09-21,159.125640869,99.681747437,94.386474609,71.04082489,32.86361851900041,434.778198242,Bottom
33-053-05343-0000,MACK 12-2H2,"CONTINENTAL RESOURCES, INC.",Three Forks,4772.0,2014-08-23,73.911109924,53.516666412,47.452392578,44.432510376,15.48849746940486,434.778198242,Bottom
33-053-05344-0000,MACK 11-2H1,"CONTINENTAL RESOURCES, INC.",Three Forks,4712.0,2014-08-24,388.440002441,234.105560303,171.188949585,131.644927979,82.43633328544144,434.778198242,Mid
33-053-05345-0000,MACK 10-2H3,"CONTINENTAL RESOURCES, INC.",Three Forks,5031.0,2014-08-23,29.709497452,23.481851578,17.883666992,14.221004486,5.90528671278076,434.778198242,Bottom
33-053-05346-0000,MACK 9-2H2,"CONTINENTAL RESOURCES, INC.",Three Forks,4931.0,2014-08-24,60.378147125,50.254478455,43.293365479,26.114965439,12.244604973636179,434.778198242,Bottom
33-053-05350-0000,JAN 14X-34F,XTO ENERGY INC,Three Forks,10350.0,2014-10-19,295.593322754,252.657775879,200.261825562,153.492004395,28.55974132888889,434.778198242,Mid
33-053-05351-0000,JAN 14X-34E,XTO ENERGY INC,Three Forks,10039.0,2014-10-21,853.729003906,629.347595215,441.279815674,308.243835449,85.04123955633031,434.778198242,Top
33-053-05356-0000,HANK 13X-7H,SM ENERGY COMPANY,Three Forks,9863.0,2014-06-20,121.386779785,100.871772766,82.886436462,63.043617249,12.307287821656697,434.778198242,Bottom
33-053-05358-0000,HA-LINK- 152-95-3526H-3,HESS CORPORATION,Three Forks,9743.0,2014-05-24,817.135559082,557.755554199,399.900177002,274.84375,83.86898892353484,434.778198242,Mid
33-053-05360-0000,HA-LINK- 152-95-3526H-5,HESS CORPORATION,Three Forks,9818.0,2014-06-08,1140.58605957,785.845825195,557.415649414,379.447814941,116.17295371460584,434.778198242,Top
33-053-05364-0000,DEAN WORMER  2-33-28H,"EMERALD OIL, INC",Three Forks,9007.0,2014-05-23,57.448612213,70.674858093,45.269168854,27.641950607,6.378218298323526,434.778198242,Bottom
33-053-05379-0000,PIRATE  3-2-11H,"EMERALD OIL, INC",Three Forks,9505.0,2014-05-09,71.342178345,43.123279572,41.312503815,24.686317444,7.50575258758548,434.778198242,Bottom
33-053-05387-0000,RICK 16X-12H,SM ENERGY COMPANY,Three Forks,10040.0,2014-04-08,434.260253906,358.290313721,267.302825928,187.724746704,43.253013337251,434.778198242,Mid
33-053-05391-0000,MANDAREE 134-05H,"EOG RESOURCES, INC.",Three Forks,5091.0,2014-10-01,141.390350342,109.184005737,92.379905701,64.539077759,27.772608592025144,434.778198242,Bottom
33-053-05392-0000,MANDAREE 135-05H,"EOG RESOURCES, INC.",Three Forks,4891.0,2014-09-28,437.25201416,264.893188477,163.870162964,98.207305908,89.39930774074831,434.778198242,Mid
33-053-05394-0000,MANDAREE 17-05H,"EOG RESOURCES, INC.",Three Forks,3789.0,2014-10-01,883.322570801,696.179321289,460.852600098,301.725128174,233.12815275824755,434.778198242,Top
33-053-05398-0000,BB-BELQUIST- 150-95-1110H-3,HESS CORPORATION,Three Forks,9008.0,2014-08-17,876.415161133,679.827575684,488.950317383,339.360473633,97.29297969948935,434.778198242,Top
33-053-05400-0000,BB-BELQUIST- 150-95-1110H-5,HESS CORPORATION,Three Forks,9470.0,2014-08-19,190.347412109,127.614517212,124.186302185,88.926101685,20.100043517317847,434.778198242,Bottom
33-053-05402-0000,BB-BELQUIST- 150-95-1110H-7,HESS CORPORATION,Three Forks,9992.0,2014-07-27,222.254440308,174.308853149,130.374465942,84.512496948,22.243238621697355,434.778198242,Mid
33-053-05404-0000,FORT BERTHOLD 152-94-24D-13-6H,"HRC OPERATING, LLC",Three Forks,9754.0,2014-07-24,1280.741943359,823.03112793,667.025146484,515.29309082,131.3042796144146,434.778198242,Top
33-053-05410-0000,MATTIE 13-36H,"SHD OIL & GAS, LLC",Three Forks,4446.0,2014-11-19,179.972229004,150.8203125,132.629302979,100.930137634,40.47958367161494,434.778198242,Bottom
33-053-05412-0000,LUKE 13-36H,"SHD OIL & GAS, LLC",Three Forks,4136.0,2014-11-07,99.222839355,98.614814758,79.999679565,53.372665405,23.990048199951644,434.778198242,Bottom
33-053-05414-0000,ROLFSON 14X-34F,XTO ENERGY INC,Three Forks,10237.0,2014-10-21,195.337783813,174.388656616,142.024719238,115.936561584,19.081545747093873,434.778198242,Bottom
33-053-05416-0000,ROLFSON 14X-34E,XTO ENERGY INC,Three Forks,9501.0,2014-11-30,912.543029785,629.981384277,462.608215332,326.346343994,96.04705081412484,434.778198242,Top
33-053-05418-0000,LEFTY  5200 14-30 4T2,OASIS PETROLEUM NORTH AMERICA LLC,Three Forks,9519.0,2014-04-21,38.54838562,23.961557388,22.418354034,,4.049625551003256,434.778198242,Bottom
33-053-05419-0000,HYSTED  5200 14-30 3T2,OASIS PETROLEUM NORTH AMERICA LLC,Three Forks,10165.0,2014-04-04,333.568817139,181.231109619,121.541152954,79.774543762,32.815427165666506,434.778198242,Mid
33-053-05422-0000,OTIS 3-28-33TH,QEP ENERGY COMPANY,Three Forks,9966.0,2014-07-04,964.566650391,668.656433105,536.383300781,404.259033203,96.7857365433474,434.778198242,Top
33-053-05425-0000,BONNER 9X-12HA,SM ENERGY COMPANY,Three Forks,9964.0,2014-06-14,158.574813843,133.64630127,102.291267395,82.010299683,15.91477457276194,434.778198242,Bottom
33-053-05427-0000,BONNER 9X-12HB,SM ENERGY COMPANY,Three Forks,10003.0,2014-06-14,375.883331299,239.468643188,189.03314209,159.414245605,37.577060011896435,434.778198242,Mid
33-053-05430-0000,RUBY STATE FEDERAL 34X-36F,XTO ENERGY INC,Three Forks,9669.0,2014-08-26,1345.53503418,901.673095703,601.10949707,435.638366699,139.15968912814148,434.778198242,Top
33-053-05433-0000,RUBY STATE FEDERAL 34X-36E,XTO ENERGY INC,Three Forks,10610.0,2014-09-20,153.574768066,134.620895386,116.388710022,106.203742981,14.474530449198868,434.778198242,Bottom
33-053-05439-0000,BRIER  5200 44-22 6T2,OASIS PETROLEUM NORTH AMERICA LLC,Three Forks,11929.0,2014-07-06,632.095581055,303.503326416,238.474853516,146.386657715,52.98814494551094,434.778198242,Mid
33-053-05440-0000,BRIER  5200 44-22 5T,OASIS PETROLEUM NORTH AMERICA LLC,Three Forks,12158.0,2014-06-22,160.440856934,103.858283997,70.306167603,44.027347565,13.1963198662609,434.778198242,Bottom
33-053-05441-0000,BRIER  5200 44-22 4T2,OASIS PETROLEUM NORTH AMERICA LLC,Three Forks,11982.0,2014-06-28,155.851928711,61.92445755,44.286743164,27.599529266,13.007171483141379,434.778198242,Bottom
33-053-05443-0000,FORT BERTHOLD 152-93-19D-18-7H,"HRC OPERATING, LLC",Three Forks,9904.0,2016-01-21,883.661132812,605.296020508,489.959350586,370.240997314,89.22265072819063,434.778198242,Top
33-053-05452-0000,AN-GUDBRANSON- 153-94-2215H-4,HESS CORPORATION,Three Forks,9652.0,2017-09-20,884.887756348,762.534362793,388.773986816,207.619857788,91.67921222005803,434.778198242,Top
33-053-05454-0000,AN-GUDBRANSON- 153-94-2215H-6,HESS CORPORATION,Three Forks,9671.0,2017-09-09,214.788894653,95.697906494,48.661346436,32.605377197,22.209584805397583,434.778198242,Mid
33-053-05457-0000,CRATERLANDS 11-14TFH-R,BURLINGTON RESOURCES OIL & GAS COMPANY LP,Three Forks,9736.0,2014-03-28,712.945556641,500.899993896,447.645050049,307.268920898,73.22776875934676,434.778198242,Mid
33-053-05460-0000,PATTERSON FEDERAL 7-13H,"CONTINENTAL RESOURCES, INC.",Three Forks,8906.0,2015-10-22,129.104766846,64.519691467,47.232421875,47.531330109,14.49638073725578,434.778198242,Bottom
33-053-05461-0000,KUHN  6-13H1,"CONTINENTAL RESOURCES, INC.",Three Forks,11383.0,2015-10-30,167.424728394,106.598083496,89.731048584,77.234580994,14.70831313309321,434.778198242,Bottom
33-053-05465-0000,LUCY 14X-32F,XTO ENERGY INC,Three Forks,9218.0,2014-05-26,95.023933411,99.871154785,81.318771362,66.562583923,10.308519571599046,434.778198242,Bottom
33-053-05468-0000,NORMAN 11-4TFH ULW,BURLINGTON RESOURCES OIL & GAS COMPANY LP,Three Forks,9655.0,2014-08-16,487.179992676,546.509887695,426.573028564,301.708526611,50.45882886338685,434.778198242,Mid
33-053-05470-0000,HA-NELSON- 152-95-3328H-8,HESS CORPORATION,Three Forks,10433.0,2014-10-22,198.505554199,177.501846313,103.792236328,77.271232605,19.026699338541167,434.778198242,Bottom
33-053-05472-0000,HA-NELSON- 152-95-3328H-6,HESS CORPORATION,Three Forks,10231.0,2014-10-12,815.976196289,612.289306641,391.143890381,262.059844971,79.75527282660542,434.778198242,Mid
33-053-05473-0000,BULL 152-94-18B-19H-TF,ENERPLUS RESOURCES USA CORPORATION,Three Forks,9783.0,2015-05-29,2082.399902344,1619.14440918,1387.072631836,929.792541504,212.85903121169378,434.778198242,Top
33-053-05475-0000,HOGNOSE 152-94-18B-19H-TF,ENERPLUS RESOURCES USA CORPORATION,Three Forks,9704.0,2014-04-09,2158.877685547,1610.282836914,1312.734985352,1018.417907715,222.4729684199299,434.778198242,Top
33-053-05482-0000,HA-NELSON A- 152-95-3427H-6,HESS CORPORATION,Three Forks,10559.0,2014-08-07,963.900024414,602.861877441,422.79196167,281.160003662,91.28705601041766,434.778198242,Top
33-053-05484-0000,HA-NELSON A- 152-95-3427H-4,HESS CORPORATION,Three Forks,9807.0,2014-08-25,274.388885498,184.838287354,154.798477173,103.167854309,27.978880952177015,434.778198242,Mid
33-053-05486-0000,HA-NELSON A-LW- 152-95-3427H-1,HESS CORPORATION,Three Forks,9905.0,2014-09-10,185.120559692,136.580429077,96.240409851,61.57768631,18.689607237960626,434.778198242,Bottom
33-053-05490-0000,CANON 12-36H,"SHD OIL & GAS, LLC",Three Forks,4072.0,2015-10-22,802.033325195,527.713012695,338.283294678,217.778518677,196.96299734651276,434.778198242,Mid
33-053-05492-0000,THUD 12-36H,"SHD OIL & GAS, LLC",Three Forks,4063.0,2014-06-25,1083.207519531,714.736083984,501.056640625,360.665924072,266.6028844526212,434.778198242,Top
33-053-05496-0000,VAN HISE TRUST 153-95-28D-21-2HS,"PETRO-HUNT, L.L.C.",Three Forks,9278.0,2014-09-12,1086.325805664,854.775024414,606.342468262,491.930786133,117.08620453373571,434.778198242,Top
33-053-05497-0000,DENALI 21-4TFH 2NH,BURLINGTON RESOURCES OIL & GAS COMPANY LP,Three Forks,10117.0,2014-09-19,155.769439697,67.38470459,51.147693634,54.710632324,15.39680139339725,434.778198242,Bottom
33-053-05500-0000,NORMAN 21-4TFH 3SH,BURLINGTON RESOURCES OIL & GAS COMPANY LP,Three Forks,9632.0,2014-08-25,46.155555725,38.364696503,29.289865494,41.059024811,4.791897396698505,434.778198242,Bottom
33-053-05502-0000,GOOD VOICE 34-27HZ,"WPX ENERGY WILLISTON, LLC",Three Forks,9773.0,2014-11-14,738.383972168,570.081726074,510.230133057,471.164398193,75.55346077642484,434.778198242,Mid
33-053-05503-0000,GOOD VOICE 34-27HB,"WPX ENERGY WILLISTON, LLC",Three Forks,9796.0,2014-11-10,1037.599975586,786.298400879,633.307739258,501.264648438,105.920781501225,434.778198242,Top
33-053-05505-0000,DENALI  11-4TFH,BURLINGTON RESOURCES OIL & GAS COMPANY LP,Three Forks,9945.0,2014-09-04,83.848335266,63.08649826,51.340358734,41.90870285,8.431205154952238,434.778198242,Bottom
33-053-05507-0000,DENALI 44-33TFH,BURLINGTON RESOURCES OIL & GAS COMPANY LP,Three Forks,10032.0,2014-07-15,216.190475464,146.942214966,120.776405334,99.682632446,21.550087267145134,434.778198242,Mid
33-053-05509-0000,NORMAN 34-33TFH,BURLINGTON RESOURCES OIL & GAS COMPANY LP,Three Forks,9600.0,2014-07-06,219.897613525,129.931106567,102.942909241,88.336807251,22.906001408854166,434.778198242,Mid
33-053-05512-0000,HAGEN BANKS 5298 #42-31 7T3,OASIS PETROLEUM NORTH AMERICA LLC,Three Forks,9632.0,2014-07-31,55.063491821,26.816368103,16.451858521,11.464200974,5.7167246491901995,434.778198242,Bottom
33-053-05513-0000,HAGEN BANKS 5298 #42-31 6T,OASIS PETROLEUM NORTH AMERICA LLC,Three Forks,10506.0,2014-07-19,282.783325195,147.620376587,87.730545044,60.595359802,26.91636447696554,434.778198242,Mid
33-053-05515-0000,HAGEN BANKS 5298 #42-31 4T2,OASIS PETROLEUM NORTH AMERICA LLC,Three Forks,9561.0,2014-07-18,1358.032226562,564.392333984,316.763671875,199.305114746,142.03872257734545,434.778198242,Top
33-053-05516-0000,HAGEN BANKS 5298 #42-31 3T,OASIS PETROLEUM NORTH AMERICA LLC,Three Forks,9088.0,2014-07-19,210.849456787,169.083328247,102.194152832,61.811100006,23.200864523217433,434.778198242,Mid
33-053-05517-0000,HAGEN BANKS 5298 #42-31 2T2,OASIS PETROLEUM NORTH AMERICA LLC,Three Forks,10779.0,2014-07-19,180.30645752,118.957046509,71.386413574,46.970188141,16.727568189999072,434.778198242,Bottom
33-053-05519-0000,ARCHES 24-35TFH,BURLINGTON RESOURCES OIL & GAS COMPANY LP,Three Forks,9450.0,2014-08-09,905.612915039,866.750915527,738.037963867,489.126037598,95.83205450148148,434.778198242,Top
33-053-05521-0000,DENALI 21-4TFH,BURLINGTON RESOURCES OIL & GAS COMPANY LP,Three Forks,9934.0,2014-07-09,116.857704163,50.579929352,69.560150146,55.172943115,11.763408915139923,434.778198242,Bottom
33-053-05523-0000,MOBERG 2-22-15TH,QEP ENERGY COMPANY,Three Forks,8939.0,2014-07-13,206.205551147,174.868286133,158.118148804,138.208312988,23.068078213111086,434.778198242,Bottom
33-053-05526-0000,KIRKLAND 2-23-14TH,QEP ENERGY COMPANY,Three Forks,10098.0,2014-09-14,912.393554688,706.494262695,497.839141846,349.749206543,90.35388737254901,434.778198242,Top
33-053-05529-0000,ARCHES  14-35TFH,BURLINGTON RESOURCES OIL & GAS COMPANY LP,Three Forks,9624.0,2014-08-06,190.14630127,127.517326355,136.631332397,104.229003906,19.757512600789692,434.778198242,Bottom
33-053-05532-0000,ARCHES 34-35TFH,BURLINGTON RESOURCES OIL & GAS COMPANY LP,Three Forks,9437.0,2014-07-17,987.387084961,769.641906738,578.681213379,365.811401367,104.62934035827065,434.778198242,Top
33-053-05558-0000,SKAAR FEDERAL 41-3TFHU,WHITING OIL AND GAS CORPORATION,Three Forks,10005.0,2014-06-07,1827.539794922,1248.448120117,925.132202148,633.312255859,182.66264816811594,434.778198242,Top
33-053-05559-0000,SKAAR FEDERAL 41-3TFH,WHITING OIL AND GAS CORPORATION,Three Forks,10413.0,2014-06-07,2398.702148438,1593.177734375,1119.872680664,771.644897461,230.35649173513877,434.778198242,Top
33-053-05560-0000,LILLIBRIDGE 21-27TFH,BURLINGTON RESOURCES OIL & GAS COMPANY LP,Three Forks,9981.0,2014-09-27,128.755554199,123.653289795,113.856163025,75.552764893,12.900065544434424,434.778198242,Bottom
33-053-05563-0000,COPPER DRAW 21-27TFH,BURLINGTON RESOURCES OIL & GAS COMPANY LP,Three Forks,9509.0,2014-10-06,167.209671021,128.807159424,105.390571594,73.346694946,17.58435913566095,434.778198242,Bottom
33-053-05566-0000,POLK FEDERAL 3-33H1,"CONTINENTAL RESOURCES, INC.",Three Forks,9578.0,2015-03-27,138.6980896,108.224784851,103.158004761,104.104568481,14.480903069534351,434.778198242,Bottom
33-053-05568-0000,STAFFORD 13-34TFH,BURLINGTON RESOURCES OIL & GAS COMPANY LP,Three Forks,9699.0,2016-06-17,957.890319824,862.045166016,818.795166016,597.816589355,98.76176098814311,434.778198242,Top
33-053-05569-0000,STAFFORD 14-34TFH,BURLINGTON RESOURCES OIL & GAS COMPANY LP,Three Forks,9483.0,2016-05-22,153.503219604,146.499099731,138.306747437,117.735572815,16.18720021132553,434.778198242,Bottom
33-053-05573-0000,SLUGGER 6-16-21H,"EMERALD OIL, INC",Three Forks,9449.0,2014-12-24,60.769535065,40.939628601,27.657140732,22.294269562,6.4313191940946135,434.778198242,Bottom
33-053-05574-0000,TALON 6-9-4H,"EMERALD OIL, INC",Three Forks,10049.0,2015-01-04,53.899333954,36.937408447,27.184633255,23.447238922,5.363651503035128,434.778198242,Bottom
33-053-05575-0000,BRENNA 152-96-23D-14-2HS,"PETRO-HUNT, L.L.C.",Three Forks,9222.0,2015-02-15,331.29574585,254.15246582,189.642333984,119.180702209,35.924500742788986,434.778198242,Mid
33-053-05578-0000,SHERVEN TRUST 153-95-27D-6H,"PETRO-HUNT, L.L.C.",Three Forks,4998.0,2015-02-26,214.503890991,162.787033081,133.945404053,108.244102478,42.91794537635054,434.778198242,Mid
33-053-05583-0000,BERQUIST 31X-2G,XTO ENERGY INC,Three Forks,9563.0,2015-01-28,606.166687012,458.427337646,338.215911865,229.01272583,63.38666600564676,434.778198242,Mid
33-053-05590-0000,KOALA 4-4-6-4H3,KODIAK OIL & GAS (USA) INC.,Three Forks,8813.0,2014-08-30,231.86076355,205.42175293,143.467346191,85.180557251,26.308948547600135,434.778198242,Mid
33-053-05594-0000,KOALA 4-4-28-3H3,KODIAK OIL & GAS (USA) INC.,Three Forks,6534.0,2014-11-26,188.503326416,139.637588501,116.612518311,86.072174072,28.849606124273034,434.778198242,Bottom
33-053-05595-0000,TARPON FEDERAL 44-19TFHU,WHITING OIL AND GAS CORPORATION,Three Forks,8395.0,2015-02-25,967.777770996,792.639038086,537.913269043,340.112518311,115.2802586058368,434.778198242,Top
33-053-05596-0000,GARFIELD FEDERAL 7-5H1,"CONTINENTAL RESOURCES, INC.",Three Forks,11081.0,2017-06-26,1378.011108398,968.156982422,711.654968262,466.922363281,124.35800996281925,434.778198242,Top
33-053-05598-0000,GARFIELD FEDERAL 5-5H1,"CONTINENTAL RESOURCES, INC.",Three Forks,10737.0,2017-05-30,390.798736572,322.512145996,293.41418457,246.503967285,36.397386287789885,434.778198242,Mid
33-053-05609-0000,KALE BAD BRAVE 19-18HW,"WPX ENERGY WILLISTON, LLC",Three Forks,9874.0,2015-01-26,625.333312988,463.274078369,368.71472168,280.367034912,63.331305751265944,434.778198242,Mid
33-053-05611-0000,KALE BAD BRAVE 19-18HX2,"WPX ENERGY WILLISTON, LLC",Three Forks,9834.0,2015-01-27,714.898803711,515.839233398,391.602478027,300.56137085,72.69664467266627,434.778198242,Mid
33-053-05619-0000,BB-BUDAHN A- 150-95-0403H-9,"HESS BAKKEN INVESTMENTS II, LLC",Three Forks,10085.0,2014-12-07,253.717025757,168.882400513,164.422424316,118.514152527,25.157860759246404,434.778198242,Mid
33-053-05621-0000,BB-BUDAHN A- 150-95-0403H-7,"HESS BAKKEN INVESTMENTS II, LLC",Three Forks,9808.0,2014-12-17,226.406097412,178.804534912,144.734558105,91.227333069,23.08381906729201,434.778198242,Mid
33-053-05628-0000,SERRAHN 41X-6H,XTO ENERGY INC,Three Forks,9629.0,2014-07-11,394.421417236,354.886932373,269.183258057,184.868499756,40.96182544771005,434.778198242,Mid
33-053-05629-0000,GUY FEDERAL 24X-35E,XTO ENERGY INC,Three Forks,9682.0,2015-06-26,210.991271973,141.432281494,124.840370178,91.929344177,21.79211650206569,434.778198242,Mid
33-053-05631-0000,GUY FEDERAL 24X-35F,XTO ENERGY INC,Three Forks,9457.0,2015-06-30,446.6222229,357.596069336,327.980712891,257.48550415,47.22662820133234,434.778198242,Mid
33-053-05633-0000,GUY FEDERAL 24X-35F2,XTO ENERGY INC,Three Forks,9376.0,2015-07-23,459.399993896,357.827453613,307.100982666,200.021911621,48.99743962201366,434.778198242,Mid
33-053-05634-0000,FLATLAND FEDERAL 11-4TFH,WHITING OIL AND GAS CORPORATION,Three Forks,10415.0,2014-09-04,973.672058105,855.153320312,636.254211426,494.816009521,93.48747557417188,434.778198242,Top
33-053-05636-0000,FLATLAND FEDERAL 11-4TFHU,WHITING OIL AND GAS CORPORATION,Three Forks,10489.0,2014-09-04,1751.427734375,1449.710449219,1222.333007812,882.401916504,166.97757025216893,434.778198242,Top
33-053-05637-0000,SAND CREEK STATE  153-96-16-12H,NEWFIELD PRODUCTION COMPANY,Three Forks,4455.0,2015-01-14,127.117462158,92.971046448,85.539962769,77.113098145,28.533661539393936,434.778198242,Bottom
33-053-05639-0000,SAND CREEK STATE  153-96-16-11H,NEWFIELD PRODUCTION COMPANY,Three Forks,4427.0,2015-01-16,163.788894653,123.41481781,115.949874878,90.512329102,36.99771733747459,434.778198242,Bottom
33-053-05641-0000,ANDERSON 152-96-23C-24-1HS,"PETRO-HUNT, L.L.C.",Three Forks,9772.0,2014-11-11,823.977416992,555.355529785,418.525115967,282.525238037,84.32024324519034,434.778198242,Mid
33-053-05644-0000,LANSING 4-25AH1,"CONTINENTAL RESOURCES, INC.",Three Forks,9292.0,2015-02-20,579.956970215,526.181335449,413.87890625,305.838897705,62.41465456467929,434.778198242,Mid
33-053-05646-0000,STEELE FEDERAL 4-24AH1,"CONTINENTAL RESOURCES, INC.",Three Forks,10757.0,2015-02-21,203.450363159,163.790328979,123.67137146,97.958961487,18.913299540671193,434.778198242,Bottom
33-053-05647-0000,WALTON FEDERAL 41X-19G,XTO ENERGY INC,Three Forks,9580.0,2014-09-21,229.626846313,189.448745728,142.079147339,110.744735718,23.96939940636743,434.778198242,Mid
33-053-05648-0000,WALTON FEDERAL 41X-19H,XTO ENERGY INC,Three Forks,9608.0,2014-09-20,1531.87097168,1002.598571777,726.600341797,532.065734863,159.43702869275603,434.778198242,Top
33-053-05650-0000,ROLFSRUD 3-11H1,"CONTINENTAL RESOURCES, INC.",Three Forks,9309.0,2014-07-16,176.158248901,139.351608276,139.266937256,108.573616028,18.92343419282415,434.778198242,Bottom
33-053-05656-0000,SEQUOIA 31-4TFH,BURLINGTON RESOURCES OIL & GAS COMPANY LP,Three Forks,10847.0,2014-09-23,137.066665649,151.187774658,125.496566772,84.113288879,12.636366336221997,434.778198242,Bottom
33-053-05658-0000,SEQUOIA 41-4TFH,BURLINGTON RESOURCES OIL & GAS COMPANY LP,Three Forks,10681.0,2014-09-21,925.411804199,831.791687012,596.938476562,412.721862793,86.64093289008521,434.778198242,Top
33-053-05660-0000,HAYMAKER 11-15TFH,BURLINGTON RESOURCES OIL & GAS COMPANY LP,Three Forks,9535.0,2015-01-09,136.974197388,107.168891907,93.486923218,79.364379883,14.365411367383324,434.778198242,Bottom
33-053-05661-0000,SOFTSHELL 152-94-33C-28H TF,ENERPLUS RESOURCES USA CORPORATION,Three Forks,9304.0,2014-11-07,1604.317749023,610.555908203,380.170562744,262.518127441,172.433120058362,434.778198242,Top
33-053-05663-0000,SWALLOW TAIL  152-94-32D-29H,ENERPLUS RESOURCES USA CORPORATION,Three Forks,9101.0,2014-11-08,321.561096191,268.643859863,232.159088135,200.209320068,35.33250150434018,434.778198242,Mid
33-053-05664-0000,VICEROY  152-94-32D-29H TF,ENERPLUS RESOURCES USA CORPORATION,Three Forks,8977.0,2014-11-25,1227.419555664,806.885925293,557.031494141,398.478546143,136.72937013077865,434.778198242,Top
33-053-05667-0000,BULLRUSH 24-10TFH,BURLINGTON RESOURCES OIL & GAS COMPANY LP,Three Forks,9598.0,2015-02-16,180.888885498,140.617858887,136.245117188,105.908676147,18.84651859741613,434.778198242,Bottom
33-053-05668-0000,BULLRUSH 34-10TFH-A,BURLINGTON RESOURCES OIL & GAS COMPANY LP,Three Forks,9933.0,2015-01-31,658.888183594,475.244812012,349.410522461,232.865661621,66.33325114205175,434.778198242,Mid
33-053-05670-0000,BULLRUSH 34-10TFH-B,BURLINGTON RESOURCES OIL & GAS COMPANY LP,Three Forks,9706.0,2015-01-23,153.797134399,98.66254425,78.624259949,76.55872345,15.845573294766124,434.778198242,Bottom
33-053-05672-0000,DONNA 12X-35H,SM ENERGY COMPANY,Three Forks,10032.0,2014-08-01,120.25,72.986534119,63.694065094,51.702152252,11.98664274322169,434.778198242,Bottom
33-053-05674-0000,DIXIE 12X-35H,SM ENERGY COMPANY,Three Forks,10128.0,2014-08-01,104.179260254,67.985908508,66.587478638,49.950817108,10.286261873420221,434.778198242,Bottom
33-053-05678-0000,MOBERG 2-17-16TH,QEP ENERGY COMPANY,Three Forks,10075.0,2014-07-22,1237.836547852,1054.865600586,887.655700684,572.233154297,122.86218837240695,434.778198242,Top
33-053-05681-0000,JONSRUD 152-96-34C-27-2HS,"PETRO-HUNT, L.L.C.",Three Forks,9750.0,2014-12-17,659.322570801,501.245178223,446.840393066,325.702087402,67.62282777446154,434.778198242,Mid
33-053-05683-0000,THOMPSON FEDERAL 41X-17-TF2,XTO ENERGY INC,Three Forks,5444.0,2014-12-11,185.337814331,142.699050903,102.69581604,78.737518311,34.04441850312271,434.778198242,Bottom
33-053-05685-0000,HA-SWENSON- 152-95-1819H-6,"HESS BAKKEN INVESTMENTS II, LLC",Three Forks,9133.0,2014-06-11,204.814880371,170.949264526,152.766174316,116.250991821,22.425805361984015,434.778198242,Bottom
33-053-05688-0000,HAYMAKER 41-15TFH-A,BURLINGTON RESOURCES OIL & GAS COMPANY LP,Three Forks,10107.0,2014-10-25,578.306640625,503.244445801,380.202392578,242.831512451,57.218426894726434,434.778198242,Mid
33-053-05690-0000,HAYMAKER 31-15TFH-B,BURLINGTON RESOURCES OIL & GAS COMPANY LP,Three Forks,9810.0,2014-11-22,167.631484985,155.962219238,140.092010498,87.743659973,17.08781702191641,434.778198242,Bottom
33-053-05692-0000,HAYMAKER 31-15TFH-A,BURLINGTON RESOURCES OIL & GAS COMPANY LP,Three Forks,9586.0,2014-11-12,173.590744019,144.272964478,124.258476257,90.261070251,18.10877780294179,434.778198242,Bottom
33-053-05694-0000,OTIS 28-29-32-33LL,QEP ENERGY COMPANY,Three Forks,9955.0,2014-07-09,221.216659546,173.787033081,102.228897095,93.609222412,22.22166344008036,434.778198242,Mid
33-053-05695-0000,KIRKLAND 22-15-23-14LL,QEP ENERGY COMPANY,Three Forks,9750.0,2014-09-08,1047.918334961,848.212219238,538.927246094,360.304382324,107.47880358574359,434.778198242,Top
33-053-05697-0000,HAYMAKER 44-22TFH-B,BURLINGTON RESOURCES OIL & GAS COMPANY LP,Three Forks,9359.0,2014-12-22,145.724227905,80.659255981,64.989135742,54.199954987,15.570491281654022,434.778198242,Bottom
33-053-05699-0000,HAYDON 44-22TFH-ULW,BURLINGTON RESOURCES OIL & GAS COMPANY LP,Three Forks,9572.0,2014-12-22,860.349975586,560.794616699,393.252044678,276.202270508,89.88194479586295,434.778198242,Top
33-053-05702-0000,RUBY 31-30HX,"WPX ENERGY WILLISTON, LLC",Three Forks,9501.0,2014-07-27,222.3722229,152.117904663,95.555885315,82.205207825,23.405138711714557,434.778198242,Mid
33-053-05706-0000,WHITE 5198 12-6 1T2,OASIS PETROLEUM NORTH AMERICA LLC,Three Forks,9800.0,2014-10-06,361.799987793,136.940475464,108.538467407,140.997253418,36.91836610132653,434.778198242,Mid
33-053-05707-0000,WHITE 5198 12-6 2T3,OASIS PETROLEUM NORTH AMERICA LLC,Three Forks,9693.0,2014-09-28,69.891670227,26.142370224,19.245889664,14.398173332,7.210530303002168,434.778198242,Bottom
33-053-05708-0000,WHITE 5198 12-6 3T,OASIS PETROLEUM NORTH AMERICA LLC,Three Forks,9554.0,2014-10-10,988.924438477,883.336914062,720.753356934,510.369873047,103.50894269175214,434.778198242,Top
33-053-05709-0000,WHITE 5198 12-6 4T2,OASIS PETROLEUM NORTH AMERICA LLC,Three Forks,9615.0,2014-10-02,257.649993896,182.05166626,151.959411621,135.65725708,26.796671232033283,434.778198242,Mid
33-053-05710-0000,VEEDER 27-34-26-35LL,QEP ENERGY COMPANY,Three Forks,9673.0,2014-06-06,402.404449463,289.0,217.835128784,162.565475464,41.60079080564458,434.778198242,Mid
33-053-05711-0000,TODD 13X-35H,SM ENERGY COMPANY,Three Forks,10048.0,2014-09-12,78.355766296,55.07843399,52.628559113,45.432102203,7.798145531050955,434.778198242,Bottom
33-053-05715-0000,TAT 1-35-26TH,QEP ENERGY COMPANY,Three Forks,9776.0,2015-07-07,170.335983276,103.424072266,86.636856079,52.207305908,17.423893542962357,434.778198242,Bottom
33-053-05719-0000,AN-EVENSON- 152-95-1003H-6,"HESS BAKKEN INVESTMENTS II, LLC",Three Forks,10802.0,2014-12-08,813.89465332,563.431396484,404.914703369,261.111816406,75.34666296241437,434.778198242,Mid
33-053-05720-0000,AN-EVENSON- 152-95-1003H-7,"HESS BAKKEN INVESTMENTS II, LLC",Three Forks,10837.0,2014-12-13,216.126342773,189.256149292,118.242767334,81.56010437,19.94337388327028,434.778198242,Mid
33-053-05721-0000,AN-EVENSON- 152-95-1003H-8,"HESS BAKKEN INVESTMENTS II, LLC",Three Forks,10881.0,2014-12-27,1210.29675293,725.708618164,435.196289062,267.706054688,111.23028700762796,434.778198242,Top
33-053-05722-0000,AN-EVENSON- 152-95-1003H-9,"HESS BAKKEN INVESTMENTS II, LLC",Three Forks,10571.0,2014-12-22,934.538696289,649.024719238,473.806854248,308.803283691,88.40589313111343,434.778198242,Top
33-053-05723-0000,HA-MOGEN- 152-95-0805H-7,"HESS BAKKEN INVESTMENTS II, LLC",Three Forks,10837.0,2014-10-15,1078.294433594,744.287109375,521.004089355,344.557647705,99.50119346627297,434.778198242,Top
33-053-05725-0000,HA-MOGEN- 152-95-0805H-9,"HESS BAKKEN INVESTMENTS II, LLC",Three Forks,10810.0,2014-10-25,228.427780151,177.523712158,135.129745483,95.268554688,21.13115450055504,434.778198242,Mid
33-053-05727-0000,MASTON 34-27 #8TFH,STATOIL OIL & GAS LP,Three Forks,10120.0,2015-04-24,140.118637085,130.864578247,117.594398499,126.059906006,13.845715126976284,434.778198242,Bottom
33-053-05728-0000,MASTON 34-27 #5TFH,STATOIL OIL & GAS LP,Three Forks,9543.0,2015-04-20,252.629623413,223.534103394,186.020950317,141.685409546,26.472767831185163,434.778198242,Mid
33-053-05730-0000,MASTON 34-27 #3TFH,STATOIL OIL & GAS LP,Three Forks,9312.0,2015-04-14,196.319259644,134.037994385,91.382102966,68.844169617,21.082394721219934,434.778198242,Bottom
33-053-05733-0000,TAT 33-28-34-27LL,QEP ENERGY COMPANY,Three Forks,10178.0,2014-08-17,267.555541992,171.084716797,114.511642456,81.720169067,26.287634308508544,434.778198242,Mid
33-053-05735-0000,MASTON 34-27 #7TFH,STATOIL OIL & GAS LP,Three Forks,9981.0,2015-04-27,625.096557617,616.188537598,531.447021484,454.313598633,62.62865019707444,434.778198242,Mid
33-053-05736-0000,KOALA 4-4-28-4H3,KODIAK OIL & GAS (USA) INC.,Three Forks,8835.0,2014-11-30,1093.566650391,767.377807617,504.958099365,316.392303467,123.7766440736842,434.778198242,Top
33-053-05743-0000,WOLLAN 152-96-27A-5H,"PETRO-HUNT, L.L.C.",Three Forks,3907.0,2014-11-08,764.651611328,560.62890625,372.746307373,232.259750366,195.7132355587407,434.778198242,Mid
33-053-05749-0000,VAN DYKE FEDERAL 44X-19E,XTO ENERGY INC,Three Forks,9467.0,2015-03-29,1061.819335938,766.918273926,606.258911133,468.279907227,112.16006506158233,434.778198242,Top
33-053-05751-0000,USA 153-95-4B-9-1HS,"PETRO-HUNT, L.L.C.",Three Forks,9136.0,2014-12-20,1038.514038086,861.535827637,752.804138184,606.639038086,113.67272746125221,434.778198242,Top
33-053-05752-0000,GILBERTSON 11X-26FXG,XTO ENERGY INC,Three Forks,4565.0,2014-11-22,420.580657959,358.053039551,282.065673828,198.493148804,92.13157896144578,434.778198242,Mid
33-053-05754-0000,GILBERTSON 11X-26F,XTO ENERGY INC,Three Forks,4434.0,2014-11-27,440.069885254,344.305725098,298.794525146,210.009918213,99.24895923635543,434.778198242,Mid
33-053-05756-0000,MANNING 1X-32H,SM ENERGY COMPANY,Three Forks,10024.0,2015-05-04,607.357788086,423.975219727,336.563018799,259.317321777,60.590361939944145,434.778198242,Mid
33-053-05759-0000,ECKERT FOUNDATION 152-102-22-15-9TFH,TRIANGLE USA PETROLEUM CORPORATION,Three Forks,9506.0,2014-07-27,50.411109924,41.684127808,32.822242737,18.066637039,5.303083307805596,434.778198242,Bottom
33-053-05762-0000,CINCINNATI 2-30H1,"CONTINENTAL RESOURCES, INC.",Three Forks,12380.0,2015-02-23,25.933691025,29.020608902,29.586536407,30.105892181,2.094805413974152,434.778198242,Bottom
33-053-05763-0000,SCOTTSDALE 3-31H1,"CONTINENTAL RESOURCES, INC.",Three Forks,7394.0,2015-04-29,209.792861938,145.132537842,128.948699951,121.540878296,28.37339220151474,434.778198242,Mid
33-053-05770-0000,CAMERON FRYE 2-36-25H,"EMERALD OIL, INC",Three Forks,9493.0,2015-01-26,0.9555555582,,,,0.10065896536395239,434.778198242,Bottom
33-053-05772-0000,WHITE 5198 13-6 13T3,OASIS PETROLEUM NORTH AMERICA LLC,Three Forks,9563.0,2014-09-29,323.433319092,166.848022461,108.655326843,57.509315491,33.821323757398304,434.778198242,Mid
33-053-05773-0000,WHITE 5198 13-6 14T,OASIS PETROLEUM NORTH AMERICA LLC,Three Forks,9546.0,2014-09-29,49.344444275,37.722839355,36.223964691,33.13552475,5.1691225932327685,434.778198242,Bottom
33-053-05774-0000,BILLY RAY VALENTINE 2-8-5H,"EMERALD OIL, INC",Three Forks,8975.0,2014-07-11,296.071014404,215.488891602,158.778076172,107.004333496,32.98841386116992,434.778198242,Mid
33-053-05777-0000,PAULSON 36-1 3TFH,STATOIL OIL & GAS LP,Three Forks,9415.0,2014-10-18,337.399993896,192.611465454,133.351119995,95.561073303,35.836430578438666,434.778198242,Mid
33-053-05778-0000,PAULSON 36-1 8TFH,STATOIL OIL & GAS LP,Three Forks,10028.0,2014-10-28,322.425628662,226.81640625,145.956710815,106.401176453,32.152535766055045,434.778198242,Mid
33-053-05781-0000,MOBERG 17-16-20-21LL,QEP ENERGY COMPANY,Three Forks,9427.0,2014-08-07,1241.066650391,1131.587280273,874.355529785,548.812561035,131.65022280587672,434.778198242,Top
33-053-05782-0000,USA 153-95-23C-14-2HS,"PETRO-HUNT, L.L.C.",Three Forks,9438.0,2016-09-29,763.80645752,711.004211426,684.614135742,594.39251709,80.92884695062513,434.778198242,Mid
33-053-05787-0000,MOBERG 3-20-21TH,QEP ENERGY COMPANY,Three Forks,9879.0,2014-11-17,1427.568847656,1207.571899414,888.709838867,603.958435059,144.5054001068934,434.778198242,Top
33-053-05789-0000,MOBERG 2-20-21TH,QEP ENERGY COMPANY,Three Forks,9999.0,2014-11-24,358.395172119,258.86239624,199.626251221,143.754364014,35.8431015220522,434.778198242,Mid
33-053-05794-0000,SORENSON 152-96-24C-13-2HR,"PETRO-HUNT, L.L.C.",Three Forks,9106.0,2014-10-07,1047.416625977,859.76739502,696.827758789,506.007781982,115.02488754414671,434.778198242,Top
33-053-05796-0000,SHENANDOAH 14-36TFH-R,BURLINGTON RESOURCES OIL & GAS COMPANY LP,Three Forks,9346.0,2015-01-30,748.640869141,669.420776367,583.904296875,488.522613525,80.1028107362508,434.778198242,Mid
33-053-05806-0000,LUCY EVANS 29-32HW,"WPX ENERGY WILLISTON, LLC",Three Forks,9782.0,2017-06-18,267.752685547,238.434463501,195.582717896,167.329681396,27.371977667859333,434.778198242,Mid
33-053-05808-0000,LUCY EVANS 29-32HX,"WPX ENERGY WILLISTON, LLC",Three Forks,9674.0,2014-10-27,153.6222229,87.490264893,77.637031555,81.423973083,15.879907266900972,434.778198242,Bottom
33-053-05811-0000,MOBERG 3-18TH,QEP ENERGY COMPANY,Three Forks,4722.0,2014-08-23,938.173339844,767.268127441,582.148254395,390.089508057,198.6813510893689,434.778198242,Top
33-053-05815-0000,HA-SWENSON- 152-95-1819H-7,"HESS BAKKEN INVESTMENTS II, LLC",Three Forks,9926.0,2015-01-27,1085.026245117,733.958496094,535.773681641,368.73236084,109.3115298324602,434.778198242,Top
33-053-05819-0000,DAVE 11X-16E,XTO ENERGY INC,Three Forks,9973.0,2014-09-25,155.711853027,138.507095337,117.313446045,87.477470398,15.613341324275542,434.778198242,Bottom
33-053-05823-0000,GILBERTSON  34X-26G,XTO ENERGY INC,Three Forks,4543.0,2014-11-13,156.994445801,116.729629517,91.919250488,72.272796631,34.5574390933304,434.778198242,Bottom
33-053-05824-0000,BB-BUDAHN A- LS-150-95-0403H-1,"HESS BAKKEN INVESTMENTS II, LLC",Three Forks,10362.0,2014-11-27,1565.710693359,1018.538085938,812.226867676,565.886108398,151.10120568992474,434.778198242,Top
33-053-05827-0000,STATE 2-16-21TH,QEP ENERGY COMPANY,Three Forks,9944.0,2014-10-21,1872.60925293,1405.512329102,1171.830932617,885.877807617,188.3154920484714,434.778198242,Top
33-053-05830-0000,D ANNUNZIO 4-7-6H,"EMERALD OIL, INC",Three Forks,9455.0,2014-10-04,40.484443665,20.904420853,14.854840279,12.73916626,4.28180260867266,434.778198242,Bottom
33-053-05839-0000,HA-ROLFSRUD- 152-96-1720H-4,"HESS BAKKEN INVESTMENTS II, LLC",Three Forks,9565.0,2015-03-14,227.598892212,195.012283325,147.070892334,96.739494324,23.794970435128075,434.778198242,Mid
33-053-05841-0000,HA-ROLFSRUD- 152-96-1720H-6,"HESS BAKKEN INVESTMENTS II, LLC",Three Forks,8606.0,2015-03-23,1089.813354492,777.892578125,541.800354004,361.991424561,126.63413368487102,434.778198242,Top
33-053-05844-0000,NELSON FEDERAL 21X-5E,XTO ENERGY INC,Three Forks,10347.0,2015-11-26,273.233337402,167.190734863,122.388175964,83.073257446,26.407010476659906,434.778198242,Mid
33-053-05851-0000,PHYLIS 14X-12H,SM ENERGY COMPANY,Three Forks,9636.0,2015-07-30,690.94732666,503.536499023,391.369659424,294.536987305,71.70478690950603,434.778198242,Mid
33-053-05853-0000,JESSE 14X-12H,SM ENERGY COMPANY,Three Forks,9584.0,2015-07-28,682.695678711,507.100372314,425.585968018,329.042572021,71.2328546234349,434.778198242,Mid
33-053-05855-0000,DALLAS 2X-13H,SM ENERGY COMPANY,Three Forks,10075.0,2014-09-24,327.383331299,220.12437439,174.607116699,126.572601318,32.49462345399504,434.778198242,Mid
33-053-05857-0000,JAMESTOWN FEDERAL 3-17H1,"CONTINENTAL RESOURCES, INC.",Three Forks,9926.0,2014-12-25,675.557983398,527.984558105,429.323272705,396.557342529,68.05943818234938,434.778198242,Mid
33-053-05858-0000,GAJEWSKI  31-18TFH,WHITING OIL AND GAS CORPORATION,Three Forks,9490.0,2014-07-10,46.211727142,24.948745728,25.223552704,25.058324814,4.869518139304531,434.778198242,Bottom
33-053-05863-0000,RIECKHOFF 21X-3G,XTO ENERGY INC,Three Forks,9709.0,2014-12-21,70.364402771,48.955554962,42.53534317,37.329360962,7.247337807292204,434.778198242,Bottom
33-053-05865-0000,RIECKHOFF 21X-3F,XTO ENERGY INC,Three Forks,9605.0,2015-01-27,552.660949707,389.592590332,335.531494141,231.388122559,57.538880760749606,434.778198242,Mid
33-053-05877-0000,EXCALIBUR 6-25-36H,"EMERALD OIL, INC",Three Forks,8955.0,2015-03-19,595.091125488,379.35333252,278.734008789,223.845153809,66.45350368375209,434.778198242,Mid
33-053-05879-0000,NELSON FEDERAL 41X-5H,XTO ENERGY INC,Three Forks,10199.0,2015-10-26,108.663581848,103.027481079,93.290473938,70.861709595,10.654336880870675,434.778198242,Bottom
33-053-05882-0000,LINSETH 3-22-15TH,QEP ENERGY COMPANY,Three Forks,9879.0,2014-12-11,418.484405518,287.522399902,196.185028076,126.250099182,42.36100875776901,434.778198242,Mid
33-053-05884-0000,LINSETH 16-21-15-22LL,QEP ENERGY COMPANY,Three Forks,10080.0,2014-12-15,1181.150512695,933.228027344,677.356567383,469.471740723,117.17763022767858,434.778198242,Top
33-053-05885-0000,KIRKLAND 14-23-13-24LL,QEP ENERGY COMPANY,Three Forks,10207.0,2014-10-13,277.226745605,188.986968994,132.612854004,91.943099976,27.160453179680612,434.778198242,Mid
33-053-05888-0000,COPPER DRAW 11-27TFH ULW,BURLINGTON RESOURCES OIL & GAS COMPANY LP,Three Forks,9522.0,2014-10-31,664.707519531,516.494995117,471.380828857,421.912414551,69.8075529858223,434.778198242,Mid
33-053-05892-0000,OLSON 4-8H1,"CONTINENTAL RESOURCES, INC.",Three Forks,9333.0,2014-09-28,862.599975586,751.339782715,679.204589844,538.39453125,92.42472683874425,434.778198242,Top
33-053-05896-0000,SHENANDOAH 24-36TFH,BURLINGTON RESOURCES OIL & GAS COMPANY LP,Three Forks,9436.0,2015-04-12,778.400024414,602.119995117,431.961120605,293.933197021,82.49258418969902,434.778198242,Mid
33-053-05900-0000,FORT BERTHOLD 152-93-19D-18-11H,"HRC OPERATING, LLC",Three Forks,9764.0,2015-07-30,1234.774169922,853.248901367,615.731506348,450.147064209,126.46191826321181,434.778198242,Top
33-053-05902-0000,OMLID 41X-13H,XTO ENERGY INC,Three Forks,9316.0,2015-01-17,687.944091797,531.809448242,417.600769043,305.552520752,73.84543707567626,434.778198242,Mid
33-053-05904-0000,OMLID 41X-13G,XTO ENERGY INC,Three Forks,9832.0,2015-01-23,672.431152344,495.077789307,371.265289307,271.191680908,68.3921025573637,434.778198242,Mid
33-053-05906-0000,WADE FEDERAL 5300 31-30 11T,OASIS PETROLEUM NORTH AMERICA LLC,Three Forks,9413.0,2015-05-21,575.857788086,571.204345703,426.233764648,328.009735107,61.176860521194094,434.778198242,Mid
33-053-05909-0000,HOFFMANN 14X-12E,XTO ENERGY INC,Three Forks,9619.0,2014-12-26,612.785705566,404.361480713,273.683013916,179.71697998,63.70576001309908,434.778198242,Mid
33-053-05914-0000,STENEHJEM 27-34-2H,ABRAXAS PETROLEUM CORP.,Three Forks,9246.0,2014-12-08,585.225830078,355.533325195,249.023361206,191.659362793,63.295028128704296,434.778198242,Mid
33-053-05916-0000,STENEHJEM 27-34-4H,ABRAXAS PETROLEUM CORP.,Three Forks,9258.0,2014-12-08,642.161315918,562.511108398,461.135040283,307.710510254,69.36285546748759,434.778198242,Mid
33-053-05919-0000,SALERS FEDERAL  4-27H1,"CONTINENTAL RESOURCES, INC.",Three Forks,9829.0,2015-07-29,267.758056641,204.675979614,153.366455078,118.043968201,27.241637668226673,434.778198242,Mid
33-053-05921-0000,SALERS FEDERAL  6-27H1,"CONTINENTAL RESOURCES, INC.",Three Forks,9498.0,2015-07-30,946.153320312,918.337280273,873.192260742,811.742492676,99.61605815034746,434.778198242,Top
33-053-05923-0000,BULLRUSH 2-7-9UTFH,BURLINGTON RESOURCES OIL & GAS COMPANY LP,Three Forks,9846.0,2014-12-12,911.693359375,652.953063965,578.147216797,492.557067871,92.59530361314239,434.778198242,Top
33-053-05924-0000,CHALMERS 5301 44-24 2TR,OASIS PETROLEUM NORTH AMERICA LLC,Three Forks,9669.0,2014-12-18,79.555557251,34.888889313,26.236680984,24.8723526,8.227899188230426,434.778198242,Bottom
33-053-05926-0000,LILLIBRIDGE 41-27TFH-ULW,BURLINGTON RESOURCES OIL & GAS COMPANY LP,Three Forks,9932.0,2014-12-25,110.181358337,99.65537262,103.215065002,112.12928772,11.093572124144181,434.778198242,Bottom
33-053-05928-0000,COPPER DRAW 41-27TFH,BURLINGTON RESOURCES OIL & GAS COMPANY LP,Three Forks,9217.0,2015-03-10,177.940856934,142.428070068,108.021621704,88.483863831,19.30572387262667,434.778198242,Bottom
33-053-05930-0000,AN-BRENNA- 153-94-3130H-6,"HESS BAKKEN INVESTMENTS II, LLC",Three Forks,8968.0,2015-08-30,210.036300659,155.934158325,124.271537781,82.854850769,23.420640127007136,434.778198242,Mid
33-053-05932-0000,AN-BRENNA- 153-94-3130H-8,"HESS BAKKEN INVESTMENTS II, LLC",Three Forks,7873.0,2015-08-25,374.123077393,292.594451904,236.126022339,187.64994812,47.51976087806427,434.778198242,Mid
33-053-05934-0000,AN-BRENNA- LE-153-94-3129H-2,"HESS BAKKEN INVESTMENTS II, LLC",Three Forks,7245.0,2015-04-25,877.61505127,581.36706543,427.653106689,287.575164795,121.13389251483781,434.778198242,Top
33-053-05937-0000,MCCOY 44X-23G2,XTO ENERGY INC,Three Forks,9491.0,2015-05-22,97.588890076,73.507644653,56.62739563,44.703197479,10.28225582931198,434.778198242,Bottom
33-053-05939-0000,MCCOY 44X-23H,XTO ENERGY INC,Three Forks,9506.0,2015-04-21,78.101028442,109.758842468,86.295066833,67.046203613,8.215971853776562,434.778198242,Bottom
33-053-05940-0000,LUNDIN FEDERAL 31X-9H,XTO ENERGY INC,Three Forks,9738.0,2015-03-30,486.093322754,423.191741943,323.18649292,261.626098633,49.917161917642225,434.778198242,Mid
33-053-05942-0000,LUNDIN FEDERAL 31X-9G,XTO ENERGY INC,Three Forks,9490.0,2015-04-27,366.386657715,297.204925537,292.626922607,216.127456665,38.607656239726026,434.778198242,Mid
33-053-05943-0000,WADE FEDERAL 5300 41-30 4T,OASIS PETROLEUM NORTH AMERICA LLC,Three Forks,9114.0,2015-05-29,141.569885254,122.901855469,84.698066711,53.197998047,15.533232966205837,434.778198242,Bottom
33-053-05944-0000,AN-EVENSON- LW-152-95-1003H-2,"HESS BAKKEN INVESTMENTS II, LLC",Three Forks,10318.0,2015-01-01,236.333328247,138.325927734,101.62449646,82.269859314,22.904955247819345,434.778198242,Mid
33-053-05948-0000,SHENANDOAH 44-36TFH,BURLINGTON RESOURCES OIL & GAS COMPANY LP,Three Forks,9692.0,2015-02-26,877.22454834,783.682250977,709.931091309,462.980834961,90.51016800866694,434.778198242,Top
33-053-05957-0000,TAT 4-35-26TH,QEP ENERGY COMPANY,Three Forks,9697.0,2015-06-29,195.370437622,140.821640015,112.680809021,74.131965637,20.147513418789316,434.778198242,Bottom
33-053-05958-0000,USA 153-96-24C-13-2H,"PETRO-HUNT, L.L.C.",Three Forks,9592.0,2017-10-30,219.827774048,190.414749146,155.18977356,160.280090332,22.91782465054212,434.778198242,Mid
33-053-05961-0000,USA 153-96-24C-13-5H,"PETRO-HUNT, L.L.C.",Three Forks,9494.0,2017-10-16,664.111083984,558.860229492,466.074707031,398.424743652,69.95060922519485,434.778198242,Mid
33-053-05965-0000,ROLFSRUD STATE 152-96-29-32-11H,NEWFIELD PRODUCTION COMPANY,Three Forks,9888.0,2014-11-12,177.623474121,140.891662598,123.939491272,97.439910889,17.963539049453882,434.778198242,Bottom
33-053-05967-0000,ROLFSRUD STATE 152-96-29-32-12H,NEWFIELD PRODUCTION COMPANY,Three Forks,9688.0,2014-11-12,154.144622803,124.799804688,112.347366333,94.835403442,15.910881792217175,434.778198242,Bottom
33-053-05968-0000,HA-DAHL- 152-95-0706H-4,"HESS BAKKEN INVESTMENTS II, LLC",Three Forks,10863.0,2015-02-24,1266.852661133,929.874206543,685.312316895,470.200561523,116.6208838380742,434.778198242,Top
33-053-05970-0000,HA-DAHL- 152-95-0706H-6,"HESS BAKKEN INVESTMENTS II, LLC",Three Forks,10939.0,2015-03-06,1377.540039062,931.634094238,650.399169922,421.248962402,125.92924756028887,434.778198242,Top
33-053-05972-0000,HA-DAHL- LW-152-95-0706H-1,"HESS BAKKEN INVESTMENTS II, LLC",Three Forks,10978.0,2015-03-17,341.761108398,285.915252686,237.457641602,171.430587769,31.13145458170887,434.778198242,Mid
33-053-05973-0000,SEVERIN 9-8-16-17LL,QEP ENERGY COMPANY,Three Forks,9799.0,2014-09-20,1443.427978516,1246.157592773,899.44921875,601.315002441,147.3036002159404,434.778198242,Top
33-053-05977-0000,TARPON FEDERAL 24-20-1RTF,WHITING OIL AND GAS CORPORATION,Three Forks,9530.0,2014-12-17,1521.960205078,991.520996094,610.137817383,361.27935791,159.70201522329486,434.778198242,Top
33-053-05978-0000,TARPON FEDERAL 24-20-2RTF,WHITING OIL AND GAS CORPORATION,Three Forks,9516.0,2014-12-17,1495.408813477,775.123291016,479.117279053,301.778076172,157.14678577942414,434.778198242,Top
33-053-05980-0000,TARPON FEDERAL 24-20-3RTF,WHITING OIL AND GAS CORPORATION,Three Forks,9599.0,2015-01-26,1203.078613281,693.936584473,445.645263672,307.654327393,125.33374448182101,434.778198242,Top
33-053-05988-0000,HA-SANFORD- 152-96-1819H-3,"HESS BAKKEN INVESTMENTS II, LLC",Three Forks,10021.0,2015-10-05,681.920837402,463.117156982,300.574188232,205.873977661,68.0491804612314,434.778198242,Mid
33-053-05990-0000,HA-SANFORD- 152-96-1819H-5,"HESS BAKKEN INVESTMENTS II, LLC",Three Forks,9405.0,2015-10-10,694.480957031,497.230773926,352.954345703,239.794692993,73.8416753887294,434.778198242,Mid
33-053-05998-0000,WADE FEDERAL  5300 41-30 7T,OASIS PETROLEUM NORTH AMERICA LLC,Three Forks,9350.0,2015-06-24,614.0,339.638000488,205.680908203,163.272109985,65.66844919786097,434.778198242,Mid
33-053-06001-0000,BAILEY 4-24H2,"CONTINENTAL RESOURCES, INC.",Three Forks,10453.0,2015-03-29,631.700012207,551.942565918,415.780181885,284.50958252,60.43241291562231,434.778198242,Mid
33-053-06003-0000,BAILEY 6-24H1,"CONTINENTAL RESOURCES, INC.",Three Forks,10447.0,2015-03-29,286.223144531,184.946121216,119.259651184,99.479423523,27.39763994744903,434.778198242,Mid
33-053-06005-0000,WILEY 4-25H2,"CONTINENTAL RESOURCES, INC.",Three Forks,2381.0,2017-07-30,713.450012207,566.450012207,643.136962891,518.645812988,299.6430122666947,434.778198242,Mid
33-053-06009-0000,RIECKHOFF 21X-3E,XTO ENERGY INC,Three Forks,10327.0,2015-01-22,492.364379883,359.702514648,341.45489502,244.401672363,47.67738741967658,434.778198242,Mid
33-053-06011-0000,CHALMERS 5301 44-24 4T2R,OASIS PETROLEUM NORTH AMERICA LLC,Three Forks,9888.0,2014-12-28,419.466674805,284.047332764,158.319061279,92.312057495,42.42179154581311,434.778198242,Mid
33-053-06012-0000,CHALMERS WADE FEDERAL 5301 44-24 12TXR,OASIS PETROLEUM NORTH AMERICA LLC,Three Forks,9632.0,2014-12-31,614.387084961,408.555175781,291.117095947,200.696548462,63.78603456821014,434.778198242,Mid
33-053-06014-0000,JAMESTOWN FEDERAL 7-17H,"CONTINENTAL RESOURCES, INC.",Three Forks,10003.0,2014-11-28,558.089416504,527.404296875,470.854888916,397.736358643,55.792203989203244,434.778198242,Mid
33-053-06015-0000,GARIETY 150-99-36-25-11H,NEWFIELD PRODUCTION COMPANY,Three Forks,9881.0,2014-10-06,509.391113281,378.495697021,294.958526611,208.915328979,51.552587114765714,434.778198242,Mid
33-053-06016-0000,SYVERSON 150-99-36-25-10H,NEWFIELD PRODUCTION COMPANY,Three Forks,9487.0,2014-09-29,371.262359619,356.09677124,266.037017822,183.256378174,39.13379989659534,434.778198242,Mid
33-053-06017-0000,MOBERG 18-13LL,QEP ENERGY COMPANY,Three Forks,4715.0,2014-08-27,209.612960815,187.380462646,141.232925415,93.861480713,44.45661947295864,434.778198242,Mid
33-053-06018-0000,CHALMERS 5300 21-19 5T,OASIS PETROLEUM NORTH AMERICA LLC,Three Forks,9764.0,2015-07-14,709.342834473,481.193328857,394.663024902,307.748657227,72.64879500952479,434.778198242,Mid
33-053-06021-0000,CHALMERS 5300 21-19 8T,OASIS PETROLEUM NORTH AMERICA LLC,Three Forks,9346.0,2015-07-21,602.676513672,312.848144531,243.103637695,177.731506348,64.48496829360154,434.778198242,Mid
33-053-06022-0000,CHALMERS 5300 21-19 10T,OASIS PETROLEUM NORTH AMERICA LLC,Three Forks,9440.0,2015-05-16,744.075561523,561.346252441,431.793701172,309.214660645,78.82156372065678,434.778198242,Mid
33-053-06025-0000,KLINE FEDERAL 5300 41-18 9T,OASIS PETROLEUM NORTH AMERICA LLC,Three Forks,9587.0,2015-09-09,85.263336182,36.624732971,27.632066727,25.085296631,8.893640991133827,434.778198242,Bottom
33-053-06028-0000,KLINE FEDERAL 5300 41-18 13T2X,OASIS PETROLEUM NORTH AMERICA LLC,Three Forks,9569.0,2015-08-27,684.192871094,295.837280273,212.161636353,140.160827637,71.50097931800606,434.778198242,Mid
33-053-06030-0000,KLINE FEDERAL 5300 41-18 12TX,OASIS PETROLEUM NORTH AMERICA LLC,Three Forks,9404.0,2015-09-08,80.161109924,60.746116638,50.526721954,34.94916153,8.52415035346661,434.778198242,Bottom
33-053-06031-0000,JOHNSON 3-9-4TH,QEP ENERGY COMPANY,Three Forks,9600.0,2015-02-07,390.200714111,301.361175537,217.40057373,148.721511841,40.64590771989584,434.778198242,Mid
33-053-06033-0000,JOHNSON 8-5-9-4LL,QEP ENERGY COMPANY,Three Forks,9540.0,2015-02-05,437.393066406,307.048553467,261.38571167,173.980865479,45.84832981194969,434.778198242,Mid
33-053-06035-0000,STATE 3-16-21TH,QEP ENERGY COMPANY,Three Forks,9800.0,2015-03-06,1198.133300781,1103.051269531,871.061157227,671.243469238,122.25850007969386,434.778198242,Top
33-053-06038-0000,JOEL GOODSEN 6-32-29H,"EMERALD OIL, INC",Three Forks,9407.0,2015-05-11,80.05166626,50.854061127,39.99974823,30.242221832,8.509797625172745,434.778198242,Bottom
33-053-06042-0000,HARLEY 11-2TFH-R,BURLINGTON RESOURCES OIL & GAS COMPANY LP,Three Forks,8247.0,2015-06-24,309.6277771,135.96434021,86.374702454,75.540817261,37.544292118346064,434.778198242,Mid
33-053-06044-0000,HARLEY 21-2TFH-R,BURLINGTON RESOURCES OIL & GAS COMPANY LP,Three Forks,8674.0,2015-06-20,681.12902832,545.939941406,547.872619629,367.547943115,78.52536641918377,434.778198242,Mid
33-053-06046-0000,DURHAM 6-2H1,"CONTINENTAL RESOURCES, INC.",Three Forks,9581.0,2015-03-31,507.339996338,359.346588135,350.626525879,311.788665771,52.95271854065338,434.778198242,Mid
33-053-06049-0000,JOHNSON 24X-31E,XTO ENERGY INC,Three Forks,9512.0,2015-03-26,161.330459595,119.798477173,83.754493713,59.131404877,16.960729562132045,434.778198242,Bottom
33-053-06050-0000,JOHNSON FEDERAL 24X-31F,XTO ENERGY INC,Three Forks,9392.0,2015-03-27,167.884414673,141.087860107,118.272720337,84.769088745,17.87525709891397,434.778198242,Bottom
33-053-06054-0000,MIRAMAR 3-32H1,"CONTINENTAL RESOURCES, INC.",Three Forks,9430.0,2015-01-28,384.972045898,354.752868652,328.530090332,250.033050537,40.82418302205726,434.778198242,Mid
33-053-06056-0000,KLINE FEDERAL  5300 31-18 7T,OASIS PETROLEUM NORTH AMERICA LLC,Three Forks,9483.0,2015-09-17,680.299987793,461.487121582,347.987365723,249.786956787,71.73889990435516,434.778198242,Mid
33-053-06059-0000,HA-THOMPSON- 152-95-1720H-8,"HESS BAKKEN INVESTMENTS II, LLC",Three Forks,10007.0,2015-05-31,1276.252197266,867.097839355,616.70916748,401.247497559,127.53594456540422,434.778198242,Top
33-053-06060-0000,HA-THOMPSON- 152-95-1720H-9,"HESS BAKKEN INVESTMENTS II, LLC",Three Forks,9609.0,2015-06-09,989.919372559,635.566650391,439.585418701,282.287109375,103.02002003944219,434.778198242,Top
33-053-06063-0000,SAND CREEK FEDERAL 153-96-21-28-10H,NEWFIELD PRODUCTION COMPANY,Three Forks,9817.0,2015-01-01,157.682800293,115.39629364,107.045043945,93.854263306,16.06221863023327,434.778198242,Bottom
33-053-06065-0000,RANGER 21X-18E,XTO ENERGY INC,Three Forks,9213.0,2015-05-25,125.623809814,106.540306091,103.405586243,76.368858337,13.63549438988386,434.778198242,Bottom
33-053-06068-0000,RANGER 21X-18F,XTO ENERGY INC,Three Forks,9549.0,2015-06-25,73.12903595,65.575271606,59.745204926,47.791782379,7.65829259084721,434.778198242,Bottom
33-053-06070-0000,RANGER 21X-18G,XTO ENERGY INC,Three Forks,10054.0,2015-05-22,140.116668701,106.962036133,83.166595459,67.545372009,13.936410254724489,434.778198242,Bottom
33-053-06072-0000,HAMMERHEAD 11-26TFH,BURLINGTON RESOURCES OIL & GAS COMPANY LP,Three Forks,9748.0,2015-06-17,264.863708496,205.952667236,196.657821655,136.691925049,27.171082118998772,434.778198242,Mid
33-053-06074-0000,HAMMERHEAD 31-26TFH,BURLINGTON RESOURCES OIL & GAS COMPANY LP,Three Forks,9204.0,2015-04-29,561.063110352,476.569885254,368.294128418,239.359176636,60.95861694393741,434.778198242,Mid
33-053-06076-0000,HAMMERHEAD 21-26TFH,BURLINGTON RESOURCES OIL & GAS COMPANY LP,Three Forks,9252.0,2015-05-17,643.450012207,511.514343262,419.89932251,269.923278809,69.54712626534803,434.778198242,Mid
33-053-06077-0000,HAMMERHEAD 41-26TFH,BURLINGTON RESOURCES OIL & GAS COMPANY LP,Three Forks,9622.0,2015-03-31,626.019042969,569.341552734,485.679626465,334.423583984,65.06121835055082,434.778198242,Mid
33-053-06085-0000,FLORIDA FEDERAL 4-11H1,"CONTINENTAL RESOURCES, INC.",Three Forks,14300.0,2017-02-28,448.881713867,364.635192871,299.959869385,198.66758728,31.390329641048947,434.778198242,Mid
33-053-06086-0000,ALPHA 4-14H1,"CONTINENTAL RESOURCES, INC.",Three Forks,6557.0,2017-03-11,245.361114502,221.769134521,201.43132019,145.575805664,37.41972159554674,434.778198242,Mid
33-053-06093-0000,JAMES FEDERAL 16X-35HB,SM ENERGY COMPANY,Three Forks,9154.0,2015-01-23,95.577774048,83.057289124,59.608940125,48.736434937,10.441093953244483,434.778198242,Bottom
33-053-06095-0000,BROOKS 2-4H1,"CONTINENTAL RESOURCES, INC.",Three Forks,8844.0,2014-11-28,597.944091797,468.054534912,428.866363525,308.350372314,67.61014154194936,434.778198242,Mid
33-053-06096-0000,JAMES FEDERAL 16X-35HA,SM ENERGY COMPANY,Three Forks,9089.0,2014-12-30,127.54888916,84.861351013,67.133232117,52.666648865,14.033324805809219,434.778198242,Bottom
33-053-06101-0000,SIMPSON 151-102-5-8-10TFH,TRIANGLE USA PETROLEUM CORPORATION,Three Forks,9441.0,2015-05-14,346.806060791,241.715408325,194.469085693,131.454879761,36.73403885086325,434.778198242,Mid
33-053-06113-0000,JOHNSON 24X-31EXH,XTO ENERGY INC,Three Forks,10414.0,2015-03-27,220.76991272,173.133026123,125.870803833,85.758537292,21.199338651814866,434.778198242,Mid
33-053-06115-0000,STENEHJEM  15X-9H,SM ENERGY COMPANY,Three Forks,9518.0,2016-06-05,92.731048584,60.983951569,45.46339035,34.027248383,9.742703150241647,434.778198242,Bottom
33-053-06119-0000,BB-BELQUIST- 150-95-1110H-9,"HESS BAKKEN INVESTMENTS II, LLC",Three Forks,10293.0,2015-04-16,371.555206299,219.889434814,161.419128418,113.912849426,36.09785352171379,434.778198242,Mid
33-053-06124-0000,FOREMAN 1-2-1TH,QEP ENERGY COMPANY,Three Forks,9627.0,2015-05-03,275.99017334,216.54258728,213.142486572,175.036621094,28.668346664589176,434.778198242,Mid
33-053-06125-0000,SKAAR FEDERAL 153-96-29-11H,NEWFIELD PRODUCTION COMPANY,Three Forks,4895.0,2015-05-08,129.598892212,103.229423523,75.283561707,54.87953949,26.475769604085805,434.778198242,Bottom
33-053-06127-0000,SKAAR FEDERAL 153-96-29-10H,NEWFIELD PRODUCTION COMPANY,Three Forks,4766.0,2015-05-07,98.595367432,81.771682739,70.288581848,54.974430084,20.68723613764163,434.778198242,Bottom
33-053-06128-0000,FOREMAN 36-35-1-2LL,QEP ENERGY COMPANY,Three Forks,8627.0,2015-02-15,1010.515563965,889.10369873,712.355712891,552.865478516,117.13406328561491,434.778198242,Top
33-053-06129-0000,WADE FEDERAL 5300 21-30 12T,OASIS PETROLEUM NORTH AMERICA LLC,Three Forks,9296.0,2015-05-03,675.847106934,497.574920654,450.518829346,326.764923096,72.70300203679001,434.778198242,Mid
33-053-06133-0000,RADERMECHER 2-22H1,"CONTINENTAL RESOURCES, INC.",Three Forks,9714.0,2017-01-26,1373.419311523,1226.254150391,1056.206665039,819.535461426,141.385558114371,434.778198242,Top
33-053-06134-0000,RADERMECHER 4-22H2,"CONTINENTAL RESOURCES, INC.",Three Forks,9606.0,2017-01-29,337.30645752,303.604827881,244.186538696,190.122299194,35.114142985633976,434.778198242,Mid
33-053-06135-0000,NORFOLK 6-1H1,"CONTINENTAL RESOURCES, INC.",Three Forks,9542.0,2015-04-27,453.516662598,293.27142334,280.84588623,248.004989624,47.52847019471809,434.778198242,Mid
33-053-06139-0000,NELSON 24X-11F,XTO ENERGY INC,Three Forks,9637.0,2015-03-26,265.170928955,226.655288696,190.532424927,133.243759155,27.51592082131369,434.778198242,Mid
33-053-06141-0000,NELSON 24X-11E,XTO ENERGY INC,Three Forks,9432.0,2015-03-26,552.319335938,443.16595459,356.492431641,284.848937988,58.558029679601354,434.778198242,Mid
33-053-06143-0000,JOHNSON FEDERAL 11X-5E,XTO ENERGY INC,Three Forks,9015.0,2015-05-20,498.493347168,410.426513672,327.813690186,259.073425293,55.29598970249584,434.778198242,Mid
33-053-06144-0000,JOHNSON FEDERAL 11X-5F,XTO ENERGY INC,Three Forks,9610.0,2015-05-21,113.896774292,95.921112061,92.107765198,72.097343445,11.851901591259105,434.778198242,Bottom
33-053-06150-0000,BB-BELQUIST- 150-95-1110H-11,"HESS BAKKEN INVESTMENTS II, LLC",Three Forks,10567.0,2015-03-27,194.661117554,151.237030029,124.608848572,76.787231445,18.421606657897225,434.778198242,Bottom
33-053-06152-0000,TETON 2-1-3MTFH,BURLINGTON RESOURCES OIL & GAS COMPANY LP,Three Forks,9322.0,2015-07-01,102.75806427,89.017379761,65.672897339,38.582584381,11.02317788779232,434.778198242,Bottom
33-053-06153-0000,TETONORMAN 1-1-3UTFH ULW,BURLINGTON RESOURCES OIL & GAS COMPANY LP,Three Forks,9291.0,2015-06-22,190.089111328,131.108779907,112.244148254,108.642921448,20.45948889549026,434.778198242,Bottom
33-053-06154-0000,KINGS CANYON 2-8-34UTFH,BURLINGTON RESOURCES OIL & GAS COMPANY LP,Three Forks,10069.0,2015-07-19,143.138031006,112.370193481,95.759017944,79.535263062,14.215714669381269,434.778198242,Bottom
33-053-06156-0000,AMUNDSON 34X-22E,XTO ENERGY INC,Three Forks,10138.0,2015-07-29,869.98223877,548.351867676,382.675354004,238.901931763,85.8139908039061,434.778198242,Top
33-053-06158-0000,AMUNDSON 34X-22F,XTO ENERGY INC,Three Forks,8917.0,2015-07-24,234.866668701,159.015594482,120.371627808,81.046379089,26.33920250095324,434.778198242,Mid
33-053-06172-0000,HELSINGBORG FEDERAL 153-96-22-27-10H,NEWFIELD PRODUCTION COMPANY,Three Forks,9807.0,2014-12-16,166.796951294,119.234588623,65.835891724,85.058876038,17.007948536147648,434.778198242,Bottom
33-053-06174-0000,MILES 4-6H1,"CONTINENTAL RESOURCES, INC.",Three Forks,9409.0,2015-02-25,593.135070801,538.755554199,460.053314209,366.245880127,63.03911901381655,434.778198242,Mid
33-053-06176-0000,KENNEDY 4-31H1,"CONTINENTAL RESOURCES, INC.",Three Forks,10275.0,2015-02-26,203.31111145,161.27482605,143.016601562,99.803123474,19.786969484184915,434.778198242,Bottom
33-053-06193-0000,ROLFSRUD STATE  152-96-29-32-13HLW,NEWFIELD PRODUCTION COMPANY,Three Forks,9850.0,2014-11-05,161.920974731,135.066131592,128.882263184,104.974731445,16.438677637664977,434.778198242,Bottom
33-053-06195-0000,BB-CHAPIN A- 151-95-0403H-8,"HESS BAKKEN INVESTMENTS II, LLC",Three Forks,10203.0,2015-07-24,743.674194336,535.351989746,406.558135986,270.898071289,72.88779715142606,434.778198242,Mid
33-053-06197-0000,BB-CHAPIN A- 151-95-0403H-10,"HESS BAKKEN INVESTMENTS II, LLC",Three Forks,10156.0,2015-08-02,868.733337402,643.830566406,493.852813721,328.633239746,85.53892648700275,434.778198242,Top
33-053-06200-0000,KELLOGG RANCH FEDERAL 2-32H1,"CONTINENTAL RESOURCES, INC.",Three Forks,10454.0,2015-09-17,268.021514893,261.151672363,231.460266113,196.292434692,25.63817819906256,434.778198242,Mid
33-053-06202-0000,NORDENG 2-5H1,"CONTINENTAL RESOURCES, INC.",Three Forks,9060.0,2015-06-28,260.274200439,238.801147461,208.859405518,173.823852539,28.72783669304636,434.778198242,Mid
33-053-06206-0000,GRANLI 34X-20H,XTO ENERGY INC,Three Forks,9969.0,2015-07-17,300.707580566,188.802474976,158.257354736,109.813446045,30.16426728518407,434.778198242,Mid
33-053-06213-0000,TARPON FEDERAL 44-19-3RTF,WHITING OIL AND GAS CORPORATION,Three Forks,9050.0,2015-02-20,857.966674805,641.212158203,409.305358887,249.057540894,94.80294749226519,434.778198242,Top
33-053-06218-0000,ERNESTINE USA 11-14TFH-2B,MARATHON OIL COMPANY,Three Forks,12543.0,2015-06-08,211.753051758,172.522918701,180.4347229,149.207244873,16.88216947763693,434.778198242,Mid
33-053-06219-0000,TONY LUN USA 12-14TFH,MARATHON OIL COMPANY,Three Forks,12431.0,2015-06-17,1053.731201172,817.255554199,763.992492676,642.394226074,84.76640665851501,434.778198242,Top
33-053-06225-0000,KLINE FEDERAL 5300 11-18 3T,OASIS PETROLEUM NORTH AMERICA LLC,Three Forks,9734.0,2015-08-29,90.091400146,63.791667938,42.914051056,26.636346817,9.255331841586193,434.778198242,Bottom
33-053-06227-0000,ROLLA FEDERAL 153-96-29-12H,NEWFIELD PRODUCTION COMPANY,Three Forks,4813.0,2015-05-03,285.857788086,237.699996948,167.783737183,115.150154114,59.39285021525037,434.778198242,Mid
33-053-06228-0000,SAND CREEK FEDERAL  153-96-21-28-13HLW,NEWFIELD PRODUCTION COMPANY,Three Forks,9653.0,2014-12-30,177.176879883,101.483329773,52.703227997,81.501548767,18.354592342587797,434.778198242,Bottom
33-053-06230-0000,FRISCO 2-31H1,"CONTINENTAL RESOURCES, INC.",Three Forks,9287.0,2015-03-27,193.974716187,149.017913818,136.924194336,118.897743225,20.886692816517712,434.778198242,Bottom
33-053-06232-0000,GRAMMA FEDERAL 5300 41-31 13T,OASIS PETROLEUM NORTH AMERICA LLC,Three Forks,9317.0,2015-07-05,57.527778625,38.873661041,26.675046921,22.397594452,6.174495934850274,434.778198242,Bottom
33-053-06233-0000,JONES 3-15-23TH,QEP ENERGY COMPANY,Three Forks,10430.0,2015-09-30,1233.39440918,1325.087402344,1072.224609375,788.031860352,118.2544975244487,434.778198242,Top
33-053-06234-0000,JONES 5-15-22TH,QEP ENERGY COMPANY,Three Forks,9814.0,2015-09-27,392.763427734,311.321746826,259.856018066,180.796798706,40.02072832015488,434.778198242,Mid
33-053-06236-0000,JONES 6-15-22TH,QEP ENERGY COMPANY,Three Forks,9743.0,2015-09-24,299.168640137,264.446899414,234.345870972,194.567840576,30.70600843036026,434.778198242,Mid
33-053-06238-0000,JONES 15-22-16-21LL,QEP ENERGY COMPANY,Three Forks,9822.0,2015-09-19,1442.966674805,1203.493408203,1059.257080078,797.36126709,146.91169566330686,434.778198242,Top
33-053-06239-0000,WISNESS 150-100-23-14-11TFH,TRIANGLE USA PETROLEUM CORPORATION,Three Forks,9806.0,2015-04-29,400.645172119,300.215759277,230.334350586,160.231811523,40.85714584121966,434.778198242,Mid
33-053-06241-0000,WISNESS 150-100-23-14-12TFH,TRIANGLE USA PETROLEUM CORPORATION,Three Forks,8395.0,2015-04-12,209.293823242,198.600006104,140.161972046,,24.93077108302561,434.778198242,Mid
33-053-06244-0000,KOALA 13-31-30-3H3,KODIAK OIL & GAS (USA) INC.,Three Forks,9020.0,2015-03-14,560.700012207,429.745635986,330.140350342,229.114700317,62.16186388104213,434.778198242,Mid
33-053-06246-0000,KOALA 13-31-30-4H3,KODIAK OIL & GAS (USA) INC.,Three Forks,8649.0,2015-03-14,732.099975586,524.880004883,384.415405273,243.82333374,84.64562094878022,434.778198242,Mid
33-053-06248-0000,JONES 2-15-23TH,QEP ENERGY COMPANY,Three Forks,10741.0,2015-09-15,1224.971801758,815.359008789,713.99395752,539.999816895,114.04634594153245,434.778198242,Top
33-053-06249-0000,JONES 1-15-23TH,QEP ENERGY COMPANY,Three Forks,11366.0,2015-09-04,1078.947265625,734.890197754,675.427368164,484.432891846,94.92761443119831,434.778198242,Top
33-053-06254-0000,P. LEVANG 14-13-23-24LL,QEP ENERGY COMPANY,Three Forks,9933.0,2015-05-09,262.058532715,195.943710327,140.776901245,114.767944336,26.382616804087387,434.778198242,Mid
33-053-06255-0000,JOHNSRUD FEDERAL 34X-14G,XTO ENERGY INC,Three Forks,10014.0,2015-10-28,642.055969238,612.348144531,521.052307129,396.55178833,64.1158347551428,434.778198242,Mid
33-053-06257-0000,JOHNSRUD FEDERAL 34X-14H,XTO ENERGY INC,Three Forks,9982.0,2015-09-21,166.147979736,111.916366577,67.643608093,46.898777008,16.644758538970148,434.778198242,Bottom
33-053-06260-0000,TAT 5-35-26TH,QEP ENERGY COMPANY,Three Forks,9774.0,2015-07-14,179.501464844,124.192100525,83.142692566,58.119750977,18.36520000450174,434.778198242,Bottom
33-053-06267-0000,HA-THOMPSON- 152-95-1720H-11,"HESS BAKKEN INVESTMENTS II, LLC",Three Forks,9796.0,2015-06-19,288.202697754,237.079879761,196.866165161,136.881072998,29.420446891996733,434.778198242,Mid
33-053-06273-0000,KINGS CANYON 4-8-34UTFH,BURLINGTON RESOURCES OIL & GAS COMPANY LP,Three Forks,9193.0,2015-07-19,396.108886719,429.272399902,300.544769287,235.092269897,43.088098196345044,434.778198242,Mid
33-053-06275-0000,KINGS CANYON 5-8-34UTFH,BURLINGTON RESOURCES OIL & GAS COMPANY LP,Three Forks,9041.0,2015-07-23,451.861297607,381.254852295,315.943359375,218.009140015,49.979128150315226,434.778198242,Mid
33-053-06276-0000,TETON  5-1-3TFSH,BURLINGTON RESOURCES OIL & GAS COMPANY LP,Three Forks,10959.0,2015-07-21,498.611114502,473.044799805,444.676177979,324.019256592,45.4978660919792,434.778198242,Mid
33-053-06280-0000,TETON 6-8-10TFSH,BURLINGTON RESOURCES OIL & GAS COMPANY LP,Three Forks,9654.0,2015-07-12,172.108520508,144.061172485,112.199188232,64.896102905,17.827690129272842,434.778198242,Bottom
33-053-06282-0000,KINGS CANYON 6-1-27MTFH,BURLINGTON RESOURCES OIL & GAS COMPANY LP,Three Forks,9906.0,2015-08-02,75.049308777,37.543209076,25.128383636,15.90725708,7.576146656268927,434.778198242,Bottom
33-053-06283-0000,KINGS CANYON 4-1-27MTFH,BURLINGTON RESOURCES OIL & GAS COMPANY LP,Three Forks,9769.0,2015-07-23,178.809326172,141.304321289,87.442390442,56.235408783,18.30374922428089,434.778198242,Bottom
33-053-06284-0000,KINGS CANYON 3-1-27MTFH,BURLINGTON RESOURCES OIL & GAS COMPANY LP,Three Forks,9714.0,2015-08-01,522.670349121,284.911102295,197.253112793,150.518432617,53.805883170784426,434.778198242,Mid
33-053-06285-0000,SORENSON 14X-33EXH,XTO ENERGY INC,Three Forks,9639.0,2015-05-22,576.666687012,442.793792725,338.011566162,229.055343628,59.82640180641146,434.778198242,Mid
33-053-06287-0000,SORENSON 14X-33F,XTO ENERGY INC,Three Forks,9449.0,2015-05-21,635.418273926,466.166656494,387.086578369,270.68548584,67.2471450868875,434.778198242,Mid
33-053-06289-0000,EMMA OWNER 23-14HX,"WPX ENERGY WILLISTON, LLC",Three Forks,10041.0,2016-03-01,190.650543213,149.404174805,128.628356934,99.364646912,18.98720677352853,434.778198242,Bottom
33-053-06292-0000,EMMA OWNER 23-14HW,"WPX ENERGY WILLISTON, LLC",Three Forks,9716.0,2016-03-06,1478.466674805,1031.176879883,794.993164062,567.162719727,152.16824565716345,434.778198242,Top
33-053-06293-0000,MOBERG 20-17-19-18LL,QEP ENERGY COMPANY,Three Forks,9580.0,2015-03-18,1112.955566406,776.911132812,692.658691406,656.997253418,116.17490254759915,434.778198242,Top
33-053-06294-0000,MOBERG 20-21-29-28LL,QEP ENERGY COMPANY,Three Forks,9569.0,2015-03-14,253.387771606,153.623764038,130.383880615,130.61491394,26.48006809551677,434.778198242,Mid
33-053-06296-0000,TETON 8-8-10TFSH,BURLINGTON RESOURCES OIL & GAS COMPANY LP,Three Forks,11342.0,2015-07-15,34.751480103,30.047370911,26.628599167,20.756311417,3.0639640365896663,434.778198242,Bottom
33-053-06299-0000,TETON 7-1-3TFSH,BURLINGTON RESOURCES OIL & GAS COMPANY LP,Three Forks,11328.0,2015-07-22,128.602783203,100.190742493,91.773513794,85.209190369,11.352646822298729,434.778198242,Bottom
33-053-06301-0000,KINGS CANYON 6-8-34UTFH,BURLINGTON RESOURCES OIL & GAS COMPANY LP,Three Forks,7840.0,2015-07-31,687.340026855,526.98815918,443.369354248,314.989715576,87.6709217927296,434.778198242,Mid
33-053-06303-0000,RITA 44X-34G,XTO ENERGY INC,Three Forks,9847.0,2015-12-30,444.381164551,379.528900146,334.600006104,240.996017456,45.12858378704174,434.778198242,Mid
33-053-06305-0000,RITA 44X-34H,XTO ENERGY INC,Three Forks,9347.0,2016-01-24,1168.816040039,499.517364502,347.929168701,238.236160278,125.04718519728256,434.778198242,Top
33-053-06310-0000,BRIER 5200 43-22 12T,OASIS PETROLEUM NORTH AMERICA LLC,Three Forks,12296.0,2015-12-05,1037.400024414,842.148010254,615.529785156,438.755371094,84.3689024409564,434.778198242,Top
33-053-06311-0000,BRIER 5200 42-22 11T2,OASIS PETROLEUM NORTH AMERICA LLC,Three Forks,11793.0,2015-12-01,1006.677429199,792.263427734,576.660888672,375.804412842,85.36228518604257,434.778198242,Top
33-053-06313-0000,BRIER 5200 42-22 9T,OASIS PETROLEUM NORTH AMERICA LLC,Three Forks,12252.0,2015-11-18,218.874069214,193.645339966,166.861083984,132.248931885,17.864354326967025,434.778198242,Mid
33-053-06323-0000,BADGER 150-94-04B-09H TF,ENERPLUS RESOURCES USA CORPORATION,Three Forks,10095.0,2016-08-13,837.154418945,676.201049805,591.238952637,398.738342285,82.92762941505696,434.778198242,Mid
33-053-06325-0000,MINK 150-94-04B-09H TF,ENERPLUS RESOURCES USA CORPORATION,Three Forks,9870.0,2016-08-14,204.566665649,155.046234131,123.305732727,93.579605103,20.726105942147925,434.778198242,Bottom
33-053-06332-0000,SKARSTON 1-12 #8TFH,STATOIL OIL & GAS LP,Three Forks,10469.0,2016-03-25,827.978881836,577.080749512,503.739532471,348.414581299,79.08863137224186,434.778198242,Mid
33-053-06334-0000,SATTER 31X-1H,XTO ENERGY INC,Three Forks,9800.0,2015-08-16,486.206665039,412.074554443,358.435424805,245.293060303,49.61292500397958,434.778198242,Mid
33-053-06336-0000,SATTER 31X-1G2,XTO ENERGY INC,Three Forks,9503.0,2015-08-30,579.515991211,452.477783203,328.945556641,230.875213623,60.98242567725981,434.778198242,Mid
33-053-06338-0000,AIDEN 3-3-13UTFH,BURLINGTON RESOURCES OIL & GAS COMPANY LP,Three Forks,9450.0,2015-03-28,248.790374756,179.920913696,139.057723999,97.622550964,26.327023783703705,434.778198242,Mid
33-053-06340-0000,SATTER 21X-1F,XTO ENERGY INC,Three Forks,9477.0,2015-08-08,174.682220459,155.612640381,132.985794067,96.553466797,18.43222754658647,434.778198242,Bottom
33-053-06348-0000,CHERYL 17-20 #8TFH,STATOIL OIL & GAS LP,Three Forks,10016.0,2016-06-01,228.1277771,227.257583618,218.525421143,191.125839233,22.776335573083067,434.778198242,Mid
33-053-06351-0000,FOREMAN 6-2-1TH,QEP ENERGY COMPANY,Three Forks,9722.0,2015-04-26,308.37097168,171.114334106,142.494812012,110.771232605,31.71888209010492,434.778198242,Mid
33-053-06354-0000,OLSON 152-96-30-31-13HLW,NEWFIELD PRODUCTION COMPANY,Three Forks,9755.0,2015-05-17,700.016662598,488.953765869,434.726837158,336.812988281,71.7597808916453,434.778198242,Mid
33-053-06356-0000,OLSON 152-96-30-31-12H,NEWFIELD PRODUCTION COMPANY,Three Forks,10023.0,2015-05-17,154.336105347,108.997489929,97.189697266,75.858131409,15.398194686920084,434.778198242,Bottom
33-053-06358-0000,MOBERG FEDERAL  149-95-29-32-13HLW,NEWFIELD PRODUCTION COMPANY,Three Forks,9785.0,2015-03-15,189.845932007,123.772964478,102.234855652,76.641387939,19.40173040439448,434.778198242,Bottom
33-053-06361-0000,OLSON 152-96-30-31-10H,NEWFIELD PRODUCTION COMPANY,Three Forks,10034.0,2015-06-02,595.49786377,431.940155029,320.463012695,243.351211548,59.3480031662348,434.778198242,Mid
33-053-06363-0000,OLSON 152-96-30-31-11H,NEWFIELD PRODUCTION COMPANY,Three Forks,9778.0,2015-05-30,167.911483765,128.458953857,98.492485046,79.664466858,17.17237510380446,434.778198242,Bottom
33-053-06371-0000,RICHARD 8-5 #8TFH,STATOIL OIL & GAS LP,Three Forks,10039.0,2016-07-02,256.311096191,188.398513794,144.268341064,,25.531536626257594,434.778198242,Mid
33-053-06372-0000,RICHARD 8-5 #3TFH,STATOIL OIL & GAS LP,Three Forks,10304.0,2016-07-18,667.166687012,529.950378418,389.202392578,319.29598999,64.7483197798913,434.778198242,Mid
33-053-06374-0000,CHERYL 17-20 XW #1TFH,STATOIL OIL & GAS LP,Three Forks,10031.0,2016-07-01,680.62689209,573.454467773,502.456542969,497.8543396,67.85234693350613,434.778198242,Mid
33-053-06375-0000,RICHARD 8-5 XW #1TFH,STATOIL OIL & GAS LP,Three Forks,10379.0,2016-07-02,661.020629883,476.260742188,336.832885742,251.06362915,63.68827727941035,434.778198242,Mid
33-053-06389-0000,ECKERT 41X-6G,XTO ENERGY INC,Three Forks,10688.0,2015-09-28,391.01739502,218.175262451,141.244384766,116.469200134,36.584711360404185,434.778198242,Mid
33-053-06391-0000,P. LEVANG 1-14TH,QEP ENERGY COMPANY,Three Forks,6742.0,2015-05-15,1150.963378906,882.961975098,746.020629883,513.542175293,170.71542256096112,434.778198242,Top
33-053-06392-0000,AVALANCHE 36-17-TF2,"SHD OIL & GAS, LLC",Three Forks,4034.0,2015-12-19,79.552505493,56.833213806,41.278652191,31.330228806,19.720502105354488,434.778198242,Bottom
33-053-06394-0000,AVALANCHE 36-15-TF1,"SHD OIL & GAS, LLC",Three Forks,3920.0,2015-10-29,509.582763672,315.13180542,201.79460144,155.339111328,129.99560297755102,434.778198242,Mid
33-053-06396-0000,HOMER 14X-32E,XTO ENERGY INC,Three Forks,9315.0,2016-01-29,287.159790039,191.312957764,181.348007202,127.740089417,30.82767472238325,434.778198242,Mid
33-053-06400-0000,STEN-RAV 1H,ABRAXAS PETROLEUM CORP.,Three Forks,9134.0,2015-11-10,622.763427734,541.625305176,427.535675049,311.711242676,68.18080005846288,434.778198242,Mid
33-053-06401-0000,RAVIN 8H,ABRAXAS PETROLEUM CORP.,Three Forks,9325.0,2015-11-16,603.451599121,524.970092773,436.275665283,314.819549561,64.71330821672922,434.778198242,Mid
33-053-06402-0000,P. LEVANG 2-14-23TH,QEP ENERGY COMPANY,Three Forks,4524.0,2015-08-07,1129.966674805,876.522216797,696.372192383,483.619171143,249.77159036361624,434.778198242,Top
33-053-06403-0000,MORGAN 24-21TFH,BURLINGTON RESOURCES OIL & GAS COMPANY LP,Three Forks,9261.0,2015-11-24,1149.443603516,498.744445801,300.942108154,210.997406006,124.11657526357845,434.778198242,Top
33-053-06409-0000,MORGAN 14-21TFH ULW,BURLINGTON RESOURCES OIL & GAS COMPANY LP,Three Forks,9689.0,2015-11-12,449.809204102,314.116851807,237.728317261,172.956161499,46.424729497574575,434.778198242,Mid
33-053-06414-0000,THOMPSON 4-29-32THD,QEP ENERGY COMPANY,Three Forks,9528.0,2015-04-04,1024.947265625,802.476318359,662.984863281,447.241271973,107.5721311529177,434.778198242,Top
33-053-06417-0000,THOMPSON 1-29-32T2HD,QEP ENERGY COMPANY,Three Forks,9413.0,2015-04-12,327.177429199,248.232330322,136.014266968,91.819328308,34.75803985966217,434.778198242,Mid
33-053-06418-0000,ROLLA FEDERAL 153-96-29-13H,NEWFIELD PRODUCTION COMPANY,Three Forks,5008.0,2015-05-02,137.772216797,113.51714325,103.817810059,81.427261353,27.510426676717252,434.778198242,Bottom
33-053-06421-0000,KIRKLAND 14-21TFH ULW,BURLINGTON RESOURCES OIL & GAS COMPANY LP,Three Forks,10013.0,2015-10-25,1055.492431641,730.350524902,644.417236328,625.598022461,105.41220729461699,434.778198242,Top
33-053-06422-0000,KIRKLAND 41-28TFH,BURLINGTON RESOURCES OIL & GAS COMPANY LP,Three Forks,9632.0,2015-11-20,839.249450684,574.383361816,460.132965088,313.507720947,87.1313798467608,434.778198242,Mid
33-053-06425-0000,MORGAN 41-28TFH ULW,BURLINGTON RESOURCES OIL & GAS COMPANY LP,Three Forks,10095.0,2015-11-26,805.396789551,587.024108887,503.055053711,393.715057373,79.78175230817236,434.778198242,Mid
33-053-06426-0000,ETSTATIS 32-29HS,"WPX ENERGY WILLISTON, LLC",Three Forks,9800.0,2017-05-22,1180.233276367,1001.009338379,730.316467285,548.30456543,120.43196697622447,434.778198242,Top
33-053-06439-0000,PAULSON 36-1  #7TFH,STATOIL OIL & GAS LP,Three Forks,9370.0,2017-01-26,68.929748535,48.337738037,39.659198761,37.05828476,7.356429939701175,434.778198242,Bottom
33-053-06441-0000,PAULSON 36-1  #5TFH,STATOIL OIL & GAS LP,Three Forks,9312.0,2017-01-18,50.773296356,34.515899658,26.893644333,19.059360504,5.45245880111684,434.778198242,Bottom
33-053-06443-0000,BW-ARNEGARD STATE- 151-100-3625H-8,"HESS BAKKEN INVESTMENTS II, LLC",Three Forks,9479.0,2015-04-27,318.80859375,228.779266357,164.585861206,131.487670898,33.63314629707775,434.778198242,Mid
33-053-06445-0000,HOLSTEIN FEDERAL 7-25H2,"CONTINENTAL RESOURCES, INC.",Three Forks,11944.0,2017-05-27,1267.966674805,939.334777832,857.163085938,787.088989258,106.1592996320328,434.778198242,Top
33-053-06447-0000,HOLSTEIN FEDERAL 5-25H1,"CONTINENTAL RESOURCES, INC.",Three Forks,11974.0,2017-04-30,1053.006713867,693.396850586,635.387878418,543.284484863,87.9410985357441,434.778198242,Top
33-053-06449-0000,HOLSTEIN FEDERAL 3-25H2,"CONTINENTAL RESOURCES, INC.",Three Forks,12127.0,2017-04-28,270.569885254,224.975692749,183.143997192,151.738845825,22.31136185816772,434.778198242,Mid
33-053-06450-0000,HENDRICKSON  11-36H2,"CONTINENTAL RESOURCES, INC.",Three Forks,6980.0,2017-01-28,293.741943359,254.979385376,171.156356812,103.426452637,42.083372974068766,434.778198242,Mid
33-053-06452-0000,HENDRICKSON 9-36H1,"CONTINENTAL RESOURCES, INC.",Three Forks,6812.0,2017-01-16,232.217773438,193.612731934,171.568328857,128.655227661,34.089514597475045,434.778198242,Mid
33-053-06454-0000,HENDRICKSON 7-36H2,"CONTINENTAL RESOURCES, INC.",Three Forks,6847.0,2017-02-27,974.096801758,810.684448242,593.264892578,376.138061523,142.26621903870307,434.778198242,Top
33-053-06460-0000,ECKERT 41X-6H,XTO ENERGY INC,Three Forks,10122.0,2015-09-26,370.776672363,183.890640259,137.687667847,121.485481262,36.63077182009484,434.778198242,Mid
33-053-06461-0000,MAGNUM 36-11-TF2,"SHD OIL & GAS, LLC",Three Forks,4028.0,2015-10-31,220.77633667,169.37701416,139.481582642,117.622650146,54.810411288480644,434.778198242,Mid
33-053-06463-0000,MAGNUM 36-13-TF2,"SHD OIL & GAS, LLC",Three Forks,4008.0,2015-10-30,280.566680908,196.626815796,156.131866455,122.058326721,70.00166689321358,434.778198242,Mid
33-053-06473-0000,LEE 151-101-8-5-10TFH,TRIANGLE USA PETROLEUM CORPORATION,Three Forks,9856.0,2015-04-22,575.866638184,385.033325195,277.315338135,162.730453491,58.428027413149344,434.778198242,Mid
33-053-06489-0000,MARLENE  42X-20F2,XTO ENERGY INC,Three Forks,9780.0,2015-07-25,995.287719727,722.06854248,552.412353516,447.206756592,101.76766050378323,434.778198242,Top
33-053-06498-0000,ARNEGARD 150-100-23-14-9TFH,TRIANGLE USA PETROLEUM CORPORATION,Three Forks,9759.0,2016-03-10,485.399993896,345.653717041,260.051147461,198.397262573,49.738702110462135,434.778198242,Mid
33-053-06500-0000,ARNEGARD 150-100-23-14-10TFH,TRIANGLE USA PETROLEUM CORPORATION,Three Forks,9273.0,2015-12-12,372.566680908,229.784881592,133.827575684,,40.17757801229376,434.778198242,Mid
33-053-06503-0000,BB-SIVERTSON- 151-95-2019H-5,"HESS BAKKEN INVESTMENTS II, LLC",Three Forks,9586.0,2015-04-20,222.591033936,162.011413574,130.099685669,93.914978027,23.220429160859588,434.778198242,Mid
33-053-06506-0000,BB-OLE ANDERSON- 151-95-3130H-5,"HESS BAKKEN INVESTMENTS II, LLC",Three Forks,8903.0,2015-08-14,239.010314941,213.82951355,160.483093262,108.502105713,26.84604233864989,434.778198242,Mid
33-053-06508-0000,BB-OLE ANDERSON- 151-95-3130H-7,"HESS BAKKEN INVESTMENTS II, LLC",Three Forks,10017.0,2015-08-10,1305.490478516,862.384460449,563.489990234,337.6456604,130.3274911167016,434.778198242,Top
33-053-06520-0000,VERONICA USA 14-22TFH,MARATHON OIL COMPANY,Three Forks,9494.0,2017-12-15,661.094787598,413.901855469,316.48538208,193.475463867,69.63290368632822,434.778198242,Mid
33-053-06521-0000,ROUGH COULEE USA 24-22TFH,MARATHON OIL COMPANY,Three Forks,9839.0,2017-12-19,2190.967773438,1574.581054688,1099.095581055,685.144104004,222.68195684907005,434.778198242,Top
33-053-06529-0000,CHICAGO 6-26H1,"CONTINENTAL RESOURCES, INC.",Three Forks,9526.0,2017-12-30,1447.186157227,1023.956298828,786.179870605,497.920471191,151.91960499968508,434.778198242,Top
33-053-06530-0000,SYRACUSE 6-23H1,"CONTINENTAL RESOURCES, INC.",Three Forks,10119.0,2017-12-30,458.494445801,338.502563477,285.523071289,195.838562012,45.31025257446388,434.778198242,Mid
33-053-06532-0000,AN-PROSSER- 152-95-1102H-5,"HESS BAKKEN INVESTMENTS II, LLC",Three Forks,10643.0,2015-11-17,288.965148926,235.18119812,202.197113037,160.371704102,27.150723379310342,434.778198242,Mid
33-053-06534-0000,AN-PROSSER- 152-95-1102H-7,"HESS BAKKEN INVESTMENTS II, LLC",Three Forks,10729.0,2015-11-27,914.645141602,661.388916016,395.778442383,272.262207031,85.2498034860658,434.778198242,Top
33-053-06537-0000,AN-PROSSER- 152-95-1102H-10,"HESS BAKKEN INVESTMENTS II, LLC",Three Forks,10678.0,2015-12-15,101.33870697,56.016029358,32.787380219,19.777366638,9.490420206967597,434.778198242,Bottom
33-053-06540-0000,STENEHJEM 31X-28G,XTO ENERGY INC,Three Forks,9721.0,2017-03-30,168.424713135,104.16129303,75.929420471,56.526496887,17.325862888077356,434.778198242,Bottom
33-053-06542-0000,STENEHJEM  31X-28H,XTO ENERGY INC,Three Forks,10088.0,2017-07-22,554.395812988,472.959838867,286.818267822,185.666809082,54.95596877359239,434.778198242,Mid
33-053-06555-0000,BOULDER 3-4H1,"CONTINENTAL RESOURCES, INC.",Three Forks,10225.0,2015-05-31,114.768280029,114.574279785,111.770256042,92.618499756,11.224281665427872,434.778198242,Bottom
33-053-06561-0000,THOMPSON 44X-20EXF,XTO ENERGY INC,Three Forks,9949.0,2015-08-25,1280.291992188,842.133361816,633.862548828,472.812896729,128.68549524454718,434.778198242,Top
33-053-06564-0000,ECKERT FOUNDATION  152-102-22-15-10TFH,TRIANGLE USA PETROLEUM CORPORATION,Three Forks,9385.0,2015-07-06,86.052467346,73.564575195,46.447486877,29.043287277,9.169149424187534,434.778198242,Bottom
33-053-06571-0000,OLD HICKORY 42-32TFH,BURLINGTON RESOURCES OIL & GAS COMPANY LP,Three Forks,10526.0,2017-01-21,262.427581787,204.348373413,215.787216187,177.416366577,24.931368210811325,434.778198242,Mid
33-053-06572-0000,SUN NOTCH 42-32TFH,BURLINGTON RESOURCES OIL & GAS COMPANY LP,Three Forks,9609.0,2016-10-14,872.075012207,790.092590332,826.125671387,695.63482666,90.75606329555625,434.778198242,Top
33-053-06577-0000,OLD HICKORY 43-32TFH,BURLINGTON RESOURCES OIL & GAS COMPANY LP,Three Forks,10055.0,2015-11-24,242.699447632,220.595367432,174.040237427,114.638565063,24.137190217006463,434.778198242,Mid
33-053-06578-0000,SUN NOTCH 43-32TFH,BURLINGTON RESOURCES OIL & GAS COMPANY LP,Three Forks,10122.0,2015-11-17,571.485717773,386.370727539,296.859954834,224.417053223,56.459762672693145,434.778198242,Mid
33-053-06580-0000,FORT BERTHOLD 152-93-7C-6-12H,"HRC OPERATING, LLC",Three Forks,10342.0,2016-11-28,918.591308594,780.51574707,646.849609375,530.748413086,88.8214376903887,434.778198242,Top
33-053-06582-0000,FORT BERTHOLD 152-93-7C-6-10H,"HRC OPERATING, LLC",Three Forks,10567.0,2016-11-14,980.183349609,719.395324707,596.578063965,453.154144287,92.75890504485662,434.778198242,Top
33-053-06584-0000,FORT BERTHOLD 152-93-7C-6-8H,"HRC OPERATING, LLC",Three Forks,10608.0,2016-11-08,1162.627197266,1006.220214844,821.299804688,492.656219482,109.5990947648944,434.778198242,Top
33-053-06586-0000,FORT BERTHOLD 152-93-7C-6-6H,"HRC OPERATING, LLC",Three Forks,10459.0,2016-10-31,1076.489379883,879.752807617,727.514099121,531.598632812,102.92469451027824,434.778198242,Top
33-053-06592-0000,TOBACCO GARDEN 11X-17E,XTO ENERGY INC,Three Forks,9427.0,2016-02-24,128.014450073,106.028144836,84.396781921,60.898220062,13.579553418160604,434.778198242,Bottom
33-053-06594-0000,STENEHJEM  14X-9HA,SM ENERGY COMPANY,Three Forks,9517.0,2016-06-27,102.294044495,58.217086792,50.631004333,47.333099365,10.748559892297994,434.778198242,Bottom
33-053-06596-0000,STENEHJEM  14X-9HB,SM ENERGY COMPANY,Three Forks,9529.0,2016-06-27,76.099822998,62.07975769,55.145469666,41.334247589,7.9861289744988975,434.778198242,Bottom
33-053-06597-0000,MERTON 21-15TFH,BURLINGTON RESOURCES OIL & GAS COMPANY LP,Three Forks,10766.0,2016-08-22,421.159515381,180.767288208,118.098144531,86.73589325,39.11940510691065,434.778198242,Mid
33-053-06605-0000,DAILEY 4-12-13T2H,QEP ENERGY COMPANY,Three Forks,9628.0,2015-07-16,548.483337402,291.670257568,283.354888916,187.516235352,56.96752569609472,434.778198242,Mid
33-053-06607-0000,DAILEY 4-12-13TH,QEP ENERGY COMPANY,Three Forks,9548.0,2015-07-25,678.278564453,385.204101562,347.728759766,253.913696289,71.03881068841642,434.778198242,Mid
33-053-06613-0000,SUN NOTCH 41-32TFH,BURLINGTON RESOURCES OIL & GAS COMPANY LP,Three Forks,10256.0,2016-12-10,778.257995605,618.908630371,499.873260498,437.733032227,75.88318989908346,434.778198242,Mid
33-053-06614-0000,OLD HICKORY 41-32TFH,BURLINGTON RESOURCES OIL & GAS COMPANY LP,Three Forks,10048.0,2017-02-27,584.771240234,400.292602539,346.180847168,271.708587646,58.19777470481687,434.778198242,Mid
33-053-06615-0000,HENDRICKSON FEDERAL  3-36H2,"CONTINENTAL RESOURCES, INC.",Three Forks,7733.0,2017-02-27,288.387084961,254.327896118,227.04095459,187.741714478,37.29304085878702,434.778198242,Mid
33-053-06617-0000,HENDRICKSON FEDERAL 5-36H1,"CONTINENTAL RESOURCES, INC.",Three Forks,7511.0,2017-02-27,177.681182861,171.201553345,145.827590942,96.686759949,23.656128726001864,434.778198242,Bottom
33-053-06619-0000,LUNDIN 14X-33F,XTO ENERGY INC,Three Forks,9792.0,2015-07-29,492.795227051,354.701904297,271.125061035,195.587402344,50.326309952103756,434.778198242,Mid
33-053-06620-0000,LUNDIN 14X-33EXF,XTO ENERGY INC,Three Forks,9191.0,2015-09-27,309.110534668,304.588897705,253.968536377,185.671768188,33.631871903818954,434.778198242,Mid
33-053-06623-0000,HOLSTEIN FEDERAL 11-25H2,"CONTINENTAL RESOURCES, INC.",Three Forks,12533.0,2017-04-29,257.080657959,190.23147583,170.864547729,157.087280273,20.512300164286284,434.778198242,Mid
33-053-06625-0000,HOLSTEIN FEDERAL 9-25H1,"CONTINENTAL RESOURCES, INC.",Three Forks,12414.0,2017-04-30,1250.774169922,929.814697266,881.538208008,742.996704102,100.75512888045755,434.778198242,Top
33-053-06629-0000,THOMPSON 153-95-8D-6-3H,"PETRO-HUNT, L.L.C.",Three Forks,11302.0,2017-09-04,903.69140625,733.528320312,556.989196777,539.745849609,79.95853886480269,434.778198242,Top
33-053-06637-0000,LUNDIN 14X-33E,XTO ENERGY INC,Three Forks,9529.0,2015-08-30,416.773132324,336.554656982,246.637481689,180.343887329,43.737342042606784,434.778198242,Mid
33-053-06639-0000,KIRKLAND 6-7-1-12T2HD,QEP ENERGY COMPANY,Three Forks,9802.0,2015-07-29,70.568641663,61.041755676,82.363166809,96.338607788,7.199412534482758,434.778198242,Bottom
33-053-06640-0000,HA-SANFORD- 152-96-1819H-6,"HESS BAKKEN INVESTMENTS II, LLC",Three Forks,9636.0,2016-07-17,936.180664062,706.952331543,530.364990234,353.764373779,97.15448983623911,434.778198242,Top
33-053-06642-0000,HA-SANFORD- 152-96-1819H-8,"HESS BAKKEN INVESTMENTS II, LLC",Three Forks,9619.0,2016-07-26,264.656799316,216.004867554,116.559814453,91.788581848,27.51396187919742,434.778198242,Mid
33-053-06644-0000,HA-SANFORD- 152-96-1819H-10,"HESS BAKKEN INVESTMENTS II, LLC",Three Forks,9704.0,2016-08-05,698.688903809,559.074768066,363.860809326,220.500457764,72.00009313777822,434.778198242,Mid
33-053-06659-0000,BB-EIDE- 151-95-3328H-3,"HESS BAKKEN INVESTMENTS II, LLC",Three Forks,9564.0,2016-12-16,280.632629395,229.012908936,209.328842163,168.729904175,29.34260031315349,434.778198242,Mid
33-053-06661-0000,BB-EIDE- 151-95-3328H-5,"HESS BAKKEN INVESTMENTS II, LLC",Three Forks,9637.0,2016-12-27,776.826904297,726.10534668,571.078369141,367.688842773,80.60878948811872,434.778198242,Mid
33-053-06663-0000,BB-EIDE- 151-95-3328H-7,"HESS BAKKEN INVESTMENTS II, LLC",Three Forks,9716.0,2017-01-05,237.666671753,112.054779053,75.189086914,62.127067566,24.461370085734874,434.778198242,Mid
33-053-06667-0000,HIDATSA 3W-2H-TF,"MISSOURI RIVER RESOURCES ND, LLC",Three Forks,4156.0,2015-06-30,582.033325195,398.819549561,275.42767334,199.397171021,140.04651713065448,434.778198242,Mid
33-053-06679-0000,RINK 12X-4H,XTO ENERGY INC,Three Forks,9441.0,2017-05-30,431.709075928,299.453887939,259.500457764,227.849685669,45.72704966931469,434.778198242,Mid
33-053-06682-0000,WILEY  6-25H1,"CONTINENTAL RESOURCES, INC.",Three Forks,9217.0,2017-08-13,1103.199951172,1006.800720215,794.727478027,567.766479492,119.69186841401758,434.778198242,Top
33-053-06692-0000,BOGGS 3-29-32T2HD,QEP ENERGY COMPANY,Three Forks,9590.0,2015-10-14,503.459777832,389.685394287,323.973297119,190.325210571,52.49841270406674,434.778198242,Mid
33-053-06694-0000,BOGGS 2-29-32T2HD,QEP ENERGY COMPANY,Three Forks,9545.0,2015-10-18,1173.206665039,956.403564453,738.080871582,475.995574951,122.91321791922472,434.778198242,Top
33-053-06695-0000,BOGGS 29-32-30-31T3HD,QEP ENERGY COMPANY,Three Forks,8892.0,2015-10-20,433.494995117,336.362976074,265.765289307,156.74597168,48.751124057242464,434.778198242,Mid
33-053-06696-0000,BOGGS 29-32-30-31THD,QEP ENERGY COMPANY,Three Forks,9648.0,2015-10-22,1217.733276367,880.02911377,699.345703125,534.743713379,126.21613561017827,434.778198242,Top
33-053-06713-0000,FLATLAND FEDERAL 11-4-2TFH,WHITING OIL AND GAS CORPORATION,Three Forks,11011.0,2015-10-18,575.091369629,503.854949951,454.438110352,376.833129883,52.228804797838535,434.778198242,Mid
33-053-06716-0000,STATE 4-25-24TH,QEP ENERGY COMPANY,Three Forks,10179.0,2016-03-19,854.664489746,611.606445312,467.728149414,294.40802002,83.96350228372138,434.778198242,Top
33-053-06718-0000,STATE 4-25-24T2H,QEP ENERGY COMPANY,Three Forks,10058.0,2016-02-29,510.542999268,375.219055176,250.501815796,156.746444702,50.759892550009944,434.778198242,Mid
33-053-06720-0000,STATE 5-25-24TH,QEP ENERGY COMPANY,Three Forks,9655.0,2016-02-22,324.59677124,275.94329834,199.814056396,135.345504761,33.61955165613672,434.778198242,Mid
33-053-06722-0000,STATE 11X-16TF4,XTO ENERGY INC,Three Forks,4247.0,2016-02-20,217.510040283,175.943237305,145.867172241,98.263771057,51.21498476171415,434.778198242,Mid
33-053-06725-0000,TOBACCO GARDEN 24X-32E,XTO ENERGY INC,Three Forks,9767.0,2017-07-28,638.233337402,420.293701172,226.169311523,147.610961914,65.34589304822362,434.778198242,Mid
33-053-06727-0000,TOBACCO GARDEN 24X-32F,XTO ENERGY INC,Three Forks,10009.0,2017-05-30,98.403175354,93.443878174,79.49723053,59.847518921,9.831469213108202,434.778198242,Bottom
33-053-06733-0000,SKAAR FEDERAL 153-96-28-21-11H,NEWFIELD PRODUCTION COMPANY,Three Forks,9981.0,2015-10-11,233.554443359,185.64289856,170.52897644,173.88885498,23.399904153792207,434.778198242,Mid
33-053-06735-0000,SKAAR FEDERAL 153-96-28-21-12H,NEWFIELD PRODUCTION COMPANY,Three Forks,10187.0,2015-10-11,665.717224121,544.554138184,427.281738281,293.038085938,65.3496833337587,434.778198242,Mid
33-053-06738-0000,AMUNDSON 44X-22HXE,XTO ENERGY INC,Three Forks,9867.0,2016-02-22,211.205551147,111.54133606,96.481071472,95.407142639,21.405244871490826,434.778198242,Mid
33-053-06740-0000,AMUNDSON 44X-22H,XTO ENERGY INC,Three Forks,9523.0,2016-02-20,522.933349609,433.094451904,307.803283691,234.613693237,54.91266928583429,434.778198242,Mid
33-053-06745-0000,ROEN 24X-23E,XTO ENERGY INC,Three Forks,9670.0,2016-01-30,16.841918945,8.996881485,7.208833218,7.480593681,1.7416669022750775,434.778198242,Bottom
33-053-06747-0000,FLATLAND FEDERAL 11-4-5TFH,WHITING OIL AND GAS CORPORATION,Three Forks,10952.0,2015-10-18,2192.788085938,1959.708740234,1652.014038086,1250.435058594,200.218050213477,434.778198242,Top
33-053-06749-0000,FLATLAND FEDERAL 11-4-3TFH,WHITING OIL AND GAS CORPORATION,Three Forks,11238.0,2015-10-24,1415.984985352,1275.444458008,960.964538574,674.692077637,125.99973174515038,434.778198242,Top
33-053-06750-0000,FORT BERTHOLD 152-93-19D-18-12H,"HRC OPERATING, LLC",Three Forks,9535.0,2016-01-17,713.666687012,596.5,514.817382812,458.346282959,74.84705684446774,434.778198242,Mid
33-053-06755-0000,KLINE FEDERAL 5300 31-18 15T,OASIS PETROLEUM NORTH AMERICA LLC,Three Forks,9427.0,2015-09-24,89.392593384,72.089401245,69.883346558,45.61856842,9.482613067147554,434.778198242,Bottom
33-053-06757-0000,ASHLEY 13X-9H,SM ENERGY COMPANY,Three Forks,9575.0,2016-05-14,306.043334961,227.119262695,205.960464478,160.196899414,31.962750387571806,434.778198242,Mid
33-053-06766-0000,ANDERSMADSON 5201 14-25 12T,OASIS PETROLEUM NORTH AMERICA LLC,Three Forks,9870.0,2016-03-09,951.172912598,683.370361328,498.097259521,322.141906738,96.37010259351571,434.778198242,Top
33-053-06768-0000,KLAMM 34X-9G,XTO ENERGY INC,Three Forks,9380.0,2015-12-31,138.591400146,85.058494568,65.809196472,51.029651642,14.775202574200426,434.778198242,Bottom
33-053-06770-0000,KLAMM 34X-9H,XTO ENERGY INC,Three Forks,9568.0,2015-12-31,247.369888306,196.601455688,138.451461792,96.850151062,25.85387628616221,434.778198242,Mid
33-053-06782-0000,SADDLE BUTTE 21-16 TFH-2SH,BURLINGTON RESOURCES OIL & GAS COMPANY LP,Three Forks,9225.0,2017-06-30,351.227294922,204.431976318,134.810745239,139.641555786,38.07341950373984,434.778198242,Mid
33-053-06783-0000,CURTIS 21-16 TFH-3NH,BURLINGTON RESOURCES OIL & GAS COMPANY LP,Three Forks,8604.0,2017-06-27,1876.326171875,1102.506103516,975.875366211,932.602233887,218.07603113377502,434.778198242,Top
33-053-06786-0000,NATION 3W-4H-TF,"MISSOURI RIVER RESOURCES ND, LLC",Three Forks,4493.0,2015-07-09,878.790344238,587.285827637,398.677062988,294.503753662,195.5909958241709,434.778198242,Top
33-053-06788-0000,HYSTED 5201 14-25 5TX,OASIS PETROLEUM NORTH AMERICA LLC,Three Forks,10016.0,2016-03-29,137.666671753,112.500297546,105.341888428,89.428916931,13.744675694189297,434.778198242,Bottom
33-053-06789-0000,SORENSON 31X-28H,XTO ENERGY INC,Three Forks,9476.0,2015-11-26,206.534942627,165.284469604,121.517662048,79.304092407,21.79558280149852,434.778198242,Bottom
33-053-06791-0000,SORENSON 31X-28G,XTO ENERGY INC,Three Forks,9607.0,2015-12-29,482.90536499,467.110687256,376.612365723,263.102874756,50.265989902154686,434.778198242,Mid
33-053-06796-0000,ANDERSMADSON 5201 43-24 8T,OASIS PETROLEUM NORTH AMERICA LLC,Three Forks,9370.0,2016-02-26,522.472473145,356.468139648,293.96887207,200.626480103,55.76013587459979,434.778198242,Mid
33-053-06798-0000,ANDERSMADSON 5201 43-24 10T,OASIS PETROLEUM NORTH AMERICA LLC,Three Forks,9532.0,2016-03-08,452.0,262.861480713,229.710494995,166.92666626,47.41921947125472,434.778198242,Mid
33-053-06799-0000,STATE 5-36-1TH,QEP ENERGY COMPANY,Three Forks,9159.0,2016-02-29,986.266662598,689.511108398,458.609008789,307.616424561,107.68278879768533,434.778198242,Top
33-053-06801-0000,STATE 4-36-1T2H,QEP ENERGY COMPANY,Three Forks,8876.0,2016-03-13,183.850006104,165.504623413,132.841995239,88.013084412,20.71315976836413,434.778198242,Bottom
33-053-06802-0000,STATE 8-36-1BH,QEP ENERGY COMPANY,Three Forks,9436.0,2016-03-15,140.243911743,98.788887024,77.333190918,56.054336548,14.862644313586268,434.778198242,Bottom
33-053-06803-0000,STATE 4-36-1TH,QEP ENERGY COMPANY,Three Forks,9552.0,2016-03-17,933.849975586,634.812011719,434.312774658,290.888366699,97.7648634407454,434.778198242,Top
33-053-06807-0000,JOHNSRUD FEDERAL 34X-14F,XTO ENERGY INC,Three Forks,10256.0,2016-01-26,205.216659546,149.144088745,105.223007202,74.83026123,20.009424682722308,434.778198242,Bottom
33-053-06816-0000,RICHARD 8-5 #4TFH,STATOIL OIL & GAS LP,Three Forks,10960.0,2016-09-09,209.385803223,172.545684814,194.36428833,177.693939209,19.10454408968978,434.778198242,Mid
33-053-06817-0000,RICHARD 8-5 #6TFH,STATOIL OIL & GAS LP,Three Forks,10846.0,2016-09-04,647.715270996,579.788879395,510.367980957,363.75213623,59.719276322699606,434.778198242,Mid
33-053-06823-0000,GUDMUNSON 4-1-26TFH,BURLINGTON RESOURCES OIL & GAS COMPANY LP,Three Forks,9419.0,2016-12-16,247.478286743,238.836425781,237.842636108,153.251800537,26.274369544856143,434.778198242,Mid
33-053-06826-0000,GUDMURI 1-1-26TFH-ULW,BURLINGTON RESOURCES OIL & GAS COMPANY LP,Three Forks,9634.0,2016-12-06,873.071411133,815.963134766,775.643676758,511.617797852,90.62397873500103,434.778198242,Top
33-053-06841-0000,RITA 44X-34HXE,XTO ENERGY INC,Three Forks,10256.0,2016-01-25,491.12902832,407.808197021,324.653686523,233.543533325,47.88699574102964,434.778198242,Mid
33-053-06842-0000,HENDERSON 36-25-35-26T2H,QEP ENERGY COMPANY,Three Forks,10019.0,2015-11-14,332.540740967,257.608886719,201.273803711,127.775863647,33.19101117546661,434.778198242,Mid
33-053-06845-0000,HENDERSON 1-12-2-11T2H,QEP ENERGY COMPANY,Three Forks,9387.0,2015-11-08,1039.150024414,763.046020508,517.910095215,325.531494141,110.70097202663257,434.778198242,Top
33-053-06846-0000,WAHUS FEDERAL 152-97-13-24-11H,NEWFIELD PRODUCTION COMPANY,Three Forks,10054.0,2015-09-21,589.775268555,387.605743408,308.489715576,217.863098145,58.66075875820569,434.778198242,Mid
33-053-06847-0000,WAHUS STATE 152-97-12-1-12H,NEWFIELD PRODUCTION COMPANY,Three Forks,11114.0,2015-09-20,166.494445801,139.031478882,126.693092346,123.270523071,14.980605164747166,434.778198242,Bottom
33-053-06854-0000,HOMER FEDERAL  14X-32F,XTO ENERGY INC,Three Forks,9436.0,2016-01-30,250.025924683,237.688476562,238.406677246,185.925186157,26.49702465907164,434.778198242,Mid
33-053-06856-0000,SMOKEY 2-16-21-15H3,WHITING OIL AND GAS CORPORATION,Three Forks,9256.0,2017-02-20,724.733337402,609.441589355,446.234039307,346.725494385,78.29876160350042,434.778198242,Mid
33-053-06858-0000,SMOKEY 2-16-21-16H3,WHITING OIL AND GAS CORPORATION,Three Forks,9276.0,2017-03-25,672.360229492,570.448974609,408.865936279,262.432891846,72.48385397714533,434.778198242,Mid
33-053-06861-0000,ANDERSMADSON 5201 42-24 4T,OASIS PETROLEUM NORTH AMERICA LLC,Three Forks,9500.0,2016-01-12,697.527282715,452.239440918,408.944854736,268.994506836,73.42392449631579,434.778198242,Mid
33-053-06863-0000,ANDERSMADSON 5201 42-24 6T,OASIS PETROLEUM NORTH AMERICA LLC,Three Forks,9734.0,2016-01-25,647.839477539,458.439422607,362.876190186,258.741577148,66.5542919189439,434.778198242,Mid
33-053-06864-0000,CHARMAINE USA 14-35TFH,MARATHON OIL COMPANY,Three Forks,10084.0,2016-06-01,463.516662598,312.922088623,260.585906982,196.029449463,45.96555559282031,434.778198242,Mid
33-053-06867-0000,HEATHER USA 13-35TFH,MARATHON OIL COMPANY,Three Forks,9688.0,2016-05-25,1603.873291016,1339.598632812,1015.054260254,685.974304199,165.55256926259287,434.778198242,Top
33-053-06869-0000,SMOKEY 2-16-21-16HU3,WHITING OIL AND GAS CORPORATION,Three Forks,8776.0,2017-01-31,773.48840332,612.957397461,475.716430664,316.340454102,88.13678251139471,434.778198242,Mid
33-053-06870-0000,RICH 1X-16HA,SM ENERGY COMPANY,Three Forks,10105.0,2016-06-02,142.774200439,111.433990479,80.186088562,59.152187347,14.129064862840178,434.778198242,Bottom
33-053-06872-0000,RINI 1X-16HB,SM ENERGY COMPANY,Three Forks,10089.0,2016-06-02,510.221496582,382.374603271,308.744934082,232.797805786,50.57205833898305,434.778198242,Mid
33-053-06874-0000,TACKLE  149-95-36C-25H TF,ENERPLUS RESOURCES USA CORPORATION,Three Forks,9581.0,2016-10-18,1151.753295898,939.782409668,826.892150879,579.784240723,120.21222167811294,434.778198242,Top
33-053-06877-0000,NORDENG 34X-23EXF,XTO ENERGY INC,Three Forks,9716.0,2017-04-27,499.047210693,221.492599487,109.733451843,56.770835876,51.3634428461301,434.778198242,Mid
33-053-06879-0000,NORDENG 34X-23F,XTO ENERGY INC,Three Forks,9396.0,2017-01-24,408.976928711,336.476715088,283.189697266,219.578079224,43.52670590793955,434.778198242,Mid
33-053-06890-0000,LEFTY 5200 12-30 8T,OASIS PETROLEUM NORTH AMERICA LLC,Three Forks,9266.0,2016-04-11,567.839782715,378.769165039,231.096343994,136.649230957,61.282083176667385,434.778198242,Mid
33-053-06892-0000,HYSTED 5200 12-30 11T,OASIS PETROLEUM NORTH AMERICA LLC,Three Forks,9876.0,2016-04-24,388.19354248,268.925079346,214.576583862,163.049316406,39.306758047792634,434.778198242,Mid
33-053-06894-0000,LEFTY 5200 12-30 10T,OASIS PETROLEUM NORTH AMERICA LLC,Three Forks,10456.0,2016-04-17,221.207992554,172.928314209,241.327178955,222.277618408,21.15608191985463,434.778198242,Mid
33-053-06895-0000,HYSTED 5200 11-30 9T,OASIS PETROLEUM NORTH AMERICA LLC,Three Forks,9861.0,2016-03-22,836.700012207,489.238342285,318.900848389,208.079559326,84.84940799178581,434.778198242,Mid
33-053-06897-0000,HYSTED 5200 11-30 7T,OASIS PETROLEUM NORTH AMERICA LLC,Three Forks,9662.0,2016-03-15,264.780822754,157.563613892,122.080307007,100.637748718,27.40434928110122,434.778198242,Mid
33-053-06899-0000,CHERYL 17-20 #6TFH,STATOIL OIL & GAS LP,Three Forks,9776.0,2016-08-31,57.113334656,102.365707397,154.209152222,142.784469604,5.84219871685761,434.778198242,Bottom
33-053-06901-0000,NORDENG 34X-23E,XTO ENERGY INC,Three Forks,10383.0,2017-01-30,241.858337402,398.285675049,400.297424316,255.885726929,23.2936855823943,434.778198242,Mid
33-053-06902-0000,RYAN 14X-9E,XTO ENERGY INC,Three Forks,9239.0,2016-03-30,320.850006104,359.259857178,285.943847656,215.167129517,34.7277850529278,434.778198242,Mid
33-053-06904-0000,RYAN 14X-9EXF,XTO ENERGY INC,Three Forks,9529.0,2016-03-29,80.542060852,87.091278076,91.969360352,85.329017639,8.452309880575088,434.778198242,Bottom
33-053-06906-0000,RYAN 14X-9F2,XTO ENERGY INC,Three Forks,10476.0,2016-03-30,43.448040009,82.607528687,76.873657227,74.09601593,4.147388317010309,434.778198242,Bottom
33-053-06907-0000,LOOMER 44-33-2TFH,WHITING OIL AND GAS CORPORATION,Three Forks,8997.0,2017-02-14,1089.819946289,858.69909668,642.410583496,429.034973145,121.13148230399021,434.778198242,Top
33-053-06909-0000,LOOMER 44-33TFHU,WHITING OIL AND GAS CORPORATION,Three Forks,9211.0,2017-02-14,1484.677368164,1134.798828125,812.700561523,482.615081787,161.18525330192162,434.778198242,Top
33-053-06912-0000,STENEHJEM 10H,ABRAXAS PETROLEUM CORP.,Three Forks,9947.0,2016-08-25,269.576873779,215.79335022,158.374221802,110.237380981,27.10132439720519,434.778198242,Mid
33-053-06914-0000,STENEHJEM 12H,ABRAXAS PETROLEUM CORP.,Three Forks,10010.0,2016-08-22,201.350006104,163.440368652,135.347167969,95.128547668,20.114885724675325,434.778198242,Bottom
33-053-06916-0000,STENEHJEM 14H,ABRAXAS PETROLEUM CORP.,Three Forks,9449.0,2016-08-16,688.400024414,648.835571289,513.179748535,356.756164551,72.85427287691819,434.778198242,Mid
33-053-06919-0000,POPLAR 32-29HE,"WPX ENERGY WILLISTON, LLC",Three Forks,9794.0,2017-05-19,1148.193603516,842.566650391,744.813720703,563.365112305,117.23438876005717,434.778198242,Top
33-053-06938-0000,HARLEY FEDERAL 24X-15F,XTO ENERGY INC,Three Forks,9336.0,2016-10-22,231.893554688,191.077774048,135.446884155,121.786331177,24.83864124764353,434.778198242,Mid
33-053-06940-0000,HARLEY FEDERAL 24X-15E,XTO ENERGY INC,Three Forks,10182.0,2016-12-17,229.738693237,161.68270874,171.618484497,168.601348877,22.563218742584954,434.778198242,Mid
33-053-06966-0000,AN-BRENNA- LW-153-94-3130H-1,"HESS BAKKEN INVESTMENTS II, LLC",Three Forks,9937.0,2016-09-18,233.72366333,174.003982544,155.151550293,177.371109009,23.520545771359565,434.778198242,Mid
33-053-06968-0000,AN-BRENNA- 153-94-3130H-3,"HESS BAKKEN INVESTMENTS II, LLC",Three Forks,9873.0,2016-09-27,914.360229492,736.348144531,665.067504883,574.204162598,92.61219786204802,434.778198242,Top
33-053-06975-0000,JOHNSRUD  5198 12-18 4T2,OASIS PETROLEUM NORTH AMERICA LLC,Three Forks,9714.0,2016-06-15,951.37310791,793.71484375,682.218383789,435.356536865,97.93834753036855,434.778198242,Top
33-053-06977-0000,JOHNSRUD  5198 12-18 6T,OASIS PETROLEUM NORTH AMERICA LLC,Three Forks,9566.0,2016-06-22,842.483886719,733.786010742,552.580810547,337.986907959,88.07065510338698,434.778198242,Mid
33-053-06979-0000,JOHNSRUD  5198 12-18 8T2,OASIS PETROLEUM NORTH AMERICA LLC,Three Forks,9555.0,2016-06-28,228.37437439,170.212463379,146.854827881,153.118713379,23.901033426478286,434.778198242,Mid
33-053-06981-0000,JOHNSRUD  5198 12-18 10T,OASIS PETROLEUM NORTH AMERICA LLC,Three Forks,9358.0,2016-07-05,959.814819336,791.268127441,579.731750488,385.975067139,102.56623416712972,434.778198242,Top
33-053-06982-0000,JOHNSRUD  5198 14-18 15TX,OASIS PETROLEUM NORTH AMERICA LLC,Three Forks,9420.0,2016-07-14,945.580627441,852.741577148,647.655334473,437.288635254,100.38010907016985,434.778198242,Top
33-053-06984-0000,JOHNSRUD  5198 14-18 13T,OASIS PETROLEUM NORTH AMERICA LLC,Three Forks,9520.0,2016-07-13,887.406188965,724.091064453,506.30456543,313.223297119,93.21493581565126,434.778198242,Top
33-053-06986-0000,JOHNSRUD  5198 14-18 11T,OASIS PETROLEUM NORTH AMERICA LLC,Three Forks,9665.0,2016-07-12,964.12902832,637.766662598,460.213897705,306.560852051,99.75468477185723,434.778198242,Top
33-053-07012-0000,LARSEN FEDERAL 152-96-9-4-12H,NEWFIELD PRODUCTION COMPANY,Three Forks,11138.0,2016-02-06,792.298950195,599.188903809,475.067779541,354.463012695,71.13475939980248,434.778198242,Mid
33-053-07014-0000,WEST CLARK 117-0136H,"EOG RESOURCES, INC.",Three Forks,6911.0,2016-05-18,1187.222167969,1104.068237305,957.391113281,643.104309082,171.78731992027207,434.778198242,Top
33-053-07015-0000,KOALA 44-5TFHU,WHITING OIL AND GAS CORPORATION,Three Forks,9197.0,2016-11-08,1159.699951172,895.190734863,635.758544922,406.743255615,126.09546060367514,434.778198242,Top
33-053-07017-0000,AN-EVENSON- 152-95-0310H-14,"HESS BAKKEN INVESTMENTS II, LLC",Three Forks,10351.0,2016-02-03,243.784057617,140.677688599,112.151039124,79.475196838,23.551739698290017,434.778198242,Mid
33-053-07036-0000,ROLFSON N  5198 12-17 5T,OASIS PETROLEUM NORTH AMERICA LLC,Three Forks,9315.0,2016-08-22,1244.123657227,984.111083984,810.412658691,528.851745605,133.56131585904456,434.778198242,Top
33-053-07038-0000,ROLFSON N  5198 12-17 7T,OASIS PETROLEUM NORTH AMERICA LLC,Three Forks,9520.0,2016-08-24,339.751617432,274.78326416,270.492553711,197.392700195,35.68819510840336,434.778198242,Mid
33-053-07039-0000,ROLFSON N  5198 13-17 8T,OASIS PETROLEUM NORTH AMERICA LLC,Three Forks,9493.0,2016-09-07,531.006286621,343.12689209,236.910339355,207.928924561,55.93661504487517,434.778198242,Mid
33-053-07041-0000,ROLFSON N  5198 14-17 10T,OASIS PETROLEUM NORTH AMERICA LLC,Three Forks,9287.0,2016-08-31,1065.935424805,1004.453430176,858.357543945,572.802062988,114.77715352697317,434.778198242,Top
33-053-07069-0000,FOREMAN 12-11-1-2T2H,QEP ENERGY COMPANY,Three Forks,3693.0,2017-02-21,1170.813842773,777.977783203,453.350036621,264.374786377,317.0359715063634,434.778198242,Top
33-053-07070-0000,FOREMAN 3-2-1TH,QEP ENERGY COMPANY,Three Forks,9570.0,2017-02-14,1000.493591309,726.598144531,508.467315674,343.6640625,104.54478488077324,434.778198242,Top
33-053-07072-0000,FOREMAN 1-2-1T3H,QEP ENERGY COMPANY,Three Forks,3522.0,2017-02-19,135.050003052,80.507347107,57.975166321,37.926635742,38.34469138330494,434.778198242,Bottom
33-053-07074-0000,FOREMAN 2-2-1THR,QEP ENERGY COMPANY,Three Forks,9794.0,2017-02-17,1351.580688477,984.049987793,634.769042969,389.509765625,138.0008871224219,434.778198242,Top
33-053-07079-0000,HA-CHAPIN- 152-95-2932H-6,"HESS BAKKEN INVESTMENTS II, LLC",Three Forks,9547.0,2016-02-28,262.531585693,377.850799561,365.476257324,291.699401855,27.49885678150204,434.778198242,Mid
33-053-07081-0000,HA-CHAPIN- 152-95-2932H-8,"HESS BAKKEN INVESTMENTS II, LLC",Three Forks,9547.0,2016-03-10,1167.684570312,771.855529785,573.876708984,422.970825195,122.3090573281659,434.778198242,Top
33-053-07083-0000,HA-CHAPIN- 152-95-2932H-10,"HESS BAKKEN INVESTMENTS II, LLC",Three Forks,10018.0,2016-03-15,1063.983276367,778.393310547,535.04888916,352.988830566,106.20715475813535,434.778198242,Top
33-053-07088-0000,TAT 5-33-28T2HD,QEP ENERGY COMPANY,Three Forks,9744.0,2016-11-25,217.116668701,200.024993896,152.112976074,111.372528076,22.282088331383417,434.778198242,Mid
33-053-07096-0000,ROLFSON N  5198 11-17 3T,OASIS PETROLEUM NORTH AMERICA LLC,Three Forks,9530.0,2016-08-16,455.438903809,250.00680542,156.421646118,99.270965576,47.790021386044074,434.778198242,Mid
33-053-07098-0000,JOHNSON 31X-6G,XTO ENERGY INC,Three Forks,9475.0,2016-11-22,294.05871582,271.347290039,255.121261597,152.864837646,31.035220667018468,434.778198242,Mid
33-053-07110-0000,LAWLAR N 5199 41-23 3T,OASIS PETROLEUM NORTH AMERICA LLC,Three Forks,9293.0,2017-06-13,400.430114746,301.224060059,273.354187012,236.898178101,43.08943449327451,434.778198242,Mid
33-053-07112-0000,LAWLAR N 5199 42-23 5T,OASIS PETROLEUM NORTH AMERICA LLC,Three Forks,9349.0,2017-06-16,1414.774169922,1065.524780273,862.302185059,555.084472656,151.32893035854102,434.778198242,Top
33-053-07114-0000,LAWLAR N 5199 42-23 7T,OASIS PETROLEUM NORTH AMERICA LLC,Three Forks,9437.0,2017-07-02,1048.088867188,895.211120605,795.36114502,568.434448242,111.0616580680301,434.778198242,Top
33-053-07115-0000,LUNDIN 11X-15E,XTO ENERGY INC,Three Forks,9665.0,2017-10-30,937.715026855,596.776000977,448.382843018,308.63470459,97.02173066270048,434.778198242,Top
33-053-07117-0000,LUNDIN 11X-15EXH,XTO ENERGY INC,Three Forks,10456.0,2017-10-29,2046.066650391,1274.302124023,927.066772461,685.21105957,195.68349755078424,434.778198242,Top
33-053-07119-0000,LAWLAR N 5199 43-23 8T,OASIS PETROLEUM NORTH AMERICA LLC,Three Forks,9332.0,2017-07-27,1290.258056641,1002.411132812,738.942443848,476.716430664,138.26168630957991,434.778198242,Top
33-053-07121-0000,LAWLAR N 5199 44-23 10T,OASIS PETROLEUM NORTH AMERICA LLC,Three Forks,9393.0,2017-07-31,306.528320312,259.892303467,228.972198486,176.925476074,32.63369746747578,434.778198242,Mid
33-053-07123-0000,LAWLAR N FEDERAL 5199 44-23 12TX,OASIS PETROLEUM NORTH AMERICA LLC,Three Forks,9459.0,2017-08-07,1123.548339844,771.411132812,532.343078613,356.282196045,118.78087956908766,434.778198242,Top
33-053-07124-0000,HA-SWENSON- 152-95-1819H-10,"HESS BAKKEN INVESTMENTS II, LLC",Three Forks,9646.0,2015-12-15,1002.484924316,740.039794922,567.839111328,384.255767822,103.92752688326767,434.778198242,Top
33-053-07125-0000,HA-SWENSON- 152-95-1819H-9,"HESS BAKKEN INVESTMENTS II, LLC",Three Forks,9699.0,2015-12-07,770.622558594,624.974182129,493.456542969,353.065216064,79.45381571234148,434.778198242,Mid
33-053-07130-0000,BB-BUDAHN- 150-95-0506H-7,"HESS BAKKEN INVESTMENTS II, LLC",Three Forks,8955.0,2016-05-14,1290.313354492,900.07635498,773.320922852,553.673950195,144.0885934664433,434.778198242,Top
33-053-07136-0000,AN-EVENSON- 152-95-0310H-12,"HESS BAKKEN INVESTMENTS II, LLC",Three Forks,10516.0,2016-02-15,937.960205078,657.167358398,428.40927124,258.402191162,89.19362923906428,434.778198242,Top
33-053-07138-0000,AN-EVENSON- 152-95-0310H-10,"HESS BAKKEN INVESTMENTS II, LLC",Three Forks,10655.0,2016-02-27,832.573303223,587.301818848,403.494750977,277.148895264,78.13921194021587,434.778198242,Mid
33-053-07142-0000,ERNIE 6-2-11THD,QEP ENERGY COMPANY,Three Forks,9327.0,2016-03-25,462.541015625,358.051849365,276.810241699,203.718154907,49.59161741449555,434.778198242,Mid
33-053-07143-0000,ERNIE 3-2-11T2HD,QEP ENERGY COMPANY,Three Forks,9176.0,2016-03-28,998.299987793,874.386352539,631.780456543,396.446563721,108.79468044823453,434.778198242,Top
33-053-07145-0000,ERNIE 4-2-11T2HD,QEP ENERGY COMPANY,Three Forks,9415.0,2016-03-31,245.17956543,170.544448853,176.159698486,164.931686401,26.041377103558155,434.778198242,Mid
33-053-07148-0000,ROLLA FEDERAL 31-3-1TFH,WHITING OIL AND GAS CORPORATION,Three Forks,9471.0,2016-09-23,604.444091797,442.640808105,373.537536621,334.866455078,63.82051439098301,434.778198242,Mid
33-053-07149-0000,ROLLA FEDERAL 31-3-2TFH,WHITING OIL AND GAS CORPORATION,Three Forks,9349.0,2016-09-27,526.926269531,446.973297119,411.131958008,399.992126465,56.36177874970585,434.778198242,Mid
33-053-07150-0000,ROLLA FEDERAL 31-3-3TFH,WHITING OIL AND GAS CORPORATION,Three Forks,9049.0,2016-09-20,577.941101074,410.263153076,334.499328613,297.146575928,63.867952378605374,434.778198242,Mid
33-053-07151-0000,ROLLA FEDERAL 31-3-4TFH,WHITING OIL AND GAS CORPORATION,Three Forks,9032.0,2016-09-27,442.989990234,365.8984375,290.043151855,306.020507812,49.04672168224092,434.778198242,Mid
33-053-07153-0000,ROLLA FEDERAL 21-3-1TFH,WHITING OIL AND GAS CORPORATION,Three Forks,9603.0,2016-09-27,618.118530273,515.226928711,480.133880615,409.708679199,64.3672321433927,434.778198242,Mid
33-053-07154-0000,ROLLA FEDERAL 21-3-2TFH,WHITING OIL AND GAS CORPORATION,Three Forks,9200.0,2016-09-29,671.851135254,518.214477539,450.218811035,405.178619385,73.0272973102174,434.778198242,Mid
33-053-07158-0000,ROLLA FEDERAL 21-3-3TFH,WHITING OIL AND GAS CORPORATION,Three Forks,9333.0,2016-09-29,622.631835938,471.125152588,376.940673828,372.834472656,66.71293645537341,434.778198242,Mid
33-053-07160-0000,FLYER 152-94-23DH TF,ENERPLUS RESOURCES USA CORPORATION,Three Forks,4306.0,2017-05-02,988.266662598,751.482055664,621.989929199,453.158447266,229.5092110074315,434.778198242,Top
33-053-07171-0000,HA-STATE- 152-95-1621H-9,"HESS BAKKEN INVESTMENTS II, LLC",Three Forks,9685.0,2017-04-27,760.254821777,590.824401855,494.452056885,362.3699646,78.4981746801239,434.778198242,Mid
33-053-07173-0000,HA-STATE- 152-95-1621H-7,"HESS BAKKEN INVESTMENTS II, LLC",Three Forks,9552.0,2017-04-18,818.278869629,724.311096191,633.117797852,401.206939697,85.66571080705612,434.778198242,Mid
33-053-07175-0000,HA-STATE- 152-95-1621H-5,"HESS BAKKEN INVESTMENTS II, LLC",Three Forks,9574.0,2017-03-30,1215.766723633,832.963684082,725.942993164,606.625183105,126.98628824242742,434.778198242,Top
33-053-07189-0000,LUCY EVANS  29-32HUL,"WPX ENERGY WILLISTON, LLC",Three Forks,9602.0,2017-06-21,1374.762939453,1202.274536133,995.919555664,739.874816895,143.17464480868568,434.778198242,Top
33-053-07190-0000,LUND 21X-17E,XTO ENERGY INC,Three Forks,9715.0,2017-11-28,439.166656494,152.511108398,161.12902832,90.062103271,45.205008388471434,434.778198242,Mid
33-053-07192-0000,LUND 21X-17F,XTO ENERGY INC,Three Forks,9513.0,2017-11-27,283.643920898,236.951004028,189.856445312,149.360824585,29.81645336886366,434.778198242,Mid
33-053-07201-0000,CHAMELEON STATE 21-16-1TFH,WHITING OIL AND GAS CORPORATION,Three Forks,9444.0,2015-12-12,771.820861816,671.447998047,464.574737549,317.641540527,81.72605483015671,434.778198242,Mid
33-053-07215-0000,TAT 4-33-28T2HDR,QEP ENERGY COMPANY,Three Forks,9979.0,2016-12-18,574.833312988,261.432250977,337.235961914,290.751556396,57.604300329491934,434.778198242,Mid
33-053-07231-0000,FORT BERTHOLD 152-94-22D-15-10H,"HRC OPERATING, LLC",Three Forks,9843.0,2016-12-14,1265.106689453,1071.151977539,937.098693848,684.000854492,128.52856745433303,434.778198242,Top
33-053-07235-0000,BB-SIVERTSON- 151-95-2019H-7,"HESS BAKKEN INVESTMENTS II, LLC",Three Forks,9468.0,2016-11-21,270.373657227,225.122360229,232.700454712,170.008010864,28.55657554150824,434.778198242,Mid
33-053-07253-0000,HA-GRIMESTAD- 152-95-3031H-5,"HESS BAKKEN INVESTMENTS II, LLC",Three Forks,9706.0,2016-07-06,981.661315918,771.984924316,577.371520996,386.804870605,101.13963691716465,434.778198242,Top
33-053-07255-0000,HA-GRIMESTAD- LW-152-95-3031H-1,"HESS BAKKEN INVESTMENTS II, LLC",Three Forks,9637.0,2016-06-26,1072.692504883,826.78137207,607.777709961,421.416168213,111.30979608623016,434.778198242,Top
33-053-07256-0000,RACHEL WOLF  22HC,"WPX ENERGY WILLISTON, LLC",Three Forks,9680.0,2017-07-26,295.606658936,202.2212677,180.28767395,157.272369385,30.537877989256195,434.778198242,Mid
33-053-07258-0000,RACHEL WOLF  27-34HY,"WPX ENERGY WILLISTON, LLC",Three Forks,9575.0,2017-07-26,230.161483765,197.368515015,171.05128479,154.265838623,24.037752873629245,434.778198242,Mid
33-053-07260-0000,RACHEL WOLF  27-34HS,"WPX ENERGY WILLISTON, LLC",Three Forks,9814.0,2017-07-26,189.055557251,173.701858521,108.990333557,73.914108276,19.263863587833708,434.778198242,Bottom
33-053-07262-0000,WATER 151-94-16DH-TF,ENERPLUS RESOURCES USA CORPORATION,Three Forks,4577.0,2017-02-05,120.583335876,72.620368958,66.93977356,50.808856964,26.34549614944287,434.778198242,Bottom
33-053-07266-0000,ROLFSON S 5198 11-29 2TX,OASIS PETROLEUM NORTH AMERICA LLC,Three Forks,9638.0,2016-10-30,1005.633361816,743.340759277,545.627990723,371.244903564,104.34046086490974,434.778198242,Top
33-053-07268-0000,ROLFSON S 5198 11-29 4T,OASIS PETROLEUM NORTH AMERICA LLC,Three Forks,9304.0,2016-10-31,997.799987793,823.072753906,765.917602539,502.701904297,107.24419473269562,434.778198242,Top
33-053-07271-0000,ROLFSON S 5198 12-29 6T,OASIS PETROLEUM NORTH AMERICA LLC,Three Forks,9584.0,2016-11-04,1017.451599121,896.865966797,645.207946777,410.19152832,106.16147737072204,434.778198242,Top
33-053-07273-0000,ROLFSON S 5198 12-29 8T,OASIS PETROLEUM NORTH AMERICA LLC,Three Forks,10153.0,2016-11-09,388.827789307,291.778076172,243.574249268,209.183074951,38.29683731970846,434.778198242,Mid
33-053-07274-0000,FORT BERTHOLD 152-94-13A-24-15H,"HRC OPERATING, LLC",Three Forks,9681.0,2017-09-14,541.033325195,476.472229004,386.033325195,300.308685303,55.88609908015701,434.778198242,Mid
33-053-07279-0000,ROLFSON S 5198 14-29 11T,OASIS PETROLEUM NORTH AMERICA LLC,Three Forks,9511.0,2016-12-21,439.555541992,303.132904053,308.114379883,230.285614014,46.21549174555778,434.778198242,Mid
33-053-07281-0000,ROLFSON S 5198 14-29 13T,OASIS PETROLEUM NORTH AMERICA LLC,Three Forks,9637.0,2017-01-14,990.967712402,707.918640137,637.123291016,419.311767578,102.82948141558576,434.778198242,Top
33-053-07283-0000,NORFOLK 10-1H1,"CONTINENTAL RESOURCES, INC.",Three Forks,8989.0,2016-10-03,408.799987793,331.426055908,249.003646851,137.546463013,45.477804849593944,434.778198242,Mid
33-053-07285-0000,NORFOLK 8-1H1,"CONTINENTAL RESOURCES, INC.",Three Forks,9165.0,2016-10-17,660.06237793,575.417480469,407.708679199,272.285827637,72.01989939225315,434.778198242,Mid
33-053-07298-0000,MOBERG FEDERAL 149-95-29-32-14HLW,NEWFIELD PRODUCTION COMPANY,Three Forks,10083.0,2017-08-11,1487.683349609,1230.207397461,1009.398620605,600.40435791,147.54372206773778,434.778198242,Top
33-053-07299-0000,MOBERG FEDERAL 149-95-29-32-20H,NEWFIELD PRODUCTION COMPANY,Three Forks,10214.0,2017-08-30,204.956985474,157.913925171,138.287811279,117.445663452,20.066280152144113,434.778198242,Bottom
33-053-07310-0000,KDM 5-7-6THD,QEP ENERGY COMPANY,Three Forks,9476.0,2016-09-17,322.02444458,244.7472229,193.826034546,144.97013855,33.983162154917686,434.778198242,Mid
33-053-07313-0000,KDM 2-7-6T3HD,QEP ENERGY COMPANY,Three Forks,9186.0,2016-09-22,207.542526245,200.523422241,181.59777832,148.913131714,22.59335143098193,434.778198242,Bottom
33-053-07316-0000,KDM 4-7-6T2HD,QEP ENERGY COMPANY,Three Forks,10033.0,2016-09-16,367.61630249,290.079620361,249.160018921,182.05279541,36.640715886574306,434.778198242,Mid
33-053-07318-0000,STENEHJEM 6H,ABRAXAS PETROLEUM CORP.,Three Forks,9831.0,2017-06-28,228.865585327,152.085784912,158.574066162,155.800460815,23.27999036995219,434.778198242,Mid
33-053-07320-0000,STENEHJEM 8H,ABRAXAS PETROLEUM CORP.,Three Forks,9853.0,2017-06-19,814.366638184,515.942993164,459.294464111,344.717468262,82.65164297005988,434.778198242,Mid
33-053-07328-0000,KDM 1-7-6T2HD,QEP ENERGY COMPANY,Three Forks,9922.0,2016-10-11,298.566680908,242.135009766,240.023422241,202.578903198,30.091380861519855,434.778198242,Mid
33-053-07338-0000,JOHNSON 31X-6HXE,XTO ENERGY INC,Three Forks,10308.0,2016-10-31,711.419372559,528.533325195,428.796081543,302.641876221,69.0162371516298,434.778198242,Mid
33-053-07343-0000,FORT BERTHOLD 152-94-13B-24-12H,"HRC OPERATING, LLC",Three Forks,9892.0,2017-09-25,622.924987793,362.004669189,292.118774414,264.059875488,62.97260289051759,434.778198242,Mid
33-053-07345-0000,FORT BERTHOLD 152-94-13B-24-13H,"HRC OPERATING, LLC",Three Forks,9766.0,2017-09-27,279.296081543,214.949752808,165.342544556,136.940185547,28.598820555293877,434.778198242,Mid
33-053-07379-0000,ROLFSON S 5198 43-20 10T,OASIS PETROLEUM NORTH AMERICA LLC,Three Forks,9956.0,2016-12-13,853.609680176,816.408630371,713.131530762,478.595489502,85.73821616874247,434.778198242,Mid
33-053-07390-0000,FORLAND  5198 41-33 2TX,OASIS PETROLEUM NORTH AMERICA LLC,Three Forks,9384.0,2017-02-14,816.645141602,463.672149658,344.155670166,254.637893677,87.0252708442029,434.778198242,Mid
33-053-07392-0000,FORLAND  5198 41-33 4T,OASIS PETROLEUM NORTH AMERICA LLC,Three Forks,9460.0,2017-02-25,1405.033325195,1152.892944336,838.408203125,525.848388672,148.52360731448204,434.778198242,Top
33-053-07394-0000,FORLAND  5198 41-33 6T,OASIS PETROLEUM NORTH AMERICA LLC,Three Forks,9813.0,2017-03-26,1353.225830078,1062.405761719,752.789489746,465.211120605,137.90133802894118,434.778198242,Top
33-053-07396-0000,FORLAND 5098 13-4 8T,OASIS PETROLEUM NORTH AMERICA LLC,Three Forks,10010.0,2017-03-30,318.139648438,281.336425781,244.306747437,193.024658203,31.78218266113886,434.778198242,Mid
33-053-07398-0000,FORLAND 5098 13-4 10T,OASIS PETROLEUM NORTH AMERICA LLC,Three Forks,10015.0,2017-03-19,304.783325195,244.735549927,193.633666992,,30.432683494258608,434.778198242,Mid
33-053-07399-0000,FORLAND 5198 44-33 11T,OASIS PETROLEUM NORTH AMERICA LLC,Three Forks,9482.0,2017-03-25,975.633361816,919.370239258,795.543945312,563.973510742,102.89320415692893,434.778198242,Top
33-053-07402-0000,KOALA 44-31TFH,WHITING OIL AND GAS CORPORATION,Three Forks,9431.0,2017-02-04,251.746673584,208.046554565,146.044525146,131.884994507,26.693529168062774,434.778198242,Mid
33-053-07403-0000,KOALA 44-31-3TFH,WHITING OIL AND GAS CORPORATION,Three Forks,9118.0,2017-01-20,220.876342773,170.494918823,120.250457764,91.18662262,24.22420956053959,434.778198242,Mid
33-053-07409-0000,KOALA 44-31-2TFH,WHITING OIL AND GAS CORPORATION,Three Forks,9161.0,2016-12-24,277.231048584,243.154174805,191.591781616,118.298469543,30.262094594913222,434.778198242,Mid
33-053-07418-0000,ROLLA FEDERAL 11-3-1TFH,WHITING OIL AND GAS CORPORATION,Three Forks,9373.0,2016-09-22,1240.77331543,997.114685059,841.387695312,587.766357422,132.37739415662008,434.778198242,Top
33-053-07419-0000,ROLLA FEDERAL 11-3-2TFH,WHITING OIL AND GAS CORPORATION,Three Forks,8644.0,2016-09-29,1330.962280273,1025.010742188,790.501342773,570.059753418,153.97527536707543,434.778198242,Top
33-053-07420-0000,ROLLA FEDERAL 11-3-1TFHU,WHITING OIL AND GAS CORPORATION,Three Forks,9136.0,2016-09-24,1607.479980469,1397.616821289,1220.097290039,969.185241699,175.9500854278678,434.778198242,Top
33-053-07422-0000,KDM 1-7-6T3HD,QEP ENERGY COMPANY,Three Forks,9661.0,2016-10-13,290.349456787,223.274078369,195.377471924,135.795471191,30.05376842842356,434.778198242,Mid
33-053-07423-0000,KDM 3-7-6T2HD,QEP ENERGY COMPANY,Three Forks,9897.0,2016-09-30,911.451599121,819.432983398,639.66619873,408.116912842,92.09372528250985,434.778198242,Top
33-053-07424-0000,KDM 3-7-6T3HD,QEP ENERGY COMPANY,Three Forks,9836.0,2016-09-30,254.37097168,182.900177002,166.58493042,130.325485229,25.86122119560797,434.778198242,Mid
33-053-07430-0000,HEREFORD FEDERAL 8-20H2,"CONTINENTAL RESOURCES, INC.",Three Forks,15390.0,2017-05-31,129.125,85.715553284,74.567123413,60.292953491,8.390188434048083,434.778198242,Bottom
33-053-07431-0000,HEREFORD FEDERAL 6-20H1,"CONTINENTAL RESOURCES, INC.",Three Forks,15411.0,2017-07-31,1135.090454102,976.343322754,864.853149414,646.414306641,73.65456194289793,434.778198242,Top
33-053-07432-0000,HEREFORD FEDERAL 4-20H2,"CONTINENTAL RESOURCES, INC.",Three Forks,15401.0,2017-05-31,938.633361816,760.359619141,552.553222656,312.835083008,60.94626075034089,434.778198242,Top
33-053-07433-0000,HEREFORD FEDERAL 2-20H1,"CONTINENTAL RESOURCES, INC.",Three Forks,15398.0,2017-07-29,1091.264526367,1028.247680664,856.200744629,664.28326416,70.87053684679829,434.778198242,Top
33-053-07452-0000,TIPI V 2-13-12TH,QEP ENERGY COMPANY,Three Forks,9766.0,2016-11-08,701.178588867,613.129638672,447.322113037,304.124603271,71.79793045945117,434.778198242,Mid
33-053-07454-0000,TIPI V 3-13-12T2H,QEP ENERGY COMPANY,Three Forks,9734.0,2016-11-08,415.451660156,274.710021973,221.711456299,170.601470947,42.68046642243682,434.778198242,Mid
33-053-07456-0000,TIPI V 3-13-12TH,QEP ENERGY COMPANY,Three Forks,9813.0,2016-10-28,611.616638184,513.78314209,333.631652832,195.048919678,62.32718212412105,434.778198242,Mid
33-053-07473-0000,MARCELLA USA 21-4TFH,MARATHON OIL COMPANY,Three Forks,9456.0,2017-07-21,1563.933349609,1522.346679688,1046.628051758,646.207580566,165.39058265746618,434.778198242,Top
33-053-07474-0000,GARNESS USA 31-4TFH-2B,MARATHON OIL COMPANY,Three Forks,9268.0,2017-07-15,541.110717773,422.121124268,378.266815186,294.318603516,58.38484222842037,434.778198242,Mid
33-053-07477-0000,BB-FEDERAL 151-95-1708H-8,"HESS BAKKEN INVESTMENTS II, LLC",Three Forks,10042.0,2017-02-16,288.144256592,213.33291626,225.442337036,177.662567139,28.693911232025492,434.778198242,Mid
33-053-07479-0000,BB-FEDERAL 151-95-1708H-10,"HESS BAKKEN INVESTMENTS II, LLC",Three Forks,9865.0,2017-02-25,261.570617676,237.582199097,245.368041992,192.750534058,26.515014462848452,434.778198242,Mid
33-053-07486-0000,BB-CHAPIN A- 151-95-0403H-3,"HESS BAKKEN INVESTMENTS II, LLC",Three Forks,10047.0,2017-04-29,269.016845703,207.561416626,184.18637085,127.989128113,26.775838131083905,434.778198242,Mid
33-053-07488-0000,BB-CHAPIN A- 151-95-0403H-5,"HESS BAKKEN INVESTMENTS II, LLC",Three Forks,9924.0,2017-05-08,239.831115723,203.735656738,200.878112793,129.699539185,24.166779093409918,434.778198242,Mid
33-053-07501-0000,MANDAREE 30-0706H,"EOG RESOURCES, INC.",Three Forks,8149.0,2016-12-05,1709.336547852,1337.875244141,979.690979004,659.439086914,209.76028320677386,434.778198242,Top
33-053-07505-0000,LUNDIN 11X-15F,XTO ENERGY INC,Three Forks,9914.0,2017-10-28,818.903198242,608.135559082,482.402954102,300.243347168,82.60068572140408,434.778198242,Mid
33-053-07506-0000,RENO USA 24-9TFH-2B,MARATHON OIL COMPANY,Three Forks,9566.0,2017-07-24,2035.65234375,1588.112670898,1062.752929688,633.899414062,212.80078860025088,434.778198242,Top
33-053-07508-0000,ARDEN USA 14-9TFH,MARATHON OIL COMPANY,Three Forks,9320.0,2017-07-11,1219.724487305,973.444458008,697.042785645,457.227386475,130.8717261056867,434.778198242,Top
33-053-07514-0000,LASSEN 1-1-26UTFH,BURLINGTON RESOURCES OIL & GAS COMPANY LP,Three Forks,9664.0,2017-08-14,255.731185913,200.316299438,160.888061523,146.429229736,26.46225019795116,434.778198242,Mid
33-053-07515-0000,LASSEN 3-1-26UTFH,BURLINGTON RESOURCES OIL & GAS COMPANY LP,Three Forks,9533.0,2017-08-19,1146.93762207,897.300415039,661.227294922,503.171203613,120.31234890066088,434.778198242,Top
33-053-07517-0000,KOALA FEDERAL 31-25TFH,WHITING OIL AND GAS CORPORATION,Three Forks,9488.0,2017-08-17,663.720275879,573.715393066,495.885894775,331.321014404,69.95365470900084,434.778198242,Mid
33-053-07519-0000,KOALA 31-25-2TFH,WHITING OIL AND GAS CORPORATION,Three Forks,8929.0,2017-07-27,970.725769043,793.686035156,600.155090332,366.530761719,108.71606776156344,434.778198242,Top
33-053-07526-0000,OYLOE 5199 43-23 8T,OASIS PETROLEUM NORTH AMERICA LLC,Three Forks,10000.0,2017-08-10,747.575256348,674.838684082,483.847808838,299.817626953,74.7575256348,434.778198242,Mid
33-053-07543-0000,TARENTAISE FEDERAL 2-19H1,"CONTINENTAL RESOURCES, INC.",Three Forks,10129.0,2017-09-28,367.107513428,337.900726318,320.897094727,250.929534912,36.24321388370027,434.778198242,Mid
33-053-07545-0000,TARENTAISE FEDERAL 4-19H2,"CONTINENTAL RESOURCES, INC.",Three Forks,10128.0,2017-10-01,937.416687012,834.956604004,760.263977051,565.039794922,92.55693987085309,434.778198242,Top
33-053-07547-0000,TARENTAISE FEDERAL 6-19H1,"CONTINENTAL RESOURCES, INC.",Three Forks,10144.0,2017-10-29,1147.466674805,994.314331055,843.849487305,589.543823242,113.11777156989352,434.778198242,Top
33-053-07549-0000,FORT BERTHOLD 152-93-7C-6-14H,"HRC OPERATING, LLC",Three Forks,10268.0,2016-10-29,581.0,424.722229004,464.829528809,415.174377441,56.5835605765485,434.778198242,Mid
33-053-07551-0000,TARENTAISE FEDERAL 8-19H2,"CONTINENTAL RESOURCES, INC.",Three Forks,10056.0,2017-09-29,417.533325195,296.874481201,228.098587036,215.025482178,41.520815950179,434.778198242,Mid
33-053-07553-0000,TARENTAISE FEDERAL 10-19H1,"CONTINENTAL RESOURCES, INC.",Three Forks,10111.0,2017-10-26,378.522216797,281.243682861,218.924667358,241.659454346,37.43667459173177,434.778198242,Mid
33-053-07555-0000,TARENTAISE FEDERAL 12-19H2,"CONTINENTAL RESOURCES, INC.",Three Forks,10080.0,2017-10-27,393.45715332,329.930480957,289.010559082,230.698822021,39.03344775,434.778198242,Mid
33-053-07566-0000,RUBY PARSHALL 31-30HY,"WPX ENERGY WILLISTON, LLC",Three Forks,9381.0,2017-09-10,332.93548584,237.984451294,164.456466675,125.130073547,35.49040463063639,434.778198242,Mid
33-053-07568-0000,RUBY PARSHALL 31-30HZ,"WPX ENERGY WILLISTON, LLC",Three Forks,9469.0,2017-09-04,385.677764893,288.731231689,273.795593262,229.004196167,40.73056974263386,434.778198242,Mid
33-053-07569-0000,HA-ROLFSRUD- 152-96-1720H-11,"HESS BAKKEN INVESTMENTS II, LLC",Three Forks,9509.0,2016-10-12,278.10333252,130.957733154,106.370635986,92.834938049,29.246327954569352,434.778198242,Mid
33-053-07571-0000,HA-ROLFSRUD- 152-96-1720H-9,"HESS BAKKEN INVESTMENTS II, LLC",Three Forks,9563.0,2016-09-25,649.157775879,581.233337402,502.656219482,339.068481445,67.88223108637457,434.778198242,Mid
33-053-07573-0000,OYLOE 5199 14-26 10T,OASIS PETROLEUM NORTH AMERICA LLC,Three Forks,9153.0,2017-10-03,4.824999809,3.520788431,,,0.5271495475800284,434.778198242,Bottom
33-053-07575-0000,OYLOE 5199 14-26 12TX,OASIS PETROLEUM NORTH AMERICA LLC,Three Forks,9305.0,2017-09-23,1172.366699219,1039.777832031,962.593139648,797.160522461,125.99319712186998,434.778198242,Top
33-053-07576-0000,JOHNSON 31X-6FXG,XTO ENERGY INC,Three Forks,9881.0,2016-10-31,681.501098633,528.820373535,375.80670166,259.348846436,68.97086313460176,434.778198242,Mid
33-053-07578-0000,BLEGEN RANCH 3D TFH-ULW,BURLINGTON RESOURCES OIL & GAS COMPANY LP,Three Forks,10745.0,2017-05-30,967.837646484,969.780273438,861.148986816,712.194763184,90.07330353503956,434.778198242,Top
33-053-07580-0000,ANDERSON RANCH 3B-TFH,BURLINGTON RESOURCES OIL & GAS COMPANY LP,Three Forks,9634.0,2017-05-12,399.597991943,307.377716064,292.868713379,253.654296875,41.4778899670957,434.778198242,Mid
33-053-07582-0000,YELLOWSTONE 3H,ABRAXAS PETROLEUM CORP.,Three Forks,9380.0,2017-12-21,282.317199707,261.3722229,210.181213379,205.456726074,30.097782484754795,434.778198242,Mid
33-053-07615-0000,HA-LINK- 152-95-3526H-7,"HESS BAKKEN INVESTMENTS II, LLC",Three Forks,9012.0,2016-11-28,735.736022949,701.002502441,478.570129395,281.238525391,81.63959420206392,434.778198242,Mid
33-053-07621-0000,GRIZZLY 24-13HW,"WPX ENERGY WILLISTON, LLC",Three Forks,9832.0,2017-03-23,1218.099975586,1011.948730469,791.729003906,520.785644531,123.89137261859234,434.778198242,Top
33-053-07635-0000,REMINGTON  3D UTFH,BURLINGTON RESOURCES OIL & GAS COMPANY LP,Three Forks,9733.0,2017-07-13,2256.4140625,1597.929443359,1006.731201172,638.130554199,231.83130201376758,434.778198242,Top
33-053-07637-0000,HA-GRIMESTAD- 152-95-3031H-7,"HESS BAKKEN INVESTMENTS II, LLC",Three Forks,9800.0,2017-07-15,872.533325195,620.356689453,463.873474121,313.378326416,89.034012775,434.778198242,Top
33-053-07639-0000,HA-GRIMESTAD- 152-95-3031H-9,"HESS BAKKEN INVESTMENTS II, LLC",Three Forks,9727.0,2017-05-24,269.508148193,208.747253418,209.847198486,141.939849854,27.70722197933587,434.778198242,Mid
33-053-07643-0000,LASSEN  5-1-26UTFH,BURLINGTON RESOURCES OIL & GAS COMPANY LP,Three Forks,9725.0,2017-08-11,987.106689453,842.914428711,765.36505127,541.299194336,101.50197320853471,434.778198242,Top
33-053-07644-0000,WHITE 5198 11-18 8TX,OASIS PETROLEUM NORTH AMERICA LLC,Three Forks,9947.0,2017-09-21,429.234954834,343.497741699,300.298980713,321.56817627,43.15220215482055,434.778198242,Mid
33-053-07646-0000,WHITE 5198 12-6 6T,OASIS PETROLEUM NORTH AMERICA LLC,Three Forks,9574.0,2017-10-09,255.361114502,190.721450806,150.091217041,126.513244629,26.67235371861291,434.778198242,Mid
33-053-07648-0000,OYLOE 5199 42-23 7T,OASIS PETROLEUM NORTH AMERICA LLC,Three Forks,10137.0,2017-07-16,326.016143799,258.907409668,222.29069519,192.622802734,32.161008562592485,434.778198242,Mid
33-053-07652-0000,OYLOE 5199 42-23 3T,OASIS PETROLEUM NORTH AMERICA LLC,Three Forks,10059.0,2017-07-29,864.93548584,595.811096191,427.56829834,269.191772461,85.98622982801471,434.778198242,Top
33-053-07654-0000,OYLOE 5199 42-23 5T,OASIS PETROLEUM NORTH AMERICA LLC,Three Forks,9978.0,2017-07-25,475.716674805,239.205551147,190.770812988,134.792602539,47.676555903487674,434.778198242,Mid
33-053-07663-0000,CLARKS CREEK  73-0719H,"EOG RESOURCES, INC.",Three Forks,9967.0,2017-06-08,1992.681762695,1818.419555664,1312.243164062,788.870849609,199.92793846643926,434.778198242,Top
33-053-07672-0000,BB-LARS ROTHIE- 151-95-3229H-5,"HESS BAKKEN INVESTMENTS II, LLC",Three Forks,9692.0,2017-11-18,1335.035766602,1042.171020508,810.050292969,545.491760254,137.74615833697894,434.778198242,Top
33-053-07674-0000,BB-LARS ROTHIE- 151-95-3229H-7,"HESS BAKKEN INVESTMENTS II, LLC",Three Forks,9785.0,2017-11-07,1375.08605957,1277.728515625,1089.958740234,804.437133789,140.5300009780276,434.778198242,Top
33-053-07676-0000,BB-LARS ROTHIE- LW-151-95-3229H-1,"HESS BAKKEN INVESTMENTS II, LLC",Three Forks,9720.0,2017-10-30,1394.133300781,1110.036254883,985.60949707,765.224853516,143.42935193220163,434.778198242,Top
33-053-07678-0000,RACER 152-94-18A-19H-TF,ENERPLUS RESOURCES USA CORPORATION,Three Forks,8891.0,2017-09-12,1302.774169922,1078.397827148,935.676269531,654.680969238,146.52729388392757,434.778198242,Top
33-053-07680-0000,WOLD 16-7TFH,WHITING OIL AND GAS CORPORATION,Three Forks,9164.0,2016-10-17,534.001220703,434.047485352,346.214050293,257.081481934,58.27163036916193,434.778198242,Mid
33-053-07684-0000,REDBELLY 152-94-18A-19H-TF,ENERPLUS RESOURCES USA CORPORATION,Three Forks,9291.0,2017-09-15,1071.604614258,975.958007812,847.15020752,579.042419434,115.33791995027447,434.778198242,Top
33-053-07691-0000,AN-DINWOODIE- 153-94-2833H-3,"HESS BAKKEN INVESTMENTS II, LLC",Three Forks,9046.0,2017-10-10,1287.671142578,1047.465209961,819.249572754,564.855224609,142.34701996219323,434.778198242,Top
33-053-07695-0000,HELSINGBORG FEDERAL 153-96-27-22-13H,NEWFIELD PRODUCTION COMPANY,Three Forks,9802.0,2016-12-22,309.227783203,242.509857178,159.32850647,119.228492737,31.547417180473374,434.778198242,Mid
33-053-07696-0000,HELSINGBORG FEDERAL 153-96-27-22-12H,NEWFIELD PRODUCTION COMPANY,Three Forks,9936.0,2016-12-19,883.683898926,785.008605957,670.764953613,501.895355225,88.93759047161835,434.778198242,Top
33-053-07698-0000,HELSINGBORG FEDERAL 153-96-27-22-11H,NEWFIELD PRODUCTION COMPANY,Three Forks,10127.0,2016-12-23,269.43548584,228.855560303,227.772598267,155.530410767,26.605656743359337,434.778198242,Mid
33-053-07701-0000,LADYBUG 150-94-11C-12H-TF,ENERPLUS RESOURCES USA CORPORATION,Three Forks,9022.0,2017-07-23,174.22567749,138.624938965,93.851318359,56.933654785,19.311203446020837,434.778198242,Bottom
33-053-07704-0000,LOCKWOOD USA 44-22TFH,MARATHON OIL COMPANY,Three Forks,9488.0,2017-11-29,1493.180664062,1247.368041992,880.570617676,682.505310059,157.37570236741146,434.778198242,Top
33-053-07705-0000,MURPHY USA 34-22TFH-2B,MARATHON OIL COMPANY,Three Forks,9625.0,2017-12-08,1844.302368164,1528.251220703,1140.762695312,743.715576172,191.6158304585974,434.778198242,Top
33-053-07708-0000,LOVAAS  5-8-12 UTFH,BURLINGTON RESOURCES OIL & GAS COMPANY LP,Three Forks,9681.0,2017-11-30,749.621398926,822.889709473,753.473693848,633.685180664,77.43222796467307,434.778198242,Mid
33-053-07711-0000,LILLIBRIDGE 3B UTFH,BURLINGTON RESOURCES OIL & GAS COMPANY LP,Three Forks,9702.0,2017-09-03,1060.733276367,883.988891602,841.82421875,695.488525391,109.33140345980209,434.778198242,Top
33-053-07713-0000,LILLIBRIDGE 3D UTFH,BURLINGTON RESOURCES OIL & GAS COMPANY LP,Three Forks,9769.0,2017-08-31,394.327941895,267.966674805,233.609634399,158.312393188,40.36523102620534,434.778198242,Mid
33-053-07716-0000,HAGEN BANKS 5198 13-6 12T,OASIS PETROLEUM NORTH AMERICA LLC,Three Forks,9767.0,2017-11-20,860.799987793,598.739074707,422.574371338,267.021575928,88.13350955185831,434.778198242,Top
33-053-07718-0000,HAGEN BANKS 5198 13-6 10T,OASIS PETROLEUM NORTH AMERICA LLC,Three Forks,9976.0,2017-10-14,969.274047852,684.516113281,476.944671631,308.540374756,97.16059020168403,434.778198242,Top
33-053-07734-0000,PATSY 5198 11-5 3TX,OASIS PETROLEUM NORTH AMERICA LLC,Three Forks,9431.0,2017-11-26,774.258056641,641.275390625,637.93951416,458.974090576,82.09713250355213,434.778198242,Mid
33-053-07737-0000,BB-LARS ROTHIE- 151-95-2932H-2,"HESS BAKKEN INVESTMENTS II, LLC",Three Forks,9988.0,2017-07-02,323.678863525,255.780166626,261.943664551,177.966888428,32.40677448187826,434.778198242,Mid
33-053-07739-0000,BB-LARS ROTHIE- 151-95-2932H-4,"HESS BAKKEN INVESTMENTS II, LLC",Three Forks,9936.0,2017-07-11,1138.719360352,983.023010254,913.991271973,628.575927734,114.60541066344605,434.778198242,Top
33-053-07762-0000,FRICK 24-8-1TFH,WHITING OIL AND GAS CORPORATION,Three Forks,9331.0,2017-10-13,1004.138244629,851.521484375,608.227478027,392.06036377,107.61314378190977,434.778198242,Top
33-053-07763-0000,FRICK 24-8-2TFH,WHITING OIL AND GAS CORPORATION,Three Forks,9125.0,2017-10-17,392.94128418,305.893341064,283.516204834,227.536834717,43.06205854027397,434.778198242,Mid
33-053-07797-0000,PATSY 5198 12-17 7T,OASIS PETROLEUM NORTH AMERICA LLC,Three Forks,9905.0,2017-12-14,723.645141602,546.707397461,452.815704346,286.892883301,73.0585705807168,434.778198242,Mid
33-053-07799-0000,PATSY 5198 12-17 9T,OASIS PETROLEUM NORTH AMERICA LLC,Three Forks,9915.0,2017-12-17,816.956665039,623.450866699,445.577819824,269.98135376,82.3960327825517,434.778198242,Mid
33-053-07802-0000,VEEDER  4B TFH,BURLINGTON RESOURCES OIL & GAS COMPANY LP,Three Forks,10023.0,2017-08-17,200.505981445,164.342163086,102.093864441,67.076530457,20.004587593036018,434.778198242,Bottom
33-053-07804-0000,VEEDER  4D MTFH,BURLINGTON RESOURCES OIL & GAS COMPANY LP,Three Forks,9962.0,2017-08-31,159.444442749,182.836914062,229.850234985,162.993865967,16.005264279160812,434.778198242,Bottom
33-053-07825-0000,MONROE 11-2H1,"CONTINENTAL RESOURCES, INC.",Three Forks,13828.0,2017-10-19,489.133331299,365.75,291.25692749,254.380599976,35.372673654830784,434.778198242,Mid
33-053-07826-0000,MONROE 10-2H1,"CONTINENTAL RESOURCES, INC.",Three Forks,13765.0,2017-10-10,469.859680176,404.27822876,295.222473145,238.021377563,34.13437560305121,434.778198242,Mid
33-053-07853-0000,CROFF 22B UTFH,BURLINGTON RESOURCES OIL & GAS COMPANY LP,Three Forks,10144.0,2017-10-23,803.694885254,653.587036133,622.117980957,543.282592773,79.22859673245269,434.778198242,Mid
33-053-07854-0000,MATHISTAD  22B UTFH,BURLINGTON RESOURCES OIL & GAS COMPANY LP,Three Forks,10408.0,2017-10-27,1215.774169922,1024.132202148,794.068847656,570.190490723,116.81150748674098,434.778198242,Top
33-053-07856-0000,MATHISTAD 3NC-MTFH,BURLINGTON RESOURCES OIL & GAS COMPANY LP,Three Forks,10061.0,2017-11-11,1081.133300781,976.11730957,853.219177246,777.172058105,107.45783727074843,434.778198242,Top
33-053-07859-0000,CROFF 6-1-2 UTFH,BURLINGTON RESOURCES OIL & GAS COMPANY LP,Three Forks,9406.0,2017-11-30,1936.75,1174.286743164,1046.656494141,981.902770996,205.90580480544332,434.778198242,Top
33-053-07869-0000,LUNDIN FEDERAL 11X-4F,XTO ENERGY INC,Three Forks,14102.0,2017-11-24,287.413452148,258.635192871,228.529708862,128.521469116,20.38104184853212,434.778198242,Mid
33-053-07871-0000,LUNDIN  11X-4E,XTO ENERGY INC,Three Forks,15358.0,2017-11-14,309.849456787,259.953704834,224.634628296,170.436889648,20.175117644680295,434.778198242,Mid
33-053-07881-0000,HAGEN BANKS 5198 12-6 13TX,OASIS PETROLEUM NORTH AMERICA LLC,Three Forks,10029.0,2017-10-17,888.290344238,721.338684082,543.627563477,356.641082764,88.5721751159637,434.778198242,Top
33-053-07895-0000,AN-GUDBRANSON- LW-153-94-2215H-1,"HESS BAKKEN INVESTMENTS II, LLC",Three Forks,9941.0,2017-10-04,1361.593383789,1108.797851562,975.677246094,766.4296875,136.96744631214162,434.778198242,Top
33-053-07912-0000,ND LEVANG 4-16-21T2HD,QEP ENERGY COMPANY,Three Forks,9608.0,2017-05-19,766.700012207,634.811523438,454.370849609,319.357299805,79.79808619972938,434.778198242,Mid
33-053-07945-0000,ND LEVANG 2-16-21T2HD,QEP ENERGY COMPANY,Three Forks,10042.0,2017-06-19,621.400024414,412.191101074,310.544311523,230.905166626,61.88010599621589,434.778198242,Mid
33-053-07950-0000,DODGE  1B TFH,BURLINGTON RESOURCES OIL & GAS COMPANY LP,Three Forks,9894.0,2017-12-31,911.440002441,700.338867188,664.515869141,509.484313965,92.12047730351729,434.778198242,Top
33-053-07963-0000,GULLY 152-94-16A-21H-TF1,ENERPLUS RESOURCES USA CORPORATION,Three Forks,9104.0,2017-11-06,244.099075317,183.339416504,183.933410645,157.469100952,26.81228858930141,434.778198242,Mid
33-053-07977-0000,OTIS 1-28-33T2HD,QEP ENERGY COMPANY,Three Forks,10078.0,2017-09-27,762.933349609,580.024353027,440.702178955,305.145202637,75.70285270976385,434.778198242,Mid
33-053-07979-0000,OTIS 2-28-33T2HD,QEP ENERGY COMPANY,Three Forks,10283.0,2017-09-21,236.07925415,189.387039185,136.398910522,79.29875946,22.958208125060782,434.778198242,Mid
33-053-07987-0000,WHOOPING 150-94-33C-28H-TF2,ENERPLUS RESOURCES USA CORPORATION,Three Forks,9674.0,2017-09-30,265.924743652,196.399108887,156.539001465,118.891372681,27.488602817035357,434.778198242,Mid
33-053-07993-0000,BB-OLE ANDERSON- LW-151-95-3130H-1,"HESS BAKKEN INVESTMENTS II, LLC",Three Forks,9899.0,2017-12-18,303.795684814,193.671234131,115.922554016,85.912193298,30.689532762299226,434.778198242,Mid
33-053-08023-0000,AN-LONE TREE- 152-95-1207H-2,"HESS BAKKEN INVESTMENTS II, LLC",Three Forks,7149.0,2017-12-05,290.973114014,275.319641113,217.440887451,130.838272095,40.70123290166457,434.778198242,Mid
33-053-08039-0000,MOBERG FEDERAL 149-95-29-32-30HLW,NEWFIELD PRODUCTION COMPANY,Three Forks,10160.0,2017-08-13,608.035644531,461.779693604,380.688171387,306.795135498,59.84602800501968,434.778198242,Mid
33-053-08072-0000,ANDERSON FEDERAL 152-96-9-4-20H,NEWFIELD PRODUCTION COMPANY,Three Forks,11195.0,2017-11-20,458.80645752,438.769775391,373.549468994,244.342407227,40.983158331397945,434.778198242,Mid
33-053-08073-0000,ANDERSON STATE 152-96-16-21-20H,NEWFIELD PRODUCTION COMPANY,Three Forks,10219.0,2017-11-15,158.569885254,151.742233276,123.582572937,86.081489563,15.517162663078581,434.778198242,Bottom
